,c0,c2,c4,c7,c8,c9,c10,c11,c13,c14,c15,c16,c17,c20,c21,c22,c29,c32,c36,ymd,next_month_day1,next_month_day2,filename,dt_rank_neg
24784,0,700010000,半切,6.0,1.0,枚,1.0,120.0,1.0,0.0,0.0,1.0,120.0,0.0,0.0,0.0,,0.0,フィルム・半切,2024-06-01,2024-07-01,2024-07-02,t_ALL20250530.csv,1.0
24785,0,700020000,半切（２分割）,6.0,1.0,枚,1.0,120.0,1.0,0.0,0.0,1.0,120.0,0.0,0.0,0.0,,0.0,フィルム・半切（２分割）,2024-06-01,2024-07-01,2024-07-02,t_ALL20250530.csv,1.0
24786,0,700030000,大角,6.0,1.0,枚,1.0,115.0,1.0,0.0,0.0,1.0,115.0,0.0,0.0,0.0,,0.0,フィルム・大角,2024-06-01,2024-07-01,2024-07-02,t_ALL20250530.csv,1.0
24787,0,700040000,大角（２分割）,6.0,1.0,枚,1.0,115.0,1.0,0.0,0.0,1.0,115.0,0.0,0.0,0.0,,0.0,フィルム・大角（２分割）,2024-06-01,2024-07-01,2024-07-02,t_ALL20250530.csv,1.0
24788,0,700050000,大四ツ切,6.0,1.0,枚,1.0,76.0,1.0,0.0,0.0,1.0,76.0,0.0,0.0,0.0,,0.0,フィルム・大四ツ切,2024-06-01,2024-07-01,2024-07-02,t_ALL20250530.csv,1.0
24789,0,700060000,大四ツ切（２分割）,6.0,1.0,枚,1.0,76.0,1.0,0.0,0.0,1.0,76.0,0.0,0.0,0.0,,0.0,フィルム・大四ツ切（２分割）,2024-06-01,2024-07-01,2024-07-02,t_ALL20250530.csv,1.0
24790,0,700070000,大四ツ切（４分割）,6.0,1.0,枚,1.0,76.0,1.0,0.0,0.0,1.0,76.0,0.0,0.0,0.0,,0.0,フィルム・大四ツ切（４分割）,2024-06-01,2024-07-01,2024-07-02,t_ALL20250530.csv,1.0
24791,0,700080000,四ツ切,6.0,1.0,枚,1.0,62.0,1.0,0.0,0.0,1.0,62.0,0.0,0.0,0.0,,0.0,フィルム・四ツ切,2024-06-01,2024-07-01,2024-07-02,t_ALL20250530.csv,1.0
24792,0,700090000,四ツ切（２分割）,6.0,1.0,枚,1.0,62.0,1.0,0.0,0.0,1.0,62.0,0.0,0.0,0.0,,0.0,フィルム・四ツ切（２分割）,2024-06-01,2024-07-01,2024-07-02,t_ALL20250530.csv,1.0
24793,0,700100000,四ツ切（４分割）,6.0,1.0,枚,1.0,62.0,1.0,0.0,0.0,1.0,62.0,0.0,0.0,0.0,,0.0,フィルム・四ツ切（４分割）,2024-06-01,2024-07-01,2024-07-02,t_ALL20250530.csv,1.0
24794,0,700110000,六ツ切,6.0,1.0,枚,1.0,48.0,1.0,0.0,0.0,1.0,48.0,0.0,0.0,0.0,,0.0,フィルム・六ツ切,2024-06-01,2024-07-01,2024-07-02,t_ALL20250530.csv,1.0
24795,0,700120000,六ツ切（２分割）,6.0,1.0,枚,1.0,48.0,1.0,0.0,0.0,1.0,48.0,0.0,0.0,0.0,,0.0,フィルム・六ツ切（２分割）,2024-06-01,2024-07-01,2024-07-02,t_ALL20250530.csv,1.0
24796,0,700130000,六ツ切（４分割）,6.0,1.0,枚,1.0,48.0,1.0,0.0,0.0,1.0,48.0,0.0,0.0,0.0,,0.0,フィルム・六ツ切（４分割）,2024-06-01,2024-07-01,2024-07-02,t_ALL20250530.csv,1.0
24797,0,700140000,八ツ切,6.0,1.0,枚,1.0,46.0,1.0,0.0,0.0,1.0,46.0,0.0,0.0,0.0,,0.0,フィルム・八ツ切,2024-06-01,2024-07-01,2024-07-02,t_ALL20250530.csv,1.0
24798,0,700150000,八ツ切（２分割）,6.0,1.0,枚,1.0,46.0,1.0,0.0,0.0,1.0,46.0,0.0,0.0,0.0,,0.0,フィルム・八ツ切（２分割）,2024-06-01,2024-07-01,2024-07-02,t_ALL20250530.csv,1.0
24799,0,700160000,カビネ,6.0,1.0,枚,1.0,38.0,1.0,0.0,0.0,1.0,38.0,0.0,0.0,0.0,,0.0,フィルム・カビネ,2024-06-01,2024-07-01,2024-07-02,t_ALL20250530.csv,1.0
24800,0,700180000,標準型（３×４）,6.0,1.0,枚,1.0,29.0,1.0,0.0,0.0,1.0,29.0,0.0,0.0,0.0,,0.0,フィルム・標準型（３ｃｍ×４ｃｍ）,2024-06-01,2024-07-01,2024-07-02,t_ALL20250530.csv,1.0
24801,0,700190000,咬合型（５．７×７．６、５．５×７．５又は５．４×７）,6.0,1.0,枚,1.0,27.0,1.0,0.0,0.0,1.0,27.0,0.0,0.0,0.0,,0.0,フィルム・咬合型（５．７ｃｍ×７．６ｃｍ、５．５ｃｍ×７．５ｃｍ又は５．４ｃｍ×７ｃｍ）,2024-06-01,2024-07-01,2024-07-02,t_ALL20250530.csv,1.0
24802,0,700200000,咬翼型（４．１×３又は２．１×３．５）,6.0,1.0,枚,1.0,40.0,1.0,0.0,0.0,1.0,40.0,0.0,0.0,0.0,,0.0,フィルム・咬翼型（４．１ｃｍ×３ｃｍ又は２．１ｃｍ×３．５ｃｍ）,2024-06-01,2024-07-01,2024-07-02,t_ALL20250530.csv,1.0
24803,0,700210000,オルソパントモ型（２０．３×３０．５）,6.0,1.0,枚,1.0,103.0,1.0,0.0,0.0,1.0,103.0,0.0,0.0,0.0,,0.0,フィルム・オルソパントモ型・２０．３ｃｍ×３０．５ｃｍ,2024-06-01,2024-07-01,2024-07-02,t_ALL20250530.csv,1.0
24804,0,700220000,オルソパントモ型（１５×３０）,6.0,1.0,枚,1.0,120.0,1.0,0.0,0.0,1.0,120.0,0.0,0.0,0.0,,0.0,フィルム・オルソパントモ型・１５ｃｍ×３０ｃｍ,2024-06-01,2024-07-01,2024-07-02,t_ALL20250530.csv,1.0
24805,0,700230000,小児型（２．２×３．５）,6.0,1.0,枚,1.0,31.0,1.0,0.0,0.0,1.0,31.0,0.0,0.0,0.0,,0.0,フィルム・小児型・２．２ｃｍ×３．５ｃｍ,2024-06-01,2024-07-01,2024-07-02,t_ALL20250530.csv,1.0
24806,0,700240000,間接撮影用フィルム（１０×１０）,6.0,1.0,枚,1.0,29.0,1.0,0.0,0.0,1.0,29.0,0.0,0.0,0.0,,0.0,フィルム・間接撮影用フィルム・１０ｃｍ×１０ｃｍ,2024-06-01,2024-07-01,2024-07-02,t_ALL20250530.csv,1.0
24807,0,700250000,間接撮影用フィルム（７×７）,6.0,1.0,枚,1.0,22.0,1.0,0.0,0.0,1.0,22.0,0.0,0.0,0.0,,0.0,フィルム・間接撮影用フィルム・７ｃｍ×７ｃｍ,2024-06-01,2024-07-01,2024-07-02,t_ALL20250530.csv,1.0
24808,0,700260000,間接撮影用フィルム（６×６）,6.0,1.0,枚,1.0,15.0,1.0,0.0,0.0,1.0,15.0,0.0,0.0,0.0,,0.0,フィルム・間接撮影用フィルム・６ｃｍ×６ｃｍ,2024-06-01,2024-07-01,2024-07-02,t_ALL20250530.csv,1.0
24809,0,700270000,オデルカ用フィルム（１０×１０）,6.0,1.0,枚,1.0,33.0,1.0,0.0,0.0,1.0,33.0,0.0,0.0,0.0,,0.0,フィルム・オデルカ用フィルム・１０ｃｍ×１０ｃｍ,2024-06-01,2024-07-01,2024-07-02,t_ALL20250530.csv,1.0
24810,0,700280000,オデルカ用フィルム（７×７）,6.0,1.0,枚,1.0,22.0,1.0,0.0,0.0,1.0,22.0,0.0,0.0,0.0,,0.0,フィルム・オデルカ用フィルム・７ｃｍ×７ｃｍ,2024-06-01,2024-07-01,2024-07-02,t_ALL20250530.csv,1.0
24811,0,700290000,マンモグラフィー用フィルム（２４×３０）,6.0,1.0,枚,1.0,135.0,1.0,0.0,0.0,1.0,135.0,0.0,0.0,0.0,,0.0,フィルム・マンモグラフィー用フィルム・２４ｃｍ×３０ｃｍ,2024-06-01,2024-07-01,2024-07-02,t_ALL20250530.csv,1.0
24812,0,700300000,マンモグラフィー用フィルム（２４×３０）（２分割）,6.0,1.0,枚,1.0,135.0,1.0,0.0,0.0,1.0,135.0,0.0,0.0,0.0,,0.0,フィルム・マンモグラフィー用フィルム・２４ｃｍ×３０ｃｍ（２分割）,2024-06-01,2024-07-01,2024-07-02,t_ALL20250530.csv,1.0
24813,0,700310000,マンモグラフィー用フィルム（２０．３×２５．４）,6.0,1.0,枚,1.0,135.0,1.0,0.0,0.0,1.0,135.0,0.0,0.0,0.0,,0.0,フィルム・マンモグラフィー用フィルム・２０．３ｃｍ×２５．４ｃｍ,2024-06-01,2024-07-01,2024-07-02,t_ALL20250530.csv,1.0
24814,0,700320000,マンモグラフィー用フィルム（２０．３×２５．４）（２分割）,6.0,1.0,枚,1.0,135.0,1.0,0.0,0.0,1.0,135.0,0.0,0.0,0.0,,0.0,フィルム・マンモグラフィー用フィルム・２０．３ｃｍ×２５．４ｃｍ（２分割）,2024-06-01,2024-07-01,2024-07-02,t_ALL20250530.csv,1.0
24815,0,700330000,マンモグラフィー用フィルム（１８×２４）,6.0,1.0,枚,1.0,121.0,1.0,0.0,0.0,1.0,125.0,0.0,0.0,0.0,,0.0,フィルム・マンモグラフィー用フィルム・１８ｃｍ×２４ｃｍ,2024-06-01,2024-07-01,2024-07-02,t_ALL20250530.csv,1.0
24816,0,700340000,マンモグラフィー用フィルム（１８×２４）（２分割）,6.0,1.0,枚,1.0,121.0,1.0,0.0,0.0,1.0,125.0,0.0,0.0,0.0,,0.0,フィルム・マンモグラフィー用フィルム・１８ｃｍ×２４ｃｍ（２分割）,2024-06-01,2024-07-01,2024-07-02,t_ALL20250530.csv,1.0
24817,0,700350000,マンモグラフィー用フィルム（１８×２４）（４分割）,6.0,1.0,枚,1.0,121.0,1.0,0.0,0.0,1.0,125.0,0.0,0.0,0.0,,0.0,フィルム・マンモグラフィー用フィルム・１８ｃｍ×２４ｃｍ（４分割）,2024-06-01,2024-07-01,2024-07-02,t_ALL20250530.csv,1.0
24818,0,700590000,内視鏡検査用フィルム,6.0,1.0,枚,2.0,0.0,0.0,0.0,0.0,2.0,0.0,0.0,0.0,0.0,,0.0,内視鏡検査用フィルム,2024-06-01,2024-07-01,2024-07-02,t_ALL20250530.csv,1.0
24819,0,700600000,眼科学的検査用フィルム,6.0,1.0,枚,2.0,0.0,0.0,0.0,0.0,2.0,0.0,0.0,0.0,0.0,,0.0,眼科学的検査用フィルム,2024-06-01,2024-07-01,2024-07-02,t_ALL20250530.csv,1.0
24820,0,700630000,フィルム（３０×３５）,6.0,1.0,枚,1.0,87.0,1.0,0.0,0.0,1.0,87.0,0.0,0.0,0.0,,0.0,フィルム・３０ｃｍ×３５ｃｍ,2024-06-01,2024-07-01,2024-07-02,t_ALL20250530.csv,1.0
24821,0,700640000,フィルム（２４×３０）,6.0,1.0,枚,1.0,68.0,1.0,0.0,0.0,1.0,68.0,0.0,0.0,0.0,,0.0,フィルム・２４ｃｍ×３０ｃｍ,2024-06-01,2024-07-01,2024-07-02,t_ALL20250530.csv,1.0
24822,0,700650000,フィルム（１８×２４）,6.0,1.0,枚,1.0,46.0,1.0,0.0,0.0,1.0,46.0,0.0,0.0,0.0,,0.0,フィルム・１８ｃｍ×２４ｃｍ,2024-06-01,2024-07-01,2024-07-02,t_ALL20250530.csv,1.0
24823,0,700680000,小児型（２．４×３）,6.0,1.0,枚,1.0,23.0,1.0,0.0,0.0,1.0,23.0,0.0,0.0,0.0,,0.0,フィルム・小児型・２．４ｃｍ×３ｃｍ,2024-06-01,2024-07-01,2024-07-02,t_ALL20250530.csv,1.0
24824,0,700710000,画像記録用フィルム（半切）,6.0,1.0,枚,1.0,226.0,1.0,0.0,0.0,1.0,226.0,0.0,0.0,0.0,,0.0,フィルム・画像記録用フィルム・半切,2024-06-01,2024-07-01,2024-07-02,t_ALL20250530.csv,1.0
24825,0,700720000,画像記録用フィルム（半切）（２分割）,6.0,1.0,枚,1.0,226.0,1.0,0.0,0.0,1.0,226.0,0.0,0.0,0.0,,0.0,フィルム・画像記録用フィルム・半切（２分割）,2024-06-01,2024-07-01,2024-07-02,t_ALL20250530.csv,1.0
24826,0,700730000,画像記録用フィルム（大角）,6.0,1.0,枚,1.0,188.0,1.0,0.0,0.0,1.0,188.0,0.0,0.0,0.0,,0.0,フィルム・画像記録用フィルム・大角,2024-06-01,2024-07-01,2024-07-02,t_ALL20250530.csv,1.0
24827,0,700740000,画像記録用フィルム（大角）（２分割）,6.0,1.0,枚,1.0,188.0,1.0,0.0,0.0,1.0,188.0,0.0,0.0,0.0,,0.0,フィルム・画像記録用フィルム・大角（２分割）,2024-06-01,2024-07-01,2024-07-02,t_ALL20250530.csv,1.0
24828,0,700750000,画像記録用フィルム（大四ツ切）,6.0,1.0,枚,1.0,186.0,1.0,0.0,0.0,1.0,187.0,0.0,0.0,0.0,,0.0,フィルム・画像記録用フィルム・大四ツ切,2024-06-01,2024-07-01,2024-07-02,t_ALL20250530.csv,1.0
24829,0,700760000,画像記録用フィルム（大四ツ切）（２分割）,6.0,1.0,枚,1.0,186.0,1.0,0.0,0.0,1.0,187.0,0.0,0.0,0.0,,0.0,フィルム・画像記録用フィルム・大四ツ切（２分割）,2024-06-01,2024-07-01,2024-07-02,t_ALL20250530.csv,1.0
24830,0,700770000,画像記録用フィルム（大四ツ切）（４分割）,6.0,1.0,枚,1.0,186.0,1.0,0.0,0.0,1.0,187.0,0.0,0.0,0.0,,0.0,フィルム・画像記録用フィルム・大四ツ切（４分割）,2024-06-01,2024-07-01,2024-07-02,t_ALL20250530.csv,1.0
24831,0,700780000,画像記録用フィルム（Ｂ４）,6.0,1.0,枚,1.0,149.0,1.0,0.0,0.0,1.0,150.0,0.0,0.0,0.0,,0.0,フィルム・画像記録用フィルム・Ｂ４,2024-06-01,2024-07-01,2024-07-02,t_ALL20250530.csv,1.0
24832,0,700790000,画像記録用フィルム（Ｂ４）（２分割）,6.0,1.0,枚,1.0,149.0,1.0,0.0,0.0,1.0,150.0,0.0,0.0,0.0,,0.0,フィルム・画像記録用フィルム・Ｂ４（２分割）,2024-06-01,2024-07-01,2024-07-02,t_ALL20250530.csv,1.0
24833,0,700800000,画像記録用フィルム（Ｂ４）（４分割）,6.0,1.0,枚,1.0,149.0,1.0,0.0,0.0,1.0,150.0,0.0,0.0,0.0,,0.0,フィルム・画像記録用フィルム・Ｂ４（４分割）,2024-06-01,2024-07-01,2024-07-02,t_ALL20250530.csv,1.0
24834,0,700810000,画像記録用フィルム（四ツ切）,6.0,1.0,枚,1.0,135.0,1.0,0.0,0.0,1.0,135.0,0.0,0.0,0.0,,0.0,フィルム・画像記録用フィルム・四ツ切,2024-06-01,2024-07-01,2024-07-02,t_ALL20250530.csv,1.0
24835,0,700820000,画像記録用フィルム（四ツ切）（２分割）,6.0,1.0,枚,1.0,135.0,1.0,0.0,0.0,1.0,135.0,0.0,0.0,0.0,,0.0,フィルム・画像記録用フィルム・四ツ切（２分割）,2024-06-01,2024-07-01,2024-07-02,t_ALL20250530.csv,1.0
24836,0,700830000,画像記録用フィルム（四ツ切）（４分割）,6.0,1.0,枚,1.0,135.0,1.0,0.0,0.0,1.0,135.0,0.0,0.0,0.0,,0.0,フィルム・画像記録用フィルム・四ツ切（４分割）,2024-06-01,2024-07-01,2024-07-02,t_ALL20250530.csv,1.0
24837,0,700840000,画像記録用フィルム（六ツ切）,6.0,1.0,枚,1.0,115.0,1.0,0.0,0.0,1.0,119.0,0.0,0.0,0.0,,0.0,フィルム・画像記録用フィルム・六ツ切,2024-06-01,2024-07-01,2024-07-02,t_ALL20250530.csv,1.0
24838,0,700850000,画像記録用フィルム（六ツ切）（２分割）,6.0,1.0,枚,1.0,115.0,1.0,0.0,0.0,1.0,119.0,0.0,0.0,0.0,,0.0,フィルム・画像記録用フィルム・六ツ切（２分割）,2024-06-01,2024-07-01,2024-07-02,t_ALL20250530.csv,1.0
24839,0,700860000,画像記録用フィルム（六ツ切）（４分割）,6.0,1.0,枚,1.0,115.0,1.0,0.0,0.0,1.0,119.0,0.0,0.0,0.0,,0.0,フィルム・画像記録用フィルム・六ツ切（４分割）,2024-06-01,2024-07-01,2024-07-02,t_ALL20250530.csv,1.0
24840,0,700870000,画像記録用フィルム（２４×３０）,6.0,1.0,枚,1.0,145.0,1.0,0.0,0.0,1.0,145.0,0.0,0.0,0.0,,0.0,フィルム・画像記録用フィルム・２４ｃｍ×３０ｃｍ,2024-06-01,2024-07-01,2024-07-02,t_ALL20250530.csv,1.0
24841,0,700880000,画像記録用フィルム（２４×３０）（２分割）,6.0,1.0,枚,1.0,145.0,1.0,0.0,0.0,1.0,145.0,0.0,0.0,0.0,,0.0,フィルム・画像記録用フィルム・２４ｃｍ×３０ｃｍ（２分割）,2024-06-01,2024-07-01,2024-07-02,t_ALL20250530.csv,1.0
24842,0,700890000,画像記録用フィルム（２４×３０）（４分割）,6.0,1.0,枚,1.0,145.0,1.0,0.0,0.0,1.0,145.0,0.0,0.0,0.0,,0.0,フィルム・画像記録用フィルム・２４ｃｍ×３０ｃｍ（４分割）,2024-06-01,2024-07-01,2024-07-02,t_ALL20250530.csv,1.0
24843,0,705040000,ダイレーター,0.0,0.0,,1.0,2490.0,0.0,0.0,0.0,1.0,2490.0,0.0,0.0,0.0,,0.0,ダイレーター,2024-06-01,2024-07-01,2024-07-02,t_ALL20250530.csv,1.0
24844,0,710010001,血管造影用シースイントロデューサーセット（選択的導入用）,0.0,0.0,,1.0,13600.0,0.0,0.0,0.0,1.0,13900.0,0.0,0.0,0.0,,0.0,血管造影用シースイントロデューサーセット・選択的導入用（ガイディングカテーテルを兼ねるもの）,2024-06-01,2024-07-01,2024-07-02,t_ALL20250530.csv,1.0
12705,9,710010002,プラスチックカニューレ型静脈内留置針（標準型）,0.0,0.0,,0.0,0.0,0.0,0.0,0.0,1.0,91.0,0.0,0.0,0.0,20200331,0.0,プラスチックカニューレ型静脈内留置針・標準型,2020-04-01,2020-05-01,2020-05-02,t20200305.csv,1.0
12706,9,710010003,プラスチックカニューレ型静脈内留置針（針刺し事故防止機構付加型）,0.0,0.0,,0.0,0.0,0.0,0.0,0.0,1.0,96.0,0.0,0.0,0.0,20200331,0.0,プラスチックカニューレ型静脈内留置針・針刺し事故防止機構付加型,2020-04-01,2020-05-01,2020-05-02,t20200305.csv,1.0
24845,0,710010004,中心静脈用カテーテル（標準・シングルルーメン）,0.0,0.0,,1.0,1790.0,0.0,0.0,0.0,1.0,1790.0,0.0,0.0,0.0,,0.0,中心静脈用カテーテル・標準型・シングルルーメン,2024-06-01,2024-07-01,2024-07-02,t_ALL20250530.csv,1.0
7579,9,710010005,中心静脈用カテーテル（標準・シングルルーメン・セルジンガー型）,0.0,0.0,,0.0,0.0,0.0,0.0,0.0,1.0,1930.0,0.0,0.0,0.0,20180331,0.0,中心静脈用カテーテル・標準型・シングルルーメン・セルジンガー型,2018-04-01,2018-05-01,2018-05-02,t20180305.csv,1.0
24846,0,710010006,ヘモダイアフィルター,0.0,0.0,,1.0,2630.0,0.0,0.0,0.0,1.0,2630.0,0.0,0.0,0.0,,1.0,人工腎臓用特定保険医療材料（回路を含む。）・ヘモダイアフィルター,2024-06-01,2024-07-01,2024-07-02,t_ALL20250530.csv,1.0
24847,0,710010007,固定用内副子用ワッシャー,0.0,0.0,,1.0,2970.0,0.0,0.0,0.0,1.0,2970.0,0.0,0.0,0.0,,0.0,固定用内副子用ワッシャー,2024-06-01,2024-07-01,2024-07-02,t_ALL20250530.csv,1.0
5018,9,710010008,固定用内副子用ワッシャー（２）,0.0,0.0,,0.0,0.0,0.0,0.0,0.0,1.0,1380.0,0.0,0.0,0.0,20160331,0.0,固定用内副子用ワッシャー（２）,2016-04-01,2016-05-01,2016-05-02,t_ALL20160304.csv,1.0
24848,0,710010009,脊椎スクリュー（固定型）,0.0,0.0,,1.0,63100.0,0.0,0.0,0.0,1.0,63100.0,0.0,0.0,0.0,,0.0,脊椎固定用材料・脊椎スクリュー（固定型）,2024-06-01,2024-07-01,2024-07-02,t_ALL20250530.csv,1.0
24849,0,710010010,脊椎スクリュー（可動型）（標準型）,0.0,0.0,,1.0,79100.0,0.0,0.0,0.0,1.0,79100.0,0.0,0.0,0.0,,0.0,脊椎固定用材料・脊椎スクリュー（可動型）・標準型,2024-06-01,2024-07-01,2024-07-02,t_ALL20250530.csv,1.0
24850,0,710010011,気管・気管支・大静脈ステント（一時留置型・ストレート型）,0.0,0.0,,1.0,67400.0,0.0,0.0,0.0,1.0,53400.0,0.0,0.0,0.0,,0.0,気管・気管支・大静脈ステント・一時留置型・ストレート型,2024-06-01,2024-07-01,2024-07-02,t_ALL20250530.csv,1.0
24851,0,710010012,気管・気管支・大静脈ステント（永久留置型・標準型）,0.0,0.0,,1.0,146000.0,0.0,0.0,0.0,1.0,146000.0,0.0,0.0,0.0,,0.0,気管・気管支・大静脈ステント・永久留置型・標準型,2024-06-01,2024-07-01,2024-07-02,t_ALL20250530.csv,1.0
12714,9,710010013,ペースメーカー（トリプルチャンバ１型・標準型）,0.0,0.0,,0.0,0.0,0.0,0.0,0.0,1.0,1420000.0,0.0,0.0,0.0,20200331,0.0,ペースメーカー・トリプルチャンバ（１型）・標準型,2020-04-01,2020-05-01,2020-05-02,t20200305.csv,1.0
24852,0,710010014,ディスポーザブル人工肺（膜型肺・リザーバーあり・一般用）,0.0,0.0,,1.0,88700.0,0.0,0.0,0.0,1.0,103000.0,0.0,0.0,0.0,,0.0,ディスポーザブル人工肺（膜型肺）・体外循環型（リザーバー機能あり）・一般用,2024-06-01,2024-07-01,2024-07-02,t_ALL20250530.csv,1.0
24853,0,710010015,ディスポーザブル人工肺（膜型肺・リザーバーなし・一般用）,0.0,0.0,,1.0,75100.0,0.0,0.0,0.0,1.0,76200.0,0.0,0.0,0.0,,0.0,ディスポーザブル人工肺（膜型肺）・体外循環型（リザーバー機能なし）・一般用,2024-06-01,2024-07-01,2024-07-02,t_ALL20250530.csv,1.0
24854,0,710010016,補助人工心臓セット（体外型・成人）,0.0,0.0,,1.0,3270000.0,0.0,0.0,0.0,1.0,3270000.0,0.0,0.0,0.0,,0.0,補助人工心臓セット・体外型・成人用,2024-06-01,2024-07-01,2024-07-02,t_ALL20250530.csv,1.0
5027,9,710010017,補助人工心臓セット（植込型・拍動流型）,0.0,0.0,,0.0,0.0,0.0,0.0,0.0,4.0,14200000.0,0.0,0.0,0.0,20160331,0.0,補助人工心臓セット・植込型（拍動流型）,2016-04-01,2016-05-01,2016-05-02,t_ALL20160304.csv,1.0
24855,0,710010018,冠動脈用ステントセット（一般型）,0.0,0.0,,1.0,97000.0,0.0,0.0,0.0,1.0,97000.0,0.0,0.0,0.0,,0.0,心臓手術用カテーテル・冠動脈用ステントセット・一般型,2024-06-01,2024-07-01,2024-07-02,t_ALL20250530.csv,1.0
24856,0,710010019,冠動脈用ステントセット（救急処置型）,0.0,0.0,,1.0,290000.0,0.0,0.0,0.0,1.0,290000.0,0.0,0.0,0.0,,0.0,心臓手術用カテーテル・冠動脈用ステントセット・救急処置型,2024-06-01,2024-07-01,2024-07-02,t_ALL20250530.csv,1.0
22173,9,710010020,経皮的脳血管形成術用カテーテル（先端閉鎖型）,0.0,0.0,,1.0,97200.0,0.0,0.0,0.0,1.0,97200.0,0.0,0.0,0.0,20240531,0.0,血管内手術用カテーテル・経皮的脳血管形成術用カテーテル・先端閉鎖型,2024-06-01,2024-07-01,2024-07-02,t_ALL20240305.csv,1.0
22174,9,710010021,経皮的脳血管形成術用カテーテル（先端開放型）,0.0,0.0,,1.0,194000.0,0.0,0.0,0.0,1.0,194000.0,0.0,0.0,0.0,20240531,0.0,血管内手術用カテーテル・経皮的脳血管形成術用カテーテル・先端開放型,2024-06-01,2024-07-01,2024-07-02,t_ALL20240305.csv,1.0
24857,0,710010022,尿路拡張用カテーテル（尿管・尿道用）,0.0,0.0,,1.0,35000.0,0.0,0.0,0.0,1.0,39000.0,0.0,0.0,0.0,,0.0,尿路拡張用カテーテル・尿管・尿道用,2024-06-01,2024-07-01,2024-07-02,t_ALL20250530.csv,1.0
24858,0,710010023,尿路拡張用カテーテル（腎瘻用）,0.0,0.0,,1.0,41000.0,0.0,0.0,0.0,1.0,41400.0,0.0,0.0,0.0,,0.0,尿路拡張用カテーテル・腎瘻用,2024-06-01,2024-07-01,2024-07-02,t_ALL20250530.csv,1.0
7596,9,710010024,尿路拡張用カテーテル（尿道用）,0.0,0.0,,0.0,0.0,0.0,0.0,0.0,1.0,38700.0,0.0,0.0,0.0,20180331,0.0,尿路拡張用カテーテル・尿道用,2018-04-01,2018-05-01,2018-05-02,t20180305.csv,1.0
24859,0,710010025,胸・腹水シャントバルブカテーテル挿入用シースイントロデューサー,0.0,0.0,,1.0,2700.0,0.0,0.0,0.0,1.0,2760.0,0.0,0.0,0.0,,0.0,胸・腹水シャントバルブカテーテル挿入用シースイントロデューサーセット,2024-06-01,2024-07-01,2024-07-02,t_ALL20250530.csv,1.0
24860,0,710010026,冠動脈用ステントセット（再狭窄抑制型）,0.0,0.0,,1.0,120000.0,0.0,0.0,0.0,1.0,136000.0,0.0,0.0,0.0,,0.0,心臓手術用カテーテル・冠動脈用ステントセット・再狭窄抑制型,2024-06-01,2024-07-01,2024-07-02,t_ALL20250530.csv,1.0
24861,0,710010027,塞栓用コイル（コイル・水圧式・ワイヤー式デタッチャブル型）,0.0,0.0,,1.0,82900.0,0.0,0.0,0.0,1.0,82900.0,0.0,0.0,0.0,,0.0,血管内手術用カテーテル・塞栓用コイル・コイル・水圧式・ワイヤー式デタッチャブル型,2024-06-01,2024-07-01,2024-07-02,t_ALL20250530.csv,1.0
24862,0,710010028,網膜硝子体手術用材料,0.0,0.0,,1.0,29500.0,0.0,0.0,0.0,1.0,28300.0,0.0,0.0,0.0,,0.0,網膜硝子体手術用材料,2024-06-01,2024-07-01,2024-07-02,t_ALL20250530.csv,1.0
5039,9,710010029,ホローファイバー型及び積層型（キール型）１．５ｍ２未満３（在宅）,0.0,0.0,,0.0,0.0,0.0,0.0,0.0,1.0,1510.0,0.0,0.0,0.0,20160331,0.0,在宅血液透析用特定保険医療材料（回路を含む。）・ダイアライザー・ホローファイバー型及び積層型（キール型）（膜面積１．５ｍ２未満）（３）,2016-04-01,2016-05-01,2016-05-02,t_ALL20160304.csv,1.0
5040,9,710010030,ホローファイバー型及び積層型（キール型）１．５ｍ２未満４（在宅）,0.0,0.0,,0.0,0.0,0.0,0.0,0.0,1.0,1750.0,0.0,0.0,0.0,20160331,0.0,在宅血液透析用特定保険医療材料（回路を含む。）・ダイアライザー・ホローファイバー型及び積層型（キール型）（膜面積１．５ｍ２未満）（４）,2016-04-01,2016-05-01,2016-05-02,t_ALL20160304.csv,1.0
5041,9,710010031,ホローファイバー型及び積層型（キール型）１．５ｍ２未満５（在宅）,0.0,0.0,,0.0,0.0,0.0,0.0,0.0,1.0,1830.0,0.0,0.0,0.0,20160331,0.0,在宅血液透析用特定保険医療材料（回路を含む。）・ダイアライザー・ホローファイバー型及び積層型（キール型）（膜面積１．５ｍ２未満）（５）,2016-04-01,2016-05-01,2016-05-02,t_ALL20160304.csv,1.0
5042,9,710010032,ホローファイバー型及び積層型（キール型）１．５ｍ２以上３（在宅）,0.0,0.0,,0.0,0.0,0.0,0.0,0.0,1.0,1550.0,0.0,0.0,0.0,20160331,0.0,在宅血液透析用特定保険医療材料（回路を含む。）・ダイアライザー・ホローファイバー型及び積層型（キール型）（膜面積１．５ｍ２以上）（３）,2016-04-01,2016-05-01,2016-05-02,t_ALL20160304.csv,1.0
5043,9,710010033,ホローファイバー型及び積層型（キール型）１．５ｍ２以上４（在宅）,0.0,0.0,,0.0,0.0,0.0,0.0,0.0,1.0,1740.0,0.0,0.0,0.0,20160331,0.0,在宅血液透析用特定保険医療材料（回路を含む。）・ダイアライザー・ホローファイバー型及び積層型（キール型）（膜面積１．５ｍ２以上２．０ｍ２未満）（４）,2016-04-01,2016-05-01,2016-05-02,t_ALL20160304.csv,1.0
5044,9,710010034,ホローファイバー型及び積層型（キール型）１．５ｍ２以上５（在宅）,0.0,0.0,,0.0,0.0,0.0,0.0,0.0,1.0,1750.0,0.0,0.0,0.0,20160331,0.0,在宅血液透析用特定保険医療材料（回路を含む。）・ダイアライザー・ホローファイバー型及び積層型（キール型）（膜面積１．５ｍ２以上２．０ｍ２未満）（５）,2016-04-01,2016-05-01,2016-05-02,t_ALL20160304.csv,1.0
24863,0,710010035,体外式連続心拍出量測定用センサー,0.0,0.0,,1.0,37200.0,0.0,0.0,0.0,1.0,37200.0,0.0,0.0,0.0,,0.0,体外式連続心拍出量測定用センサー,2024-06-01,2024-07-01,2024-07-02,t_ALL20250530.csv,1.0
5046,9,710010036,ホローファイバー型及び積層型（キール型）（１．５ｍ２未満）（３）,0.0,0.0,,0.0,0.0,0.0,0.0,0.0,1.0,1510.0,0.0,0.0,0.0,20160331,1.0,人工腎臓用特定保険医療材料（回路を含む。）・ダイアライザー・ホローファイバー型及び積層型（キール型）（膜面積１．５ｍ２未満）（３）,2016-04-01,2016-05-01,2016-05-02,t_ALL20160304.csv,1.0
5047,9,710010037,ホローファイバー型及び積層型（キール型）（１．５ｍ２未満）（４）,0.0,0.0,,0.0,0.0,0.0,0.0,0.0,1.0,1750.0,0.0,0.0,0.0,20160331,1.0,人工腎臓用特定保険医療材料（回路を含む。）・ダイアライザー・ホローファイバー型及び積層型（キール型）（膜面積１．５ｍ２未満）（４）,2016-04-01,2016-05-01,2016-05-02,t_ALL20160304.csv,1.0
5048,9,710010038,ホローファイバー型及び積層型（キール型）（１．５ｍ２未満）（５）,0.0,0.0,,0.0,0.0,0.0,0.0,0.0,1.0,1830.0,0.0,0.0,0.0,20160331,1.0,人工腎臓用特定保険医療材料（回路を含む。）・ダイアライザー・ホローファイバー型及び積層型（キール型）（膜面積１．５ｍ２未満）（５）,2016-04-01,2016-05-01,2016-05-02,t_ALL20160304.csv,1.0
5049,9,710010039,ホローファイバー型及び積層型（キール型）（１．５ｍ２以上）（３）,0.0,0.0,,0.0,0.0,0.0,0.0,0.0,1.0,1550.0,0.0,0.0,0.0,20160331,1.0,人工腎臓用特定保険医療材料（回路を含む。）・ダイアライザー・ホローファイバー型及び積層型（キール型）（膜面積１．５ｍ２以上）（３）,2016-04-01,2016-05-01,2016-05-02,t_ALL20160304.csv,1.0
5050,9,710010040,ホローファイバー型及び積層型（キール型）（１．５ｍ２以上）（４）,0.0,0.0,,0.0,0.0,0.0,0.0,0.0,1.0,1740.0,0.0,0.0,0.0,20160331,1.0,人工腎臓用特定保険医療材料（回路を含む。）・ダイアライザー・ホローファイバー型及び積層型（キール型）（膜面積１．５ｍ２以上２．０ｍ２未満）（４）,2016-04-01,2016-05-01,2016-05-02,t_ALL20160304.csv,1.0
5051,9,710010041,ホローファイバー型及び積層型（キール型）（１．５ｍ２以上）（５）,0.0,0.0,,0.0,0.0,0.0,0.0,0.0,1.0,1750.0,0.0,0.0,0.0,20160331,1.0,人工腎臓用特定保険医療材料（回路を含む。）・ダイアライザー・ホローファイバー型及び積層型（キール型）（膜面積１．５ｍ２以上２．０ｍ２未満）（５）,2016-04-01,2016-05-01,2016-05-02,t_ALL20160304.csv,1.0
24864,0,710010043,カスタムメイド人工骨（Ｓ）,0.0,0.0,,1.0,762000.0,0.0,0.0,0.0,1.0,762000.0,0.0,0.0,0.0,,0.0,カスタムメイド人工骨（Ｓ）,2024-06-01,2024-07-01,2024-07-02,t_ALL20250530.csv,1.0
24865,0,710010044,カスタムメイド人工骨（Ｍ）,0.0,0.0,,1.0,830000.0,0.0,0.0,0.0,1.0,830000.0,0.0,0.0,0.0,,0.0,カスタムメイド人工骨（Ｍ）,2024-06-01,2024-07-01,2024-07-02,t_ALL20250530.csv,1.0
7604,9,710010045,カスタムメイド人工骨（Ｌ）,0.0,0.0,,0.0,0.0,0.0,0.0,0.0,1.0,862000.0,0.0,0.0,0.0,20180331,0.0,カスタムメイド人工骨（Ｌ）,2018-04-01,2018-05-01,2018-05-02,t20180305.csv,1.0
24866,0,710010046,合成吸収性骨片接合材（中空スクリュー）,0.0,0.0,,1.0,66000.0,0.0,0.0,0.0,1.0,68700.0,0.0,0.0,0.0,,0.0,合成吸収性骨片接合材料・中空スクリュー,2024-06-01,2024-07-01,2024-07-02,t_ALL20250530.csv,1.0
22185,9,710010047,植込型脳・脊髄電気刺激装置（疼痛除去用）（８極用）,0.0,0.0,,1.0,1500000.0,0.0,0.0,0.0,1.0,1500000.0,0.0,0.0,0.0,20240531,0.0,植込型脳・脊髄電気刺激装置・疼痛除去用・８極用,2024-06-01,2024-07-01,2024-07-02,t_ALL20240305.csv,1.0
24867,0,710010048,人工内耳用ヘッドセット（マイクロホン）,0.0,0.0,,1.0,38700.0,0.0,0.0,0.0,1.0,38700.0,0.0,0.0,0.0,,0.0,人工内耳用材料・人工内耳用ヘッドセット・マイクロホン,2024-06-01,2024-07-01,2024-07-02,t_ALL20250530.csv,1.0
24868,0,710010049,人工内耳用ヘッドセット（送信コイル）,0.0,0.0,,1.0,10300.0,0.0,0.0,0.0,1.0,10700.0,0.0,0.0,0.0,,0.0,人工内耳用材料・人工内耳用ヘッドセット・送信コイル,2024-06-01,2024-07-01,2024-07-02,t_ALL20250530.csv,1.0
24869,0,710010050,人工内耳用ヘッドセット（送信ケーブル）,0.0,0.0,,1.0,2660.0,0.0,0.0,0.0,1.0,2740.0,0.0,0.0,0.0,,0.0,人工内耳用材料・人工内耳用ヘッドセット・送信ケーブル,2024-06-01,2024-07-01,2024-07-02,t_ALL20250530.csv,1.0
24870,0,710010051,人工内耳用ヘッドセット（マグネット）,0.0,0.0,,1.0,7530.0,0.0,0.0,0.0,1.0,7840.0,0.0,0.0,0.0,,0.0,人工内耳用材料・人工内耳用ヘッドセット・マグネット,2024-06-01,2024-07-01,2024-07-02,t_ALL20250530.csv,1.0
24871,0,710010052,人工内耳用ヘッドセット（接続ケーブル）,0.0,0.0,,1.0,4480.0,0.0,0.0,0.0,1.0,4480.0,0.0,0.0,0.0,,0.0,人工内耳用材料・人工内耳用ヘッドセット・接続ケーブル,2024-06-01,2024-07-01,2024-07-02,t_ALL20250530.csv,1.0
24872,0,710010053,植込型輸液ポンプ,0.0,0.0,,1.0,1420000.0,0.0,0.0,0.0,1.0,1420000.0,0.0,0.0,0.0,,0.0,植込型輸液ポンプ,2024-06-01,2024-07-01,2024-07-02,t_ALL20250530.csv,1.0
22192,9,710010054,植込型輸液ポンプ用髄腔カテーテル・標準型,0.0,0.0,,1.0,72300.0,0.0,0.0,0.0,1.0,72300.0,0.0,0.0,0.0,20240531,0.0,植込型輸液ポンプ用髄腔カテーテル・標準型,2024-06-01,2024-07-01,2024-07-02,t_ALL20240305.csv,1.0
24873,0,710010055,経皮的心房中隔欠損閉鎖セット,0.0,0.0,,1.0,772000.0,0.0,0.0,0.0,1.0,772000.0,0.0,0.0,0.0,,0.0,経皮的心房中隔欠損閉鎖セット,2024-06-01,2024-07-01,2024-07-02,t_ALL20250530.csv,1.0
24874,0,710010056,人工内耳用ヘッドピース,0.0,0.0,,1.0,59190.0,0.0,0.0,0.0,1.0,59980.0,0.0,0.0,0.0,,0.0,人工内耳用ヘッドピース,2024-06-01,2024-07-01,2024-07-02,t_ALL20250530.csv,1.0
24875,0,710010057,人工内耳用ヘッドピースケーブル,0.0,0.0,,1.0,4480.0,0.0,0.0,0.0,1.0,4480.0,0.0,0.0,0.0,,0.0,人工内耳用ヘッドピースケーブル,2024-06-01,2024-07-01,2024-07-02,t_ALL20250530.csv,1.0
24876,0,710010058,ケーブル付き送信コイル（耳掛け型）,0.0,0.0,,1.0,12960.0,0.0,0.0,0.0,1.0,13440.0,0.0,0.0,0.0,,0.0,ケーブル付き送信コイル（耳掛け型）,2024-06-01,2024-07-01,2024-07-02,t_ALL20250530.csv,1.0
24877,0,710010059,両室ペーシング機能付き植込型除細動器（単極又は双極用・標準）,0.0,0.0,,1.0,3090000.0,0.0,0.0,0.0,1.0,3540000.0,0.0,0.0,0.0,,0.0,両室ペーシング機能付き植込型除細動器・単極又は双極用・標準型,2024-06-01,2024-07-01,2024-07-02,t_ALL20250530.csv,1.0
24878,0,710010060,血管内塞栓促進用補綴材（肝動脈塞栓材）,0.0,0.0,,1.0,15400.0,0.0,0.0,0.0,1.0,15400.0,0.0,0.0,0.0,,0.0,血管内塞栓促進用補綴材・肝動脈塞栓材,2024-06-01,2024-07-01,2024-07-02,t_ALL20250530.csv,1.0
24879,0,710010061,大動脈用ステントグラフト（腹部大動脈用・メイン部分・標準型）,0.0,0.0,,1.0,1320000.0,0.0,0.0,0.0,1.0,1320000.0,0.0,0.0,0.0,,0.0,大動脈用ステントグラフト・腹部大動脈用ステントグラフト（メイン部分）・標準型,2024-06-01,2024-07-01,2024-07-02,t_ALL20250530.csv,1.0
24880,0,710010062,大動脈用ステントグラフト（腹部大動脈用・補助部分）,0.0,0.0,,1.0,299000.0,0.0,0.0,0.0,1.0,299000.0,0.0,0.0,0.0,,0.0,大動脈用ステントグラフト・腹部大動脈用ステントグラフト（補助部分）,2024-06-01,2024-07-01,2024-07-02,t_ALL20250530.csv,1.0
24881,0,710010063,中心静脈用カテーテル（酸素飽和度測定機能付き）,0.0,0.0,,1.0,35100.0,0.0,0.0,0.0,1.0,35200.0,0.0,0.0,0.0,,0.0,中心静脈用カテーテル・酸素飽和度測定機能付き,2024-06-01,2024-07-01,2024-07-02,t_ALL20250530.csv,1.0
24882,0,710010064,内視鏡用粘膜下注入材,0.0,0.0,,1.0,5270.0,0.0,0.0,0.0,1.0,5880.0,0.0,0.0,0.0,,0.0,内視鏡用粘膜下注入材,2024-06-01,2024-07-01,2024-07-02,t_ALL20250530.csv,1.0
24883,0,710010065,ペースメーカー（デュアルチャンバ４型）,0.0,0.0,,1.0,516000.0,0.0,0.0,0.0,1.0,593000.0,0.0,0.0,0.0,,0.0,ペースメーカー・デュアルチャンバ（４型）,2024-06-01,2024-07-01,2024-07-02,t_ALL20250530.csv,1.0
24884,0,710010066,合成吸収性骨片接合材（シート・メッシュ型・１５ｃｍ２以上）,0.0,0.0,,1.0,67300.0,0.0,0.0,0.0,1.0,67300.0,0.0,0.0,0.0,,0.0,合成吸収性骨片接合材料・シート・メッシュ型（１５ｃｍ２以上２５ｃｍ２未満）,2024-06-01,2024-07-01,2024-07-02,t_ALL20250530.csv,1.0
24885,0,710010067,合成吸収性骨片接合材（シート・メッシュ型・２５ｃｍ２以上）,0.0,0.0,,1.0,108000.0,0.0,0.0,0.0,1.0,108000.0,0.0,0.0,0.0,,0.0,合成吸収性骨片接合材料・シート・メッシュ型（２５ｃｍ２以上）,2024-06-01,2024-07-01,2024-07-02,t_ALL20250530.csv,1.0
24886,0,710010068,カプセル型内視鏡（小腸用）,0.0,0.0,,1.0,76500.0,0.0,0.0,0.0,1.0,76500.0,0.0,0.0,0.0,,0.0,カプセル型内視鏡・小腸用,2024-06-01,2024-07-01,2024-07-02,t_ALL20250530.csv,1.0
24887,0,710010069,在宅中心静脈栄養用輸液セット（本体）,0.0,0.0,,1.0,1400.0,0.0,0.0,0.0,1.0,1520.0,0.0,0.0,0.0,,0.0,在宅中心静脈栄養用輸液セット・本体,2024-06-01,2024-07-01,2024-07-02,t_ALL20250530.csv,1.0
24888,0,710010070,在宅中心静脈栄養用輸液セット（付属品・フーバー針）,0.0,0.0,,1.0,419.0,0.0,0.0,0.0,1.0,419.0,0.0,0.0,0.0,,0.0,在宅中心静脈栄養用輸液セット・付属品・フーバー針,2024-06-01,2024-07-01,2024-07-02,t_ALL20250530.csv,1.0
24889,0,710010071,在宅中心静脈栄養用輸液セット（付属品・輸液バッグ）,0.0,0.0,,1.0,414.0,0.0,0.0,0.0,1.0,414.0,0.0,0.0,0.0,,0.0,在宅中心静脈栄養用輸液セット・付属品・輸液バッグ,2024-06-01,2024-07-01,2024-07-02,t_ALL20250530.csv,1.0
24890,0,710010072,栄養用ディスポカテ（在宅）（経鼻用・乳幼児用・一般型）,0.0,0.0,,1.0,94.0,0.0,0.0,0.0,1.0,94.0,0.0,0.0,0.0,,0.0,在宅寝たきり患者処置用栄養用ディスポーザブルカテーテル・経鼻用・乳幼児用・一般型,2024-06-01,2024-07-01,2024-07-02,t_ALL20250530.csv,1.0
24891,0,710010073,栄養用ディスポカテ（在宅）（経鼻用・乳幼児用・非ＤＥＨＰ型）,0.0,0.0,,1.0,147.0,0.0,0.0,0.0,1.0,147.0,0.0,0.0,0.0,,0.0,在宅寝たきり患者処置用栄養用ディスポーザブルカテーテル・経鼻用・乳幼児用・非ＤＥＨＰ型,2024-06-01,2024-07-01,2024-07-02,t_ALL20250530.csv,1.0
24892,0,710010074,栄養カテーテル（経鼻用・乳幼児用・一般型）,0.0,0.0,,1.0,94.0,0.0,0.0,0.0,1.0,94.0,0.0,0.0,0.0,,0.0,栄養カテーテル・経鼻用・乳幼児用・一般型,2024-06-01,2024-07-01,2024-07-02,t_ALL20250530.csv,1.0
24893,0,710010075,栄養カテーテル（経鼻用・乳幼児用・非ＤＥＨＰ型）,0.0,0.0,,1.0,147.0,0.0,0.0,0.0,1.0,147.0,0.0,0.0,0.0,,0.0,栄養カテーテル・経鼻用・乳幼児用・非ＤＥＨＰ型,2024-06-01,2024-07-01,2024-07-02,t_ALL20250530.csv,1.0
24894,0,710010076,交換用胃瘻カテーテル（胃留置型・バンパー型・ガイドワイヤーあり）,0.0,0.0,,1.0,21700.0,0.0,0.0,0.0,1.0,21700.0,0.0,0.0,0.0,,0.0,交換用胃瘻カテーテル・胃留置型・バンパー型・ガイドワイヤーあり,2024-06-01,2024-07-01,2024-07-02,t_ALL20250530.csv,1.0
24895,0,710010077,交換用胃瘻カテーテル（胃留置型・バンパー型・ガイドワイヤーなし）,0.0,0.0,,1.0,15500.0,0.0,0.0,0.0,1.0,16500.0,0.0,0.0,0.0,,0.0,交換用胃瘻カテーテル・胃留置型・バンパー型・ガイドワイヤーなし,2024-06-01,2024-07-01,2024-07-02,t_ALL20250530.csv,1.0
7637,9,710010078,脳動静脈奇形手術用等クリップ（一般型）,0.0,0.0,,0.0,0.0,0.0,0.0,0.0,1.0,2280.0,0.0,0.0,0.0,20180331,0.0,脳動静脈奇形手術用等クリップ・一般型,2018-04-01,2018-05-01,2018-05-02,t20180305.csv,1.0
24896,0,710010079,脳動静脈奇形手術用等クリップ,0.0,0.0,,1.0,6280.0,0.0,0.0,0.0,1.0,6280.0,0.0,0.0,0.0,,0.0,脳動静脈奇形手術用等クリップ,2024-06-01,2024-07-01,2024-07-02,t_ALL20250530.csv,1.0
24897,0,710010080,人工硬膜（非吸収型）,41.0,3.0,ｃｍ２,1.0,819.0,0.0,0.0,0.0,1.0,824.0,0.0,0.0,0.0,,0.0,人工硬膜・非吸収型,2024-06-01,2024-07-01,2024-07-02,t_ALL20250530.csv,1.0
24898,0,710010081,人工硬膜（吸収型）,41.0,3.0,ｃｍ２,1.0,1280.0,0.0,0.0,0.0,1.0,1280.0,0.0,0.0,0.0,,0.0,人工硬膜・吸収型,2024-06-01,2024-07-01,2024-07-02,t_ALL20250530.csv,1.0
24899,0,710010082,経皮的カテーテル心筋焼灼術用カテーテル（熱・ペーシング）,0.0,0.0,,1.0,293000.0,0.0,0.0,0.0,1.0,293000.0,0.0,0.0,0.0,,0.0,経皮的カテーテル心筋焼灼術用カテーテル・熱アブレーション用・体外式ペーシング機能付き,2024-06-01,2024-07-01,2024-07-02,t_ALL20250530.csv,1.0
24900,0,710010083,ＰＴＣＡ用カテーテル（スリッピング防止型）,0.0,0.0,,1.0,95000.0,0.0,0.0,0.0,1.0,95000.0,0.0,0.0,0.0,,0.0,心臓手術用カテーテル・経皮的冠動脈形成術用カテーテル・スリッピング防止型,2024-06-01,2024-07-01,2024-07-02,t_ALL20250530.csv,1.0
24901,0,710010084,血管内血栓異物除去用留置カテーテル（一般型）,0.0,0.0,,1.0,115000.0,0.0,0.0,0.0,1.0,115000.0,0.0,0.0,0.0,,0.0,血管内手術用カテーテル・血管内血栓異物除去用留置カテーテル・一般型,2024-06-01,2024-07-01,2024-07-02,t_ALL20250530.csv,1.0
24902,0,710010085,血管内血栓異物除去用留置カテーテル（頸動脈ステント・フィルター）,0.0,0.0,,1.0,186000.0,0.0,0.0,0.0,1.0,186000.0,0.0,0.0,0.0,,0.0,血管内手術用カテーテル・血管内血栓異物除去用留置カテーテル・頸動脈用ステント併用型・フィルター型,2024-06-01,2024-07-01,2024-07-02,t_ALL20250530.csv,1.0
24903,0,710010086,頸動脈用ステントセット（標準型）,0.0,0.0,,1.0,160000.0,0.0,0.0,0.0,1.0,160000.0,0.0,0.0,0.0,,0.0,血管内手術用カテーテル・頸動脈用ステントセット・標準型,2024-06-01,2024-07-01,2024-07-02,t_ALL20250530.csv,1.0
24904,0,710010087,ホルモン製剤等注射用ディスポーザブル注射器,0.0,0.0,,1.0,11.0,0.0,0.0,0.0,1.0,11.0,0.0,0.0,0.0,,0.0,ホルモン製剤等注射用ディスポーザブル注射器,2024-06-01,2024-07-01,2024-07-02,t_ALL20250530.csv,1.0
24905,0,710010088,在宅中心静脈栄養用輸液セット（本体）,0.0,0.0,,1.0,1400.0,0.0,0.0,0.0,1.0,1520.0,0.0,0.0,0.0,,0.0,在宅中心静脈栄養用輸液セット・本体,2024-06-01,2024-07-01,2024-07-02,t_ALL20250530.csv,1.0
24906,0,710010089,在宅中心静脈栄養用輸液セット（付属品・フーバー針）,0.0,0.0,,1.0,419.0,0.0,0.0,0.0,1.0,419.0,0.0,0.0,0.0,,0.0,在宅中心静脈栄養用輸液セット・付属品・フーバー針,2024-06-01,2024-07-01,2024-07-02,t_ALL20250530.csv,1.0
24907,0,710010090,在宅中心静脈栄養用輸液セット（付属品・輸液バッグ）,0.0,0.0,,1.0,414.0,0.0,0.0,0.0,1.0,414.0,0.0,0.0,0.0,,0.0,在宅中心静脈栄養用輸液セット・付属品・輸液バッグ,2024-06-01,2024-07-01,2024-07-02,t_ALL20250530.csv,1.0
24908,0,710010091,栄養用ディスポカテ（在宅）（経鼻用・乳幼児用・一般型）,0.0,0.0,,1.0,94.0,0.0,0.0,0.0,1.0,94.0,0.0,0.0,0.0,,0.0,在宅寝たきり患者処置用栄養用ディスポーザブルカテーテル・経鼻用・乳幼児用・一般型,2024-06-01,2024-07-01,2024-07-02,t_ALL20250530.csv,1.0
24909,0,710010092,栄養用ディスポカテ（在宅）（経鼻用・乳幼児用・非ＤＥＨＰ型）,0.0,0.0,,1.0,147.0,0.0,0.0,0.0,1.0,147.0,0.0,0.0,0.0,,0.0,在宅寝たきり患者処置用栄養用ディスポーザブルカテーテル・経鼻用・乳幼児用・非ＤＥＨＰ型,2024-06-01,2024-07-01,2024-07-02,t_ALL20250530.csv,1.0
24910,0,710010093,万年筆型注入器用注射針（標準型）,0.0,0.0,,1.0,17.0,0.0,0.0,0.0,1.0,17.0,0.0,0.0,0.0,,0.0,万年筆型注入器用注射針・標準型,2024-06-01,2024-07-01,2024-07-02,t_ALL20250530.csv,1.0
7653,9,710010094,万年筆型注入器用注射針（針折れ防止型）,0.0,0.0,,0.0,0.0,0.0,0.0,0.0,1.0,17.0,0.0,0.0,0.0,20180331,0.0,万年筆型注入器用注射針・針折れ防止型,2018-04-01,2018-05-01,2018-05-02,t20180305.csv,1.0
24911,0,710010095,万年筆型注入器用注射針（超微細型）,0.0,0.0,,1.0,18.0,0.0,0.0,0.0,1.0,18.0,0.0,0.0,0.0,,0.0,万年筆型注入器用注射針・超微細型,2024-06-01,2024-07-01,2024-07-02,t_ALL20250530.csv,1.0
24912,0,710010096,携帯型ディスポーザブル注入ポンプ（標準型）,0.0,0.0,,1.0,3080.0,0.0,0.0,0.0,1.0,3090.0,0.0,0.0,0.0,,0.0,携帯型ディスポーザブル注入ポンプ・標準型,2024-06-01,2024-07-01,2024-07-02,t_ALL20250530.csv,1.0
12780,9,710010097,プラスチックカニューレ型静脈内留置針（標準型）,0.0,0.0,,0.0,0.0,0.0,0.0,0.0,1.0,91.0,0.0,0.0,0.0,20200331,0.0,プラスチックカニューレ型静脈内留置針・標準型,2020-04-01,2020-05-01,2020-05-02,t20200305.csv,1.0
12781,9,710010098,プラスチックカニューレ型静脈内留置針（針刺し事故防止機構付加型）,0.0,0.0,,0.0,0.0,0.0,0.0,0.0,1.0,96.0,0.0,0.0,0.0,20200331,0.0,プラスチックカニューレ型静脈内留置針・針刺し事故防止機構付加型,2020-04-01,2020-05-01,2020-05-02,t20200305.csv,1.0
24913,0,710010099,中心静脈用カテーテル（標準・シングルルーメン）,0.0,0.0,,1.0,1790.0,0.0,0.0,0.0,1.0,1790.0,0.0,0.0,0.0,,0.0,中心静脈用カテーテル・標準型・シングルルーメン,2024-06-01,2024-07-01,2024-07-02,t_ALL20250530.csv,1.0
7659,9,710010100,中心静脈用カテーテル（標準・シングルルーメン・セルジンガー型）,0.0,0.0,,0.0,0.0,0.0,0.0,0.0,1.0,1930.0,0.0,0.0,0.0,20180331,0.0,中心静脈用カテーテル・標準型・シングルルーメン・セルジンガー型,2018-04-01,2018-05-01,2018-05-02,t20180305.csv,1.0
24914,0,710010101,中心静脈用カテーテル（標準・マルチルーメン）,0.0,0.0,,1.0,7210.0,0.0,0.0,0.0,1.0,7210.0,0.0,0.0,0.0,,0.0,中心静脈用カテーテル・標準型・マルチルーメン,2024-06-01,2024-07-01,2024-07-02,t_ALL20250530.csv,1.0
7661,9,710010102,中心静脈用カテーテル（標準・マルチルーメン・セルジンガー型）,0.0,0.0,,0.0,0.0,0.0,0.0,0.0,1.0,7190.0,0.0,0.0,0.0,20180331,0.0,中心静脈用カテーテル・標準型・マルチルーメン・セルジンガー型,2018-04-01,2018-05-01,2018-05-02,t20180305.csv,1.0
24915,0,710010103,中心静脈用カテーテル（抗血栓性型）,0.0,0.0,,1.0,2290.0,0.0,0.0,0.0,1.0,2290.0,0.0,0.0,0.0,,0.0,中心静脈用カテーテル・抗血栓性型,2024-06-01,2024-07-01,2024-07-02,t_ALL20250530.csv,1.0
24916,0,710010104,中心静脈用カテーテル（極細型）,0.0,0.0,,1.0,7490.0,0.0,0.0,0.0,1.0,7490.0,0.0,0.0,0.0,,0.0,中心静脈用カテーテル・極細型,2024-06-01,2024-07-01,2024-07-02,t_ALL20250530.csv,1.0
24917,0,710010105,中心静脈用カテーテル（カフ付き）,0.0,0.0,,1.0,20000.0,0.0,0.0,0.0,1.0,20000.0,0.0,0.0,0.0,,0.0,中心静脈用カテーテル・カフ付き,2024-06-01,2024-07-01,2024-07-02,t_ALL20250530.csv,1.0
24918,0,710010106,中心静脈用カテーテル（酸素飽和度測定機能付き）,0.0,0.0,,1.0,35100.0,0.0,0.0,0.0,1.0,35200.0,0.0,0.0,0.0,,0.0,中心静脈用カテーテル・酸素飽和度測定機能付き,2024-06-01,2024-07-01,2024-07-02,t_ALL20250530.csv,1.0
24919,0,710010107,人工骨（汎用型・非吸収型・（顆粒・フィラー））,33.0,1.0,ｇ,1.0,6390.0,0.0,0.0,0.0,1.0,6390.0,0.0,0.0,0.0,,0.0,人工骨・汎用型・非吸収型・顆粒・フィラー,2024-06-01,2024-07-01,2024-07-02,t_ALL20250530.csv,1.0
24920,0,710010108,人工骨（汎用型・非吸収型・多孔体）,36.0,2.0,ｍＬ,1.0,12400.0,0.0,0.0,0.0,1.0,12400.0,0.0,0.0,0.0,,0.0,人工骨・汎用型・非吸収型・多孔体,2024-06-01,2024-07-01,2024-07-02,t_ALL20250530.csv,1.0
12790,9,710010109,人工骨（汎用型・非吸収型・骨形成促進型）,0.0,0.0,ｍＬ,0.0,0.0,0.0,0.0,0.0,1.0,48000.0,0.0,0.0,0.0,20200331,0.0,人工骨・汎用型・非吸収型・骨形成促進型,2020-04-01,2020-05-01,2020-05-02,t20200305.csv,1.0
24921,0,710010110,人工骨（汎用型・非吸収型・形状賦形型）,36.0,2.0,ｍＬ,1.0,14600.0,0.0,0.0,0.0,1.0,14600.0,0.0,0.0,0.0,,0.0,人工骨・汎用型・非吸収型・形状賦形型,2024-06-01,2024-07-01,2024-07-02,t_ALL20250530.csv,1.0
24922,0,710010111,人工骨（汎用型・吸収型・（顆粒・フィラー））,33.0,1.0,ｇ,1.0,12000.0,0.0,0.0,0.0,1.0,12000.0,0.0,0.0,0.0,,0.0,人工骨・汎用型・吸収型・顆粒・フィラー,2024-06-01,2024-07-01,2024-07-02,t_ALL20250530.csv,1.0
24923,0,710010112,人工骨（汎用型・吸収型・多孔体・一般型）,36.0,2.0,ｍＬ,1.0,14000.0,0.0,0.0,0.0,1.0,14000.0,0.0,0.0,0.0,,0.0,人工骨・汎用型・吸収型・多孔体・一般型,2024-06-01,2024-07-01,2024-07-02,t_ALL20250530.csv,1.0
24924,0,710010113,カスタムメイド人工関節,0.0,0.0,,2.0,0.0,0.0,0.0,0.0,2.0,0.0,0.0,0.0,0.0,,0.0,カスタムメイド人工関節,2024-06-01,2024-07-01,2024-07-02,t_ALL20250530.csv,1.0
24925,0,710010114,カスタムメイド人工骨（Ｓ）,0.0,0.0,,1.0,762000.0,0.0,0.0,0.0,1.0,762000.0,0.0,0.0,0.0,,0.0,カスタムメイド人工骨（Ｓ）,2024-06-01,2024-07-01,2024-07-02,t_ALL20250530.csv,1.0
24926,0,710010115,カスタムメイド人工骨（Ｍ）,0.0,0.0,,1.0,830000.0,0.0,0.0,0.0,1.0,830000.0,0.0,0.0,0.0,,0.0,カスタムメイド人工骨（Ｍ）,2024-06-01,2024-07-01,2024-07-02,t_ALL20250530.csv,1.0
7675,9,710010116,カスタムメイド人工骨（Ｌ）,0.0,0.0,,0.0,0.0,0.0,0.0,0.0,1.0,862000.0,0.0,0.0,0.0,20180331,0.0,カスタムメイド人工骨（Ｌ）,2018-04-01,2018-05-01,2018-05-02,t20180305.csv,1.0
24927,0,710010117,合成吸収性骨片接合材（スクリュー（頭蓋・顎・顔面・小骨用））,0.0,0.0,,1.0,33000.0,0.0,0.0,0.0,1.0,33000.0,0.0,0.0,0.0,,0.0,合成吸収性骨片接合材料・スクリュー・頭蓋・顎・顔面・小骨用,2024-06-01,2024-07-01,2024-07-02,t_ALL20250530.csv,1.0
24928,0,710010118,合成吸収性骨片接合材（ストレートプレート）,0.0,0.0,,1.0,38200.0,0.0,0.0,0.0,1.0,38200.0,0.0,0.0,0.0,,0.0,合成吸収性骨片接合材料・ストレートプレート,2024-06-01,2024-07-01,2024-07-02,t_ALL20250530.csv,1.0
24929,0,710010119,合成吸収性骨片接合材（その他のプレート）,0.0,0.0,,1.0,54200.0,0.0,0.0,0.0,1.0,54200.0,0.0,0.0,0.0,,0.0,合成吸収性骨片接合材料・その他のプレート,2024-06-01,2024-07-01,2024-07-02,t_ALL20250530.csv,1.0
24930,0,710010120,合成吸収性骨片接合材（ワッシャー）,0.0,0.0,,1.0,16700.0,0.0,0.0,0.0,1.0,16700.0,0.0,0.0,0.0,,0.0,合成吸収性骨片接合材料・ワッシャー,2024-06-01,2024-07-01,2024-07-02,t_ALL20250530.csv,1.0
24931,0,710010121,合成吸収性骨片接合材（ピン（一般用））,0.0,0.0,,1.0,39500.0,0.0,0.0,0.0,1.0,39500.0,0.0,0.0,0.0,,0.0,合成吸収性骨片接合材料・ピン・一般用,2024-06-01,2024-07-01,2024-07-02,t_ALL20250530.csv,1.0
24932,0,710010122,固定用内副子（スクリュー）（その他・標準・小型）,0.0,0.0,,1.0,2930.0,0.0,0.0,0.0,1.0,2930.0,0.0,0.0,0.0,,0.0,固定用内副子（スクリュー）・その他のスクリュー・標準型・小型スクリュー（頭蓋骨・顔面・上下顎骨用）,2024-06-01,2024-07-01,2024-07-02,t_ALL20250530.csv,1.0
24933,0,710010123,固定用内副子（プレート）（その他・標準・ストレート型・異形型）,0.0,0.0,,1.0,11700.0,0.0,0.0,0.0,1.0,11700.0,0.0,0.0,0.0,,0.0,固定用内副子（プレート）・その他のプレート・標準・指骨、頭蓋骨、顔面骨、上下顎骨用・ストレート型・異形型,2024-06-01,2024-07-01,2024-07-02,t_ALL20250530.csv,1.0
24934,0,710010124,固定用内副子（プレート）（その他・標準・メッシュ型）,0.0,0.0,,1.0,55600.0,0.0,0.0,0.0,1.0,58200.0,0.0,0.0,0.0,,0.0,固定用内副子（プレート）・その他のプレート・標準・指骨、頭蓋骨、顔面骨、上下顎骨用・メッシュ型,2024-06-01,2024-07-01,2024-07-02,t_ALL20250530.csv,1.0
24935,0,710010125,固定用内副子（プレート）（その他・標準・下顎・骨盤再建）,0.0,0.0,,1.0,62300.0,0.0,0.0,0.0,1.0,62300.0,0.0,0.0,0.0,,0.0,固定用内副子（プレート）・その他のプレート・標準・下顎骨・骨盤再建用,2024-06-01,2024-07-01,2024-07-02,t_ALL20250530.csv,1.0
24936,0,710010126,固定用内副子（プレート）（その他・標準・顎関節用）,0.0,0.0,,1.0,115000.0,0.0,0.0,0.0,1.0,115000.0,0.0,0.0,0.0,,0.0,固定用内副子（プレート）・その他のプレート・標準・人工顎関節用,2024-06-01,2024-07-01,2024-07-02,t_ALL20250530.csv,1.0
24937,0,710010127,固定用内副子（プレート）（その他・特殊・骨延長用）,0.0,0.0,,1.0,116000.0,0.0,0.0,0.0,1.0,116000.0,0.0,0.0,0.0,,0.0,固定用内副子（プレート）・その他のプレート・特殊・骨延長用,2024-06-01,2024-07-01,2024-07-02,t_ALL20250530.csv,1.0
24938,0,710010128,固定用内副子（プレート）（その他・特殊・スクリュー非使用型）,0.0,0.0,,1.0,176000.0,0.0,0.0,0.0,1.0,176000.0,0.0,0.0,0.0,,0.0,固定用内副子（プレート）・その他のプレート・特殊・スクリュー非使用型,2024-06-01,2024-07-01,2024-07-02,t_ALL20250530.csv,1.0
24939,0,710010129,固定釘（平面型）,0.0,0.0,,1.0,16100.0,0.0,0.0,0.0,1.0,16100.0,0.0,0.0,0.0,,0.0,固定釘・平面型,2024-06-01,2024-07-01,2024-07-02,t_ALL20250530.csv,1.0
24940,0,710010130,固定釘（立体特殊型）,0.0,0.0,,1.0,30700.0,0.0,0.0,0.0,1.0,30700.0,0.0,0.0,0.0,,0.0,固定釘・立体特殊型,2024-06-01,2024-07-01,2024-07-02,t_ALL20250530.csv,1.0
24941,0,710010131,固定用金属線（金属線・ワイヤー）,40.0,2.0,ｃｍ,1.0,16.0,0.0,0.0,0.0,1.0,16.0,0.0,0.0,0.0,,0.0,固定用金属線・金属線・ワイヤー,2024-06-01,2024-07-01,2024-07-02,t_ALL20250530.csv,1.0
24942,0,710010132,固定用金属線（金属線・ケーブル）,0.0,0.0,,1.0,40700.0,0.0,0.0,0.0,1.0,40700.0,0.0,0.0,0.0,,0.0,固定用金属線・金属線・ケーブル,2024-06-01,2024-07-01,2024-07-02,t_ALL20250530.csv,1.0
24943,0,710010133,固定用金属ピン（一般用）,0.0,0.0,,1.0,505.0,0.0,0.0,0.0,1.0,505.0,0.0,0.0,0.0,,0.0,固定用金属ピン・一般用,2024-06-01,2024-07-01,2024-07-02,t_ALL20250530.csv,1.0
24944,0,710010135,鼻孔プロテーゼ,0.0,0.0,,1.0,3850.0,0.0,0.0,0.0,1.0,3850.0,0.0,0.0,0.0,,0.0,鼻孔プロテーゼ,2024-06-01,2024-07-01,2024-07-02,t_ALL20250530.csv,1.0
24945,0,710010136,皮膚欠損用創傷被覆材（真皮に至る創傷用）,41.0,3.0,ｃｍ２,1.0,6.0,0.0,0.0,0.0,1.0,6.0,0.0,0.0,0.0,,0.0,皮膚欠損用創傷被覆材・真皮に至る創傷用,2024-06-01,2024-07-01,2024-07-02,t_ALL20250530.csv,1.0
24946,0,710010137,皮膚欠損用創傷被覆材（皮下組織に至る創傷用・標準型）,41.0,3.0,ｃｍ２,1.0,10.0,0.0,0.0,0.0,1.0,10.0,0.0,0.0,0.0,,0.0,皮膚欠損用創傷被覆材・皮下組織に至る創傷用・標準型,2024-06-01,2024-07-01,2024-07-02,t_ALL20250530.csv,1.0
24947,0,710010138,皮膚欠損用創傷被覆材（皮下組織に至る創傷用・異形型）,33.0,1.0,ｇ,1.0,35.0,0.0,0.0,0.0,1.0,35.0,0.0,0.0,0.0,,0.0,皮膚欠損用創傷被覆材・皮下組織に至る創傷用・異形型,2024-06-01,2024-07-01,2024-07-02,t_ALL20250530.csv,1.0
24948,0,710010139,皮膚欠損用創傷被覆材（筋・骨に至る創傷用）,41.0,3.0,ｃｍ２,1.0,25.0,0.0,0.0,0.0,1.0,25.0,0.0,0.0,0.0,,0.0,皮膚欠損用創傷被覆材・筋・骨に至る創傷用,2024-06-01,2024-07-01,2024-07-02,t_ALL20250530.csv,1.0
24949,0,710010140,真皮欠損用グラフト,41.0,3.0,ｃｍ２,1.0,452.0,0.0,0.0,0.0,1.0,452.0,0.0,0.0,0.0,,0.0,真皮欠損用グラフト,2024-06-01,2024-07-01,2024-07-02,t_ALL20250530.csv,1.0
24950,0,710010141,非固着性シリコンガーゼ（平坦部位用）,0.0,0.0,,1.0,142.0,0.0,0.0,0.0,1.0,142.0,0.0,0.0,0.0,,0.0,非固着性シリコンガーゼ・平坦部位用,2024-06-01,2024-07-01,2024-07-02,t_ALL20250530.csv,1.0
24951,0,710010142,非固着性シリコンガーゼ（凹凸部位用）,0.0,0.0,,1.0,309.0,0.0,0.0,0.0,1.0,309.0,0.0,0.0,0.0,,0.0,非固着性シリコンガーゼ・凹凸部位用,2024-06-01,2024-07-01,2024-07-02,t_ALL20250530.csv,1.0
24952,0,710010143,栄養カテーテル（経鼻用・一般用）,0.0,0.0,,1.0,183.0,0.0,0.0,0.0,1.0,183.0,0.0,0.0,0.0,,0.0,栄養カテーテル・経鼻用・一般用,2024-06-01,2024-07-01,2024-07-02,t_ALL20250530.csv,1.0
24953,0,710010144,栄養カテーテル（経鼻用・乳幼児用・一般型）,0.0,0.0,,1.0,94.0,0.0,0.0,0.0,1.0,94.0,0.0,0.0,0.0,,0.0,栄養カテーテル・経鼻用・乳幼児用・一般型,2024-06-01,2024-07-01,2024-07-02,t_ALL20250530.csv,1.0
24954,0,710010145,栄養カテーテル（経鼻用・乳幼児用・非ＤＥＨＰ型）,0.0,0.0,,1.0,147.0,0.0,0.0,0.0,1.0,147.0,0.0,0.0,0.0,,0.0,栄養カテーテル・経鼻用・乳幼児用・非ＤＥＨＰ型,2024-06-01,2024-07-01,2024-07-02,t_ALL20250530.csv,1.0
24955,0,710010146,栄養カテーテル（経鼻用・経腸栄養用）,0.0,0.0,,1.0,1600.0,0.0,0.0,0.0,1.0,1630.0,0.0,0.0,0.0,,0.0,栄養カテーテル・経鼻用・経腸栄養用,2024-06-01,2024-07-01,2024-07-02,t_ALL20250530.csv,1.0
24956,0,710010147,栄養カテーテル（経鼻用・特殊型）,0.0,0.0,,1.0,2110.0,0.0,0.0,0.0,1.0,2110.0,0.0,0.0,0.0,,0.0,栄養カテーテル・経鼻用・特殊型,2024-06-01,2024-07-01,2024-07-02,t_ALL20250530.csv,1.0
24957,0,710010148,気管内チューブ（カフあり・カフ上部吸引機能あり）,0.0,0.0,,1.0,2610.0,0.0,0.0,0.0,1.0,2610.0,0.0,0.0,0.0,,0.0,気管内チューブ・カフあり・カフ上部吸引機能あり,2024-06-01,2024-07-01,2024-07-02,t_ALL20250530.csv,1.0
24958,0,710010149,気管内チューブ（カフあり・カフ上部吸引機能なし）,0.0,0.0,,1.0,569.0,0.0,0.0,0.0,1.0,569.0,0.0,0.0,0.0,,0.0,気管内チューブ・カフあり・カフ上部吸引機能なし,2024-06-01,2024-07-01,2024-07-02,t_ALL20250530.csv,1.0
24959,0,710010150,気管内チューブ（カフなし）,0.0,0.0,,1.0,606.0,0.0,0.0,0.0,1.0,616.0,0.0,0.0,0.0,,0.0,気管内チューブ・カフなし,2024-06-01,2024-07-01,2024-07-02,t_ALL20250530.csv,1.0
24960,0,710010151,胃管カテーテル（シングルルーメン）,0.0,0.0,,1.0,88.0,0.0,0.0,0.0,1.0,88.0,0.0,0.0,0.0,,0.0,胃管カテーテル・シングルルーメン,2024-06-01,2024-07-01,2024-07-02,t_ALL20250530.csv,1.0
24961,0,710010152,胃管カテーテル（ダブルルーメン・標準型）,0.0,0.0,,1.0,447.0,0.0,0.0,0.0,1.0,447.0,0.0,0.0,0.0,,0.0,胃管カテーテル・ダブルルーメン・標準型,2024-06-01,2024-07-01,2024-07-02,t_ALL20250530.csv,1.0
24962,0,710010153,胃管カテーテル（ダブルルーメン・特殊型）,0.0,0.0,,1.0,1510.0,0.0,0.0,0.0,1.0,1510.0,0.0,0.0,0.0,,0.0,胃管カテーテル・ダブルルーメン・特殊型,2024-06-01,2024-07-01,2024-07-02,t_ALL20250530.csv,1.0
24963,0,710010154,吸引留置カテーテル（能動吸引型・創部用・軟質型）,0.0,0.0,,1.0,4360.0,0.0,0.0,0.0,1.0,4380.0,0.0,0.0,0.0,,0.0,吸引留置カテーテル・能動吸引型・創部用（ドレーンチューブ）・軟質型,2024-06-01,2024-07-01,2024-07-02,t_ALL20250530.csv,1.0
24964,0,710010155,吸引留置カテーテル（能動吸引型・創部用・硬質型）,0.0,0.0,,1.0,4060.0,0.0,0.0,0.0,1.0,4060.0,0.0,0.0,0.0,,0.0,吸引留置カテーテル・能動吸引型・創部用（ドレーンチューブ）・硬質型,2024-06-01,2024-07-01,2024-07-02,t_ALL20250530.csv,1.0
24965,0,710010156,吸引留置カテーテル（受動吸引型・チューブドレーン・フィルム型）,0.0,0.0,,1.0,264.0,0.0,0.0,0.0,1.0,264.0,0.0,0.0,0.0,,0.0,吸引留置カテーテル・受動吸引型・フィルム・チューブドレーン・フィルム型,2024-06-01,2024-07-01,2024-07-02,t_ALL20250530.csv,1.0
24966,0,710010157,吸引留置カテーテル（受動吸引型・チューブドレーン・チューブ型）,0.0,0.0,,1.0,897.0,0.0,0.0,0.0,1.0,897.0,0.0,0.0,0.0,,0.0,吸引留置カテーテル・受動吸引型・フィルム・チューブドレーン・チューブ型,2024-06-01,2024-07-01,2024-07-02,t_ALL20250530.csv,1.0
24967,0,710010158,膀胱留置用ディスポーザブルカテーテル（２管一般（１））,0.0,0.0,,1.0,233.0,0.0,0.0,0.0,1.0,233.0,0.0,0.0,0.0,,0.0,膀胱留置用ディスポーザブルカテーテル・２管一般（１）,2024-06-01,2024-07-01,2024-07-02,t_ALL20250530.csv,1.0
24968,0,710010159,膀胱留置用ディスポーザブルカテーテル（２管一般（２）・標準型）,0.0,0.0,,1.0,561.0,0.0,0.0,0.0,1.0,561.0,0.0,0.0,0.0,,0.0,膀胱留置用ディスポーザブルカテーテル・２管一般（２）・標準型,2024-06-01,2024-07-01,2024-07-02,t_ALL20250530.csv,1.0
24969,0,710010160,膀胱留置用ディスポーザブルカテーテル（２管一般（３）・標準型）,0.0,0.0,,1.0,1650.0,0.0,0.0,0.0,1.0,1650.0,0.0,0.0,0.0,,0.0,膀胱留置用ディスポーザブルカテーテル・２管一般（３）・標準型,2024-06-01,2024-07-01,2024-07-02,t_ALL20250530.csv,1.0
24970,0,710010161,膀胱留置用ディスポーザブルカテーテル（特定（１））,0.0,0.0,,1.0,741.0,0.0,0.0,0.0,1.0,741.0,0.0,0.0,0.0,,0.0,膀胱留置用ディスポーザブルカテーテル・特定（１）,2024-06-01,2024-07-01,2024-07-02,t_ALL20250530.csv,1.0
24971,0,710010162,膀胱留置用ディスポーザブルカテーテル（特定（２））,0.0,0.0,,1.0,2060.0,0.0,0.0,0.0,1.0,2090.0,0.0,0.0,0.0,,0.0,膀胱留置用ディスポーザブルカテーテル・特定（２）,2024-06-01,2024-07-01,2024-07-02,t_ALL20250530.csv,1.0
24972,0,710010163,膀胱留置用ディスポーザブルカテーテル（圧迫止血）,0.0,0.0,,1.0,4610.0,0.0,0.0,0.0,1.0,4610.0,0.0,0.0,0.0,,0.0,膀胱留置用ディスポーザブルカテーテル・圧迫止血,2024-06-01,2024-07-01,2024-07-02,t_ALL20250530.csv,1.0
24973,0,710010164,人工血管（永久留置型・小血管用・標準型・外部サポートあり）,40.0,2.0,ｃｍ,1.0,2560.0,0.0,0.0,0.0,1.0,2560.0,0.0,0.0,0.0,,0.0,人工血管・永久留置型・小血管用・標準型・外部サポートあり,2024-06-01,2024-07-01,2024-07-02,t_ALL20250530.csv,1.0
24974,0,710010165,人工血管（永久留置型・小血管用・標準型・外部サポートなし）,40.0,2.0,ｃｍ,1.0,1870.0,0.0,0.0,0.0,1.0,1920.0,0.0,0.0,0.0,,0.0,人工血管・永久留置型・小血管用・標準型・外部サポートなし,2024-06-01,2024-07-01,2024-07-02,t_ALL20250530.csv,1.0
24975,0,710010166,輸血用血液フィルター（微小凝集塊除去用）,0.0,0.0,,1.0,2500.0,0.0,0.0,0.0,1.0,2500.0,0.0,0.0,0.0,,0.0,輸血用血液フィルター（微小凝集塊除去用）,2024-06-01,2024-07-01,2024-07-02,t_ALL20250530.csv,1.0
24976,0,710010167,輸血用血液フィルター（赤血球製剤用白血球除去用）,0.0,0.0,,1.0,2850.0,0.0,0.0,0.0,1.0,2850.0,0.0,0.0,0.0,,0.0,輸血用血液フィルター（赤血球製剤用白血球除去用）,2024-06-01,2024-07-01,2024-07-02,t_ALL20250530.csv,1.0
24977,0,710010168,輸血用血液フィルター（血小板製剤用白血球除去用）,0.0,0.0,,1.0,3340.0,0.0,0.0,0.0,1.0,3340.0,0.0,0.0,0.0,,0.0,輸血用血液フィルター（血小板製剤用白血球除去用）,2024-06-01,2024-07-01,2024-07-02,t_ALL20250530.csv,1.0
24978,0,710010169,歯周組織再生材料,6.0,1.0,枚,1.0,9420.0,0.0,0.0,0.0,1.0,9420.0,0.0,0.0,0.0,,0.0,歯周組織再生材料,2024-06-01,2024-07-01,2024-07-02,t_ALL20250530.csv,1.0
7728,9,710010171,歯科用純金地金（金９９．９９％以上）,0.0,0.0,ｇ,0.0,0.0,0.0,0.0,0.0,1.0,5412.0,0.0,0.0,0.0,20180331,0.0,歯科用純金地金（金９９．９９％以上）,2018-04-01,2018-05-01,2018-05-02,t20180305.csv,1.0
24979,5,710010172,歯科鋳造用１４カラット金合金インレー用（ＪＩＳ適合品）,33.0,1.0,ｇ,1.0,11763.0,0.0,0.0,0.0,1.0,11136.0,0.0,0.0,0.0,,0.0,歯科鋳造用１４カラット金合金インレー用（ＪＩＳ適合品）,2025-06-01,2025-07-01,2025-07-02,t_ALL20250530.csv,1.0
24980,5,710010173,歯科鋳造用１４カラット金合金鉤用（ＪＩＳ適合品）,33.0,1.0,ｇ,1.0,10454.0,0.0,0.0,0.0,1.0,9827.0,0.0,0.0,0.0,,0.0,歯科鋳造用１４カラット金合金鉤用（ＪＩＳ適合品）,2025-06-01,2025-07-01,2025-07-02,t_ALL20250530.csv,1.0
24981,5,710010174,歯科用１４カラット金合金鉤用線（金５８．３３％以上）,33.0,1.0,ｇ,1.0,10549.0,0.0,0.0,0.0,1.0,9922.0,0.0,0.0,0.0,,0.0,歯科用１４カラット金合金鉤用線（金５８．３３％以上）,2025-06-01,2025-07-01,2025-07-02,t_ALL20250530.csv,1.0
24982,5,710010175,歯科用１４カラット合金用金ろう（ＪＩＳ適合品）,33.0,1.0,ｇ,1.0,10538.0,0.0,0.0,0.0,1.0,9911.0,0.0,0.0,0.0,,0.0,歯科用１４カラット合金用金ろう（ＪＩＳ適合品）,2025-06-01,2025-07-01,2025-07-02,t_ALL20250530.csv,1.0
24983,5,710010176,歯科鋳造用金銀パラジウム合金（金１２％以上ＪＩＳ適合品）,33.0,1.0,ｇ,1.0,3299.0,0.0,0.0,0.0,1.0,3230.0,0.0,0.0,0.0,,0.0,歯科鋳造用金銀パラジウム合金（金１２％以上ＪＩＳ適合品）,2025-06-01,2025-07-01,2025-07-02,t_ALL20250530.csv,1.0
7734,9,710010177,歯科非鋳造用金銀パラジウム合金板状（金１２％以上ＪＩＳ適合品）,0.0,0.0,ｇ,0.0,0.0,0.0,0.0,0.0,1.0,1350.0,0.0,0.0,0.0,20180331,0.0,歯科非鋳造用金銀パラジウム合金板状（金１２％以上ＪＩＳ適合品）,2018-04-01,2018-05-01,2018-05-02,t20180305.csv,1.0
5185,9,710010178,歯科非鋳造用金銀パラジウム合金バー状パラタルバー用,0.0,0.0,ｃｍ,0.0,0.0,0.0,0.0,0.0,1.0,1158.0,0.0,0.0,0.0,20160331,0.0,歯科非鋳造用金銀パラジウム合金バー状パラタルバー用（金１２％以上ＪＩＳ適合品）,2016-04-01,2016-05-01,2016-05-02,t_ALL20160304.csv,1.0
5186,9,710010179,歯科非鋳造用金銀パラジウム合金バー状リンガルバー用,0.0,0.0,ｃｍ,0.0,0.0,0.0,0.0,0.0,1.0,1265.0,0.0,0.0,0.0,20160331,0.0,歯科非鋳造用金銀パラジウム合金バー状リンガルバー用（金１２％以上ＪＩＳ適合品）,2016-04-01,2016-05-01,2016-05-02,t_ALL20160304.csv,1.0
24984,5,710010180,歯科用金銀パラジウム合金ろう（金１５％以上ＪＩＳ適合品）,33.0,1.0,ｇ,1.0,4901.0,0.0,0.0,0.0,1.0,4785.0,0.0,0.0,0.0,,0.0,歯科用金銀パラジウム合金ろう（金１５％以上ＪＩＳ適合品）,2025-06-01,2025-07-01,2025-07-02,t_ALL20250530.csv,1.0
24985,5,710010181,歯科鋳造用銀合金第１種（銀６０％以上インジウム５％未満）,33.0,1.0,ｇ,1.0,187.0,0.0,0.0,0.0,1.0,185.0,0.0,0.0,0.0,,0.0,歯科鋳造用銀合金第１種（銀６０％以上インジウム５％未満ＪＩＳ適合品）,2025-06-01,2025-07-01,2025-07-02,t_ALL20250530.csv,1.0
24986,5,710010182,歯科鋳造用銀合金第２種（銀６０％以上インジウム５％以上）,33.0,1.0,ｇ,1.0,212.0,0.0,0.0,0.0,1.0,210.0,0.0,0.0,0.0,,0.0,歯科鋳造用銀合金第２種（銀６０％以上インジウム５％以上ＪＩＳ適合品）,2025-06-01,2025-07-01,2025-07-02,t_ALL20250530.csv,1.0
24987,5,710010183,歯科用銀ろう（ＪＩＳ適合品）,33.0,1.0,ｇ,1.0,250.0,0.0,0.0,0.0,1.0,249.0,0.0,0.0,0.0,,0.0,歯科用銀ろう（ＪＩＳ適合品）,2025-06-01,2025-07-01,2025-07-02,t_ALL20250530.csv,1.0
7739,9,710010184,歯科用プラスメタル（銀２５％以上パラジウム５％以上）,0.0,0.0,ｇ,0.0,0.0,0.0,0.0,0.0,1.0,864.0,0.0,0.0,0.0,20180331,0.0,歯科用プラスメタル（銀２５％以上パラジウム５％以上）,2018-04-01,2018-05-01,2018-05-02,t20180305.csv,1.0
7740,9,710010185,歯科用プラスメタル（銀２５％以上）,0.0,0.0,ｇ,0.0,0.0,0.0,0.0,0.0,1.0,341.0,0.0,0.0,0.0,20180331,0.0,歯科用プラスメタル（銀２５％以上）,2018-04-01,2018-05-01,2018-05-02,t20180305.csv,1.0
12858,9,710010186,歯科鋳造用ニッケルクロム合金冠用,0.0,0.0,ｇ,0.0,0.0,0.0,0.0,0.0,1.0,20.0,0.0,0.0,0.0,20200331,0.0,歯科鋳造用ニッケルクロム合金冠用,2020-04-01,2020-05-01,2020-05-02,t20200305.csv,1.0
12859,9,710010187,歯科鋳造用ニッケルクロム合金鉤・バー用,0.0,0.0,ｇ,0.0,0.0,0.0,0.0,0.0,1.0,25.0,0.0,0.0,0.0,20200331,0.0,歯科鋳造用ニッケルクロム合金鉤・バー用,2020-04-01,2020-05-01,2020-05-02,t20200305.csv,1.0
7743,9,710010188,歯科用ニッケルクロム合金板（ＪＩＳ適合品）,0.0,0.0,ｇ,0.0,0.0,0.0,0.0,0.0,1.0,133.0,0.0,0.0,0.0,20180331,0.0,歯科用ニッケルクロム合金板（ＪＩＳ適合品）,2018-04-01,2018-05-01,2018-05-02,t20180305.csv,1.0
12860,9,710010189,歯科用ニッケルクロム合金線鉤用（ＪＩＳ適合品）,0.0,0.0,ｃｍ,0.0,0.0,0.0,0.0,0.0,1.0,22.0,0.0,0.0,0.0,20200331,0.0,歯科用ニッケルクロム合金線鉤用（ＪＩＳ適合品）,2020-04-01,2020-05-01,2020-05-02,t20200305.csv,1.0
24988,0,710010190,歯科鋳造用コバルトクロム合金鉤・バー用,33.0,1.0,ｇ,1.0,25.0,0.0,0.0,0.0,1.0,25.0,0.0,0.0,0.0,,0.0,歯科鋳造用コバルトクロム合金鉤・バー用,2024-06-01,2024-07-01,2024-07-02,t_ALL20250530.csv,1.0
24989,0,710010191,歯科用コバルトクロム合金線鉤用（ＪＩＳ適合品）,40.0,2.0,ｃｍ,1.0,10.0,0.0,0.0,0.0,1.0,10.0,0.0,0.0,0.0,,0.0,歯科用コバルトクロム合金線鉤用（ＪＩＳ適合品）,2024-06-01,2024-07-01,2024-07-02,t_ALL20250530.csv,1.0
24990,0,710010192,歯科用コバルトクロム合金線バー用（ＪＩＳ適合品）,40.0,2.0,ｃｍ,1.0,52.0,0.0,0.0,0.0,1.0,52.0,0.0,0.0,0.0,,0.0,歯科用コバルトクロム合金線バー用（ＪＩＳ適合品）,2024-06-01,2024-07-01,2024-07-02,t_ALL20250530.csv,1.0
24991,0,710010193,歯科用ステンレス鋼線鉤用（ＪＩＳ適合品）,40.0,2.0,ｃｍ,1.0,4.0,0.0,0.0,0.0,1.0,8.0,0.0,0.0,0.0,,0.0,歯科用ステンレス鋼線鉤用（ＪＩＳ適合品）,2024-06-01,2024-07-01,2024-07-02,t_ALL20250530.csv,1.0
24992,0,710010194,歯科用ステンレス鋼線バー用（ＪＩＳ適合品）,40.0,2.0,ｃｍ,1.0,4.0,0.0,0.0,0.0,1.0,4.0,0.0,0.0,0.0,,0.0,歯科用ステンレス鋼線バー用（ＪＩＳ適合品）,2024-06-01,2024-07-01,2024-07-02,t_ALL20250530.csv,1.0
5202,9,710010195,歯科用銀アマルガム用合金（アロイＪＩＳ適合品）,0.0,0.0,ｇ,0.0,0.0,0.0,0.0,0.0,1.0,116.0,0.0,0.0,0.0,20160331,0.0,歯科用銀アマルガム用合金（アロイＪＩＳ適合品）,2016-04-01,2016-05-01,2016-05-02,t_ALL20160304.csv,1.0
5203,9,710010196,歯科用銀アマルガム用合金（水銀ＪＩＳ適合品）,0.0,0.0,ｇ,0.0,0.0,0.0,0.0,0.0,1.0,19.0,0.0,0.0,0.0,20160331,0.0,歯科用銀アマルガム用合金（水銀ＪＩＳ適合品）,2016-04-01,2016-05-01,2016-05-02,t_ALL20160304.csv,1.0
24993,0,710010197,陶歯前歯用（真空焼成歯）,8.0,1.0,組,1.0,1870.0,0.0,0.0,0.0,1.0,1870.0,0.0,0.0,0.0,,0.0,陶歯前歯用（真空焼成歯）,2024-06-01,2024-07-01,2024-07-02,t_ALL20250530.csv,1.0
24994,0,710010198,陶歯臼歯用（真空焼成歯）,8.0,1.0,組,1.0,1010.0,0.0,0.0,0.0,1.0,1010.0,0.0,0.0,0.0,,0.0,陶歯臼歯用（真空焼成歯）,2024-06-01,2024-07-01,2024-07-02,t_ALL20250530.csv,1.0
7752,9,710010199,陶歯前歯継続歯用（真空焼成歯）,0.0,0.0,組,0.0,0.0,0.0,0.0,0.0,1.0,1340.0,0.0,0.0,0.0,20180331,0.0,陶歯前歯継続歯用（真空焼成歯）,2018-04-01,2018-05-01,2018-05-02,t20180305.csv,1.0
7753,9,710010200,陶歯臼歯継続歯用（真空焼成歯）,0.0,0.0,組,0.0,0.0,0.0,0.0,0.0,1.0,1970.0,0.0,0.0,0.0,20180331,0.0,陶歯臼歯継続歯用（真空焼成歯）,2018-04-01,2018-05-01,2018-05-02,t20180305.csv,1.0
24995,0,710010201,レジン歯前歯用（ＪＩＳ適合品）,8.0,1.0,組,1.0,241.0,0.0,0.0,0.0,1.0,241.0,0.0,0.0,0.0,,0.0,レジン歯前歯用（ＪＩＳ適合品）,2024-06-01,2024-07-01,2024-07-02,t_ALL20250530.csv,1.0
24996,0,710010202,レジン歯臼歯用（ＪＩＳ適合品）,8.0,1.0,組,1.0,235.0,0.0,0.0,0.0,1.0,235.0,0.0,0.0,0.0,,0.0,レジン歯臼歯用（ＪＩＳ適合品）,2024-06-01,2024-07-01,2024-07-02,t_ALL20250530.csv,1.0
24997,0,710010203,スルフォン樹脂レジン歯前歯用,8.0,1.0,組,1.0,620.0,0.0,0.0,0.0,1.0,620.0,0.0,0.0,0.0,,0.0,スルフォン樹脂レジン歯前歯用,2024-06-01,2024-07-01,2024-07-02,t_ALL20250530.csv,1.0
24998,0,710010204,スルフォン樹脂レジン歯臼歯用,8.0,1.0,組,1.0,866.0,0.0,0.0,0.0,1.0,866.0,0.0,0.0,0.0,,0.0,スルフォン樹脂レジン歯臼歯用,2024-06-01,2024-07-01,2024-07-02,t_ALL20250530.csv,1.0
24999,0,710010205,硬質レジン歯前歯用,8.0,1.0,組,1.0,582.0,0.0,0.0,0.0,1.0,582.0,0.0,0.0,0.0,,0.0,硬質レジン歯前歯用,2024-06-01,2024-07-01,2024-07-02,t_ALL20250530.csv,1.0
25000,0,710010206,硬質レジン歯臼歯用,8.0,1.0,組,1.0,733.0,0.0,0.0,0.0,1.0,733.0,0.0,0.0,0.0,,0.0,硬質レジン歯臼歯用,2024-06-01,2024-07-01,2024-07-02,t_ALL20250530.csv,1.0
25001,0,710010207,歯冠用加熱重合レジン（粉末ＪＩＳ適合品）,33.0,1.0,ｇ,1.0,12.0,0.0,0.0,0.0,1.0,18.0,0.0,0.0,0.0,,0.0,歯冠用加熱重合レジン（粉末ＪＩＳ適合品）,2024-06-01,2024-07-01,2024-07-02,t_ALL20250530.csv,1.0
25002,0,710010208,歯冠用加熱重合レジン（液ＪＩＳ適合品）,36.0,2.0,ｍＬ,1.0,4.0,0.0,0.0,0.0,1.0,4.0,0.0,0.0,0.0,,0.0,歯冠用加熱重合レジン（液ＪＩＳ適合品）,2024-06-01,2024-07-01,2024-07-02,t_ALL20250530.csv,1.0
25003,0,710010209,歯冠用加熱重合硬質レジン,33.0,1.0,ｇ,1.0,26.0,0.0,0.0,0.0,1.0,26.0,0.0,0.0,0.0,,0.0,歯冠用加熱重合硬質レジン,2024-06-01,2024-07-01,2024-07-02,t_ALL20250530.csv,1.0
25004,0,710010210,歯冠用光重合硬質レジン,33.0,1.0,ｇ,1.0,595.0,0.0,0.0,0.0,1.0,595.0,0.0,0.0,0.0,,0.0,歯冠用光重合硬質レジン,2024-06-01,2024-07-01,2024-07-02,t_ALL20250530.csv,1.0
25005,0,710010211,義歯床用アクリリック樹脂（粉末ＪＩＳ適合品）,33.0,1.0,ｇ,1.0,5.0,0.0,0.0,0.0,1.0,5.0,0.0,0.0,0.0,,0.0,義歯床用アクリリック樹脂（粉末ＪＩＳ適合品）,2024-06-01,2024-07-01,2024-07-02,t_ALL20250530.csv,1.0
25006,0,710010212,義歯床用アクリリック樹脂（液ＪＩＳ適合品）,36.0,2.0,ｍＬ,1.0,3.0,0.0,0.0,0.0,1.0,3.0,0.0,0.0,0.0,,0.0,義歯床用アクリリック樹脂（液ＪＩＳ適合品）,2024-06-01,2024-07-01,2024-07-02,t_ALL20250530.csv,1.0
25007,0,710010213,義歯床用アクリリック即時硬化樹脂（粉末）,33.0,1.0,ｇ,1.0,28.0,0.0,0.0,0.0,1.0,28.0,0.0,0.0,0.0,,0.0,義歯床用アクリリック即時硬化樹脂（粉末）,2024-06-01,2024-07-01,2024-07-02,t_ALL20250530.csv,1.0
25008,0,710010214,義歯床用アクリリック即時硬化樹脂（液）,36.0,2.0,ｍＬ,1.0,18.0,0.0,0.0,0.0,1.0,18.0,0.0,0.0,0.0,,0.0,義歯床用アクリリック即時硬化樹脂（液）,2024-06-01,2024-07-01,2024-07-02,t_ALL20250530.csv,1.0
25009,0,710010215,義歯床用熱可塑性樹脂,33.0,1.0,ｇ,1.0,17.0,0.0,0.0,0.0,1.0,17.0,0.0,0.0,0.0,,0.0,義歯床用熱可塑性樹脂,2024-06-01,2024-07-01,2024-07-02,t_ALL20250530.csv,1.0
25010,0,710010216,歯科用合着・接着材料１（レジン系・標準型）,33.0,1.0,ｇ,1.0,461.0,0.0,0.0,0.0,1.0,461.0,0.0,0.0,0.0,,0.0,歯科用合着・接着材料１・レジン系・標準型,2024-06-01,2024-07-01,2024-07-02,t_ALL20250530.csv,1.0
25011,0,710010217,歯科用合着・接着材料２,33.0,1.0,ｇ,1.0,103.0,0.0,0.0,0.0,1.0,103.0,0.0,0.0,0.0,,0.0,歯科用合着・接着材料２,2024-06-01,2024-07-01,2024-07-02,t_ALL20250530.csv,1.0
25012,0,710010218,歯科用合着・接着材料３,33.0,1.0,ｇ,1.0,23.0,0.0,0.0,0.0,1.0,23.0,0.0,0.0,0.0,,0.0,歯科用合着・接着材料３,2024-06-01,2024-07-01,2024-07-02,t_ALL20250530.csv,1.0
25013,0,710010219,歯科充填用材料１（複合レジン系）,33.0,1.0,ｇ,1.0,737.0,0.0,0.0,0.0,1.0,737.0,0.0,0.0,0.0,,0.0,歯科充填用材料１・複合レジン系,2024-06-01,2024-07-01,2024-07-02,t_ALL20250530.csv,1.0
25014,0,710010220,歯科充填用材料２（複合レジン系）,33.0,1.0,ｇ,1.0,282.0,0.0,0.0,0.0,1.0,282.0,0.0,0.0,0.0,,0.0,歯科充填用材料２・複合レジン系,2024-06-01,2024-07-01,2024-07-02,t_ALL20250530.csv,1.0
20567,9,710010221,歯科充填用材料３,33.0,1.0,ｇ,1.0,16.0,0.0,0.0,0.0,1.0,16.0,0.0,0.0,0.0,20220930,0.0,歯科充填用材料３,2022-10-01,2022-11-01,2022-11-02,t20220930.csv,1.0
25015,0,710010222,複合レジン築造用（硬化後フィラー６０％以上）,33.0,1.0,ｇ,1.0,280.0,0.0,0.0,0.0,1.0,280.0,0.0,0.0,0.0,,0.0,複合レジン築造用（硬化後フィラー６０％以上）,2024-06-01,2024-07-01,2024-07-02,t_ALL20250530.csv,1.0
25016,0,710010223,金属小釘ロック型,7.0,1.0,本,1.0,66.0,0.0,0.0,0.0,1.0,66.0,0.0,0.0,0.0,,0.0,金属小釘ロック型,2024-06-01,2024-07-01,2024-07-02,t_ALL20250530.csv,1.0
25017,0,710010224,金属小釘スクリュー型,7.0,1.0,本,1.0,50.0,0.0,0.0,0.0,1.0,50.0,0.0,0.0,0.0,,0.0,金属小釘スクリュー型,2024-06-01,2024-07-01,2024-07-02,t_ALL20250530.csv,1.0
25018,0,710010225,金属小釘スクリュー型（金メッキ）,7.0,1.0,本,1.0,111.0,0.0,0.0,0.0,1.0,111.0,0.0,0.0,0.0,,0.0,金属小釘スクリュー型（金メッキ）,2024-06-01,2024-07-01,2024-07-02,t_ALL20250530.csv,1.0
25019,0,710010226,乳歯金属冠,7.0,1.0,本,1.0,303.0,0.0,0.0,0.0,1.0,303.0,0.0,0.0,0.0,,0.0,乳歯金属冠,2024-06-01,2024-07-01,2024-07-02,t_ALL20250530.csv,1.0
25020,0,710010227,スクリューポスト支台築造用,7.0,1.0,本,1.0,63.0,0.0,0.0,0.0,1.0,63.0,0.0,0.0,0.0,,0.0,スクリューポスト支台築造用,2024-06-01,2024-07-01,2024-07-02,t_ALL20250530.csv,1.0
25021,0,710010228,歯科矯正用帯環切歯用,10.0,1.0,個,1.0,161.0,0.0,0.0,0.0,1.0,161.0,0.0,0.0,0.0,,0.0,歯科矯正用帯環切歯用,2024-06-01,2024-07-01,2024-07-02,t_ALL20250530.csv,1.0
25022,0,710010229,歯科矯正用帯環犬歯用及び臼歯用,10.0,1.0,個,1.0,163.0,0.0,0.0,0.0,1.0,163.0,0.0,0.0,0.0,,0.0,歯科矯正用帯環犬歯用及び臼歯用,2024-06-01,2024-07-01,2024-07-02,t_ALL20250530.csv,1.0
25023,0,710010230,帯環用ブラケット,10.0,1.0,個,1.0,147.0,0.0,0.0,0.0,1.0,147.0,0.0,0.0,0.0,,0.0,帯環用ブラケット,2024-06-01,2024-07-01,2024-07-02,t_ALL20250530.csv,1.0
25024,0,710010231,ダイレクトボンド用ブラケット,10.0,1.0,個,1.0,299.0,0.0,0.0,0.0,1.0,299.0,0.0,0.0,0.0,,0.0,ダイレクトボンド用ブラケット,2024-06-01,2024-07-01,2024-07-02,t_ALL20250530.csv,1.0
25025,0,710010232,チューブ,10.0,1.0,個,1.0,422.0,0.0,0.0,0.0,1.0,431.0,0.0,0.0,0.0,,0.0,チューブ,2024-06-01,2024-07-01,2024-07-02,t_ALL20250530.csv,1.0
25026,0,710010233,ＳＴロック,8.0,1.0,組,1.0,2040.0,0.0,0.0,0.0,1.0,2040.0,0.0,0.0,0.0,,0.0,ＳＴロック,2024-06-01,2024-07-01,2024-07-02,t_ALL20250530.csv,1.0
25027,0,710010234,スクリュー床用,10.0,1.0,個,1.0,757.0,0.0,0.0,0.0,1.0,757.0,0.0,0.0,0.0,,0.0,スクリュー床用,2024-06-01,2024-07-01,2024-07-02,t_ALL20250530.csv,1.0
25028,0,710010235,スクリュースケレトン用,10.0,1.0,個,1.0,2330.0,0.0,0.0,0.0,1.0,2330.0,0.0,0.0,0.0,,0.0,スクリュースケレトン用,2024-06-01,2024-07-01,2024-07-02,t_ALL20250530.csv,1.0
25029,0,710010236,トラクションバンド,10.0,1.0,個,1.0,323.0,0.0,0.0,0.0,1.0,323.0,0.0,0.0,0.0,,0.0,トラクションバンド,2024-06-01,2024-07-01,2024-07-02,t_ALL20250530.csv,1.0
25030,0,710010237,ネックストラップ,10.0,1.0,個,1.0,209.0,0.0,0.0,0.0,1.0,209.0,0.0,0.0,0.0,,0.0,ネックストラップ,2024-06-01,2024-07-01,2024-07-02,t_ALL20250530.csv,1.0
25031,0,710010238,ヘッドギアリトラクター用,10.0,1.0,個,1.0,3910.0,0.0,0.0,0.0,1.0,3910.0,0.0,0.0,0.0,,0.0,ヘッドギアリトラクター用,2024-06-01,2024-07-01,2024-07-02,t_ALL20250530.csv,1.0
25032,0,710010239,ヘッドギアプロトラクター用,10.0,1.0,個,1.0,10200.0,0.0,0.0,0.0,1.0,10200.0,0.0,0.0,0.0,,0.0,ヘッドギアプロトラクター用,2024-06-01,2024-07-01,2024-07-02,t_ALL20250530.csv,1.0
25033,0,710010240,チンキャップリトラクター用,10.0,1.0,個,1.0,959.0,0.0,0.0,0.0,1.0,959.0,0.0,0.0,0.0,,0.0,チンキャップリトラクター用,2024-06-01,2024-07-01,2024-07-02,t_ALL20250530.csv,1.0
25034,0,710010241,チンキャッププロトラクター用,10.0,1.0,個,1.0,2040.0,0.0,0.0,0.0,1.0,2040.0,0.0,0.0,0.0,,0.0,チンキャッププロトラクター用,2024-06-01,2024-07-01,2024-07-02,t_ALL20250530.csv,1.0
25035,0,710010242,フェイスボウ,10.0,1.0,個,1.0,764.0,0.0,0.0,0.0,1.0,764.0,0.0,0.0,0.0,,0.0,フェイスボウ,2024-06-01,2024-07-01,2024-07-02,t_ALL20250530.csv,1.0
25036,0,710010243,矯正用線（丸型）,7.0,1.0,本,1.0,218.0,0.0,0.0,0.0,1.0,232.0,0.0,0.0,0.0,,0.0,矯正用線（丸型）,2024-06-01,2024-07-01,2024-07-02,t_ALL20250530.csv,1.0
25037,0,710010244,矯正用線（角型）,7.0,1.0,本,1.0,246.0,0.0,0.0,0.0,1.0,246.0,0.0,0.0,0.0,,0.0,矯正用線（角型）,2024-06-01,2024-07-01,2024-07-02,t_ALL20250530.csv,1.0
25038,0,710010245,矯正用線（特殊丸型）,7.0,1.0,本,1.0,387.0,0.0,0.0,0.0,1.0,387.0,0.0,0.0,0.0,,0.0,矯正用線（特殊丸型）,2024-06-01,2024-07-01,2024-07-02,t_ALL20250530.csv,1.0
25039,0,710010246,矯正用線（特殊角型）,7.0,1.0,本,1.0,452.0,0.0,0.0,0.0,1.0,452.0,0.0,0.0,0.0,,0.0,矯正用線（特殊角型）,2024-06-01,2024-07-01,2024-07-02,t_ALL20250530.csv,1.0
25040,0,710010247,超弾性矯正用線（丸型及び角型）,7.0,1.0,本,1.0,533.0,0.0,0.0,0.0,1.0,533.0,0.0,0.0,0.0,,0.0,超弾性矯正用線（丸型及び角型）,2024-06-01,2024-07-01,2024-07-02,t_ALL20250530.csv,1.0
12915,9,710010248,歯科用ニッケルクロム合金線鉤用（ＪＩＳ適合品）,0.0,0.0,ｃｍ,0.0,0.0,0.0,0.0,0.0,1.0,22.0,0.0,0.0,0.0,20200331,0.0,歯科用ニッケルクロム合金線鉤用（ＪＩＳ適合品）,2020-04-01,2020-05-01,2020-05-02,t20200305.csv,1.0
12916,9,710010249,歯科鋳造用ニッケルクロム合金床用,0.0,0.0,ｇ,0.0,0.0,0.0,0.0,0.0,1.0,40.0,0.0,0.0,0.0,20200331,0.0,歯科鋳造用ニッケルクロム合金床用,2020-04-01,2020-05-01,2020-05-02,t20200305.csv,1.0
25041,0,710010250,歯科用コバルトクロム合金線鉤用（ＪＩＳ適合品）,40.0,2.0,ｃｍ,1.0,10.0,0.0,0.0,0.0,1.0,10.0,0.0,0.0,0.0,,0.0,歯科用コバルトクロム合金線鉤用（ＪＩＳ適合品）,2024-06-01,2024-07-01,2024-07-02,t_ALL20250530.csv,1.0
25042,0,710010251,歯科用コバルトクロム合金線バー用（ＪＩＳ適合品）,40.0,2.0,ｃｍ,1.0,52.0,0.0,0.0,0.0,1.0,52.0,0.0,0.0,0.0,,0.0,歯科用コバルトクロム合金線バー用（ＪＩＳ適合品）,2024-06-01,2024-07-01,2024-07-02,t_ALL20250530.csv,1.0
25043,0,710010252,歯科鋳造用コバルトクロム合金床用,33.0,1.0,ｇ,1.0,29.0,0.0,0.0,0.0,1.0,29.0,0.0,0.0,0.0,,0.0,歯科鋳造用コバルトクロム合金床用,2024-06-01,2024-07-01,2024-07-02,t_ALL20250530.csv,1.0
25044,0,710010253,歯科用ステンレス鋼線鉤用（ＪＩＳ適合品）,40.0,2.0,ｃｍ,1.0,4.0,0.0,0.0,0.0,1.0,8.0,0.0,0.0,0.0,,0.0,歯科用ステンレス鋼線鉤用（ＪＩＳ適合品）,2024-06-01,2024-07-01,2024-07-02,t_ALL20250530.csv,1.0
25045,0,710010254,歯科用ステンレス鋼線バー用（ＪＩＳ適合品）,40.0,2.0,ｃｍ,1.0,4.0,0.0,0.0,0.0,1.0,4.0,0.0,0.0,0.0,,0.0,歯科用ステンレス鋼線バー用（ＪＩＳ適合品）,2024-06-01,2024-07-01,2024-07-02,t_ALL20250530.csv,1.0
25046,0,710010255,陶歯前歯用（真空焼成歯）,8.0,1.0,組,1.0,1870.0,0.0,0.0,0.0,1.0,1870.0,0.0,0.0,0.0,,0.0,陶歯前歯用（真空焼成歯）,2024-06-01,2024-07-01,2024-07-02,t_ALL20250530.csv,1.0
25047,0,710010256,陶歯臼歯用（真空焼成歯）,8.0,1.0,組,1.0,1010.0,0.0,0.0,0.0,1.0,1010.0,0.0,0.0,0.0,,0.0,陶歯臼歯用（真空焼成歯）,2024-06-01,2024-07-01,2024-07-02,t_ALL20250530.csv,1.0
25048,0,710010257,レジン歯前歯用（ＪＩＳ適合品）,8.0,1.0,組,1.0,241.0,0.0,0.0,0.0,1.0,241.0,0.0,0.0,0.0,,0.0,レジン歯前歯用（ＪＩＳ適合品）,2024-06-01,2024-07-01,2024-07-02,t_ALL20250530.csv,1.0
25049,0,710010258,レジン歯臼歯用（ＪＩＳ適合品）,8.0,1.0,組,1.0,235.0,0.0,0.0,0.0,1.0,235.0,0.0,0.0,0.0,,0.0,レジン歯臼歯用（ＪＩＳ適合品）,2024-06-01,2024-07-01,2024-07-02,t_ALL20250530.csv,1.0
25050,0,710010259,義歯床用アクリリック樹脂（粉末ＪＩＳ適合品）,33.0,1.0,ｇ,1.0,5.0,0.0,0.0,0.0,1.0,5.0,0.0,0.0,0.0,,0.0,義歯床用アクリリック樹脂（粉末ＪＩＳ適合品）,2024-06-01,2024-07-01,2024-07-02,t_ALL20250530.csv,1.0
25051,0,710010260,義歯床用アクリリック樹脂（液ＪＩＳ適合品）,36.0,2.0,ｍＬ,1.0,3.0,0.0,0.0,0.0,1.0,3.0,0.0,0.0,0.0,,0.0,義歯床用アクリリック樹脂（液ＪＩＳ適合品）,2024-06-01,2024-07-01,2024-07-02,t_ALL20250530.csv,1.0
25052,0,710010261,歯科用合着・接着材料１（レジン系・標準型）,33.0,1.0,ｇ,1.0,461.0,0.0,0.0,0.0,1.0,461.0,0.0,0.0,0.0,,0.0,歯科用合着・接着材料１・レジン系・標準型,2024-06-01,2024-07-01,2024-07-02,t_ALL20250530.csv,1.0
25053,0,710010262,歯科用合着・接着材料２,33.0,1.0,ｇ,1.0,103.0,0.0,0.0,0.0,1.0,103.0,0.0,0.0,0.0,,0.0,歯科用合着・接着材料２,2024-06-01,2024-07-01,2024-07-02,t_ALL20250530.csv,1.0
25054,0,710010263,歯科用合着・接着材料３,33.0,1.0,ｇ,1.0,23.0,0.0,0.0,0.0,1.0,23.0,0.0,0.0,0.0,,0.0,歯科用合着・接着材料３,2024-06-01,2024-07-01,2024-07-02,t_ALL20250530.csv,1.0
25055,0,710010264,ダイレクトボンド用ボンディング材,33.0,1.0,ｇ,1.0,703.0,0.0,0.0,0.0,1.0,703.0,0.0,0.0,0.0,,0.0,ダイレクトボンド用ボンディング材,2024-06-01,2024-07-01,2024-07-02,t_ALL20250530.csv,1.0
25056,0,710010265,シリコン樹脂,33.0,1.0,ｇ,1.0,16.0,0.0,0.0,0.0,1.0,16.0,0.0,0.0,0.0,,0.0,シリコン樹脂,2024-06-01,2024-07-01,2024-07-02,t_ALL20250530.csv,1.0
25057,0,710010266,超弾性コイルスプリング,10.0,1.0,個,1.0,420.0,0.0,0.0,0.0,1.0,420.0,0.0,0.0,0.0,,0.0,超弾性コイルスプリング,2024-06-01,2024-07-01,2024-07-02,t_ALL20250530.csv,1.0
25058,0,710010267,人工膝関節用材（大腿骨側材・全置換用（間）・特殊型）,0.0,0.0,,1.0,358000.0,0.0,0.0,0.0,1.0,358000.0,0.0,0.0,0.0,,0.0,人工膝関節用材料・大腿骨側材料・全置換用材料（間接固定型）・特殊型,2024-06-01,2024-07-01,2024-07-02,t_ALL20250530.csv,1.0
25059,0,710010268,大動脈用ステントグラフト（胸部大動脈用・メイン部分・標準型）,0.0,0.0,,1.0,1430000.0,0.0,0.0,0.0,1.0,1430000.0,0.0,0.0,0.0,,0.0,大動脈用ステントグラフト・胸部大動脈用ステントグラフト（メイン部分）・標準型,2024-06-01,2024-07-01,2024-07-02,t_ALL20250530.csv,1.0
25060,0,710010269,血管内光断層撮影用カテーテル,0.0,0.0,,1.0,132000.0,0.0,0.0,0.0,1.0,136000.0,0.0,0.0,0.0,,0.0,血管内光断層撮影用カテーテル,2024-06-01,2024-07-01,2024-07-02,t_ALL20250530.csv,1.0
25061,0,710010270,心腔内及び大動脈デバイス用（標準型）,0.0,0.0,,1.0,29900.0,0.0,0.0,0.0,1.0,29900.0,0.0,0.0,0.0,,0.0,血管造影用シースイントロデューサーセット・心腔内及び大動脈デバイス用・標準型,2024-06-01,2024-07-01,2024-07-02,t_ALL20250530.csv,1.0
25062,0,710010271,ＰＴＡバルーンカテーテル（大動脈・血流非遮断型（胸部・腹部用））,0.0,0.0,,1.0,66900.0,0.0,0.0,0.0,1.0,66900.0,0.0,0.0,0.0,,0.0,血管内手術用カテーテル・ＰＴＡバルーンカテーテル・大動脈用ステントグラフト用・血流非遮断型（胸部及び腹部）,2024-06-01,2024-07-01,2024-07-02,t_ALL20250530.csv,1.0
25063,0,710010272,ヒト自家移植組織（自家培養表皮・採取・培養キット）,0.0,0.0,,1.0,4460000.0,0.0,0.0,0.0,1.0,4460000.0,0.0,0.0,0.0,,0.0,ヒト自家移植組織・自家培養表皮・採取・培養キット,2024-06-01,2024-07-01,2024-07-02,t_ALL20250530.csv,1.0
25064,0,710010273,デンプン由来吸収性局所止血材（標準型）,33.0,1.0,ｇ,1.0,12700.0,0.0,0.0,0.0,1.0,12700.0,0.0,0.0,0.0,,0.0,デンプン由来吸収性局所止血材・標準型,2024-06-01,2024-07-01,2024-07-02,t_ALL20250530.csv,1.0
25065,0,710010274,血管造影用シースイントロデューサーセット（遠位端可動型）,0.0,0.0,,1.0,116000.0,0.0,0.0,0.0,1.0,118000.0,0.0,0.0,0.0,,0.0,血管造影用シースイントロデューサーセット・遠位端可動型,2024-06-01,2024-07-01,2024-07-02,t_ALL20250530.csv,1.0
25066,0,710010275,胸郭変形矯正用材料（肋骨間用）,0.0,0.0,,1.0,1580000.0,0.0,0.0,0.0,1.0,1580000.0,0.0,0.0,0.0,,0.0,胸郭変形矯正用材料・肋骨間用,2024-06-01,2024-07-01,2024-07-02,t_ALL20250530.csv,1.0
25067,0,710010276,胸郭変形矯正用材料（肋骨腰椎間用）,0.0,0.0,,1.0,1540000.0,0.0,0.0,0.0,1.0,1540000.0,0.0,0.0,0.0,,0.0,胸郭変形矯正用材料・肋骨腰椎間用,2024-06-01,2024-07-01,2024-07-02,t_ALL20250530.csv,1.0
25068,0,710010277,胸郭変形矯正用材料（肋骨腸骨間用）,0.0,0.0,,1.0,1470000.0,0.0,0.0,0.0,1.0,1470000.0,0.0,0.0,0.0,,0.0,胸郭変形矯正用材料・肋骨腸骨間用,2024-06-01,2024-07-01,2024-07-02,t_ALL20250530.csv,1.0
25069,0,710010278,胸郭変形矯正用材料（固定クリップ（伸展術時交換用））,0.0,0.0,,1.0,71500.0,0.0,0.0,0.0,1.0,71500.0,0.0,0.0,0.0,,0.0,胸郭変形矯正用材料・固定クリップ（伸展術時交換用）,2024-06-01,2024-07-01,2024-07-02,t_ALL20250530.csv,1.0
25070,0,710010279,経皮的動脈管閉鎖セット（開口部留置型）,0.0,0.0,,1.0,347000.0,0.0,0.0,0.0,1.0,347000.0,0.0,0.0,0.0,,0.0,経皮的動脈管閉鎖セット・開口部留置型,2024-06-01,2024-07-01,2024-07-02,t_ALL20250530.csv,1.0
19515,9,710010280,脳動静脈奇形術前塞栓材,0.0,0.0,,1.0,138000.0,0.0,0.0,0.0,1.0,138000.0,0.0,0.0,0.0,20220331,0.0,脳動静脈奇形術前塞栓材,2022-04-01,2022-05-01,2022-05-02,t20220331.csv,1.0
25071,0,710010281,ＰＴＡバルーンカテーテル（スリッピング防止型）,0.0,0.0,,1.0,80600.0,0.0,0.0,0.0,1.0,88700.0,0.0,0.0,0.0,,0.0,血管内手術用カテーテル・ＰＴＡバルーンカテーテル・スリッピング防止型,2024-06-01,2024-07-01,2024-07-02,t_ALL20250530.csv,1.0
25072,0,710010282,大動脈用ステントグラフト（胸部大動脈用・補助部分）,0.0,0.0,,1.0,344000.0,0.0,0.0,0.0,1.0,299000.0,0.0,0.0,0.0,,0.0,大動脈用ステントグラフト・胸部大動脈用ステントグラフト（補助部分）,2024-06-01,2024-07-01,2024-07-02,t_ALL20250530.csv,1.0
22393,9,710010283,植込型心電図記録計（標準型）,0.0,0.0,,1.0,394000.0,0.0,0.0,0.0,1.0,394000.0,0.0,0.0,0.0,20240531,0.0,植込型心電図記録計・標準型,2024-06-01,2024-07-01,2024-07-02,t_ALL20240305.csv,1.0
25073,0,710010284,ＰＴＡバルーンカテーテル（大動脈・血流遮断型（胸部及び腹部用））,0.0,0.0,,1.0,61000.0,0.0,0.0,0.0,1.0,61000.0,0.0,0.0,0.0,,0.0,血管内手術用カテーテル・ＰＴＡバルーンカテーテル・大動脈用ステントグラフト用・血流遮断型（胸部及び腹部）,2024-06-01,2024-07-01,2024-07-02,t_ALL20250530.csv,1.0
25074,0,710010285,人工股関節用材（骨盤側材・ライナー・特殊型）,0.0,0.0,,1.0,72300.0,0.0,0.0,0.0,1.0,73000.0,0.0,0.0,0.0,,0.0,人工股関節用材料・骨盤側材料・ライナー・特殊型,2024-06-01,2024-07-01,2024-07-02,t_ALL20250530.csv,1.0
25075,0,710010286,人工膝関節用材（膝蓋骨材・膝蓋骨置換用（３））,0.0,0.0,,1.0,47600.0,0.0,0.0,0.0,1.0,47600.0,0.0,0.0,0.0,,0.0,人工膝関節用材料・膝蓋骨材料・膝蓋骨置換用材料（３）,2024-06-01,2024-07-01,2024-07-02,t_ALL20250530.csv,1.0
25076,0,710010288,人工膝関節用材（インサート（２））,0.0,0.0,,1.0,71500.0,0.0,0.0,0.0,1.0,71500.0,0.0,0.0,0.0,,0.0,人工膝関節用材料・インサート（２）,2024-06-01,2024-07-01,2024-07-02,t_ALL20250530.csv,1.0
25077,0,710010289,塞栓用コイル（コイル・特殊型）,0.0,0.0,,1.0,145000.0,0.0,0.0,0.0,1.0,145000.0,0.0,0.0,0.0,,0.0,血管内手術用カテーテル・塞栓用コイル・コイル・特殊型,2024-06-01,2024-07-01,2024-07-02,t_ALL20250530.csv,1.0
12956,9,710010290,ワッシャー【旧材料・椎体ワッシャー】,0.0,0.0,,0.0,0.0,0.0,0.0,0.0,1.0,7740.0,0.0,0.0,0.0,20200331,0.0,固定用内副子用ワッシャー、ナット類・ワッシャー【旧材料価格基準・脊椎固定用材料・椎体ワッシャー】,2020-04-01,2020-05-01,2020-05-02,t20200305.csv,1.0
12957,9,710010291,ワッシャー【旧材料・髄内釘・ワッシャー・ナット】,0.0,0.0,,0.0,0.0,0.0,0.0,0.0,1.0,11800.0,0.0,0.0,0.0,20200331,0.0,固定用内副子用ワッシャー、ナット類・ワッシャー【旧材料価格基準・髄内釘・ワッシャー・ナット】,2020-04-01,2020-05-01,2020-05-02,t20200305.csv,1.0
25078,0,710010292,デンプン由来吸収性局所止血材（織布型）,41.0,3.0,ｃｍ２,1.0,48.0,0.0,0.0,0.0,1.0,48.0,0.0,0.0,0.0,,0.0,デンプン由来吸収性局所止血材・織布型,2024-06-01,2024-07-01,2024-07-02,t_ALL20250530.csv,1.0
25079,0,710010294,歯科用合着・接着材料１（レジン系・自動練和型）,33.0,1.0,ｇ,1.0,1020.0,0.0,0.0,0.0,1.0,461.0,0.0,0.0,0.0,,0.0,歯科用合着・接着材料１・レジン系・自動練和型,2024-06-01,2024-07-01,2024-07-02,t_ALL20250530.csv,1.0
25080,0,710010295,歯科用合着・接着材料１（レジン系・自動練和型）,33.0,1.0,ｇ,1.0,1020.0,0.0,0.0,0.0,1.0,461.0,0.0,0.0,0.0,,0.0,歯科用合着・接着材料１・レジン系・自動練和型,2024-06-01,2024-07-01,2024-07-02,t_ALL20250530.csv,1.0
25081,0,710010300,携帯型ディスポーザブル注入ポンプ（標準型）,0.0,0.0,,1.0,3080.0,0.0,0.0,0.0,1.0,3090.0,0.0,0.0,0.0,,0.0,携帯型ディスポーザブル注入ポンプ・標準型,2024-06-01,2024-07-01,2024-07-02,t_ALL20250530.csv,1.0
25082,0,710010301,皮膚欠損用創傷被覆材（真皮に至る創傷用）,41.0,3.0,ｃｍ２,1.0,6.0,0.0,0.0,0.0,1.0,6.0,0.0,0.0,0.0,,0.0,皮膚欠損用創傷被覆材・真皮に至る創傷用,2024-06-01,2024-07-01,2024-07-02,t_ALL20250530.csv,1.0
25083,0,710010302,皮膚欠損用創傷被覆材（皮下組織に至る創傷用・標準型）,41.0,3.0,ｃｍ２,1.0,10.0,0.0,0.0,0.0,1.0,10.0,0.0,0.0,0.0,,0.0,皮膚欠損用創傷被覆材・皮下組織に至る創傷用・標準型,2024-06-01,2024-07-01,2024-07-02,t_ALL20250530.csv,1.0
25084,0,710010303,皮膚欠損用創傷被覆材（皮下組織に至る創傷用・異形型）,33.0,1.0,ｇ,1.0,35.0,0.0,0.0,0.0,1.0,35.0,0.0,0.0,0.0,,0.0,皮膚欠損用創傷被覆材・皮下組織に至る創傷用・異形型,2024-06-01,2024-07-01,2024-07-02,t_ALL20250530.csv,1.0
25085,0,710010304,皮膚欠損用創傷被覆材（筋・骨に至る創傷用）,41.0,3.0,ｃｍ２,1.0,25.0,0.0,0.0,0.0,1.0,25.0,0.0,0.0,0.0,,0.0,皮膚欠損用創傷被覆材・筋・骨に至る創傷用,2024-06-01,2024-07-01,2024-07-02,t_ALL20250530.csv,1.0
25086,0,710010305,非固着性シリコンガーゼ（広範囲熱傷用）,0.0,0.0,,1.0,1080.0,0.0,0.0,0.0,1.0,1080.0,0.0,0.0,0.0,,0.0,非固着性シリコンガーゼ・広範囲熱傷用,2024-06-01,2024-07-01,2024-07-02,t_ALL20250530.csv,1.0
25087,0,710010306,非固着性シリコンガーゼ（平坦部位用）,0.0,0.0,,1.0,142.0,0.0,0.0,0.0,1.0,142.0,0.0,0.0,0.0,,0.0,非固着性シリコンガーゼ・平坦部位用,2024-06-01,2024-07-01,2024-07-02,t_ALL20250530.csv,1.0
25088,0,710010307,非固着性シリコンガーゼ（凹凸部位用）,0.0,0.0,,1.0,309.0,0.0,0.0,0.0,1.0,309.0,0.0,0.0,0.0,,0.0,非固着性シリコンガーゼ・凹凸部位用,2024-06-01,2024-07-01,2024-07-02,t_ALL20250530.csv,1.0
25089,0,710010350,血管造影用カテーテル（サイジング機能付加型）,0.0,0.0,,1.0,3230.0,0.0,0.0,0.0,1.0,3230.0,0.0,0.0,0.0,,0.0,血管造影用カテーテル・サイジング機能付加型,2024-06-01,2024-07-01,2024-07-02,t_ALL20250530.csv,1.0
7855,9,710010400,中心静脈用カテーテル（末梢留置型・逆流防止機能付き・シングル）,0.0,0.0,,0.0,0.0,0.0,0.0,0.0,1.0,13200.0,0.0,0.0,0.0,20180331,0.0,中心静脈用カテーテル・末梢留置型中心静脈カテーテル・逆流防止機能付き・シングルルーメン,2018-04-01,2018-05-01,2018-05-02,t20180305.csv,1.0
25090,0,710010500,人工股関節用材（骨盤側材・カップライナー一体型（間）（２））,0.0,0.0,,1.0,77000.0,0.0,0.0,0.0,1.0,77000.0,0.0,0.0,0.0,,0.0,人工股関節用材料・骨盤側材料・カップ・ライナー一体型（間接固定型）（２）,2024-06-01,2024-07-01,2024-07-02,t_ALL20250530.csv,1.0
25091,0,710010550,合成吸収性硬膜補強材,0.0,0.0,,1.0,65100.0,0.0,0.0,0.0,1.0,65100.0,0.0,0.0,0.0,,0.0,合成吸収性硬膜補強材,2024-06-01,2024-07-01,2024-07-02,t_ALL20250530.csv,1.0
25092,0,710010551,消化管用ステントセット（カバーなし）,0.0,0.0,,1.0,212000.0,0.0,0.0,0.0,1.0,216000.0,0.0,0.0,0.0,,0.0,消化管用ステントセット・カバーなし,2024-06-01,2024-07-01,2024-07-02,t_ALL20250530.csv,1.0
12972,9,710010552,皮下グルコース測定用電極（一般型）,0.0,0.0,,0.0,0.0,0.0,0.0,0.0,1.0,6360.0,0.0,0.0,0.0,20200331,0.0,皮下グルコース測定用電極・一般型,2020-04-01,2020-05-01,2020-05-02,t20200305.csv,1.0
25093,0,710010553,局所陰圧閉鎖処置用材料,41.0,3.0,ｃｍ２,1.0,18.0,0.0,0.0,0.0,1.0,18.0,0.0,0.0,0.0,,0.0,局所陰圧閉鎖処置用材料,2024-06-01,2024-07-01,2024-07-02,t_ALL20250530.csv,1.0
7861,9,710010600,中心静脈用カテーテル（末梢留置型・逆流防止機能付き・シングル）,0.0,0.0,,0.0,0.0,0.0,0.0,0.0,1.0,13200.0,0.0,0.0,0.0,20180331,0.0,中心静脈用カテーテル・末梢留置型中心静脈カテーテル・逆流防止機能付き・シングルルーメン,2018-04-01,2018-05-01,2018-05-02,t20180305.csv,1.0
25094,0,710010601,脳・脊髄・仙骨神経刺激装置用リード（アダプター）,0.0,0.0,,1.0,114000.0,0.0,0.0,0.0,1.0,35400.0,0.0,0.0,0.0,,0.0,脳・脊髄刺激装置用リード及び仙骨神経刺激装置用リード・アダプター,2024-06-01,2024-07-01,2024-07-02,t_ALL20250530.csv,1.0
25095,0,710010602,植込型脳・脊髄電気刺激装置（疼痛除去用）（１６極以上用）,0.0,0.0,,1.0,1740000.0,0.0,0.0,0.0,1.0,1740000.0,0.0,0.0,0.0,,0.0,植込型脳・脊髄電気刺激装置・疼痛除去用・１６極以上用,2024-06-01,2024-07-01,2024-07-02,t_ALL20250530.csv,1.0
25096,0,710010603,植込式心臓ペースメーカー用リード（経静脈・誤感知防止型）,0.0,0.0,,1.0,126000.0,0.0,0.0,0.0,1.0,126000.0,0.0,0.0,0.0,,0.0,植込式心臓ペースメーカー用リード・リード・経静脈リード・誤感知防止型,2024-06-01,2024-07-01,2024-07-02,t_ALL20250530.csv,1.0
25097,0,710010604,経皮的カテーテル心筋焼灼術用カテーテル（熱・イリゲーション型）,0.0,0.0,,1.0,140000.0,0.0,0.0,0.0,1.0,140000.0,0.0,0.0,0.0,,0.0,経皮的カテーテル心筋焼灼術用カテーテル・熱アブレーション用・イリゲーション型,2024-06-01,2024-07-01,2024-07-02,t_ALL20250530.csv,1.0
25098,0,710010605,塞栓用コイル（コイル留置用ステント）,0.0,0.0,,1.0,466000.0,0.0,0.0,0.0,1.0,466000.0,0.0,0.0,0.0,,0.0,血管内手術用カテーテル・塞栓用コイル・コイル留置用ステント,2024-06-01,2024-07-01,2024-07-02,t_ALL20250530.csv,1.0
25099,0,710010606,植込型迷走神経電気刺激装置,0.0,0.0,,1.0,1710000.0,0.0,0.0,0.0,1.0,1710000.0,0.0,0.0,0.0,,0.0,植込型迷走神経電気刺激装置,2024-06-01,2024-07-01,2024-07-02,t_ALL20250530.csv,1.0
25100,0,710010607,迷走神経刺激装置用リードセット,0.0,0.0,,1.0,187000.0,0.0,0.0,0.0,1.0,187000.0,0.0,0.0,0.0,,0.0,迷走神経刺激装置用リードセット,2024-06-01,2024-07-01,2024-07-02,t_ALL20250530.csv,1.0
25101,0,710010608,経皮的心腔内リード除去用レーザーシースセット,0.0,0.0,,1.0,311000.0,0.0,0.0,0.0,1.0,311000.0,0.0,0.0,0.0,,0.0,経皮的心腔内リード除去用レーザーシースセット,2024-06-01,2024-07-01,2024-07-02,t_ALL20250530.csv,1.0
25102,0,710010609,白血球吸着用材料（低体重者・小児用）,0.0,0.0,,1.0,128000.0,0.0,0.0,0.0,1.0,128000.0,0.0,0.0,0.0,,0.0,白血球吸着用材料・低体重者・小児用,2024-06-01,2024-07-01,2024-07-02,t_ALL20250530.csv,1.0
25103,0,710010610,骨セメント（脊椎・大腿骨頸部用）,33.0,1.0,ｇ,1.0,535.0,0.0,0.0,0.0,1.0,535.0,0.0,0.0,0.0,,0.0,骨セメント・脊椎・大腿骨頸部用,2024-06-01,2024-07-01,2024-07-02,t_ALL20250530.csv,1.0
25104,0,710010611,脳・脊髄・仙骨神経刺激装置用リード（リードセット・１６極以上）,0.0,0.0,,1.0,363000.0,0.0,0.0,0.0,1.0,363000.0,0.0,0.0,0.0,,0.0,脳・脊髄刺激装置用リード及び仙骨神経刺激装置用リード・リードセット・１６極以上,2024-06-01,2024-07-01,2024-07-02,t_ALL20250530.csv,1.0
25105,0,710010612,植込型脳・脊髄電気刺激装置（疼痛除去・１６極・充電）,0.0,0.0,,1.0,1900000.0,0.0,0.0,0.0,1.0,1900000.0,0.0,0.0,0.0,,0.0,植込型脳・脊髄電気刺激装置・疼痛除去用・１６極用・充電式,2024-06-01,2024-07-01,2024-07-02,t_ALL20250530.csv,1.0
25106,0,710010613,ベントカテーテル（成人・ガス注入型）,0.0,0.0,,1.0,4500.0,0.0,0.0,0.0,1.0,4500.0,0.0,0.0,0.0,,0.0,体外循環用カニューレ・成人用・ベントカテーテル・ガス注入型,2024-06-01,2024-07-01,2024-07-02,t_ALL20250530.csv,1.0
25107,0,710010614,血栓除去用カテーテル（脳血栓除去用・ワイヤー型）,0.0,0.0,,1.0,286000.0,0.0,0.0,0.0,1.0,286000.0,0.0,0.0,0.0,,0.0,血管内手術用カテーテル・血栓除去用カテーテル・脳血栓除去用・ワイヤー型,2024-06-01,2024-07-01,2024-07-02,t_ALL20250530.csv,1.0
25108,0,710010615,狭窄部貫通用カテーテル,0.0,0.0,,1.0,42100.0,0.0,0.0,0.0,1.0,43200.0,0.0,0.0,0.0,,0.0,血管内手術用カテーテル・狭窄部貫通用カテーテル,2024-06-01,2024-07-01,2024-07-02,t_ALL20250530.csv,1.0
25109,0,710010616,膀胱尿管逆流症治療用注入材,0.0,0.0,,1.0,73400.0,0.0,0.0,0.0,1.0,73400.0,0.0,0.0,0.0,,0.0,膀胱尿管逆流症治療用注入材,2024-06-01,2024-07-01,2024-07-02,t_ALL20250530.csv,1.0
25110,0,710010617,人工股関節用材（骨盤側材・臼蓋形成用カップ（直）・特殊型）,0.0,0.0,,1.0,184000.0,0.0,0.0,0.0,1.0,185000.0,0.0,0.0,0.0,,0.0,人工股関節用材料・骨盤側材料・臼蓋形成用カップ（直接固定型）・特殊型,2024-06-01,2024-07-01,2024-07-02,t_ALL20250530.csv,1.0
25111,0,710010618,人工股関節用材（大腿骨側材・大腿骨ステムヘッド（２））,0.0,0.0,,1.0,85100.0,0.0,0.0,0.0,1.0,85100.0,0.0,0.0,0.0,,0.0,人工股関節用材料・大腿骨側材料・大腿骨ステムヘッド（２）,2024-06-01,2024-07-01,2024-07-02,t_ALL20250530.csv,1.0
25112,0,710010619,オプション部品（人工股関節用部品・骨盤用（１））,0.0,0.0,,1.0,204000.0,0.0,0.0,0.0,1.0,204000.0,0.0,0.0,0.0,,0.0,オプション部品・人工股関節用部品・骨盤用（１）,2024-06-01,2024-07-01,2024-07-02,t_ALL20250530.csv,1.0
380,9,710010620,骨セメント（脊椎用（２））,0.0,0.0,,0.0,0.0,0.0,0.0,0.0,1.0,528.0,0.0,0.0,0.0,20120331,0.0,骨セメント（脊椎用（２））,2012-04-01,2012-05-01,2012-05-02,t20120305.csv,1.0
25113,0,710010621,血管内血栓異物除去用留置カテ（頸動脈ステント・遠位バルーン）,0.0,0.0,,1.0,190000.0,0.0,0.0,0.0,1.0,190000.0,0.0,0.0,0.0,,0.0,血管内手術用カテーテル・血管内血栓異物除去用留置カテーテル・頸動脈用ステント併用型・遠位バルーン型,2024-06-01,2024-07-01,2024-07-02,t_ALL20250530.csv,1.0
25114,0,710010622,椎体形成用材料セット,0.0,0.0,,1.0,386000.0,0.0,0.0,0.0,1.0,386000.0,0.0,0.0,0.0,,0.0,椎体形成用材料セット,2024-06-01,2024-07-01,2024-07-02,t_ALL20250530.csv,1.0
25115,0,710010623,脊椎棘間留置材料,0.0,0.0,,1.0,229000.0,0.0,0.0,0.0,1.0,229000.0,0.0,0.0,0.0,,0.0,脊椎棘間留置材料,2024-06-01,2024-07-01,2024-07-02,t_ALL20250530.csv,1.0
5334,9,710010624,気管内チューブ（カフあり・カフ上部吸引機能なし・特殊処理型）,0.0,0.0,,0.0,0.0,0.0,0.0,0.0,1.0,2710.0,0.0,0.0,0.0,20160331,0.0,気管内チューブ・カフあり・カフ上部吸引機能なし・特殊処理型,2016-04-01,2016-05-01,2016-05-02,t_ALL20160304.csv,1.0
25116,0,710010625,人工股関節用材（大腿骨側材・大腿骨ステム（直）・特殊型）,0.0,0.0,,1.0,499000.0,0.0,0.0,0.0,1.0,499000.0,0.0,0.0,0.0,,0.0,人工股関節用材料・大腿骨側材料・大腿骨ステム（直接固定型）・特殊型,2024-06-01,2024-07-01,2024-07-02,t_ALL20250530.csv,1.0
25117,0,710010626,人工膝関節用材（脛骨側材・全置換用（直）・特殊型）,0.0,0.0,,1.0,194000.0,0.0,0.0,0.0,1.0,204000.0,0.0,0.0,0.0,,0.0,人工膝関節用材料・脛骨側材料・全置換用材料（直接固定型）・特殊型,2024-06-01,2024-07-01,2024-07-02,t_ALL20250530.csv,1.0
25118,0,710010627,人工骨（専用型・椎体骨創部閉鎖用）,36.0,2.0,ｍＬ,1.0,12100.0,0.0,0.0,0.0,1.0,14500.0,0.0,0.0,0.0,,0.0,人工骨・専用型・椎体骨創部閉鎖用,2024-06-01,2024-07-01,2024-07-02,t_ALL20250530.csv,1.0
25119,0,710010628,人工骨（専用型・椎体・スクリュー併用用）,36.0,2.0,ｍＬ,1.0,13600.0,0.0,0.0,0.0,1.0,14200.0,0.0,0.0,0.0,,0.0,人工骨・専用型・椎体・スクリュー併用用,2024-06-01,2024-07-01,2024-07-02,t_ALL20250530.csv,1.0
25120,0,710010629,ペースメーカー（トリプルチャンバ２型・単極又は双極）,0.0,0.0,,1.0,1350000.0,0.0,0.0,0.0,1.0,1430000.0,0.0,0.0,0.0,,0.0,ペースメーカー・トリプルチャンバ（２型）・単極用又は双極用,2024-06-01,2024-07-01,2024-07-02,t_ALL20250530.csv,1.0
25121,0,710010630,生体弁・異種心膜弁（２）（期限付改良加算なし）,0.0,0.0,,1.0,953000.0,0.0,0.0,0.0,1.0,953000.0,0.0,0.0,0.0,,0.0,生体弁・異種心膜弁（２）,2024-06-01,2024-07-01,2024-07-02,t_ALL20250530.csv,1.0
25122,0,710010631,補助人工心臓セット（植込型・非拍動流型（磁気浮上型））,0.0,0.0,,1.0,18300000.0,0.0,0.0,0.0,1.0,18300000.0,0.0,0.0,0.0,,0.0,補助人工心臓セット・植込型（非拍動流型）・磁気浮上型,2024-06-01,2024-07-01,2024-07-02,t_ALL20250530.csv,1.0
25123,0,710010632,補助人工心臓セット（植込型・非拍動流型（水循環型））,0.0,0.0,,1.0,18900000.0,0.0,0.0,0.0,1.0,18900000.0,0.0,0.0,0.0,,0.0,補助人工心臓セット・植込型（非拍動流型）・水循環型,2024-06-01,2024-07-01,2024-07-02,t_ALL20250530.csv,1.0
25124,0,710010633,補助人工心臓セット（水循環回路セット）,0.0,0.0,,1.0,1100000.0,0.0,0.0,0.0,1.0,1100000.0,0.0,0.0,0.0,,0.0,補助人工心臓セット・水循環回路セット,2024-06-01,2024-07-01,2024-07-02,t_ALL20250530.csv,1.0
25125,0,710010634,外科用接着用材料（標準型）,33.0,1.0,ｇ,1.0,11200.0,0.0,0.0,0.0,1.0,11200.0,0.0,0.0,0.0,,0.0,外科用接着用材料・標準型,2024-06-01,2024-07-01,2024-07-02,t_ALL20250530.csv,1.0
25126,0,710010635,交換用経皮経食道胃管カテーテル,0.0,0.0,,1.0,17200.0,0.0,0.0,0.0,1.0,17200.0,0.0,0.0,0.0,,0.0,交換用経皮経食道胃管カテーテル,2024-06-01,2024-07-01,2024-07-02,t_ALL20250530.csv,1.0
5346,9,710010636,気管内チューブ（カフあり・カフ上部吸引機能なし・特殊処理型）,0.0,0.0,,0.0,0.0,0.0,0.0,0.0,1.0,2710.0,0.0,0.0,0.0,20160331,0.0,気管内チューブ・カフあり・カフ上部吸引機能なし・特殊処理型,2016-04-01,2016-05-01,2016-05-02,t_ALL20160304.csv,1.0
13007,9,710010637,ペースメーカー（トリプルチャンバ３型・標準型）,0.0,0.0,,0.0,0.0,0.0,0.0,0.0,1.0,1650000.0,0.0,0.0,0.0,20200331,0.0,ペースメーカー・トリプルチャンバ（３型）・標準型,2020-04-01,2020-05-01,2020-05-02,t20200305.csv,1.0
5348,9,710010638,人工股関節用材（骨盤側材・ライナー（４））,0.0,0.0,,0.0,0.0,0.0,0.0,0.0,1.0,79700.0,0.0,0.0,0.0,20160331,0.0,人工股関節用材料・骨盤側材料・ライナー（４）,2016-04-01,2016-05-01,2016-05-02,t_ALL20160304.csv,1.0
25127,0,710010639,オプション部品（人工関節固定強化部品（２））,0.0,0.0,,1.0,15700.0,0.0,0.0,0.0,1.0,15700.0,0.0,0.0,0.0,,0.0,オプション部品・人工関節固定強化部品（２）,2024-06-01,2024-07-01,2024-07-02,t_ALL20250530.csv,1.0
25128,0,710010640,血栓除去用カテーテル（脳血栓除去用・破砕吸引型）,0.0,0.0,,1.0,448000.0,0.0,0.0,0.0,1.0,448000.0,0.0,0.0,0.0,,0.0,血管内手術用カテーテル・血栓除去用カテーテル・脳血栓除去用・破砕吸引型,2024-06-01,2024-07-01,2024-07-02,t_ALL20250530.csv,1.0
25129,0,710010641,心腔内超音波プローブ（標準型）,0.0,0.0,,1.0,299000.0,0.0,0.0,0.0,1.0,299000.0,0.0,0.0,0.0,,0.0,心腔内超音波プローブ・標準型,2024-06-01,2024-07-01,2024-07-02,t_ALL20250530.csv,1.0
25130,0,710010642,心腔内超音波プローブ（磁気センサー付き）,0.0,0.0,,1.0,327000.0,0.0,0.0,0.0,1.0,327000.0,0.0,0.0,0.0,,0.0,心腔内超音波プローブ・磁気センサー付き,2024-06-01,2024-07-01,2024-07-02,t_ALL20250530.csv,1.0
25131,0,710010643,植込型脳・脊髄電気刺激装置（疼痛除去・１６極・充・変換）,0.0,0.0,,1.0,2160000.0,0.0,0.0,0.0,1.0,2160000.0,0.0,0.0,0.0,,0.0,植込型脳・脊髄電気刺激装置・疼痛除去用・１６極以上用・充電式・体位変換対応型,2024-06-01,2024-07-01,2024-07-02,t_ALL20250530.csv,1.0
22453,9,710010644,植込型輸液ポンプ用髄腔カテーテル・強化型,0.0,0.0,,1.0,89000.0,0.0,0.0,0.0,1.0,89000.0,0.0,0.0,0.0,20240531,0.0,植込型輸液ポンプ用髄腔カテーテル・強化型,2024-06-01,2024-07-01,2024-07-02,t_ALL20240305.csv,1.0
25132,0,710010645,体外ペースメーカー用電極（検査機能付加・温度センサー付き）,0.0,0.0,,1.0,81700.0,0.0,0.0,0.0,1.0,85400.0,0.0,0.0,0.0,,0.0,体外式ペースメーカー用カテーテル電極・心臓電気生理学的検査機能付加型・温度センサー付き,2024-06-01,2024-07-01,2024-07-02,t_ALL20250530.csv,1.0
25133,0,710010646,血管造影用圧センサー付材料（血管造影用圧ガイドワイヤー）,0.0,0.0,,1.0,128000.0,0.0,0.0,0.0,1.0,135000.0,0.0,0.0,0.0,,0.0,血管造影用圧センサー付材料・血管造影用圧センサー付ガイドワイヤー,2024-06-01,2024-07-01,2024-07-02,t_ALL20250530.csv,1.0
5357,9,710010647,ホローファイバー型及び積層型（キール型）２．０ｍ２以上４（在宅）,0.0,0.0,,0.0,0.0,0.0,0.0,0.0,1.0,1770.0,0.0,0.0,0.0,20160331,0.0,在宅血液透析用特定保険医療材料（回路を含む。）・ダイアライザー・ホローファイバー型及び積層型（キール型）（膜面積２．０ｍ２以上）（４）,2016-04-01,2016-05-01,2016-05-02,t_ALL20160304.csv,1.0
5358,9,710010648,ホローファイバー型及び積層型（キール型）２．０ｍ２以上５（在宅）,0.0,0.0,,0.0,0.0,0.0,0.0,0.0,1.0,1830.0,0.0,0.0,0.0,20160331,0.0,在宅血液透析用特定保険医療材料（回路を含む。）・ダイアライザー・ホローファイバー型及び積層型（キール型）（膜面積２．０ｍ２以上）（５）,2016-04-01,2016-05-01,2016-05-02,t_ALL20160304.csv,1.0
25134,0,710010649,携帯型ディスポーザブル注入ポンプ（化学療法用）,0.0,0.0,,1.0,3180.0,0.0,0.0,0.0,1.0,3180.0,0.0,0.0,0.0,,0.0,携帯型ディスポーザブル注入ポンプ・化学療法用,2024-06-01,2024-07-01,2024-07-02,t_ALL20250530.csv,1.0
25135,0,710010650,水循環回路セット,0.0,0.0,,1.0,1100000.0,0.0,0.0,0.0,1.0,1100000.0,0.0,0.0,0.0,,0.0,水循環回路セット,2024-06-01,2024-07-01,2024-07-02,t_ALL20250530.csv,1.0
25136,0,710010651,携帯型ディスポーザブル注入ポンプ（化学療法用）,0.0,0.0,,1.0,3180.0,0.0,0.0,0.0,1.0,3180.0,0.0,0.0,0.0,,0.0,携帯型ディスポーザブル注入ポンプ・化学療法用,2024-06-01,2024-07-01,2024-07-02,t_ALL20250530.csv,1.0
5362,9,710010652,ホローファイバー型及び積層型（キール型）（２．０ｍ２以上）（４）,0.0,0.0,,0.0,0.0,0.0,0.0,0.0,1.0,1770.0,0.0,0.0,0.0,20160331,1.0,人工腎臓用特定保険医療材料（回路を含む。）・ダイアライザー・ホローファイバー型及び積層型（キール型）（膜面積２．０ｍ２以上）（４）,2016-04-01,2016-05-01,2016-05-02,t_ALL20160304.csv,1.0
5363,9,710010653,ホローファイバー型及び積層型（キール型）（２．０ｍ２以上）（５）,0.0,0.0,,0.0,0.0,0.0,0.0,0.0,1.0,1830.0,0.0,0.0,0.0,20160331,1.0,人工腎臓用特定保険医療材料（回路を含む。）・ダイアライザー・ホローファイバー型及び積層型（キール型）（膜面積２．０ｍ２以上）（５）,2016-04-01,2016-05-01,2016-05-02,t_ALL20160304.csv,1.0
25137,0,710010654,腹膜透析液交換セット（交換キット）,0.0,0.0,,1.0,554.0,0.0,0.0,0.0,1.0,554.0,0.0,0.0,0.0,,1.0,腹膜透析液交換セット・交換キット,2024-06-01,2024-07-01,2024-07-02,t_ALL20250530.csv,1.0
25138,0,710010655,オプション部品（人工関節用部品・カップサポート）,0.0,0.0,,1.0,80500.0,0.0,0.0,0.0,1.0,80500.0,0.0,0.0,0.0,,0.0,オプション部品・人工関節用部品・カップサポート,2024-06-01,2024-07-01,2024-07-02,t_ALL20250530.csv,1.0
25139,0,710010656,固定用内副子（スクリュー）（その他・特殊・アンカ）,0.0,0.0,,1.0,29600.0,0.0,0.0,0.0,1.0,29600.0,0.0,0.0,0.0,,0.0,固定用内副子（スクリュー）・その他のスクリュー・特殊型・軟骨及び軟部組織用・特殊固定用アンカー,2024-06-01,2024-07-01,2024-07-02,t_ALL20250530.csv,1.0
25140,0,710010657,固定用金属ピン（一般用・リング型）,0.0,0.0,,1.0,21100.0,0.0,0.0,0.0,1.0,21100.0,0.0,0.0,0.0,,0.0,固定用金属ピン・一般用・リング型,2024-06-01,2024-07-01,2024-07-02,t_ALL20250530.csv,1.0
25141,0,710010658,植込型除細動器（５型）,0.0,0.0,,1.0,2660000.0,0.0,0.0,0.0,1.0,2820000.0,0.0,0.0,0.0,,0.0,植込型除細動器・植込型除細動器（５型）,2024-06-01,2024-07-01,2024-07-02,t_ALL20250530.csv,1.0
25142,0,710010659,人工弁輪・僧帽弁用,0.0,0.0,,1.0,268000.0,0.0,0.0,0.0,1.0,272000.0,0.0,0.0,0.0,,0.0,人工弁輪・僧帽弁用,2024-06-01,2024-07-01,2024-07-02,t_ALL20250530.csv,1.0
25143,0,710010660,人工弁輪・三尖弁用,0.0,0.0,,1.0,210000.0,0.0,0.0,0.0,1.0,210000.0,0.0,0.0,0.0,,0.0,人工弁輪・三尖弁用,2024-06-01,2024-07-01,2024-07-02,t_ALL20250530.csv,1.0
25144,0,710010661,ディスポーザブル人工肺（膜型肺・リザーバーあり・低体重・小児用）,0.0,0.0,,1.0,122000.0,0.0,0.0,0.0,1.0,122000.0,0.0,0.0,0.0,,0.0,ディスポーザブル人工肺（膜型肺）・体外循環型（リザーバー機能あり）・低体重者・小児用,2024-06-01,2024-07-01,2024-07-02,t_ALL20250530.csv,1.0
25145,0,710010662,ディスポーザブル人工肺（膜型肺・リザーバーなし・低体重・小児用）,0.0,0.0,,1.0,121000.0,0.0,0.0,0.0,1.0,121000.0,0.0,0.0,0.0,,0.0,ディスポーザブル人工肺（膜型肺）・体外循環型（リザーバー機能なし）・低体重者・小児用,2024-06-01,2024-07-01,2024-07-02,t_ALL20250530.csv,1.0
25146,0,710010663,ディスポーザブル人工肺（膜型肺・補助循環呼吸型・低体重・小児用）,0.0,0.0,,1.0,153000.0,0.0,0.0,0.0,1.0,153000.0,0.0,0.0,0.0,,0.0,ディスポーザブル人工肺（膜型肺）・補助循環・補助呼吸型・低体重者・小児用,2024-06-01,2024-07-01,2024-07-02,t_ALL20250530.csv,1.0
25147,0,710010664,輸血用血液フィルター（カリウム除去用）,0.0,0.0,,1.0,5100.0,0.0,0.0,0.0,1.0,5100.0,0.0,0.0,0.0,,0.0,輸血用血液フィルター（カリウム除去用）,2024-06-01,2024-07-01,2024-07-02,t_ALL20250530.csv,1.0
25148,0,710010665,生体組織接着剤調製用キット,0.0,0.0,,1.0,130000.0,0.0,0.0,0.0,1.0,130000.0,0.0,0.0,0.0,,0.0,生体組織接着剤調製用キット,2024-06-01,2024-07-01,2024-07-02,t_ALL20250530.csv,1.0
25149,0,710010666,尿道括約筋用補綴材・カフ,0.0,0.0,,1.0,170000.0,0.0,0.0,0.0,1.0,170000.0,0.0,0.0,0.0,,0.0,尿道括約筋用補綴材・カフ,2024-06-01,2024-07-01,2024-07-02,t_ALL20250530.csv,1.0
25150,0,710010667,尿道括約筋用補綴材・圧力調整バルーン,0.0,0.0,,1.0,156000.0,0.0,0.0,0.0,1.0,156000.0,0.0,0.0,0.0,,0.0,尿道括約筋用補綴材・圧力調整バルーン,2024-06-01,2024-07-01,2024-07-02,t_ALL20250530.csv,1.0
25151,0,710010668,尿道括約筋用補綴材・コントロールポンプ,0.0,0.0,,1.0,427000.0,0.0,0.0,0.0,1.0,427000.0,0.0,0.0,0.0,,0.0,尿道括約筋用補綴材・コントロールポンプ,2024-06-01,2024-07-01,2024-07-02,t_ALL20250530.csv,1.0
25152,0,710010669,インプラント体・標準型（１）,0.0,0.0,,1.0,20200.0,0.0,0.0,0.0,1.0,20200.0,0.0,0.0,0.0,,0.0,インプラント体・標準型（１）,2024-06-01,2024-07-01,2024-07-02,t_ALL20250530.csv,1.0
25153,0,710010670,インプラント体・標準型（２）,0.0,0.0,,1.0,35000.0,0.0,0.0,0.0,1.0,35000.0,0.0,0.0,0.0,,0.0,インプラント体・標準型（２）,2024-06-01,2024-07-01,2024-07-02,t_ALL20250530.csv,1.0
25154,0,710010671,インプラント体・標準型（３）,0.0,0.0,,1.0,23700.0,0.0,0.0,0.0,1.0,23700.0,0.0,0.0,0.0,,0.0,インプラント体・標準型（３）,2024-06-01,2024-07-01,2024-07-02,t_ALL20250530.csv,1.0
25155,0,710010672,インプラント体・特殊型,0.0,0.0,,1.0,58200.0,0.0,0.0,0.0,1.0,58200.0,0.0,0.0,0.0,,0.0,インプラント体・特殊型,2024-06-01,2024-07-01,2024-07-02,t_ALL20250530.csv,1.0
25156,0,710010673,暫間装着体（１）,0.0,0.0,,1.0,6200.0,0.0,0.0,0.0,1.0,6200.0,0.0,0.0,0.0,,0.0,暫間装着体（１）,2024-06-01,2024-07-01,2024-07-02,t_ALL20250530.csv,1.0
25157,0,710010674,暫間装着体（２）,0.0,0.0,,1.0,3610.0,0.0,0.0,0.0,1.0,3610.0,0.0,0.0,0.0,,0.0,暫間装着体（２）,2024-06-01,2024-07-01,2024-07-02,t_ALL20250530.csv,1.0
25158,0,710010675,暫間装着体（３）,0.0,0.0,,1.0,3540.0,0.0,0.0,0.0,1.0,4090.0,0.0,0.0,0.0,,0.0,暫間装着体（３）,2024-06-01,2024-07-01,2024-07-02,t_ALL20250530.csv,1.0
25159,0,710010676,暫間装着体（４）,0.0,0.0,,1.0,1260.0,0.0,0.0,0.0,1.0,1260.0,0.0,0.0,0.0,,0.0,暫間装着体（４）,2024-06-01,2024-07-01,2024-07-02,t_ALL20250530.csv,1.0
25160,0,710010677,スクリュー,0.0,0.0,,1.0,2800.0,0.0,0.0,0.0,1.0,2800.0,0.0,0.0,0.0,,0.0,スクリュー,2024-06-01,2024-07-01,2024-07-02,t_ALL20250530.csv,1.0
25161,0,710010678,アバットメント（１）,0.0,0.0,,1.0,14100.0,0.0,0.0,0.0,1.0,14100.0,0.0,0.0,0.0,,0.0,アバットメント（１）,2024-06-01,2024-07-01,2024-07-02,t_ALL20250530.csv,1.0
25162,0,710010679,アバットメント（２）,0.0,0.0,,1.0,13700.0,0.0,0.0,0.0,1.0,13700.0,0.0,0.0,0.0,,0.0,アバットメント（２）,2024-06-01,2024-07-01,2024-07-02,t_ALL20250530.csv,1.0
25163,0,710010680,アバットメント（３）,0.0,0.0,,1.0,26100.0,0.0,0.0,0.0,1.0,26100.0,0.0,0.0,0.0,,0.0,アバットメント（３）,2024-06-01,2024-07-01,2024-07-02,t_ALL20250530.csv,1.0
25164,0,710010681,アバットメント（４）,0.0,0.0,,1.0,16200.0,0.0,0.0,0.0,1.0,16200.0,0.0,0.0,0.0,,0.0,アバットメント（４）,2024-06-01,2024-07-01,2024-07-02,t_ALL20250530.csv,1.0
25165,0,710010682,アタッチメント（１）,0.0,0.0,,1.0,3420.0,0.0,0.0,0.0,1.0,3580.0,0.0,0.0,0.0,,0.0,アタッチメント（１）,2024-06-01,2024-07-01,2024-07-02,t_ALL20250530.csv,1.0
25166,0,710010683,アタッチメント（２）,0.0,0.0,,1.0,13800.0,0.0,0.0,0.0,1.0,13800.0,0.0,0.0,0.0,,0.0,アタッチメント（２）,2024-06-01,2024-07-01,2024-07-02,t_ALL20250530.csv,1.0
25167,0,710010684,アタッチメント（３）,0.0,0.0,,1.0,3400.0,0.0,0.0,0.0,1.0,3400.0,0.0,0.0,0.0,,0.0,アタッチメント（３）,2024-06-01,2024-07-01,2024-07-02,t_ALL20250530.csv,1.0
25168,0,710010685,シリンダー,0.0,0.0,,1.0,7090.0,0.0,0.0,0.0,1.0,7530.0,0.0,0.0,0.0,,0.0,シリンダー,2024-06-01,2024-07-01,2024-07-02,t_ALL20250530.csv,1.0
7939,9,710010686,人工股関節用材（骨盤側材・臼蓋形成用カップ（直）・特（４））指定,0.0,0.0,,0.0,0.0,0.0,0.0,0.0,1.0,141000.0,0.0,0.0,0.0,20180331,0.0,人工股関節用材料・骨盤側材料・臼蓋形成用カップ（直接固定型）・特殊型（４）・指定承認番号２２７００ＢＺＸ００２５９０００,2018-04-01,2018-05-01,2018-05-02,t20180305.csv,1.0
25169,0,710010687,植込型脳・脊髄電気刺激装置（振戦軽減・１６極以上・充電）,0.0,0.0,,1.0,2120000.0,0.0,0.0,0.0,1.0,2130000.0,0.0,0.0,0.0,,0.0,植込型脳・脊髄電気刺激装置・振戦軽減用・１６極以上用・充電式,2024-06-01,2024-07-01,2024-07-02,t_ALL20250530.csv,1.0
25170,0,710010688,植込式心臓ペースメーカー用リード（経静脈・４極）,0.0,0.0,,1.0,130000.0,0.0,0.0,0.0,1.0,133000.0,0.0,0.0,0.0,,0.0,植込式心臓ペースメーカー用リード・リード・経静脈リード・４極,2024-06-01,2024-07-01,2024-07-02,t_ALL20250530.csv,1.0
25171,0,710010689,末梢血管用ステントセット（再狭窄抑制型）,0.0,0.0,,1.0,233000.0,0.0,0.0,0.0,1.0,233000.0,0.0,0.0,0.0,,0.0,血管内手術用カテーテル・末梢血管用ステントセット・再狭窄抑制型,2024-06-01,2024-07-01,2024-07-02,t_ALL20250530.csv,1.0
25172,0,710010690,両室ペーシング機能付き植込型除細動器（４極用・標準型）,0.0,0.0,,1.0,3260000.0,0.0,0.0,0.0,1.0,3260000.0,0.0,0.0,0.0,,0.0,両室ペーシング機能付き植込型除細動器・４極用・標準型,2024-06-01,2024-07-01,2024-07-02,t_ALL20250530.csv,1.0
25173,0,710010691,中心静脈血酸素飽和度測定用プローブ,0.0,0.0,,1.0,22700.0,0.0,0.0,0.0,1.0,22700.0,0.0,0.0,0.0,,0.0,中心静脈血酸素飽和度測定用プローブ,2024-06-01,2024-07-01,2024-07-02,t_ALL20250530.csv,1.0
7945,9,710010692,ペースメーカー（デュアルチャンバ４型・ＭＲＩ対応型）,0.0,0.0,,0.0,0.0,0.0,0.0,0.0,1.0,986000.0,0.0,0.0,0.0,20180331,0.0,ペースメーカー・デュアルチャンバ（４型）・ＭＲＩ対応型,2018-04-01,2018-05-01,2018-05-02,t20180305.csv,1.0
2332,9,710010693,ペースメーカー（デュアルチャンバ４型・ＭＲＩ対応型）・指定番号,0.0,0.0,,1.0,1070000.0,0.0,0.0,0.0,1.0,1080000.0,0.0,0.0,0.0,20140930,0.0,ペースメーカー・デュアルチャンバ（４型）・ＭＲＩ対応型・指定承認番号２２４００ＢＺＸ００１３１０００,2014-10-01,2014-11-01,2014-11-02,t20140930.csv,1.0
25174,0,710010694,経皮的カテーテル心筋焼灼術用カテーテル（熱・ペーシング・特殊型）,0.0,0.0,,1.0,395000.0,0.0,0.0,0.0,1.0,395000.0,0.0,0.0,0.0,,0.0,経皮的カテーテル心筋焼灼術用カテーテル・熱アブレーション用・体外式ペーシング機能付き・特殊型,2024-06-01,2024-07-01,2024-07-02,t_ALL20250530.csv,1.0
2333,9,710010695,体外ペースメーカー用電極（アブレーション・感知機能付）・指定番号,0.0,0.0,,1.0,392000.0,0.0,0.0,0.0,1.0,382000.0,0.0,0.0,0.0,20140930,0.0,体外式ペースメーカー用カテーテル電極・心臓電気生理学的検査機能付加型・アブレーション機能付き・接触情報感知機能付き・指定承認番号２２４００ＢＺＸ００１６３０００,2014-10-01,2014-11-01,2014-11-02,t20140930.csv,1.0
25175,0,710010696,体外ペースメーカー用電極（検査機能付加・除細動機能付き）,0.0,0.0,,1.0,214000.0,0.0,0.0,0.0,1.0,214000.0,0.0,0.0,0.0,,0.0,体外式ペースメーカー用カテーテル電極・心臓電気生理学的検査機能付加型・除細動機能付き,2024-06-01,2024-07-01,2024-07-02,t_ALL20250530.csv,1.0
5405,9,710010697,人工股関節用材（骨盤側材・ライナー（５））,0.0,0.0,,0.0,0.0,0.0,0.0,0.0,1.0,56800.0,0.0,0.0,0.0,20160331,0.0,人工股関節用材料・骨盤側材料・ライナー（５）,2016-04-01,2016-05-01,2016-05-02,t_ALL20160304.csv,1.0
25176,0,710010698,人工肩関節用材（肩甲骨側材・グレノイドコンポーネント・特殊型）,0.0,0.0,,1.0,144000.0,0.0,0.0,0.0,1.0,144000.0,0.0,0.0,0.0,,0.0,人工肩関節用材料・肩甲骨側材料・グレノイドコンポーネント・特殊型,2024-06-01,2024-07-01,2024-07-02,t_ALL20250530.csv,1.0
25177,0,710010699,人工肩関節用材（上腕骨側材・上腕骨ステム・特殊型）,0.0,0.0,,1.0,316000.0,0.0,0.0,0.0,1.0,316000.0,0.0,0.0,0.0,,0.0,人工肩関節用材料・上腕骨側材料・上腕骨ステム・特殊型,2024-06-01,2024-07-01,2024-07-02,t_ALL20250530.csv,1.0
25178,0,710010700,人工骨（汎用型・吸収型・多孔体・蛋白質配合型）,36.0,2.0,ｍＬ,1.0,14800.0,0.0,0.0,0.0,1.0,14800.0,0.0,0.0,0.0,,0.0,人工骨・汎用型・吸収型・多孔体・蛋白質配合型,2024-06-01,2024-07-01,2024-07-02,t_ALL20250530.csv,1.0
25179,0,710010701,合成吸収性骨片接合材（頭蓋骨閉鎖用クランプ・小児用）,0.0,0.0,,1.0,39500.0,0.0,0.0,0.0,1.0,39500.0,0.0,0.0,0.0,,0.0,合成吸収性骨片接合材料・頭蓋骨閉鎖用クランプ・小児用,2024-06-01,2024-07-01,2024-07-02,t_ALL20250530.csv,1.0
25180,0,710010702,血管内血栓異物除去用留置カテ（頸動脈ステント・近位バルーン）,0.0,0.0,,1.0,160000.0,0.0,0.0,0.0,1.0,160000.0,0.0,0.0,0.0,,0.0,血管内手術用カテーテル・血管内血栓異物除去用留置カテーテル・頸動脈用ステント併用型・近位バルーン型,2024-06-01,2024-07-01,2024-07-02,t_ALL20250530.csv,1.0
25181,0,710010703,皮下グルコース測定用電極,0.0,0.0,,1.0,6340.0,0.0,0.0,0.0,1.0,6390.0,0.0,0.0,0.0,,0.0,皮下グルコース測定用電極,2024-06-01,2024-07-01,2024-07-02,t_ALL20250530.csv,1.0
25182,0,710010704,植込型骨導補聴器（音振動変換器）,0.0,0.0,,1.0,415000.0,0.0,0.0,0.0,1.0,415000.0,0.0,0.0,0.0,,0.0,植込型骨導補聴器・音振動変換器,2024-06-01,2024-07-01,2024-07-02,t_ALL20250530.csv,1.0
25183,0,710010705,植込型骨導補聴器（接合子付骨導端子）,0.0,0.0,,1.0,127000.0,0.0,0.0,0.0,1.0,127000.0,0.0,0.0,0.0,,0.0,植込型骨導補聴器・接合子付骨導端子,2024-06-01,2024-07-01,2024-07-02,t_ALL20250530.csv,1.0
25184,0,710010706,植込型骨導補聴器（骨導端子）,0.0,0.0,,1.0,66200.0,0.0,0.0,0.0,1.0,66200.0,0.0,0.0,0.0,,0.0,植込型骨導補聴器・骨導端子,2024-06-01,2024-07-01,2024-07-02,t_ALL20250530.csv,1.0
25185,0,710010707,植込型骨導補聴器（接合子）,0.0,0.0,,1.0,70600.0,0.0,0.0,0.0,1.0,70600.0,0.0,0.0,0.0,,0.0,植込型骨導補聴器・接合子,2024-06-01,2024-07-01,2024-07-02,t_ALL20250530.csv,1.0
25186,0,710010708,脳手術用カテーテル,0.0,0.0,,1.0,38700.0,0.0,0.0,0.0,1.0,38700.0,0.0,0.0,0.0,,0.0,脳手術用カテーテル,2024-06-01,2024-07-01,2024-07-02,t_ALL20250530.csv,1.0
25187,0,710010709,人工骨（汎用型・吸収型・多孔体・蛋白質配合型）,36.0,2.0,ｍＬ,1.0,14800.0,0.0,0.0,0.0,1.0,14800.0,0.0,0.0,0.0,,0.0,人工骨・汎用型・吸収型・多孔体・蛋白質配合型,2024-06-01,2024-07-01,2024-07-02,t_ALL20250530.csv,1.0
25188,0,710010710,人工股関節用材（骨盤側材・臼蓋形成用カップ（直）・デュアル）,0.0,0.0,,1.0,146000.0,0.0,0.0,0.0,1.0,146000.0,0.0,0.0,0.0,,0.0,人工股関節用材料・骨盤側材料・臼蓋形成用カップ（直接固定型）・デュアルモビリティ用,2024-06-01,2024-07-01,2024-07-02,t_ALL20250530.csv,1.0
2975,9,710010711,人工股関節用材（骨盤側材・ライナー（６））,0.0,0.0,,0.0,0.0,0.0,0.0,0.0,1.0,60300.0,0.0,0.0,0.0,20140331,0.0,人工股関節用材料・骨盤側材料・ライナー（６）,2014-04-01,2014-05-01,2014-05-02,t_ALL20140305.csv,1.0
25189,0,710010712,人工股関節用材（骨盤側材料・ライナー・デュアルモビリティ対応型）,0.0,0.0,,1.0,77200.0,0.0,0.0,0.0,1.0,77200.0,0.0,0.0,0.0,,0.0,人工股関節用材料・骨盤側材料・ライナー・デュアルモビリティ対応型,2024-06-01,2024-07-01,2024-07-02,t_ALL20250530.csv,1.0
25190,0,710010713,固定用内副子（スクリュー）（一般（生体用合金１）・特殊型）,0.0,0.0,,1.0,6970.0,0.0,0.0,0.0,1.0,7020.0,0.0,0.0,0.0,,0.0,固定用内副子（スクリュー）・一般スクリュー（生体用合金１）・特殊型,2024-06-01,2024-07-01,2024-07-02,t_ALL20250530.csv,1.0
25191,0,710010714,ペースメーカー（トリプルチャンバ１型）,0.0,0.0,,1.0,1260000.0,0.0,0.0,0.0,1.0,1290000.0,0.0,0.0,0.0,,0.0,ペースメーカー・トリプルチャンバ（１型）,2024-06-01,2024-07-01,2024-07-02,t_ALL20250530.csv,1.0
25192,0,710010715,補助人工心臓セット（植込型・非拍動流型（軸流型））,0.0,0.0,,1.0,18900000.0,0.0,0.0,0.0,1.0,18900000.0,0.0,0.0,0.0,,0.0,補助人工心臓セット・植込型（非拍動流型）・軸流型,2024-06-01,2024-07-01,2024-07-02,t_ALL20250530.csv,1.0
25193,0,710010716,下肢動脈狭窄部貫通用カテーテル,0.0,0.0,,1.0,179000.0,0.0,0.0,0.0,1.0,179000.0,0.0,0.0,0.0,,0.0,血管内手術用カテーテル・下肢動脈狭窄部貫通用カテーテル,2024-06-01,2024-07-01,2024-07-02,t_ALL20250530.csv,1.0
25194,0,710010717,血管塞栓用プラグ,0.0,0.0,,1.0,131000.0,0.0,0.0,0.0,1.0,131000.0,0.0,0.0,0.0,,0.0,血管内手術用カテーテル・血管塞栓用プラグ,2024-06-01,2024-07-01,2024-07-02,t_ALL20250530.csv,1.0
25195,0,710010718,ヒト自家移植組織（自家培養軟骨・採取・培養キット）,0.0,0.0,,1.0,1000000.0,0.0,0.0,0.0,1.0,895000.0,0.0,0.0,0.0,,0.0,ヒト自家移植組織・自家培養軟骨・採取・培養キット,2024-06-01,2024-07-01,2024-07-02,t_ALL20250530.csv,1.0
25196,0,710010719,子宮用止血バルーンカテーテル,0.0,0.0,,1.0,18700.0,0.0,0.0,0.0,1.0,18700.0,0.0,0.0,0.0,,0.0,子宮用止血バルーンカテーテル,2024-06-01,2024-07-01,2024-07-02,t_ALL20250530.csv,1.0
25197,0,710010720,心房中隔穿刺針（高周波型・標準型）,0.0,0.0,,1.0,54100.0,0.0,0.0,0.0,1.0,54100.0,0.0,0.0,0.0,,0.0,心房中隔穿刺針・高周波型・標準型,2025-03-01,2025-04-01,2025-04-02,t_ALL20250530.csv,1.0
25198,0,710010721,人工股関節用材（骨盤側材・カップライナー一体型（間）（３））,0.0,0.0,,1.0,95700.0,0.0,0.0,0.0,1.0,96500.0,0.0,0.0,0.0,,0.0,人工股関節用材料・骨盤側材料・カップ・ライナー一体型（間接固定型）（３）,2024-06-01,2024-07-01,2024-07-02,t_ALL20250530.csv,1.0
25199,0,710010722,髄内釘（位置情報表示装置（プローブ・ドリル））,0.0,0.0,,1.0,23400.0,0.0,0.0,0.0,1.0,23400.0,0.0,0.0,0.0,,0.0,髄内釘・位置情報表示装置（プローブ・ドリル）,2024-06-01,2024-07-01,2024-07-02,t_ALL20250530.csv,1.0
7972,9,710010723,ペースメーカー（シングルチャンバ・ＭＲＩ対応型）,0.0,0.0,,0.0,0.0,0.0,0.0,0.0,1.0,751000.0,0.0,0.0,0.0,20180331,0.0,ペースメーカー・シングルチャンバ・ＭＲＩ対応型,2018-04-01,2018-05-01,2018-05-02,t20180305.csv,1.0
25200,0,710010724,植込型除細動器用カテーテル電極（アダプター）,0.0,0.0,,1.0,268000.0,0.0,0.0,0.0,1.0,268000.0,0.0,0.0,0.0,,0.0,植込型除細動器用カテーテル電極・アダプター,2024-06-01,2024-07-01,2024-07-02,t_ALL20250530.csv,1.0
25201,0,710010725,血管内手術用カテーテル（交換用カテーテル）,0.0,0.0,,1.0,18100.0,0.0,0.0,0.0,1.0,18400.0,0.0,0.0,0.0,,0.0,血管内手術用カテーテル・交換用カテーテル,2024-06-01,2024-07-01,2024-07-02,t_ALL20250530.csv,1.0
25202,0,710010726,組織拡張器（乳房用）,0.0,0.0,,1.0,98800.0,0.0,0.0,0.0,1.0,66000.0,0.0,0.0,0.0,,0.0,組織拡張器・乳房用,2024-06-01,2024-07-01,2024-07-02,t_ALL20250530.csv,1.0
25203,0,710010727,大動脈用ステントグラフト（胸部大動脈用・メイン部分・分岐）,0.0,0.0,,1.0,2060000.0,0.0,0.0,0.0,1.0,2060000.0,0.0,0.0,0.0,,0.0,大動脈用ステントグラフト・胸部大動脈用ステントグラフト（メイン部分）・血管分岐部対応型,2024-06-01,2024-07-01,2024-07-02,t_ALL20250530.csv,1.0
2437,9,710010728,大動脈用ステントグラフト（胸部大動脈用・メイン部分・分岐）・指定,0.0,0.0,,1.0,2020000.0,0.0,0.0,0.0,1.0,1970000.0,0.0,0.0,0.0,20150630,0.0,大動脈用ステントグラフト・胸部大動脈用ステントグラフト（メイン部分）・血管分岐部対応型・指定承認番号２２４００ＢＺＸ００５１６０００,2015-07-01,2015-08-01,2015-08-02,t20150630.csv,1.0
25204,0,710010729,神経再生誘導材,0.0,0.0,,1.0,406000.0,0.0,0.0,0.0,1.0,406000.0,0.0,0.0,0.0,,0.0,神経再生誘導材,2024-06-01,2024-07-01,2024-07-02,t_ALL20250530.csv,1.0
25205,0,710010730,気管支用充填材,0.0,0.0,,1.0,20100.0,0.0,0.0,0.0,1.0,20100.0,0.0,0.0,0.0,,0.0,気管支用充填材,2024-06-01,2024-07-01,2024-07-02,t_ALL20250530.csv,1.0
25206,0,710010731,陰圧創傷治療用カートリッジ,0.0,0.0,,1.0,19800.0,0.0,0.0,0.0,1.0,19800.0,0.0,0.0,0.0,,0.0,陰圧創傷治療用カートリッジ,2024-06-01,2024-07-01,2024-07-02,t_ALL20250530.csv,1.0
25207,0,710010732,人工乳房,0.0,0.0,,1.0,106000.0,0.0,0.0,0.0,1.0,72600.0,0.0,0.0,0.0,,0.0,人工乳房,2024-06-01,2024-07-01,2024-07-02,t_ALL20250530.csv,1.0
25208,0,710010733,人工股関節用材（大腿骨側材・骨頭用・バイポーラカップ（２））,0.0,0.0,,1.0,150000.0,0.0,0.0,0.0,1.0,139000.0,0.0,0.0,0.0,,0.0,人工股関節用材料・大腿骨側材料・人工骨頭用・バイポーラカップ（２）,2024-06-01,2024-07-01,2024-07-02,t_ALL20250530.csv,1.0
25209,0,710010734,人工膝関節用材（大腿骨側材・片側置換用（間）・特殊型）,0.0,0.0,,1.0,185000.0,0.0,0.0,0.0,1.0,185000.0,0.0,0.0,0.0,,0.0,人工膝関節用材料・大腿骨側材料・片側置換用材料（間接固定型）・特殊型,2024-06-01,2024-07-01,2024-07-02,t_ALL20250530.csv,1.0
7983,9,710010735,固定用内副子（プレート）（その他・標準・下顎・骨盤再建・三次元）,0.0,0.0,,0.0,0.0,0.0,0.0,0.0,1.0,71300.0,0.0,0.0,0.0,20180331,0.0,固定用内副子（プレート）・その他のプレート・標準・下顎骨・骨盤再建用・三次元型,2018-04-01,2018-05-01,2018-05-02,t20180305.csv,1.0
25210,0,710010736,髄内釘（横止めスクリュー・特殊型）,0.0,0.0,,1.0,17100.0,0.0,0.0,0.0,1.0,17100.0,0.0,0.0,0.0,,0.0,髄内釘・横止めスクリュー・特殊型,2024-06-01,2024-07-01,2024-07-02,t_ALL20250530.csv,1.0
7985,9,710010737,植込型除細動器（３型・ＭＲＩ対応型）,0.0,0.0,,0.0,0.0,0.0,0.0,0.0,1.0,3140000.0,0.0,0.0,0.0,20180331,0.0,植込型除細動器・植込型除細動器（３型）・ＭＲＩ対応型,2018-04-01,2018-05-01,2018-05-02,t20180305.csv,1.0
2468,9,710010738,植込型除細動器（３型・ＭＲＩ対応型）・指定番号ＢＺＸ００２９２,0.0,0.0,,1.0,3320000.0,0.0,0.0,0.0,1.0,3230000.0,0.0,0.0,0.0,20150930,0.0,植込型除細動器・植込型除細動器（３型）・ＭＲＩ対応型・指定承認番号２２５００ＢＺＸ００２９２０００,2015-10-01,2015-11-01,2015-11-02,t20150918.csv,1.0
2469,9,710010739,植込型除細動器（３型・ＭＲＩ対応型）・指定番号ＢＺＸ００２９４,0.0,0.0,,1.0,3320000.0,0.0,0.0,0.0,1.0,3230000.0,0.0,0.0,0.0,20150930,0.0,植込型除細動器・植込型除細動器（３型）・ＭＲＩ対応型・指定承認番号２２５００ＢＺＸ００２９４０００,2015-10-01,2015-11-01,2015-11-02,t20150918.csv,1.0
7986,9,710010740,植込型除細動器（５型・ＭＲＩ対応型）,0.0,0.0,,0.0,0.0,0.0,0.0,0.0,1.0,3300000.0,0.0,0.0,0.0,20180331,0.0,植込型除細動器・植込型除細動器（５型）・ＭＲＩ対応型,2018-04-01,2018-05-01,2018-05-02,t20180305.csv,1.0
2470,9,710010741,植込型除細動器（５型・ＭＲＩ対応型）・指定番号ＢＺＸ００２９２,0.0,0.0,,1.0,3380000.0,0.0,0.0,0.0,1.0,3290000.0,0.0,0.0,0.0,20150930,0.0,植込型除細動器・植込型除細動器（５型）・ＭＲＩ対応型・指定承認番号２２５００ＢＺＸ００２９２０００,2015-10-01,2015-11-01,2015-11-02,t20150918.csv,1.0
2471,9,710010742,植込型除細動器（５型・ＭＲＩ対応型）・指定番号ＢＺＸ００２９４,0.0,0.0,,1.0,3380000.0,0.0,0.0,0.0,1.0,3290000.0,0.0,0.0,0.0,20150930,0.0,植込型除細動器・植込型除細動器（５型）・ＭＲＩ対応型・指定承認番号２２５００ＢＺＸ００２９４０００,2015-10-01,2015-11-01,2015-11-02,t20150918.csv,1.0
7987,9,710010743,両室ペーシング機能付き植込型除細動器（単極又は双極用・ＭＲＩ）,0.0,0.0,,0.0,0.0,0.0,0.0,0.0,1.0,4000000.0,0.0,0.0,0.0,20180331,0.0,両室ペーシング機能付き植込型除細動器・単極又は双極用・ＭＲＩ対応型,2018-04-01,2018-05-01,2018-05-02,t20180305.csv,1.0
2472,9,710010744,両室ペーシング機能付き植込型除細動器・単極又は双極・ＭＲＩ・指定,0.0,0.0,,1.0,4530000.0,0.0,0.0,0.0,1.0,4410000.0,0.0,0.0,0.0,20150930,0.0,両室ペーシング機能付き植込型除細動器・単極又は双極用・ＭＲＩ対応型・指定承認番号２２５００ＢＺＸ００２９３０００,2015-10-01,2015-11-01,2015-11-02,t20150918.csv,1.0
25211,0,710010745,経カテーテル人工生体弁セット（バルーン拡張・期限付改良加算なし）,0.0,0.0,,1.0,4510000.0,0.0,0.0,0.0,1.0,4510000.0,0.0,0.0,0.0,,0.0,経カテーテル人工生体弁セット・バルーン拡張型人工生体弁セット・期限付改良加算なし,2024-06-01,2024-07-01,2024-07-02,t_ALL20250530.csv,1.0
2473,9,710010746,バルーン拡張型人工生体弁セット・指定番号,0.0,0.0,,1.0,4650000.0,0.0,0.0,0.0,1.0,4530000.0,0.0,0.0,0.0,20150930,0.0,バルーン拡張型人工生体弁セット・指定承認番号２２５００ＢＺＸ００２７００００,2015-10-01,2015-11-01,2015-11-02,t20150918.csv,1.0
19658,9,710010747,血管内塞栓材（止血用）,0.0,0.0,,1.0,9040.0,0.0,0.0,0.0,1.0,9040.0,0.0,0.0,0.0,20220331,0.0,血管内塞栓材・止血用,2022-04-01,2022-05-01,2022-05-02,t20220331.csv,1.0
7990,9,710010748,固定用内副子（プレート）（その他・標準・下顎・骨盤再建・三次元）,0.0,0.0,,0.0,0.0,0.0,0.0,0.0,1.0,71300.0,0.0,0.0,0.0,20180331,0.0,固定用内副子（プレート）・その他のプレート・標準・下顎骨・骨盤再建用・三次元型,2018-04-01,2018-05-01,2018-05-02,t20180305.csv,1.0
25212,0,710010749,合成吸収性骨片接合材（頭蓋骨閉鎖用クランプ・汎用）,0.0,0.0,,1.0,19500.0,0.0,0.0,0.0,1.0,19500.0,0.0,0.0,0.0,,0.0,合成吸収性骨片接合材料・頭蓋骨閉鎖用クランプ・汎用,2024-06-01,2024-07-01,2024-07-02,t_ALL20250530.csv,1.0
7992,9,710010750,植込型脳・脊髄電気刺激装置（疼痛除去用）（１６極以上用・ＭＲＩ）,0.0,0.0,,0.0,0.0,0.0,0.0,0.0,1.0,1720000.0,0.0,0.0,0.0,20180331,0.0,植込型脳・脊髄電気刺激装置・疼痛除去用（１６極以上用）・ＭＲＩ対応型,2018-04-01,2018-05-01,2018-05-02,t20180305.csv,1.0
7993,9,710010751,植込型脳・脊髄電気刺激装置（疼痛除去・１６極・充・変換・ＭＲＩ）,0.0,0.0,,0.0,0.0,0.0,0.0,0.0,1.0,2120000.0,0.0,0.0,0.0,20180331,0.0,植込型脳・脊髄電気刺激装置・疼痛除去用（１６極以上用）充電式・体位変換対応型・ＭＲＩ対応型,2018-04-01,2018-05-01,2018-05-02,t20180305.csv,1.0
7994,9,710010752,ペースメーカー（トリプルチャンバ２型・単極又は双極・ＭＲＩ）,0.0,0.0,,0.0,0.0,0.0,0.0,0.0,1.0,1670000.0,0.0,0.0,0.0,20180331,0.0,ペースメーカー・トリプルチャンバ（２型）・単極用又は双極用・ＭＲＩ対応型,2018-04-01,2018-05-01,2018-05-02,t20180305.csv,1.0
4157,9,710010753,ペースメーカー・トリプルチャンバ２型・単極又は双極・ＭＲＩ・指定,0.0,0.0,,1.0,1750000.0,0.0,0.0,0.0,1.0,1710000.0,0.0,0.0,0.0,20151231,0.0,ペースメーカー・トリプルチャンバ（２型）・単極用又は双極用・ＭＲＩ対応型・指定承認番号２２５００ＢＺＸ００３６８０００,2016-01-01,2016-02-01,2016-02-02,t_ALL20151228.csv,1.0
25213,0,710010754,ＰＴＣＡ用カテーテル（再狭窄抑制型）,0.0,0.0,,1.0,173000.0,0.0,0.0,0.0,1.0,173000.0,0.0,0.0,0.0,,0.0,心臓手術用カテーテル・経皮的冠動脈形成術用カテーテル・再狭窄抑制型,2024-06-01,2024-07-01,2024-07-02,t_ALL20250530.csv,1.0
4159,9,710010755,ＰＴＣＡ用カテーテル（再狭窄抑制型）・指定番号,0.0,0.0,,1.0,178000.0,0.0,0.0,0.0,1.0,174000.0,0.0,0.0,0.0,20151231,0.0,心臓手術用カテーテル・経皮的冠動脈形成術用カテーテル・再狭窄抑制型・指定承認番号２２５００ＢＺＸ００３２２０００,2016-01-01,2016-02-01,2016-02-02,t_ALL20151228.csv,1.0
25214,0,710010756,体温調節用カテーテル（発熱管理型）,0.0,0.0,,1.0,77400.0,0.0,0.0,0.0,1.0,77400.0,0.0,0.0,0.0,,0.0,血管内手術用カテーテル・体温調節用カテーテル・発熱管理型,2024-06-01,2024-07-01,2024-07-02,t_ALL20250530.csv,1.0
25215,0,710010757,人工血管（永久留置型・小血管用・ヘパリン使用・外部サポートあり）,40.0,2.0,ｃｍ,1.0,3700.0,0.0,0.0,0.0,1.0,3700.0,0.0,0.0,0.0,,0.0,人工血管・永久留置型・小血管用・ヘパリン使用型・外部サポートあり,2024-06-01,2024-07-01,2024-07-02,t_ALL20250530.csv,1.0
25216,0,710010758,人工血管（永久留置型・小血管用・ヘパリン使用・外部サポートなし）,40.0,2.0,ｃｍ,1.0,2710.0,0.0,0.0,0.0,1.0,2710.0,0.0,0.0,0.0,,0.0,人工血管・永久留置型・小血管用・ヘパリン使用型・外部サポートなし,2024-06-01,2024-07-01,2024-07-02,t_ALL20250530.csv,1.0
25217,0,710010759,両室ペーシング機能付き植込型除細動器（単極又は双極・自動）,0.0,0.0,,1.0,3130000.0,0.0,0.0,0.0,1.0,3510000.0,0.0,0.0,0.0,,0.0,両室ペーシング機能付き植込型除細動器・単極又は双極用・自動調整機能付き,2024-06-01,2024-07-01,2024-07-02,t_ALL20250530.csv,1.0
4164,9,710010760,両室ペーシング機能付き植込型除細動器（単極又は双極・自動）・指定,0.0,0.0,,1.0,4530000.0,0.0,0.0,0.0,1.0,4410000.0,0.0,0.0,0.0,20151231,0.0,両室ペーシング機能付き植込型除細動器・単極又は双極用・自動調整機能付き・指定承認番号２２５００ＢＺＸ００３２００００,2016-01-01,2016-02-01,2016-02-02,t_ALL20151228.csv,1.0
25218,0,710010761,両室ペーシング機能付き植込型除細動器（４極用・自動）,0.0,0.0,,1.0,4120000.0,0.0,0.0,0.0,1.0,4410000.0,0.0,0.0,0.0,,0.0,両室ペーシング機能付き植込型除細動器・４極用・自動調整機能付き,2024-06-01,2024-07-01,2024-07-02,t_ALL20250530.csv,1.0
4166,9,710010762,両室ペーシング機能付き植込型除細動器（４極用・自動）・指定,0.0,0.0,,1.0,4730000.0,0.0,0.0,0.0,1.0,4610000.0,0.0,0.0,0.0,20151231,0.0,両室ペーシング機能付き植込型除細動器・４極用・自動調整機能付き・指定承認番号２２５００ＢＺＸ００４０２０００,2016-01-01,2016-02-01,2016-02-02,t_ALL20151228.csv,1.0
25219,0,710010763,カプセル型内視鏡（大腸用）,0.0,0.0,,1.0,81300.0,0.0,0.0,0.0,1.0,83200.0,0.0,0.0,0.0,,0.0,カプセル型内視鏡・大腸用,2024-06-01,2024-07-01,2024-07-02,t_ALL20250530.csv,1.0
4168,9,710010764,カプセル型内視鏡（大腸用）・指定番号,0.0,0.0,,1.0,85400.0,0.0,0.0,0.0,1.0,83100.0,0.0,0.0,0.0,20151231,0.0,カプセル型内視鏡・大腸用・指定承認番号・２２５００ＢＺＸ００３１００００,2016-01-01,2016-02-01,2016-02-02,t_ALL20151228.csv,1.0
25220,0,710010765,消化管用ステントセット（カバーあり）,0.0,0.0,,1.0,270000.0,0.0,0.0,0.0,1.0,270000.0,0.0,0.0,0.0,,0.0,消化管用ステントセット・カバーあり,2024-06-01,2024-07-01,2024-07-02,t_ALL20250530.csv,1.0
19668,9,710010766,血管内塞栓材（動脈塞栓療法用）,0.0,0.0,,1.0,27600.0,0.0,0.0,0.0,1.0,27600.0,0.0,0.0,0.0,20220331,0.0,血管内塞栓材・動脈塞栓療法用,2022-04-01,2022-05-01,2022-05-02,t20220331.csv,1.0
19669,9,710010767,血管内塞栓材（動脈化学塞栓療法用）,0.0,0.0,,1.0,103000.0,0.0,0.0,0.0,1.0,103000.0,0.0,0.0,0.0,20220331,0.0,血管内塞栓材・動脈化学塞栓療法用,2022-04-01,2022-05-01,2022-05-02,t20220331.csv,1.0
8005,9,710010768,中心静脈用カテーテル（末梢留置型・逆流防止機能付き・マルチ）,0.0,0.0,,0.0,0.0,0.0,0.0,0.0,1.0,20500.0,0.0,0.0,0.0,20180331,0.0,中心静脈用カテーテル・末梢留置型中心静脈カテーテル・逆流防止機能付き・マルチルーメン,2018-04-01,2018-05-01,2018-05-02,t20180305.csv,1.0
25221,0,710010769,人工股関節用材（骨盤側材料・デュアルモビリティ化ライナー）,0.0,0.0,,1.0,106000.0,0.0,0.0,0.0,1.0,57800.0,0.0,0.0,0.0,,0.0,人工股関節用材料・骨盤側材料・デュアルモビリティ化ライナー,2024-06-01,2024-07-01,2024-07-02,t_ALL20250530.csv,1.0
5465,9,710010770,オプション部品（人工肩関節再置換用ステムヘッド）,0.0,0.0,,0.0,0.0,0.0,0.0,0.0,1.0,179000.0,0.0,0.0,0.0,20160331,0.0,オプション部品・人工肩関節再置換用ステムヘッド,2016-04-01,2016-05-01,2016-05-02,t_ALL20160304.csv,1.0
25222,0,710010771,固定用内副子（プレート）（骨端用（生体用合金１）・矯正（小児））,0.0,0.0,,1.0,86000.0,0.0,0.0,0.0,1.0,86000.0,0.0,0.0,0.0,,0.0,固定用内副子（プレート）・骨端用プレート（生体用合金１）・内外反変形矯正用（小児）,2024-06-01,2024-07-01,2024-07-02,t_ALL20250530.csv,1.0
5467,9,710010772,人工肩関節用材（リバース型・上腕骨ステム・標準型）,0.0,0.0,,0.0,0.0,0.0,0.0,0.0,1.0,293000.0,0.0,0.0,0.0,20160331,0.0,人工肩関節用材料・リバース型・上腕骨ステム・標準型,2016-04-01,2016-05-01,2016-05-02,t_ALL20160304.csv,1.0
25223,0,710010773,人工肩関節用材（上腕骨側材・スペーサー）,0.0,0.0,,1.0,100000.0,0.0,0.0,0.0,1.0,100000.0,0.0,0.0,0.0,,0.0,人工肩関節用材料・上腕骨側材料・スペーサー,2024-06-01,2024-07-01,2024-07-02,t_ALL20250530.csv,1.0
25224,0,710010774,人工肩関節用材（上腕骨側材・インサート・標準型）,0.0,0.0,,1.0,33100.0,0.0,0.0,0.0,1.0,33100.0,0.0,0.0,0.0,,0.0,人工肩関節用材料・上腕骨側材料・インサート・標準型,2024-06-01,2024-07-01,2024-07-02,t_ALL20250530.csv,1.0
25225,0,710010775,人工肩関節用材（肩甲骨側材・関節窩ヘッド・標準型）,0.0,0.0,,1.0,158000.0,0.0,0.0,0.0,1.0,158000.0,0.0,0.0,0.0,,0.0,人工肩関節用材料・肩甲骨側材料・関節窩ヘッド・標準型,2024-06-01,2024-07-01,2024-07-02,t_ALL20250530.csv,1.0
25226,0,710010776,人工肩関節用材（肩甲骨側材・ベースプレート・標準型）,0.0,0.0,,1.0,167000.0,0.0,0.0,0.0,1.0,167000.0,0.0,0.0,0.0,,0.0,人工肩関節用材料・肩甲骨側材料・ベースプレート・標準型,2024-06-01,2024-07-01,2024-07-02,t_ALL20250530.csv,1.0
25227,0,710010777,人工喉頭（音声回復用人工補装具・長期留置型）,0.0,0.0,,1.0,42400.0,0.0,0.0,0.0,1.0,42400.0,0.0,0.0,0.0,,0.0,人工喉頭・音声回復用人工補装具・長期留置型,2024-06-01,2024-07-01,2024-07-02,t_ALL20250530.csv,1.0
25228,0,710010778,気管・気管支・大静脈ステント（一時留置型・Ｙ字型）,0.0,0.0,,1.0,114000.0,0.0,0.0,0.0,1.0,53800.0,0.0,0.0,0.0,,0.0,気管・気管支・大静脈ステント・一時留置型・Ｙ字型,2024-06-01,2024-07-01,2024-07-02,t_ALL20250530.csv,1.0
25229,0,710010779,人工心肺回路（個別機能品・血液学的パラメーター測定・センサー付）,0.0,0.0,,1.0,14100.0,0.0,0.0,0.0,1.0,14100.0,0.0,0.0,0.0,,0.0,人工心肺回路・個別機能品・血液学的パラメーター測定用セル・ガス分圧センサー付き,2024-06-01,2024-07-01,2024-07-02,t_ALL20250530.csv,1.0
19679,9,710010780,人工血管（永久留置型・大血管用・分岐なし・特殊型）,0.0,0.0,,1.0,115000.0,0.0,0.0,0.0,1.0,115000.0,0.0,0.0,0.0,20220331,0.0,人工血管・永久留置型・大血管用・分岐なし・特殊型,2022-04-01,2022-05-01,2022-05-02,t20220331.csv,1.0
25230,0,710010781,人工血管（永久留置型・大血管用・１分岐・特殊型）,0.0,0.0,,1.0,203000.0,0.0,0.0,0.0,1.0,227000.0,0.0,0.0,0.0,,0.0,人工血管・永久留置型・大血管用・１分岐・特殊型,2024-06-01,2024-07-01,2024-07-02,t_ALL20250530.csv,1.0
25231,0,710010782,人工血管（永久留置型・大血管用・２分岐以上・特殊型）,0.0,0.0,,1.0,257000.0,0.0,0.0,0.0,1.0,286000.0,0.0,0.0,0.0,,0.0,人工血管・永久留置型・大血管用・２分岐以上・特殊型,2024-06-01,2024-07-01,2024-07-02,t_ALL20250530.csv,1.0
19682,9,710010783,人工血管（永久留置型・大血管用・腹大動脈分岐用・特殊型）,0.0,0.0,,1.0,153000.0,0.0,0.0,0.0,1.0,153000.0,0.0,0.0,0.0,20220331,0.0,人工血管・永久留置型・大血管用・腹大動脈分岐用・特殊型,2022-04-01,2022-05-01,2022-05-02,t20220331.csv,1.0
25232,0,710010784,人工血管（永久留置型・小血管用・特殊型・外部サポートあり）,40.0,2.0,ｃｍ,1.0,3030.0,0.0,0.0,0.0,1.0,3030.0,0.0,0.0,0.0,,0.0,人工血管・永久留置型・小血管用・特殊型・外部サポートあり,2024-06-01,2024-07-01,2024-07-02,t_ALL20250530.csv,1.0
25233,0,710010785,人工血管（永久留置型・小血管用・特殊型・外部サポートなし）,40.0,2.0,ｃｍ,1.0,2230.0,0.0,0.0,0.0,1.0,2240.0,0.0,0.0,0.0,,0.0,人工血管・永久留置型・小血管用・特殊型・外部サポートなし,2024-06-01,2024-07-01,2024-07-02,t_ALL20250530.csv,1.0
25234,0,710010786,外科用接着用材料（特殊型）,33.0,1.0,ｇ,1.0,13800.0,0.0,0.0,0.0,1.0,13800.0,0.0,0.0,0.0,,0.0,外科用接着用材料・特殊型,2024-06-01,2024-07-01,2024-07-02,t_ALL20250530.csv,1.0
25235,0,710010787,仙骨神経刺激装置（標準型）,0.0,0.0,,1.0,1010000.0,0.0,0.0,0.0,1.0,1010000.0,0.0,0.0,0.0,,0.0,仙骨神経刺激装置・標準型,2024-06-01,2024-07-01,2024-07-02,t_ALL20250530.csv,1.0
8023,9,710010788,中心静脈用カテーテル（末梢留置型・逆流防止機能付き・マルチ）,0.0,0.0,,0.0,0.0,0.0,0.0,0.0,1.0,20500.0,0.0,0.0,0.0,20180331,0.0,中心静脈用カテーテル・末梢留置型中心静脈カテーテル・逆流防止機能付き・マルチルーメン,2018-04-01,2018-05-01,2018-05-02,t20180305.csv,1.0
25236,0,710010789,歯科用合着・接着材料１（グラスアイオノマー系・標準型）,33.0,1.0,ｇ,1.0,259.0,0.0,0.0,0.0,1.0,259.0,0.0,0.0,0.0,,0.0,歯科用合着・接着材料１・グラスアイオノマー系・標準型,2024-06-01,2024-07-01,2024-07-02,t_ALL20250530.csv,1.0
25237,0,710010790,歯科充填用材料１（グラスアイオノマー系・標準型）,33.0,1.0,ｇ,1.0,527.0,0.0,0.0,0.0,1.0,550.0,0.0,0.0,0.0,,0.0,歯科充填用材料１・グラスアイオノマー系・標準型,2024-06-01,2024-07-01,2024-07-02,t_ALL20250530.csv,1.0
25238,0,710010791,歯科充填用材料２（グラスアイオノマー系・標準型）,33.0,1.0,ｇ,1.0,202.0,0.0,0.0,0.0,1.0,202.0,0.0,0.0,0.0,,0.0,歯科充填用材料２・グラスアイオノマー系・標準型,2024-06-01,2024-07-01,2024-07-02,t_ALL20250530.csv,1.0
25239,0,710010792,ＣＡＤ／ＣＡＭ冠用材料（２）,10.0,1.0,個,1.0,1630.0,0.0,0.0,0.0,1.0,1810.0,0.0,0.0,0.0,,0.0,ＣＡＤ／ＣＡＭ冠用材料（２）,2024-06-01,2024-07-01,2024-07-02,t_ALL20250530.csv,1.0
25240,0,710010793,歯科用合着・接着材料１（グラスアイオノマー系・標準型）,33.0,1.0,ｇ,1.0,259.0,0.0,0.0,0.0,1.0,259.0,0.0,0.0,0.0,,0.0,歯科用合着・接着材料１・グラスアイオノマー系・標準型,2024-06-01,2024-07-01,2024-07-02,t_ALL20250530.csv,1.0
25241,0,710010794,歯科矯正用アンカースクリュー,7.0,1.0,本,1.0,3780.0,0.0,0.0,0.0,1.0,3780.0,0.0,0.0,0.0,,0.0,歯科矯正用アンカースクリュー,2024-06-01,2024-07-01,2024-07-02,t_ALL20250530.csv,1.0
25242,0,710010795,気管切開後留置用チューブ（在宅）（カフ付チューブ吸引有・一重管）,0.0,0.0,,1.0,4020.0,0.0,0.0,0.0,1.0,4110.0,0.0,0.0,0.0,,0.0,在宅寝たきり患者処置用気管切開後留置用チューブ・一般型・カフ付き気管切開チューブ・カフ上部吸引機能あり・一重管,2024-06-01,2024-07-01,2024-07-02,t_ALL20250530.csv,1.0
25243,0,710010796,気管切開後留置用チューブ（在宅）（カフ付チューブ吸引有・二重管）,0.0,0.0,,1.0,5690.0,0.0,0.0,0.0,1.0,5790.0,0.0,0.0,0.0,,0.0,在宅寝たきり患者処置用気管切開後留置用チューブ・一般型・カフ付き気管切開チューブ・カフ上部吸引機能あり・二重管,2024-06-01,2024-07-01,2024-07-02,t_ALL20250530.csv,1.0
25244,0,710010797,気管切開後留置用チューブ（在宅）（カフ付チューブ吸引無・一重管）,0.0,0.0,,1.0,3800.0,0.0,0.0,0.0,1.0,3800.0,0.0,0.0,0.0,,0.0,在宅寝たきり患者処置用気管切開後留置用チューブ・一般型・カフ付き気管切開チューブ・カフ上部吸引機能なし・一重管,2024-06-01,2024-07-01,2024-07-02,t_ALL20250530.csv,1.0
25245,0,710010798,気管切開後留置用チューブ（在宅）（カフ付チューブ吸引無・二重管）,0.0,0.0,,1.0,6080.0,0.0,0.0,0.0,1.0,6080.0,0.0,0.0,0.0,,0.0,在宅寝たきり患者処置用気管切開後留置用チューブ・一般型・カフ付き気管切開チューブ・カフ上部吸引機能なし・二重管,2024-06-01,2024-07-01,2024-07-02,t_ALL20250530.csv,1.0
25246,0,710010799,気管切開後留置用チューブ（在宅）（カフなし気管切開チューブ）,0.0,0.0,,1.0,4080.0,0.0,0.0,0.0,1.0,4080.0,0.0,0.0,0.0,,0.0,在宅寝たきり患者処置用気管切開後留置用チューブ・一般型・カフなし気管切開チューブ,2024-06-01,2024-07-01,2024-07-02,t_ALL20250530.csv,1.0
25247,0,710010800,気管切開後留置用チューブ（在宅）（輪状甲状膜切開チューブ）,0.0,0.0,,1.0,2030.0,0.0,0.0,0.0,1.0,2740.0,0.0,0.0,0.0,,0.0,在宅寝たきり患者処置用気管切開後留置用チューブ・輪状甲状膜切開チューブ,2024-06-01,2024-07-01,2024-07-02,t_ALL20250530.csv,1.0
25248,0,710010801,気管切開後留置用チューブ（在宅）（保持用気管切開チューブ）,0.0,0.0,,1.0,6140.0,0.0,0.0,0.0,1.0,6140.0,0.0,0.0,0.0,,0.0,在宅寝たきり患者処置用気管切開後留置用チューブ・保持用気管切開チューブ,2024-06-01,2024-07-01,2024-07-02,t_ALL20250530.csv,1.0
25249,0,710010802,膀胱留置用ディスポーザブルカテーテル（在宅）（２管一般（１））,0.0,0.0,,1.0,233.0,0.0,0.0,0.0,1.0,233.0,0.0,0.0,0.0,,0.0,在宅寝たきり患者処置用膀胱留置用ディスポーザブルカテーテル・２管一般（１）,2024-06-01,2024-07-01,2024-07-02,t_ALL20250530.csv,1.0
25250,0,710010803,膀胱留置用ディスポーザブルカテーテル（在宅・２管（２）・標準型）,0.0,0.0,,1.0,561.0,0.0,0.0,0.0,1.0,561.0,0.0,0.0,0.0,,0.0,在宅寝たきり患者処置用膀胱留置用ディスポーザブルカテーテル・２管一般（２）・標準型,2024-06-01,2024-07-01,2024-07-02,t_ALL20250530.csv,1.0
25251,0,710010804,膀胱留置用ディスポーザブルカテーテル（在宅・２管（３）・標準型）,0.0,0.0,,1.0,1650.0,0.0,0.0,0.0,1.0,1650.0,0.0,0.0,0.0,,0.0,在宅寝たきり患者処置用膀胱留置用ディスポーザブルカテーテル・２管一般（３）・標準型,2024-06-01,2024-07-01,2024-07-02,t_ALL20250530.csv,1.0
25252,0,710010805,膀胱留置用ディスポーザブルカテーテル（在宅）（特定（１））,0.0,0.0,,1.0,741.0,0.0,0.0,0.0,1.0,741.0,0.0,0.0,0.0,,0.0,在宅寝たきり患者処置用膀胱留置用ディスポーザブルカテーテル・特定（１）,2024-06-01,2024-07-01,2024-07-02,t_ALL20250530.csv,1.0
25253,0,710010806,膀胱留置用ディスポーザブルカテーテル（在宅）（特定（２））,0.0,0.0,,1.0,2060.0,0.0,0.0,0.0,1.0,2090.0,0.0,0.0,0.0,,0.0,在宅寝たきり患者処置用膀胱留置用ディスポーザブルカテーテル・特定（２）,2024-06-01,2024-07-01,2024-07-02,t_ALL20250530.csv,1.0
5502,9,710010807,ホローファイバー型・積層型（キール型）１．５ｍ２未満１・２・在宅,0.0,0.0,,0.0,0.0,0.0,0.0,0.0,1.0,1610.0,0.0,0.0,0.0,20160331,0.0,在宅血液透析用特定保険医療材料（回路を含む。）・ダイアライザー・ホローファイバー型及び積層型（キール型）（膜面積１．５ｍ２未満）（１・２）,2016-04-01,2016-05-01,2016-05-02,t_ALL20160304.csv,1.0
5503,9,710010808,ホローファイバー型及び積層型（キール型）１．５ｍ２未満３（在宅）,0.0,0.0,,0.0,0.0,0.0,0.0,0.0,1.0,1510.0,0.0,0.0,0.0,20160331,0.0,在宅血液透析用特定保険医療材料（回路を含む。）・ダイアライザー・ホローファイバー型及び積層型（キール型）（膜面積１．５ｍ２未満）（３）,2016-04-01,2016-05-01,2016-05-02,t_ALL20160304.csv,1.0
5504,9,710010809,ホローファイバー型及び積層型（キール型）１．５ｍ２未満４（在宅）,0.0,0.0,,0.0,0.0,0.0,0.0,0.0,1.0,1750.0,0.0,0.0,0.0,20160331,0.0,在宅血液透析用特定保険医療材料（回路を含む。）・ダイアライザー・ホローファイバー型及び積層型（キール型）（膜面積１．５ｍ２未満）（４）,2016-04-01,2016-05-01,2016-05-02,t_ALL20160304.csv,1.0
5505,9,710010810,ホローファイバー型及び積層型（キール型）１．５ｍ２未満５（在宅）,0.0,0.0,,0.0,0.0,0.0,0.0,0.0,1.0,1830.0,0.0,0.0,0.0,20160331,0.0,在宅血液透析用特定保険医療材料（回路を含む。）・ダイアライザー・ホローファイバー型及び積層型（キール型）（膜面積１．５ｍ２未満）（５）,2016-04-01,2016-05-01,2016-05-02,t_ALL20160304.csv,1.0
5506,9,710010811,ホローファイバー型・積層型（キール型）１．５ｍ２以上１・２・在宅,0.0,0.0,,0.0,0.0,0.0,0.0,0.0,1.0,1690.0,0.0,0.0,0.0,20160331,0.0,在宅血液透析用特定保険医療材料（回路を含む。）・ダイアライザー・ホローファイバー型及び積層型（キール型）（膜面積１．５ｍ２以上）（１・２）,2016-04-01,2016-05-01,2016-05-02,t_ALL20160304.csv,1.0
5507,9,710010812,ホローファイバー型及び積層型（キール型）１．５ｍ２以上３（在宅）,0.0,0.0,,0.0,0.0,0.0,0.0,0.0,1.0,1550.0,0.0,0.0,0.0,20160331,0.0,在宅血液透析用特定保険医療材料（回路を含む。）・ダイアライザー・ホローファイバー型及び積層型（キール型）（膜面積１．５ｍ２以上）（３）,2016-04-01,2016-05-01,2016-05-02,t_ALL20160304.csv,1.0
5508,9,710010813,ホローファイバー型及び積層型（キール型）１．５ｍ２以上４（在宅）,0.0,0.0,,0.0,0.0,0.0,0.0,0.0,1.0,1740.0,0.0,0.0,0.0,20160331,0.0,在宅血液透析用特定保険医療材料（回路を含む。）・ダイアライザー・ホローファイバー型及び積層型（キール型）（膜面積１．５ｍ２以上２．０ｍ２未満）（４）,2016-04-01,2016-05-01,2016-05-02,t_ALL20160304.csv,1.0
5509,9,710010814,ホローファイバー型及び積層型（キール型）１．５ｍ２以上５（在宅）,0.0,0.0,,0.0,0.0,0.0,0.0,0.0,1.0,1750.0,0.0,0.0,0.0,20160331,0.0,在宅血液透析用特定保険医療材料（回路を含む。）・ダイアライザー・ホローファイバー型及び積層型（キール型）（膜面積１．５ｍ２以上２．０ｍ２未満）（５）,2016-04-01,2016-05-01,2016-05-02,t_ALL20160304.csv,1.0
5510,9,710010815,ホローファイバー型及び積層型（キール型）２．０ｍ２以上４（在宅）,0.0,0.0,,0.0,0.0,0.0,0.0,0.0,1.0,1770.0,0.0,0.0,0.0,20160331,0.0,在宅血液透析用特定保険医療材料（回路を含む。）・ダイアライザー・ホローファイバー型及び積層型（キール型）（膜面積２．０ｍ２以上）（４）,2016-04-01,2016-05-01,2016-05-02,t_ALL20160304.csv,1.0
5511,9,710010816,ホローファイバー型及び積層型（キール型）２．０ｍ２以上５（在宅）,0.0,0.0,,0.0,0.0,0.0,0.0,0.0,1.0,1830.0,0.0,0.0,0.0,20160331,0.0,在宅血液透析用特定保険医療材料（回路を含む。）・ダイアライザー・ホローファイバー型及び積層型（キール型）（膜面積２．０ｍ２以上）（５）,2016-04-01,2016-05-01,2016-05-02,t_ALL20160304.csv,1.0
25254,0,710010817,ダイアライザー特定積層型（在宅）,0.0,0.0,,1.0,5590.0,0.0,0.0,0.0,1.0,5690.0,0.0,0.0,0.0,,0.0,在宅血液透析用特定保険医療材料（回路を含む。）・ダイアライザー・特定積層型,2024-06-01,2024-07-01,2024-07-02,t_ALL20250530.csv,1.0
25255,0,710010818,吸着型血液浄化器（β２－ミクログロブリン除去用）（在宅）,0.0,0.0,,1.0,21700.0,0.0,0.0,0.0,1.0,21700.0,0.0,0.0,0.0,,0.0,在宅血液透析用特定保険医療材料（回路を含む。）・吸着型血液浄化器（β２－ミクログロブリン除去用）,2024-06-01,2024-07-01,2024-07-02,t_ALL20250530.csv,1.0
25256,0,710010819,皮膚欠損用創傷被覆材（真皮に至る創傷用）,41.0,3.0,ｃｍ２,1.0,6.0,0.0,0.0,0.0,1.0,6.0,0.0,0.0,0.0,,0.0,皮膚欠損用創傷被覆材・真皮に至る創傷用,2024-06-01,2024-07-01,2024-07-02,t_ALL20250530.csv,1.0
25257,0,710010820,皮膚欠損用創傷被覆材（皮下組織に至る創傷用・標準型）,41.0,3.0,ｃｍ２,1.0,10.0,0.0,0.0,0.0,1.0,10.0,0.0,0.0,0.0,,0.0,皮膚欠損用創傷被覆材・皮下組織に至る創傷用・標準型,2024-06-01,2024-07-01,2024-07-02,t_ALL20250530.csv,1.0
25258,0,710010821,皮膚欠損用創傷被覆材（皮下組織に至る創傷用・異形型）,33.0,1.0,ｇ,1.0,35.0,0.0,0.0,0.0,1.0,35.0,0.0,0.0,0.0,,0.0,皮膚欠損用創傷被覆材・皮下組織に至る創傷用・異形型,2024-06-01,2024-07-01,2024-07-02,t_ALL20250530.csv,1.0
25259,0,710010822,皮膚欠損用創傷被覆材（筋・骨に至る創傷用）,41.0,3.0,ｃｍ２,1.0,25.0,0.0,0.0,0.0,1.0,25.0,0.0,0.0,0.0,,0.0,皮膚欠損用創傷被覆材・筋・骨に至る創傷用,2024-06-01,2024-07-01,2024-07-02,t_ALL20250530.csv,1.0
25260,0,710010823,非固着性シリコンガーゼ（広範囲熱傷用）,0.0,0.0,,1.0,1080.0,0.0,0.0,0.0,1.0,1080.0,0.0,0.0,0.0,,0.0,非固着性シリコンガーゼ・広範囲熱傷用,2024-06-01,2024-07-01,2024-07-02,t_ALL20250530.csv,1.0
25261,0,710010824,非固着性シリコンガーゼ（平坦部位用）,0.0,0.0,,1.0,142.0,0.0,0.0,0.0,1.0,142.0,0.0,0.0,0.0,,0.0,非固着性シリコンガーゼ・平坦部位用,2024-06-01,2024-07-01,2024-07-02,t_ALL20250530.csv,1.0
25262,0,710010825,非固着性シリコンガーゼ（凹凸部位用）,0.0,0.0,,1.0,309.0,0.0,0.0,0.0,1.0,309.0,0.0,0.0,0.0,,0.0,非固着性シリコンガーゼ・凹凸部位用,2024-06-01,2024-07-01,2024-07-02,t_ALL20250530.csv,1.0
25263,0,710010826,水循環回路セット,0.0,0.0,,1.0,1100000.0,0.0,0.0,0.0,1.0,1100000.0,0.0,0.0,0.0,,0.0,水循環回路セット,2024-06-01,2024-07-01,2024-07-02,t_ALL20250530.csv,1.0
25264,0,710010827,尿管ステントセット（一般型・長期留置型）,0.0,0.0,,1.0,139000.0,0.0,0.0,0.0,1.0,139000.0,0.0,0.0,0.0,,0.0,尿管ステントセット・一般型・長期留置型,2024-06-01,2024-07-01,2024-07-02,t_ALL20250530.csv,1.0
25265,0,710010828,持続緩徐式血液濾過器（特殊型）,0.0,0.0,,1.0,27400.0,0.0,0.0,0.0,1.0,27400.0,0.0,0.0,0.0,,0.0,人工腎臓用特定保険医療材料（回路を含む。）・持続緩徐式血液濾過器・特殊型,2024-06-01,2024-07-01,2024-07-02,t_ALL20250530.csv,1.0
8054,9,710010829,持続緩徐式血液濾過器（特殊型）・指定番号,0.0,0.0,,0.0,0.0,0.0,0.0,0.0,1.0,27800.0,0.0,0.0,0.0,20180331,0.0,人工腎臓用特定保険医療材料（回路を含む。）・持続緩徐式血液濾過器・特殊型・指定承認番号２２５００ＢＺＸ００４０１０００,2018-04-01,2018-05-01,2018-05-02,t20180305.csv,1.0
25266,0,710010830,固定用内副子（プレート）（骨端用（生体用合金１）・患者適合型）,0.0,0.0,,1.0,81900.0,0.0,0.0,0.0,1.0,81900.0,0.0,0.0,0.0,,0.0,固定用内副子（プレート）・骨端用プレート（生体用合金１）・患者適合型,2024-06-01,2024-07-01,2024-07-02,t_ALL20250530.csv,1.0
25267,0,710010831,脊椎プレート（バスケット型）,0.0,0.0,,1.0,42700.0,0.0,0.0,0.0,1.0,42700.0,0.0,0.0,0.0,,0.0,脊椎固定用材料・脊椎プレート・バスケット型,2024-06-01,2024-07-01,2024-07-02,t_ALL20250530.csv,1.0
5527,9,710010832,人工肩関節用材（リバース型・上腕骨ステム・特殊型）,0.0,0.0,,0.0,0.0,0.0,0.0,0.0,1.0,318000.0,0.0,0.0,0.0,20160331,0.0,人工肩関節用材料・リバース型・上腕骨ステム・特殊型,2016-04-01,2016-05-01,2016-05-02,t_ALL20160304.csv,1.0
25268,0,710010833,人工肩関節用材（上腕骨側材・インサート・特殊型）,0.0,0.0,,1.0,54300.0,0.0,0.0,0.0,1.0,54300.0,0.0,0.0,0.0,,0.0,人工肩関節用材料・上腕骨側材料・インサート・特殊型,2024-06-01,2024-07-01,2024-07-02,t_ALL20250530.csv,1.0
25269,0,710010834,人工肩関節用材（肩甲骨側材・ベースプレート・特殊型）,0.0,0.0,,1.0,187000.0,0.0,0.0,0.0,1.0,187000.0,0.0,0.0,0.0,,0.0,人工肩関節用材料・肩甲骨側材料・ベースプレート・特殊型,2024-06-01,2024-07-01,2024-07-02,t_ALL20250530.csv,1.0
25270,0,710010835,人工肩関節用材料（切換用）,0.0,0.0,,1.0,40300.0,0.0,0.0,0.0,1.0,40300.0,0.0,0.0,0.0,,0.0,人工肩関節用材料・切換用,2024-06-01,2024-07-01,2024-07-02,t_ALL20250530.csv,1.0
25271,0,710010836,オプション部品（人工股関節用部品・骨盤用（２））,0.0,0.0,,1.0,209000.0,0.0,0.0,0.0,1.0,209000.0,0.0,0.0,0.0,,0.0,オプション部品・人工股関節用部品・骨盤用（２）,2024-06-01,2024-07-01,2024-07-02,t_ALL20250530.csv,1.0
25272,0,710010837,人工内耳用音声信号処理装置（残存聴力活用型）,0.0,0.0,,1.0,932000.0,0.0,0.0,0.0,1.0,932000.0,0.0,0.0,0.0,,0.0,人工内耳用材料・人工内耳用音声信号処理装置・残存聴力活用型,2024-06-01,2024-07-01,2024-07-02,t_ALL20250530.csv,1.0
4882,9,710010838,人工内耳用音声信号処理装置（残存聴力活用型）・指定番号,0.0,0.0,,1.0,929000.0,0.0,0.0,0.0,1.0,964000.0,0.0,0.0,0.0,20160630,0.0,人工内耳用材料・人工内耳用音声信号処理装置・残存聴力活用型・指定承認番号２２５００ＢＺＩ０００２００００,2016-07-01,2016-08-01,2016-08-02,t20160613.csv,1.0
25273,0,710010839,ペースメーカー・トリプルチャンバ（２型・４極用）,0.0,0.0,,1.0,1400000.0,0.0,0.0,0.0,1.0,1460000.0,0.0,0.0,0.0,,0.0,ペースメーカー・トリプルチャンバ（２型）・４極用,2024-06-01,2024-07-01,2024-07-02,t_ALL20250530.csv,1.0
25274,0,710010840,経皮的カテーテル心筋焼灼術用カテーテル（冷凍・バルーン型）,0.0,0.0,,1.0,649000.0,0.0,0.0,0.0,1.0,649000.0,0.0,0.0,0.0,,0.0,経皮的カテーテル心筋焼灼術用カテーテル・冷凍アブレーション用・バルーン型,2024-06-01,2024-07-01,2024-07-02,t_ALL20250530.csv,1.0
25275,0,710010841,経皮的カテーテル心筋焼灼術用カテーテル（冷凍・標準型）,0.0,0.0,,1.0,140000.0,0.0,0.0,0.0,1.0,144000.0,0.0,0.0,0.0,,0.0,経皮的カテーテル心筋焼灼術用カテーテル・冷凍アブレーション用・標準型,2024-06-01,2024-07-01,2024-07-02,t_ALL20250530.csv,1.0
22598,9,710010842,ガイディングカテーテル（脳血管用・特殊型）,0.0,0.0,,1.0,25000.0,0.0,0.0,0.0,1.0,25000.0,0.0,0.0,0.0,20240531,0.0,ガイディングカテーテル・脳血管用・特殊型,2024-06-01,2024-07-01,2024-07-02,t_ALL20240305.csv,1.0
25276,0,710010843,血栓除去用カテーテル（脳血栓除去用・自己拡張型）,0.0,0.0,,1.0,386000.0,0.0,0.0,0.0,1.0,386000.0,0.0,0.0,0.0,,0.0,血管内手術用カテーテル・血栓除去用カテーテル・脳血栓除去用・自己拡張型,2024-06-01,2024-07-01,2024-07-02,t_ALL20250530.csv,1.0
8067,9,710010844,血栓除去用カテーテル（脳血栓除去用・自己拡張型）・指定２２５００,0.0,0.0,,0.0,0.0,0.0,0.0,0.0,1.0,379000.0,0.0,0.0,0.0,20180331,0.0,血管内手術用カテーテル・血栓除去用カテーテル・脳血栓除去用・自己拡張型・指定承認番号２２５００ＢＺＸ００５４３０００,2018-04-01,2018-05-01,2018-05-02,t20180305.csv,1.0
8068,9,710010845,血栓除去用カテーテル（脳血栓除去用・自己拡張型）・指定２２６００,0.0,0.0,,0.0,0.0,0.0,0.0,0.0,1.0,379000.0,0.0,0.0,0.0,20180331,0.0,血管内手術用カテーテル・血栓除去用カテーテル・脳血栓除去用・自己拡張型・指定承認番号２２６００ＢＺＸ００１６６０００,2018-04-01,2018-05-01,2018-05-02,t20180305.csv,1.0
25277,0,710010846,脳血管用ステントセット,0.0,0.0,,1.0,501000.0,0.0,0.0,0.0,1.0,501000.0,0.0,0.0,0.0,,0.0,血管内手術用カテーテル・脳血管用ステントセット,2024-06-01,2024-07-01,2024-07-02,t_ALL20250530.csv,1.0
25278,0,710010847,大動脈用ステントグラフト（腹部大動脈用・メイン部分・ＡＵＩ型）,0.0,0.0,,1.0,1110000.0,0.0,0.0,0.0,1.0,1110000.0,0.0,0.0,0.0,,0.0,大動脈用ステントグラフト・腹部大動脈用ステントグラフト（メイン部分）・ＡＵＩ型,2024-06-01,2024-07-01,2024-07-02,t_ALL20250530.csv,1.0
25279,0,710010848,オープン型ステントグラフト,0.0,0.0,,1.0,1110000.0,0.0,0.0,0.0,1.0,1110000.0,0.0,0.0,0.0,,0.0,オープン型ステントグラフト,2024-06-01,2024-07-01,2024-07-02,t_ALL20250530.csv,1.0
8072,9,710010849,オープン型ステントグラフト・指定番号,0.0,0.0,,0.0,0.0,0.0,0.0,0.0,1.0,1090000.0,0.0,0.0,0.0,20180331,0.0,オープン型ステントグラフト・指定承認番号２２６００ＢＺＸ０００３３０００,2018-04-01,2018-05-01,2018-05-02,t20180305.csv,1.0
25280,0,710010850,人工肩関節用材（肩甲骨側材・関節窩ヘッド・部分補正型）,0.0,0.0,,1.0,167000.0,0.0,0.0,0.0,1.0,167000.0,0.0,0.0,0.0,,0.0,人工肩関節用材料・肩甲骨側材料・関節窩ヘッド・部分補正型,2024-06-01,2024-07-01,2024-07-02,t_ALL20250530.csv,1.0
5546,9,710010851,人工肩関節用材（リバース型・関節窩ヘッド・下方補正型）,0.0,0.0,,0.0,0.0,0.0,0.0,0.0,1.0,164000.0,0.0,0.0,0.0,20160331,0.0,人工肩関節用材料・リバース型・関節窩ヘッド・下方補正型,2016-04-01,2016-05-01,2016-05-02,t_ALL20160304.csv,1.0
5547,9,710010852,人工肘関節用材（上腕骨側材・特殊型）,0.0,0.0,,0.0,0.0,0.0,0.0,0.0,1.0,339000.0,0.0,0.0,0.0,20160331,0.0,人工肘関節用材料・上腕骨側材料・特殊型,2016-04-01,2016-05-01,2016-05-02,t_ALL20160304.csv,1.0
25281,0,710010853,胸郭変形矯正用材料（部品連結用・縦型）,0.0,0.0,,1.0,188000.0,0.0,0.0,0.0,1.0,188000.0,0.0,0.0,0.0,,0.0,胸郭変形矯正用材料・部品連結用・縦型,2024-06-01,2024-07-01,2024-07-02,t_ALL20250530.csv,1.0
25282,0,710010854,胸郭変形矯正用材料（部品連結用・横型）,0.0,0.0,,1.0,348000.0,0.0,0.0,0.0,1.0,348000.0,0.0,0.0,0.0,,0.0,胸郭変形矯正用材料・部品連結用・横型,2024-06-01,2024-07-01,2024-07-02,t_ALL20250530.csv,1.0
25283,0,710010855,ペースメーカー（トリプルチャンバ３型・自動調整機能付き）,0.0,0.0,,1.0,1640000.0,0.0,0.0,0.0,1.0,1640000.0,0.0,0.0,0.0,,0.0,ペースメーカー・トリプルチャンバ（３型）・自動調整機能付き,2024-06-01,2024-07-01,2024-07-02,t_ALL20250530.csv,1.0
25284,0,710010856,気管支手術用カテーテル,0.0,0.0,,1.0,329000.0,0.0,18.0,0.0,1.0,329000.0,0.0,0.0,0.0,,0.0,気管支手術用カテーテル,2024-06-01,2024-07-01,2024-07-02,t_ALL20250530.csv,1.0
25285,0,710010857,オプション部品（人工膝関節用部品・人工関節用部品（２））,0.0,0.0,,1.0,219000.0,0.0,0.0,0.0,1.0,219000.0,0.0,0.0,0.0,,0.0,オプション部品・人工膝関節用部品・人工関節用部品（２）,2024-06-01,2024-07-01,2024-07-02,t_ALL20250530.csv,1.0
8079,9,710010858,両室ペーシング機能付き植込型除細動器（４極用・ＭＲＩ）,0.0,0.0,,0.0,0.0,0.0,0.0,0.0,1.0,4500000.0,0.0,0.0,0.0,20180331,0.0,両室ペーシング機能付き植込型除細動器・４極用・ＭＲＩ対応型,2018-04-01,2018-05-01,2018-05-02,t20180305.csv,1.0
4937,9,710010859,両室ペーシング機能付き植込型除細動器（４極用・ＭＲＩ）・指定,0.0,0.0,,1.0,4610000.0,0.0,0.0,0.0,1.0,4610000.0,0.0,0.0,0.0,20170630,0.0,両室ペーシング機能付き植込型除細動器・４極用・ＭＲＩ対応型・指定承認番号２２７００ＢＺＸ０００７２０００,2017-07-01,2017-08-01,2017-08-02,t20170630.csv,1.0
22609,9,710010860,大動脈用ステントグラフト（大動脈解離用・メイン部分）,0.0,0.0,,1.0,1550000.0,0.0,0.0,0.0,1.0,1550000.0,0.0,0.0,0.0,20240531,0.0,大動脈用ステントグラフト・大動脈解離用ステントグラフト（メイン部分）,2024-06-01,2024-07-01,2024-07-02,t_ALL20240305.csv,1.0
8081,9,710010861,大動脈用ステントグラフト（大動脈解離用・メイン部分）・指定,0.0,0.0,,0.0,0.0,0.0,0.0,0.0,1.0,1520000.0,0.0,0.0,0.0,20180331,0.0,大動脈用ステントグラフト・大動脈解離用ステントグラフト（メイン部分）・指定承認番号２２６００ＢＺＸ００４５４０００,2018-04-01,2018-05-01,2018-05-02,t20180305.csv,1.0
22610,9,710010862,大動脈用ステントグラフト（大動脈解離用・補助部分）,0.0,0.0,,1.0,344000.0,0.0,0.0,0.0,1.0,344000.0,0.0,0.0,0.0,20240531,0.0,大動脈用ステントグラフト・大動脈解離用ステントグラフト（補助部分）,2024-06-01,2024-07-01,2024-07-02,t_ALL20240305.csv,1.0
8083,9,710010863,大動脈用ステントグラフト（大動脈解離用・補助部分）・指定,0.0,0.0,,0.0,0.0,0.0,0.0,0.0,1.0,338000.0,0.0,0.0,0.0,20180331,0.0,大動脈用ステントグラフト・大動脈解離用ステントグラフト（補助部分）・指定承認番号２２６００ＢＺＸ００４５４０００,2018-04-01,2018-05-01,2018-05-02,t20180305.csv,1.0
25286,0,710010864,大動脈用ステントグラフト（大動脈解離用・ベアステント）,0.0,0.0,,1.0,894000.0,0.0,0.0,0.0,1.0,894000.0,0.0,0.0,0.0,,0.0,大動脈用ステントグラフト・大動脈解離用ステントグラフト（ベアステント）,2024-06-01,2024-07-01,2024-07-02,t_ALL20250530.csv,1.0
8085,9,710010865,大動脈用ステントグラフト（大動脈解離用・ベアステント）・指定,0.0,0.0,,0.0,0.0,0.0,0.0,0.0,1.0,878000.0,0.0,0.0,0.0,20180331,0.0,大動脈用ステントグラフト・大動脈解離用ステントグラフト（ベアステント）・指定承認番号２２６００ＢＺＸ００４５４０００,2018-04-01,2018-05-01,2018-05-02,t20180305.csv,1.0
25287,0,710010866,補助人工心臓セット（体外型・小児・血液ポンプ）,0.0,0.0,,1.0,6600000.0,0.0,0.0,0.0,1.0,6600000.0,0.0,0.0,0.0,,0.0,補助人工心臓セット・体外型・小児用・血液ポンプ,2024-06-01,2024-07-01,2024-07-02,t_ALL20250530.csv,1.0
8087,9,710010867,補助人工心臓セット（体外型・小児・血液ポンプ）・指定,0.0,0.0,,0.0,0.0,0.0,0.0,0.0,1.0,5170000.0,0.0,0.0,0.0,20180331,0.0,補助人工心臓セット・体外型・小児用・血液ポンプ・指定承認番号２２７００ＢＺＸ００１７９０００,2018-04-01,2018-05-01,2018-05-02,t20180305.csv,1.0
25288,0,710010868,補助人工心臓セット（体外型・小児・心尖部脱血用カニューレ）,0.0,0.0,,1.0,1070000.0,0.0,0.0,0.0,1.0,1070000.0,0.0,0.0,0.0,,0.0,補助人工心臓セット・体外型・小児用・心尖部脱血用カニューレ,2024-06-01,2024-07-01,2024-07-02,t_ALL20250530.csv,1.0
8089,9,710010869,補助人工心臓セット（体外型・小児・心尖部脱血用カニューレ）・指定,0.0,0.0,,0.0,0.0,0.0,0.0,0.0,1.0,764000.0,0.0,0.0,0.0,20180331,0.0,補助人工心臓セット・体外型・小児用・心尖部脱血用カニューレ・指定承認番号２２７００ＢＺＸ００１７９０００,2018-04-01,2018-05-01,2018-05-02,t20180305.csv,1.0
25289,0,710010870,補助人工心臓セット（体外型・小児・心房脱血用カニューレ）,0.0,0.0,,1.0,721000.0,0.0,0.0,0.0,1.0,721000.0,0.0,0.0,0.0,,0.0,補助人工心臓セット・体外型・小児用・心房脱血用カニューレ,2024-06-01,2024-07-01,2024-07-02,t_ALL20250530.csv,1.0
8091,9,710010871,補助人工心臓セット（体外型・小児・心房脱血用カニューレ）・指定,0.0,0.0,,0.0,0.0,0.0,0.0,0.0,1.0,708000.0,0.0,0.0,0.0,20180331,0.0,補助人工心臓セット・体外型・小児用・心房脱血用カニューレ・指定承認番号２２７００ＢＺＸ００１７９０００,2018-04-01,2018-05-01,2018-05-02,t20180305.csv,1.0
25290,0,710010872,補助人工心臓セット（体外型・小児・動脈送血用カニューレ）,0.0,0.0,,1.0,798000.0,0.0,0.0,0.0,1.0,798000.0,0.0,0.0,0.0,,0.0,補助人工心臓セット・体外型・小児用・動脈送血用カニューレ,2024-06-01,2024-07-01,2024-07-02,t_ALL20250530.csv,1.0
8093,9,710010873,補助人工心臓セット（体外型・小児・動脈送血用カニューレ）・指定,0.0,0.0,,0.0,0.0,0.0,0.0,0.0,1.0,712000.0,0.0,0.0,0.0,20180331,0.0,補助人工心臓セット・体外型・小児用・動脈送血用カニューレ・指定承認番号２２７００ＢＺＸ００１７９０００,2018-04-01,2018-05-01,2018-05-02,t20180305.csv,1.0
25291,0,710010874,補助人工心臓セット（体外型・小児・アクセサリーセット）,0.0,0.0,,1.0,407000.0,0.0,0.0,0.0,1.0,407000.0,0.0,0.0,0.0,,0.0,補助人工心臓セット・体外型・小児用・アクセサリーセット,2024-06-01,2024-07-01,2024-07-02,t_ALL20250530.csv,1.0
8095,9,710010875,補助人工心臓セット（体外型・小児・アクセサリーセット）・指定,0.0,0.0,,0.0,0.0,0.0,0.0,0.0,1.0,342000.0,0.0,0.0,0.0,20180331,0.0,補助人工心臓セット・体外型・小児用・アクセサリーセット・指定承認番号２２７００ＢＺＸ００１７９０００,2018-04-01,2018-05-01,2018-05-02,t20180305.csv,1.0
25292,0,710010876,補助人工心臓セット（体外型・小児・ドライビングチューブ）,0.0,0.0,,1.0,132000.0,0.0,0.0,0.0,1.0,132000.0,0.0,0.0,0.0,,0.0,補助人工心臓セット・体外型・小児用・ドライビングチューブ,2024-06-01,2024-07-01,2024-07-02,t_ALL20250530.csv,1.0
8097,9,710010877,補助人工心臓セット（体外型・小児・ドライビングチューブ）・指定,0.0,0.0,,0.0,0.0,0.0,0.0,0.0,1.0,82000.0,0.0,0.0,0.0,20180331,0.0,補助人工心臓セット・体外型・小児用・ドライビングチューブ・指定承認番号２２７００ＢＺＸ００１７９０００,2018-04-01,2018-05-01,2018-05-02,t20180305.csv,1.0
25293,0,710010878,補助人工心臓セット（体外型・小児・コネクティングセット）,0.0,0.0,,1.0,194000.0,0.0,0.0,0.0,1.0,197000.0,0.0,0.0,0.0,,0.0,補助人工心臓セット・体外型・小児用・カニューレコネクティングセット,2024-06-01,2024-07-01,2024-07-02,t_ALL20250530.csv,1.0
8099,9,710010879,補助人工心臓セット（体外型・小児・コネクティングセット）・指定,0.0,0.0,,0.0,0.0,0.0,0.0,0.0,1.0,152000.0,0.0,0.0,0.0,20180331,0.0,補助人工心臓セット・体外型・小児用・カニューレコネクティングセット・指定承認番号２２７００ＢＺＸ００１７９０００,2018-04-01,2018-05-01,2018-05-02,t20180305.csv,1.0
25294,0,710010880,補助人工心臓セット（体外型・小児・エクステンションセット）,0.0,0.0,,1.0,198000.0,0.0,0.0,0.0,1.0,198000.0,0.0,0.0,0.0,,0.0,補助人工心臓セット・体外型・小児用・カニューレエクステンションセット,2024-06-01,2024-07-01,2024-07-02,t_ALL20250530.csv,1.0
8101,9,710010881,補助人工心臓セット（体外型・小児・エクステンションセット）・指定,0.0,0.0,,0.0,0.0,0.0,0.0,0.0,1.0,152000.0,0.0,0.0,0.0,20180331,0.0,補助人工心臓セット・体外型・小児用・カニューレエクステンションセット・指定承認番号２２７００ＢＺＸ００１７９０００,2018-04-01,2018-05-01,2018-05-02,t20180305.csv,1.0
25295,0,710010882,ガイディングカテーテル（脳血管用・高度屈曲対応型）,0.0,0.0,,1.0,90300.0,0.0,0.0,0.0,1.0,90300.0,0.0,0.0,0.0,,0.0,ガイディングカテーテル・脳血管用・高度屈曲対応型,2024-06-01,2024-07-01,2024-07-02,t_ALL20250530.csv,1.0
25296,0,710010883,脳動脈瘤治療用フローダイバーターシステム（動脈内留置型）,0.0,0.0,,1.0,1420000.0,0.0,0.0,0.0,1.0,1420000.0,0.0,0.0,0.0,,0.0,血管内手術用カテーテル・脳動脈瘤治療用フローダイバーターシステム・動脈内留置型,2024-06-01,2024-07-01,2024-07-02,t_ALL20250530.csv,1.0
25297,0,710010884,半導体レーザー用プローブ,0.0,0.0,,1.0,229000.0,0.0,0.0,0.0,1.0,229000.0,0.0,0.0,0.0,,0.0,半導体レーザー用プローブ,2024-06-01,2024-07-01,2024-07-02,t_ALL20250530.csv,1.0
8105,9,710010885,半導体レーザー用プローブ・指定番号,0.0,0.0,,0.0,0.0,0.0,0.0,0.0,1.0,231000.0,0.0,0.0,0.0,20180331,0.0,半導体レーザー用プローブ・指定承認番号２２７００ＢＺＸ００１６５０００,2018-04-01,2018-05-01,2018-05-02,t20180305.csv,1.0
8106,9,710010886,人工肩関節用材（上腕骨側材・インサート・特殊型（２））,0.0,0.0,,0.0,0.0,0.0,0.0,0.0,1.0,53600.0,0.0,0.0,0.0,20180331,0.0,人工肩関節用材料・上腕骨側材料・インサート・特殊型（２）,2018-04-01,2018-05-01,2018-05-02,t20180305.csv,1.0
8107,9,710010887,植込型脳・脊髄電気刺激装置（振戦軽減用）（４極用・ＭＲＩ対応型）,0.0,0.0,,0.0,0.0,0.0,0.0,0.0,1.0,1240000.0,0.0,0.0,0.0,20180331,0.0,植込型脳・脊髄電気刺激装置・振戦軽減用（４極用）・ＭＲＩ対応型,2018-04-01,2018-05-01,2018-05-02,t20180305.csv,1.0
25298,0,710010888,植込型脳・脊髄電気刺激装置（疼痛・３２極・充電）,0.0,0.0,,1.0,1880000.0,0.0,0.0,0.0,1.0,1880000.0,0.0,0.0,0.0,,0.0,植込型脳・脊髄電気刺激装置・疼痛除去用・３２極用・充電式,2024-06-01,2024-07-01,2024-07-02,t_ALL20250530.csv,1.0
8109,9,710010889,植込型脳・脊髄電気刺激装置（振戦軽減・１６極以上・充電・ＭＲＩ）,0.0,0.0,,0.0,0.0,0.0,0.0,0.0,1.0,2090000.0,0.0,0.0,0.0,20180331,0.0,植込型脳・脊髄電気刺激装置・振戦軽減用（１６極以上用）充電式・ＭＲＩ対応型,2018-04-01,2018-05-01,2018-05-02,t20180305.csv,1.0
25299,0,710010890,植込型除細動器（３型・皮下植込式電極併用型）,0.0,0.0,,1.0,3120000.0,0.0,0.0,0.0,1.0,3120000.0,0.0,0.0,0.0,,0.0,植込型除細動器・植込型除細動器（３型）・皮下植込式電極併用型,2024-06-01,2024-07-01,2024-07-02,t_ALL20250530.csv,1.0
25300,0,710010891,植込型除細動器用カテーテル電極（皮下植込式）,0.0,0.0,,1.0,602000.0,0.0,0.0,0.0,1.0,602000.0,0.0,0.0,0.0,,0.0,植込型除細動器用カテーテル電極（皮下植込式）,2024-06-01,2024-07-01,2024-07-02,t_ALL20250530.csv,1.0
25301,0,710010892,人工血管（永久留置型・小血管・セルフシーリング・ヘパリン使用）,40.0,2.0,ｃｍ,1.0,4200.0,0.0,0.0,0.0,1.0,4200.0,0.0,0.0,0.0,,0.0,人工血管・永久留置型・小血管用・セルフシーリング・ヘパリン使用型,2024-06-01,2024-07-01,2024-07-02,t_ALL20250530.csv,1.0
25302,0,710010893,経カテーテル人工生体弁セット（自己拡張型人工生体弁システム）,0.0,0.0,,1.0,3740000.0,0.0,0.0,0.0,1.0,3740000.0,0.0,0.0,0.0,,0.0,経カテーテル人工生体弁セット・自己拡張型人工生体弁システム,2024-06-01,2024-07-01,2024-07-02,t_ALL20250530.csv,1.0
22041,9,710010894,ヒト骨格筋由来細胞シート（採取・継代培養キット）,0.0,0.0,,1.0,6480000.0,0.0,0.0,0.0,1.0,6480000.0,0.0,0.0,0.0,20240831,0.0,ヒト骨格筋由来細胞シート・採取・継代培養キット,2024-09-01,2024-10-01,2024-10-02,t_20240830.csv,1.0
22042,9,710010895,ヒト骨格筋由来細胞シート（回収・調製キット）,6.0,1.0,枚,1.0,1710000.0,0.0,0.0,0.0,1.0,1710000.0,0.0,0.0,0.0,20240831,0.0,ヒト骨格筋由来細胞シート・回収・調製キット,2024-09-01,2024-10-01,2024-10-02,t_20240830.csv,1.0
25303,0,710010896,ファイバーポスト支台築造用,7.0,1.0,本,1.0,607.0,0.0,0.0,0.0,1.0,613.0,0.0,0.0,0.0,,0.0,ファイバーポスト支台築造用,2024-06-01,2024-07-01,2024-07-02,t_ALL20250530.csv,1.0
25304,0,710010897,膀胱留置用ディスポーザブルカテーテル（在宅・２管（２）・閉鎖式）,0.0,0.0,,1.0,862.0,0.0,0.0,0.0,1.0,645.0,0.0,0.0,0.0,,0.0,在宅寝たきり患者処置用膀胱留置用ディスポーザブルカテーテル・２管一般（２）・閉鎖式導尿システム,2024-06-01,2024-07-01,2024-07-02,t_ALL20250530.csv,1.0
25305,0,710010898,膀胱留置用ディスポーザブルカテーテル（在宅・２管（３）・閉鎖式）,0.0,0.0,,1.0,2030.0,0.0,0.0,0.0,1.0,1720.0,0.0,0.0,0.0,,0.0,在宅寝たきり患者処置用膀胱留置用ディスポーザブルカテーテル・２管一般（３）・閉鎖式導尿システム,2024-06-01,2024-07-01,2024-07-02,t_ALL20250530.csv,1.0
13198,9,710010899,ダイアライザー（１ａ型（膜面積１．５ｍ２未満））（在宅）,0.0,0.0,,0.0,0.0,0.0,0.0,0.0,1.0,1480.0,0.0,0.0,0.0,20200331,0.0,在宅血液透析用特定保険医療材料（回路を含む。）・ダイアライザー・１ａ型（膜面積１．５ｍ２未満）,2020-04-01,2020-05-01,2020-05-02,t20200305.csv,1.0
25306,0,710010900,ダイアライザー（１ａ型）（在宅）,0.0,0.0,,1.0,1440.0,0.0,0.0,0.0,1.0,1480.0,0.0,0.0,0.0,,0.0,在宅血液透析用特定保険医療材料（回路を含む。）・ダイアライザー・１ａ型,2024-06-01,2024-07-01,2024-07-02,t_ALL20250530.csv,1.0
13200,9,710010901,ダイアライザー（１ｂ型（膜面積１．５ｍ２未満））（在宅）,0.0,0.0,,0.0,0.0,0.0,0.0,0.0,1.0,1340.0,0.0,0.0,0.0,20200331,0.0,在宅血液透析用特定保険医療材料（回路を含む。）・ダイアライザー・１ｂ型（膜面積１．５ｍ２未満）,2020-04-01,2020-05-01,2020-05-02,t20200305.csv,1.0
25307,0,710010902,ダイアライザー（１ｂ型）（在宅）,0.0,0.0,,1.0,1500.0,0.0,0.0,0.0,1.0,1500.0,0.0,0.0,0.0,,0.0,在宅血液透析用特定保険医療材料（回路を含む。）・ダイアライザー・１ｂ型,2024-06-01,2024-07-01,2024-07-02,t_ALL20250530.csv,1.0
13202,9,710010903,ダイアライザー（２ａ型（膜面積１．５ｍ２未満））（在宅）,0.0,0.0,,0.0,0.0,0.0,0.0,0.0,1.0,1470.0,0.0,0.0,0.0,20200331,0.0,在宅血液透析用特定保険医療材料（回路を含む。）・ダイアライザー・２ａ型（膜面積１．５ｍ２未満）,2020-04-01,2020-05-01,2020-05-02,t20200305.csv,1.0
25308,0,710010904,ダイアライザー（２ａ型）（在宅）,0.0,0.0,,1.0,1450.0,0.0,0.0,0.0,1.0,1480.0,0.0,0.0,0.0,,0.0,在宅血液透析用特定保険医療材料（回路を含む。）・ダイアライザー・２ａ型,2024-06-01,2024-07-01,2024-07-02,t_ALL20250530.csv,1.0
13204,9,710010905,ダイアライザー（２ｂ型（膜面積１．５ｍ２未満））（在宅）,0.0,0.0,,0.0,0.0,0.0,0.0,0.0,1.0,1630.0,0.0,0.0,0.0,20200331,0.0,在宅血液透析用特定保険医療材料（回路を含む。）・ダイアライザー・２ｂ型（膜面積１．５ｍ２未満）,2020-04-01,2020-05-01,2020-05-02,t20200305.csv,1.0
25309,0,710010906,ダイアライザー（２ｂ型）（在宅）,0.0,0.0,,1.0,1520.0,0.0,0.0,0.0,1.0,1520.0,0.0,0.0,0.0,,0.0,在宅血液透析用特定保険医療材料（回路を含む。）・ダイアライザー・２ｂ型,2024-06-01,2024-07-01,2024-07-02,t_ALL20250530.csv,1.0
13206,9,710010907,ダイアライザー（Ｓ型（膜面積１．５ｍ２未満））（在宅）,0.0,0.0,,0.0,0.0,0.0,0.0,0.0,1.0,1610.0,0.0,0.0,0.0,20200331,0.0,在宅血液透析用特定保険医療材料（回路を含む。）・ダイアライザー・Ｓ型（膜面積１．５ｍ２未満）,2020-04-01,2020-05-01,2020-05-02,t20200305.csv,1.0
25310,0,710010908,ダイアライザー（Ｓ型）（在宅）,0.0,0.0,,1.0,2220.0,0.0,0.0,0.0,1.0,1620.0,0.0,0.0,0.0,,0.0,在宅血液透析用特定保険医療材料（回路を含む。）・ダイアライザー・Ｓ型,2024-06-01,2024-07-01,2024-07-02,t_ALL20250530.csv,1.0
25311,0,710010909,携帯型ディスポーザブル注入ポンプ（ＰＣＡ型）,0.0,0.0,,1.0,4270.0,0.0,0.0,0.0,1.0,4270.0,0.0,0.0,0.0,,0.0,携帯型ディスポーザブル注入ポンプ・ＰＣＡ型,2024-06-01,2024-07-01,2024-07-02,t_ALL20250530.csv,1.0
25312,0,710010910,血管造影用マイクロカテーテル（遠位端可動型治療用）,0.0,0.0,,1.0,74500.0,0.0,0.0,0.0,1.0,74500.0,0.0,0.0,0.0,,0.0,血管造影用マイクロカテーテル・遠位端可動型治療用,2024-06-01,2024-07-01,2024-07-02,t_ALL20250530.csv,1.0
8131,9,710010911,血管造影用マイクロカテーテル（遠位端可動型治療用）・指定,0.0,0.0,,0.0,0.0,0.0,0.0,0.0,1.0,75900.0,0.0,0.0,0.0,20180331,0.0,血管造影用マイクロカテーテル・遠位端可動型治療用・指定承認番号２２６００ＢＺＸ００４８２０００,2018-04-01,2018-05-01,2018-05-02,t20180305.csv,1.0
25313,0,710010912,携帯型ディスポーザブル注入ポンプ（ＰＣＡ型）,0.0,0.0,,1.0,4270.0,0.0,0.0,0.0,1.0,4270.0,0.0,0.0,0.0,,0.0,携帯型ディスポーザブル注入ポンプ・ＰＣＡ型,2024-06-01,2024-07-01,2024-07-02,t_ALL20250530.csv,1.0
22641,9,710010913,腎瘻・膀胱瘻用材料（ダイレーター・シースあり）,0.0,0.0,,1.0,2490.0,0.0,0.0,0.0,1.0,2490.0,0.0,0.0,0.0,20240531,0.0,腎瘻又は膀胱瘻用材料・ダイレーター・シースあり,2024-06-01,2024-07-01,2024-07-02,t_ALL20240305.csv,1.0
22642,9,710010914,腎瘻・膀胱瘻用材料（ダイレーター・シースなし）,0.0,0.0,,1.0,2140.0,0.0,0.0,0.0,1.0,2140.0,0.0,0.0,0.0,20240531,0.0,腎瘻又は膀胱瘻用材料・ダイレーター・シースなし,2024-06-01,2024-07-01,2024-07-02,t_ALL20240305.csv,1.0
8135,9,710010915,腎瘻・膀胱瘻用カ材料（ガイドワイヤー）,0.0,0.0,,0.0,0.0,0.0,0.0,0.0,1.0,2410.0,0.0,0.0,0.0,20180331,0.0,腎瘻又は膀胱瘻用材料・ガイドワイヤー,2018-04-01,2018-05-01,2018-05-02,t20180305.csv,1.0
25314,0,710010916,腎瘻・膀胱瘻用材料（穿刺針）,0.0,0.0,,1.0,1910.0,0.0,0.0,0.0,1.0,1910.0,0.0,0.0,0.0,,0.0,腎瘻又は膀胱瘻用材料・穿刺針,2024-06-01,2024-07-01,2024-07-02,t_ALL20250530.csv,1.0
25315,0,710010917,腎瘻・膀胱瘻用材料（膀胱瘻用穿孔針）,0.0,0.0,,1.0,5820.0,0.0,0.0,0.0,1.0,5820.0,0.0,0.0,0.0,,0.0,腎瘻又は膀胱瘻用材料・膀胱瘻用穿孔針,2024-06-01,2024-07-01,2024-07-02,t_ALL20250530.csv,1.0
25316,0,710010918,経皮・内視鏡的胆管ドレナージ用材料（カテーテル）,0.0,0.0,,1.0,4600.0,0.0,0.0,0.0,1.0,4600.0,0.0,0.0,0.0,,0.0,経皮的又は経内視鏡的胆管等ドレナージ用材料・カテーテル,2024-06-01,2024-07-01,2024-07-02,t_ALL20250530.csv,1.0
8139,9,710010919,経皮・内視鏡的胆管ドレナージ用材料（カテーテル・特殊型）,0.0,0.0,,0.0,0.0,0.0,0.0,0.0,1.0,5600.0,0.0,0.0,0.0,20180331,0.0,経皮的又は経内視鏡的胆管等ドレナージ用材料・カテーテル・特殊型,2018-04-01,2018-05-01,2018-05-02,t20180305.csv,1.0
22646,9,710010920,経皮・内視鏡的胆管ドレナージ用材料（ダイレーター・シース有）,0.0,0.0,,1.0,2670.0,0.0,0.0,0.0,1.0,2670.0,0.0,0.0,0.0,20240531,0.0,経皮的又は経内視鏡的胆管等ドレナージ用材料・ダイレーター・シースあり,2024-06-01,2024-07-01,2024-07-02,t_ALL20240305.csv,1.0
22647,9,710010921,経皮・内視鏡的胆管ドレナージ用材料（ダイレーター・シース無）,0.0,0.0,,1.0,2140.0,0.0,0.0,0.0,1.0,2140.0,0.0,0.0,0.0,20240531,0.0,経皮的又は経内視鏡的胆管等ドレナージ用材料・ダイレーター・シースなし,2024-06-01,2024-07-01,2024-07-02,t_ALL20240305.csv,1.0
8142,9,710010922,経皮・内視鏡的胆管ドレナージ用材料（ガイドワイヤー）,0.0,0.0,,0.0,0.0,0.0,0.0,0.0,1.0,2410.0,0.0,0.0,0.0,20180331,0.0,経皮的又は経内視鏡的胆管等ドレナージ用材料・ガイドワイヤー,2018-04-01,2018-05-01,2018-05-02,t20180305.csv,1.0
25317,0,710010923,経皮・内視鏡的胆管ドレナージ用材料（穿刺針）,0.0,0.0,,1.0,1910.0,0.0,0.0,0.0,1.0,1910.0,0.0,0.0,0.0,,0.0,経皮的又は経内視鏡的胆管等ドレナージ用材料・穿刺針,2024-06-01,2024-07-01,2024-07-02,t_ALL20250530.csv,1.0
25318,0,710010924,経皮・内視鏡的胆管ドレナージ用材料（経鼻法用ワイヤー）,0.0,0.0,,1.0,18800.0,0.0,0.0,0.0,1.0,18800.0,0.0,0.0,0.0,,0.0,経皮的又は経内視鏡的胆管等ドレナージ用材料・経鼻法用ワイヤー,2024-06-01,2024-07-01,2024-07-02,t_ALL20250530.csv,1.0
25319,0,710010925,経皮・内視鏡的胆管ドレナージ用材料（経鼻法用カテーテル）,0.0,0.0,,1.0,7330.0,0.0,0.0,0.0,1.0,7330.0,0.0,0.0,0.0,,0.0,経皮的又は経内視鏡的胆管等ドレナージ用材料・経鼻法用カテーテル,2024-06-01,2024-07-01,2024-07-02,t_ALL20250530.csv,1.0
25320,0,710010926,膀胱留置用ディスポーザブルカテーテル（２管一般（２）・閉鎖式）,0.0,0.0,,1.0,862.0,0.0,0.0,0.0,1.0,645.0,0.0,0.0,0.0,,0.0,膀胱留置用ディスポーザブルカテーテル・２管一般（２）・閉鎖式導尿システム,2024-06-01,2024-07-01,2024-07-02,t_ALL20250530.csv,1.0
25321,0,710010927,膀胱留置用ディスポーザブルカテーテル（２管一般（３）・閉鎖式）,0.0,0.0,,1.0,2030.0,0.0,0.0,0.0,1.0,1720.0,0.0,0.0,0.0,,0.0,膀胱留置用ディスポーザブルカテーテル・２管一般（３）・閉鎖式導尿システム,2024-06-01,2024-07-01,2024-07-02,t_ALL20250530.csv,1.0
13223,9,710010928,ダイアライザー（１ａ型（膜面積１．５ｍ２未満））,0.0,0.0,,0.0,0.0,0.0,0.0,0.0,1.0,1480.0,0.0,0.0,0.0,20200331,1.0,人工腎臓用特定保険医療材料（回路を含む。）・ダイアライザー・１ａ型（膜面積１．５ｍ２未満）,2020-04-01,2020-05-01,2020-05-02,t20200305.csv,1.0
25322,0,710010929,ダイアライザー（１ａ型）,0.0,0.0,,1.0,1440.0,0.0,0.0,0.0,1.0,1480.0,0.0,0.0,0.0,,1.0,人工腎臓用特定保険医療材料（回路を含む。）・ダイアライザー・１ａ型,2024-06-01,2024-07-01,2024-07-02,t_ALL20250530.csv,1.0
13225,9,710010930,ダイアライザー（１ｂ型（膜面積１．５ｍ２未満））,0.0,0.0,,0.0,0.0,0.0,0.0,0.0,1.0,1340.0,0.0,0.0,0.0,20200331,1.0,人工腎臓用特定保険医療材料（回路を含む。）・ダイアライザー・１ｂ型（膜面積１．５ｍ２未満）,2020-04-01,2020-05-01,2020-05-02,t20200305.csv,1.0
25323,0,710010931,ダイアライザー（１ｂ型）,0.0,0.0,,1.0,1500.0,0.0,0.0,0.0,1.0,1500.0,0.0,0.0,0.0,,1.0,人工腎臓用特定保険医療材料（回路を含む。）・ダイアライザー・１ｂ型,2024-06-01,2024-07-01,2024-07-02,t_ALL20250530.csv,1.0
13227,9,710010932,ダイアライザー（２ａ型（膜面積１．５ｍ２未満））,0.0,0.0,,0.0,0.0,0.0,0.0,0.0,1.0,1470.0,0.0,0.0,0.0,20200331,1.0,人工腎臓用特定保険医療材料（回路を含む。）・ダイアライザー・２ａ型（膜面積１．５ｍ２未満）,2020-04-01,2020-05-01,2020-05-02,t20200305.csv,1.0
25324,0,710010933,ダイアライザー（２ａ型）,0.0,0.0,,1.0,1450.0,0.0,0.0,0.0,1.0,1480.0,0.0,0.0,0.0,,1.0,人工腎臓用特定保険医療材料（回路を含む。）・ダイアライザー・２ａ型,2024-06-01,2024-07-01,2024-07-02,t_ALL20250530.csv,1.0
13229,9,710010934,ダイアライザー（２ｂ型（膜面積１．５ｍ２未満））,0.0,0.0,,0.0,0.0,0.0,0.0,0.0,1.0,1630.0,0.0,0.0,0.0,20200331,1.0,人工腎臓用特定保険医療材料（回路を含む。）・ダイアライザー・２ｂ型（膜面積１．５ｍ２未満）,2020-04-01,2020-05-01,2020-05-02,t20200305.csv,1.0
25325,0,710010935,ダイアライザー（２ｂ型）,0.0,0.0,,1.0,1520.0,0.0,0.0,0.0,1.0,1520.0,0.0,0.0,0.0,,1.0,人工腎臓用特定保険医療材料（回路を含む。）・ダイアライザー・２ｂ型,2024-06-01,2024-07-01,2024-07-02,t_ALL20250530.csv,1.0
13231,9,710010936,ダイアライザー（Ｓ型（膜面積１．５ｍ２未満））,0.0,0.0,,0.0,0.0,0.0,0.0,0.0,1.0,1610.0,0.0,0.0,0.0,20200331,1.0,人工腎臓用特定保険医療材料（回路を含む。）・ダイアライザー・Ｓ型（膜面積１．５ｍ２未満）,2020-04-01,2020-05-01,2020-05-02,t20200305.csv,1.0
25326,0,710010937,ダイアライザー（Ｓ型）,0.0,0.0,,1.0,2220.0,0.0,0.0,0.0,1.0,1620.0,0.0,0.0,0.0,,1.0,人工腎臓用特定保険医療材料（回路を含む。）・ダイアライザー・Ｓ型,2024-06-01,2024-07-01,2024-07-02,t_ALL20250530.csv,1.0
8158,9,710010938,人工股関節用材（骨盤側材・臼蓋形成用カップ（直）・特殊型（４））,0.0,0.0,,0.0,0.0,0.0,0.0,0.0,1.0,139000.0,0.0,0.0,0.0,20180331,0.0,人工股関節用材料・骨盤側材料・臼蓋形成用カップ（直接固定型）・特殊型（４）,2018-04-01,2018-05-01,2018-05-02,t20180305.csv,1.0
8159,9,710010939,人工股関節用材（大腿骨側材・大腿骨ステム（直）・特殊型（２））,0.0,0.0,,0.0,0.0,0.0,0.0,0.0,1.0,431000.0,0.0,0.0,0.0,20180331,0.0,人工股関節用材料・大腿骨側材料・大腿骨ステム（直接固定型）・特殊型（２）,2018-04-01,2018-05-01,2018-05-02,t20180305.csv,1.0
8160,9,710010940,人工股関節用材（大腿骨側材・大腿骨ステム（直）・特（２））指定,0.0,0.0,,0.0,0.0,0.0,0.0,0.0,1.0,435000.0,0.0,0.0,0.0,20180331,0.0,人工股関節用材料・大腿骨側材料・大腿骨ステム（直接固定型）・特殊型（２）・指定承認番号２２７００ＢＺＸ００２５９０００,2018-04-01,2018-05-01,2018-05-02,t20180305.csv,1.0
25327,0,710010941,人工股関節用材（大腿骨側材・大腿骨ネック）,0.0,0.0,,1.0,96400.0,0.0,0.0,0.0,1.0,96400.0,0.0,0.0,0.0,,0.0,人工股関節用材料・大腿骨側材料・大腿骨ネック,2024-06-01,2024-07-01,2024-07-02,t_ALL20250530.csv,1.0
19788,9,710010942,固定用金属ピン（一般用・リング型）【旧材料・大転子専用締結器】,0.0,0.0,,1.0,47200.0,0.0,0.0,0.0,1.0,47200.0,0.0,0.0,0.0,20220331,0.0,固定用金属ピン・一般用・リング型【旧材料価格基準・固定用金属線・大転子専用締結器】,2022-04-01,2022-05-01,2022-05-02,t20220331.csv,1.0
25328,0,710010943,脊椎スクリュー（アンカー型）,0.0,0.0,,1.0,34500.0,0.0,0.0,0.0,1.0,34500.0,0.0,0.0,0.0,,0.0,脊椎固定用材料・脊椎スクリュー（アンカー型）,2024-06-01,2024-07-01,2024-07-02,t_ALL20250530.csv,1.0
25329,0,710010944,人工肩関節用材（上腕骨側材・ステムヘッド及トレイ・ステムヘッド）,0.0,0.0,,1.0,214000.0,0.0,0.0,0.0,1.0,214000.0,0.0,0.0,0.0,,0.0,人工肩関節用材料・上腕骨側材料・ステムヘッド及びトレイ・ステムヘッド,2024-06-01,2024-07-01,2024-07-02,t_ALL20250530.csv,1.0
25330,0,710010945,人工肩関節用材（上腕骨側材・ステムヘッド及トレイ・トレイ）,0.0,0.0,,1.0,50900.0,0.0,0.0,0.0,1.0,50900.0,0.0,0.0,0.0,,0.0,人工肩関節用材料・上腕骨側材料・ステムヘッド及びトレイ・トレイ,2024-06-01,2024-07-01,2024-07-02,t_ALL20250530.csv,1.0
25331,0,710010946,人工肘関節用材（関節摺動部材料）,0.0,0.0,,1.0,25300.0,0.0,0.0,0.0,1.0,25300.0,0.0,0.0,0.0,,0.0,人工肘関節用材料・関節摺動部材料,2024-06-01,2024-07-01,2024-07-02,t_ALL20250530.csv,1.0
25332,0,710010947,人工肘関節用材（ベアリング・標準型）,9.0,3.0,セット,1.0,162000.0,0.0,0.0,0.0,1.0,162000.0,0.0,0.0,0.0,,0.0,人工肘関節用材料・ベアリング・標準型,2024-06-01,2024-07-01,2024-07-02,t_ALL20250530.csv,1.0
25333,0,710010948,人工肘関節用材（ベアリング・特殊型）,9.0,3.0,セット,1.0,194000.0,0.0,0.0,0.0,1.0,194000.0,0.0,0.0,0.0,,0.0,人工肘関節用材料・ベアリング・特殊型,2024-06-01,2024-07-01,2024-07-02,t_ALL20250530.csv,1.0
25334,0,710010949,組織代用人工繊維布（心血管系用・心血管修復パッチ・小児）,41.0,3.0,ｃｍ２,1.0,1570.0,0.0,0.0,0.0,1.0,1570.0,0.0,0.0,0.0,,0.0,組織代用人工繊維布・心血管系用・心血管修復パッチ小児用,2024-06-01,2024-07-01,2024-07-02,t_ALL20250530.csv,1.0
25335,0,710010950,経皮的カテーテル心筋焼灼術用カテーテル（熱・バルーン型）,0.0,0.0,,1.0,505000.0,0.0,0.0,0.0,1.0,505000.0,0.0,0.0,0.0,,0.0,経皮的カテーテル心筋焼灼術用カテーテル・熱アブレーション用・バルーン型,2024-06-01,2024-07-01,2024-07-02,t_ALL20250530.csv,1.0
8171,9,710010951,経皮的カテーテル心筋焼灼術用カテーテル（熱・バルーン型）・指定,0.0,0.0,,0.0,0.0,0.0,0.0,0.0,1.0,521000.0,0.0,0.0,0.0,20180331,0.0,経皮的カテーテル心筋焼灼術用カテーテル・熱アブレーション用・バルーン型・指定承認番号２２７００ＢＺＸ００３５５０００,2018-04-01,2018-05-01,2018-05-02,t20180305.csv,1.0
25336,0,710010952,経皮的挿入用カニューレ（成人・先端強化型・シングルルーメン）,0.0,0.0,,1.0,40000.0,0.0,0.0,0.0,1.0,40000.0,0.0,0.0,0.0,,0.0,体外循環用カニューレ・成人用・経皮的挿入用カニューレ・先端強化型・シングルルーメン,2024-06-01,2024-07-01,2024-07-02,t_ALL20250530.csv,1.0
25337,0,710010953,送脱血カニューレ（小児・シングル標準）,0.0,0.0,,1.0,4770.0,0.0,0.0,0.0,1.0,4770.0,0.0,0.0,0.0,,0.0,体外循環用カニューレ・小児用・送脱血カニューレ・シングル標準,2024-06-01,2024-07-01,2024-07-02,t_ALL20250530.csv,1.0
25338,0,710010954,送脱血カニューレ（小児・シングル強化）,0.0,0.0,,1.0,6590.0,0.0,0.0,0.0,1.0,6590.0,0.0,0.0,0.0,,0.0,体外循環用カニューレ・小児用・送脱血カニューレ・シングル強化,2024-06-01,2024-07-01,2024-07-02,t_ALL20250530.csv,1.0
25339,0,710010955,送脱血カニューレ（小児・２段標準）,0.0,0.0,,1.0,8640.0,0.0,0.0,0.0,1.0,8640.0,0.0,0.0,0.0,,0.0,体外循環用カニューレ・小児用・送脱血カニューレ・２段標準,2024-06-01,2024-07-01,2024-07-02,t_ALL20250530.csv,1.0
25340,0,710010956,送脱血カニューレ（小児・２段強化）,0.0,0.0,,1.0,8340.0,0.0,0.0,0.0,1.0,8340.0,0.0,0.0,0.0,,0.0,体外循環用カニューレ・小児用・送脱血カニューレ・２段強化,2024-06-01,2024-07-01,2024-07-02,t_ALL20250530.csv,1.0
25341,0,710010957,心筋保護用カニューレ（小児・ルート）,0.0,0.0,,1.0,4060.0,0.0,0.0,0.0,1.0,4060.0,0.0,0.0,0.0,,0.0,体外循環用カニューレ・小児用・心筋保護用カニューレ・ルート,2024-06-01,2024-07-01,2024-07-02,t_ALL20250530.csv,1.0
25342,0,710010958,心筋保護用カニューレ（小児・コロナリー）,0.0,0.0,,1.0,6420.0,0.0,0.0,0.0,1.0,6420.0,0.0,0.0,0.0,,0.0,体外循環用カニューレ・小児用・心筋保護用カニューレ・コロナリー,2024-06-01,2024-07-01,2024-07-02,t_ALL20250530.csv,1.0
25343,0,710010959,心筋保護用カニューレ（小児・レトロ）,0.0,0.0,,1.0,19900.0,0.0,0.0,0.0,1.0,19900.0,0.0,0.0,0.0,,0.0,体外循環用カニューレ・小児用・心筋保護用カニューレ・レトロ,2024-06-01,2024-07-01,2024-07-02,t_ALL20250530.csv,1.0
25344,0,710010960,ベントカテーテル（小児・一般型）,0.0,0.0,,1.0,3510.0,0.0,0.0,0.0,1.0,3510.0,0.0,0.0,0.0,,0.0,体外循環用カニューレ・小児用・ベントカテーテル・一般型,2024-06-01,2024-07-01,2024-07-02,t_ALL20250530.csv,1.0
25345,0,710010961,ベントカテーテル（小児・ガス注入型）,0.0,0.0,,1.0,4500.0,0.0,0.0,0.0,1.0,4500.0,0.0,0.0,0.0,,0.0,体外循環用カニューレ・小児用・ベントカテーテル・ガス注入型,2024-06-01,2024-07-01,2024-07-02,t_ALL20250530.csv,1.0
25346,0,710010962,経皮的挿入用カニューレ（小児・一般型）,0.0,0.0,,1.0,38200.0,0.0,0.0,0.0,1.0,39000.0,0.0,0.0,0.0,,0.0,体外循環用カニューレ・小児用・経皮的挿入用カニューレ・一般型,2024-06-01,2024-07-01,2024-07-02,t_ALL20250530.csv,1.0
25347,0,710010963,血管内異物除去用カテーテル（リードロッキングデバイス）,0.0,0.0,,1.0,91000.0,0.0,0.0,0.0,1.0,91000.0,0.0,0.0,0.0,,0.0,血管内手術用カテーテル・血管内異物除去用カテーテル・リードロッキングデバイス,2024-06-01,2024-07-01,2024-07-02,t_ALL20250530.csv,1.0
25348,0,710010964,血管内異物除去用カテーテル（リード抜去スネアセット）,0.0,0.0,,1.0,142000.0,0.0,0.0,0.0,1.0,143000.0,0.0,0.0,0.0,,0.0,血管内手術用カテーテル・血管内異物除去用カテーテル・リード抜去スネアセット,2024-06-01,2024-07-01,2024-07-02,t_ALL20250530.csv,1.0
25349,0,710010965,ヒト自家移植組織（自家培養表皮・調製・移植キット）,6.0,1.0,枚,1.0,154000.0,0.0,0.0,0.0,1.0,154000.0,0.0,0.0,0.0,,0.0,ヒト自家移植組織・自家培養表皮・調製・移植キット,2024-06-01,2024-07-01,2024-07-02,t_ALL20250530.csv,1.0
25350,0,710010966,ヒト自家移植組織（自家培養軟骨・調製・移植キット）,0.0,0.0,,1.0,1890000.0,0.0,0.0,0.0,1.0,1270000.0,0.0,0.0,0.0,,0.0,ヒト自家移植組織・自家培養軟骨・調製・移植キット,2024-06-01,2024-07-01,2024-07-02,t_ALL20250530.csv,1.0
25351,0,710010967,血管造影用圧センサー付材料（血管造影用圧カテーテル）,0.0,0.0,,1.0,119000.0,0.0,0.0,0.0,1.0,127000.0,0.0,0.0,0.0,,0.0,血管造影用圧センサー付材料・血管造影用圧センサー付カテーテル,2024-06-01,2024-07-01,2024-07-02,t_ALL20250530.csv,1.0
25352,0,710010968,膀胱留置用ディスポーザブルカテーテル（２管一般（２）・閉鎖式）,0.0,0.0,,1.0,862.0,0.0,0.0,0.0,1.0,645.0,0.0,0.0,0.0,,0.0,膀胱留置用ディスポーザブルカテーテル・２管一般（２）・閉鎖式導尿システム,2024-06-01,2024-07-01,2024-07-02,t_ALL20250530.csv,1.0
25353,0,710010969,膀胱留置用ディスポーザブルカテーテル（２管一般（３）・閉鎖式）,0.0,0.0,,1.0,2030.0,0.0,0.0,0.0,1.0,1720.0,0.0,0.0,0.0,,0.0,膀胱留置用ディスポーザブルカテーテル・２管一般（３）・閉鎖式導尿システム,2024-06-01,2024-07-01,2024-07-02,t_ALL20250530.csv,1.0
25354,0,710010970,気管切開後留置用チューブ（一般・カフ付き・吸引有・一重管）,0.0,0.0,,1.0,4020.0,0.0,0.0,0.0,1.0,4110.0,0.0,0.0,0.0,,0.0,気管切開後留置用チューブ・一般型・カフ付き気管切開チューブ・カフ上部吸引機能あり・一重管,2024-06-01,2024-07-01,2024-07-02,t_ALL20250530.csv,1.0
25355,0,710010971,気管切開後留置用チューブ（一般・カフ付き・吸引有・二重管）,0.0,0.0,,1.0,5690.0,0.0,0.0,0.0,1.0,5790.0,0.0,0.0,0.0,,0.0,気管切開後留置用チューブ・一般型・カフ付き気管切開チューブ・カフ上部吸引機能あり・二重管,2024-06-01,2024-07-01,2024-07-02,t_ALL20250530.csv,1.0
25356,0,710010972,気管切開後留置用チューブ（一般・カフ付き・吸引無・一重管）,0.0,0.0,,1.0,3800.0,0.0,0.0,0.0,1.0,3800.0,0.0,0.0,0.0,,0.0,気管切開後留置用チューブ・一般型・カフ付き気管切開チューブ・カフ上部吸引機能なし・一重管,2024-06-01,2024-07-01,2024-07-02,t_ALL20250530.csv,1.0
25357,0,710010973,気管切開後留置用チューブ（一般・カフ付き・吸引無・二重管）,0.0,0.0,,1.0,6080.0,0.0,0.0,0.0,1.0,6080.0,0.0,0.0,0.0,,0.0,気管切開後留置用チューブ・一般型・カフ付き気管切開チューブ・カフ上部吸引機能なし・二重管,2024-06-01,2024-07-01,2024-07-02,t_ALL20250530.csv,1.0
25358,0,710010974,気管切開後留置用チューブ（一般・カフなし）,0.0,0.0,,1.0,4080.0,0.0,0.0,0.0,1.0,4080.0,0.0,0.0,0.0,,0.0,気管切開後留置用チューブ・一般型・カフなし気管切開チューブ,2024-06-01,2024-07-01,2024-07-02,t_ALL20250530.csv,1.0
25359,0,710010975,気管切開後留置用チューブ（輪状甲状膜切開）,0.0,0.0,,1.0,2030.0,0.0,0.0,0.0,1.0,2740.0,0.0,0.0,0.0,,0.0,気管切開後留置用チューブ・輪状甲状膜切開チューブ,2024-06-01,2024-07-01,2024-07-02,t_ALL20250530.csv,1.0
25360,0,710010976,気管切開後留置用チューブ（保持用気管切開）,0.0,0.0,,1.0,6140.0,0.0,0.0,0.0,1.0,6140.0,0.0,0.0,0.0,,0.0,気管切開後留置用チューブ・保持用気管切開チューブ,2024-06-01,2024-07-01,2024-07-02,t_ALL20250530.csv,1.0
25361,0,710010977,神経再生誘導材,0.0,0.0,,1.0,406000.0,0.0,0.0,0.0,1.0,406000.0,0.0,0.0,0.0,,0.0,神経再生誘導材,2024-06-01,2024-07-01,2024-07-02,t_ALL20250530.csv,1.0
25362,0,710010978,携帯型ディスポーザブル注入ポンプ（化学療法用）,0.0,0.0,,1.0,3180.0,0.0,0.0,0.0,1.0,3180.0,0.0,0.0,0.0,,0.0,携帯型ディスポーザブル注入ポンプ・化学療法用,2024-06-01,2024-07-01,2024-07-02,t_ALL20250530.csv,1.0
25363,0,710010979,携帯型ディスポーザブル注入ポンプ（ＰＣＡ型）,0.0,0.0,,1.0,4270.0,0.0,0.0,0.0,1.0,4270.0,0.0,0.0,0.0,,0.0,携帯型ディスポーザブル注入ポンプ・ＰＣＡ型,2024-06-01,2024-07-01,2024-07-02,t_ALL20250530.csv,1.0
25364,0,710010980,膀胱留置用ディスポーザブルカテーテル（在宅・２管（２）・閉鎖式）,0.0,0.0,,1.0,862.0,0.0,0.0,0.0,1.0,645.0,0.0,0.0,0.0,,0.0,在宅寝たきり患者処置用膀胱留置用ディスポーザブルカテーテル・２管一般（２）・閉鎖式導尿システム,2024-06-01,2024-07-01,2024-07-02,t_ALL20250530.csv,1.0
25365,0,710010981,膀胱留置用ディスポーザブルカテーテル（在宅・２管（３）・閉鎖式）,0.0,0.0,,1.0,2030.0,0.0,0.0,0.0,1.0,1720.0,0.0,0.0,0.0,,0.0,在宅寝たきり患者処置用膀胱留置用ディスポーザブルカテーテル・２管一般（３）・閉鎖式導尿システム,2024-06-01,2024-07-01,2024-07-02,t_ALL20250530.csv,1.0
13273,9,710010982,ダイアライザー（１ａ型（膜面積１．５ｍ２未満））（在宅）,0.0,0.0,,0.0,0.0,0.0,0.0,0.0,1.0,1480.0,0.0,0.0,0.0,20200331,0.0,在宅血液透析用特定保険医療材料（回路を含む。）・ダイアライザー・１ａ型（膜面積１．５ｍ２未満）,2020-04-01,2020-05-01,2020-05-02,t20200305.csv,1.0
25366,0,710010983,ダイアライザー（１ａ型）（在宅）,0.0,0.0,,1.0,1440.0,0.0,0.0,0.0,1.0,1480.0,0.0,0.0,0.0,,0.0,在宅血液透析用特定保険医療材料（回路を含む。）・ダイアライザー・１ａ型,2024-06-01,2024-07-01,2024-07-02,t_ALL20250530.csv,1.0
13275,9,710010984,ダイアライザー（１ｂ型（膜面積１．５ｍ２未満））（在宅）,0.0,0.0,,0.0,0.0,0.0,0.0,0.0,1.0,1340.0,0.0,0.0,0.0,20200331,0.0,在宅血液透析用特定保険医療材料（回路を含む。）・ダイアライザー・１ｂ型（膜面積１．５ｍ２未満）,2020-04-01,2020-05-01,2020-05-02,t20200305.csv,1.0
25367,0,710010985,ダイアライザー（１ｂ型）（在宅）,0.0,0.0,,1.0,1500.0,0.0,0.0,0.0,1.0,1500.0,0.0,0.0,0.0,,0.0,在宅血液透析用特定保険医療材料（回路を含む。）・ダイアライザー・１ｂ型,2024-06-01,2024-07-01,2024-07-02,t_ALL20250530.csv,1.0
13277,9,710010986,ダイアライザー（２ａ型（膜面積１．５ｍ２未満））（在宅）,0.0,0.0,,0.0,0.0,0.0,0.0,0.0,1.0,1470.0,0.0,0.0,0.0,20200331,0.0,在宅血液透析用特定保険医療材料（回路を含む。）・ダイアライザー・２ａ型（膜面積１．５ｍ２未満）,2020-04-01,2020-05-01,2020-05-02,t20200305.csv,1.0
25368,0,710010987,ダイアライザー（２ａ型）（在宅）,0.0,0.0,,1.0,1450.0,0.0,0.0,0.0,1.0,1480.0,0.0,0.0,0.0,,0.0,在宅血液透析用特定保険医療材料（回路を含む。）・ダイアライザー・２ａ型,2024-06-01,2024-07-01,2024-07-02,t_ALL20250530.csv,1.0
13279,9,710010988,ダイアライザー（２ｂ型（膜面積１．５ｍ２未満））（在宅）,0.0,0.0,,0.0,0.0,0.0,0.0,0.0,1.0,1630.0,0.0,0.0,0.0,20200331,0.0,在宅血液透析用特定保険医療材料（回路を含む。）・ダイアライザー・２ｂ型（膜面積１．５ｍ２未満）,2020-04-01,2020-05-01,2020-05-02,t20200305.csv,1.0
25369,0,710010989,ダイアライザー（２ｂ型）（在宅）,0.0,0.0,,1.0,1520.0,0.0,0.0,0.0,1.0,1520.0,0.0,0.0,0.0,,0.0,在宅血液透析用特定保険医療材料（回路を含む。）・ダイアライザー・２ｂ型,2024-06-01,2024-07-01,2024-07-02,t_ALL20250530.csv,1.0
13281,9,710010990,ダイアライザー（Ｓ型（膜面積１．５ｍ２未満））（在宅）,0.0,0.0,,0.0,0.0,0.0,0.0,0.0,1.0,1610.0,0.0,0.0,0.0,20200331,0.0,在宅血液透析用特定保険医療材料（回路を含む。）・ダイアライザー・Ｓ型（膜面積１．５ｍ２未満）,2020-04-01,2020-05-01,2020-05-02,t20200305.csv,1.0
25370,0,710010991,ダイアライザー（Ｓ型）（在宅）,0.0,0.0,,1.0,2220.0,0.0,0.0,0.0,1.0,1620.0,0.0,0.0,0.0,,0.0,在宅血液透析用特定保険医療材料（回路を含む。）・ダイアライザー・Ｓ型,2024-06-01,2024-07-01,2024-07-02,t_ALL20250530.csv,1.0
25371,0,710010992,カスタムメイド人工骨プレート（プレート型）,0.0,0.0,,1.0,799000.0,0.0,0.0,0.0,1.0,804000.0,0.0,0.0,0.0,,0.0,カスタムメイド人工骨プレート・プレート型,2024-06-01,2024-07-01,2024-07-02,t_ALL20250530.csv,1.0
8213,9,710010993,中心静脈用カテーテル（末梢留置・造影剤高圧注・標準・シングル）,0.0,0.0,,0.0,0.0,0.0,0.0,0.0,1.0,13200.0,0.0,0.0,0.0,20180331,0.0,中心静脈用カテーテル・末梢留置型中心静脈カテーテル・造影剤高圧注入可能型・標準型・シングルルーメン,2018-04-01,2018-05-01,2018-05-02,t20180305.csv,1.0
8214,9,710010994,中心静脈用カテーテル（末梢留置・造影剤高圧注・標準・マルチ）,0.0,0.0,,0.0,0.0,0.0,0.0,0.0,1.0,20500.0,0.0,0.0,0.0,20180331,0.0,中心静脈用カテーテル・末梢留置型中心静脈カテーテル・造影剤高圧注入可能型・標準型・マルチルーメン,2018-04-01,2018-05-01,2018-05-02,t20180305.csv,1.0
8215,9,710010995,中心静脈用カテーテル（末梢留置・造影剤高圧注・特殊１・シングル）,0.0,0.0,,0.0,0.0,0.0,0.0,0.0,1.0,13600.0,0.0,0.0,0.0,20180331,0.0,中心静脈用カテーテル・末梢留置型中心静脈カテーテル・造影剤高圧注入可能型・特殊型（１）・シングルルーメン,2018-04-01,2018-05-01,2018-05-02,t20180305.csv,1.0
8216,9,710010996,中心静脈用カテーテル（末梢留置・造影剤高圧注・特殊１・マルチ）,0.0,0.0,,0.0,0.0,0.0,0.0,0.0,1.0,20900.0,0.0,0.0,0.0,20180331,0.0,中心静脈用カテーテル・末梢留置型中心静脈カテーテル・造影剤高圧注入可能型・特殊型（１）・マルチルーメン,2018-04-01,2018-05-01,2018-05-02,t20180305.csv,1.0
8217,9,710010997,中心静脈用カテーテル（末梢留置・造影剤高圧注・特殊２・シングル）,0.0,0.0,,0.0,0.0,0.0,0.0,0.0,1.0,13900.0,0.0,0.0,0.0,20180331,0.0,中心静脈用カテーテル・末梢留置型中心静脈カテーテル・造影剤高圧注入可能型・特殊型（２）・シングルルーメン,2018-04-01,2018-05-01,2018-05-02,t20180305.csv,1.0
8218,9,710010998,中心静脈用カテーテル（末梢留置・造影剤高圧注・特殊２・マルチ）,0.0,0.0,,0.0,0.0,0.0,0.0,0.0,1.0,21400.0,0.0,0.0,0.0,20180331,0.0,中心静脈用カテーテル・末梢留置型中心静脈カテーテル・造影剤高圧注入可能型・特殊型（２）・マルチルーメン,2018-04-01,2018-05-01,2018-05-02,t20180305.csv,1.0
25372,0,710010999,オプション部品（その他の関節固定用材料用部品）,0.0,0.0,,1.0,204000.0,0.0,0.0,0.0,1.0,204000.0,0.0,0.0,0.0,,0.0,オプション部品・その他の関節固定用材料用部品,2024-06-01,2024-07-01,2024-07-02,t_ALL20250530.csv,1.0
25373,0,710011000,気管・気管支・大静脈ステント（永久留置型・特殊型）,0.0,0.0,,1.0,151000.0,0.0,0.0,0.0,1.0,151000.0,0.0,0.0,0.0,,0.0,気管・気管支・大静脈ステント・永久留置型・特殊型,2024-06-01,2024-07-01,2024-07-02,t_ALL20250530.csv,1.0
25374,0,710011001,体温調節用カテーテル（体温管理型）,0.0,0.0,,1.0,81100.0,0.0,0.0,0.0,1.0,81100.0,0.0,0.0,0.0,,0.0,血管内手術用カテーテル・体温調節用カテーテル・体温管理型,2024-06-01,2024-07-01,2024-07-02,t_ALL20250530.csv,1.0
8828,9,710011002,体温調節用カテーテル（体温管理型）・指定番号,0.0,0.0,,1.0,89100.0,0.0,0.0,0.0,1.0,89100.0,0.0,0.0,0.0,20180831,0.0,血管内手術用カテーテル・体温調節用カテーテル・体温管理型・指定承認番号２２８００ＢＺＩ００００８０００,2018-09-01,2018-10-01,2018-10-02,t20180831.csv,1.0
22706,9,710011003,植込型心電図記録計（特殊型）,0.0,0.0,,1.0,408000.0,0.0,0.0,0.0,1.0,408000.0,0.0,0.0,0.0,20240531,0.0,植込型心電図記録計・特殊型,2024-06-01,2024-07-01,2024-07-02,t_ALL20240305.csv,1.0
25375,0,710011004,人工中耳用材料（人工中耳用インプラント）,0.0,0.0,,1.0,1120000.0,0.0,0.0,0.0,1.0,1120000.0,0.0,0.0,0.0,,0.0,人工中耳用材料・人工中耳用インプラント,2024-06-01,2024-07-01,2024-07-02,t_ALL20250530.csv,1.0
25376,0,710011005,人工中耳用材料（人工中耳用音声信号処理装置）,0.0,0.0,,1.0,639000.0,0.0,0.0,0.0,1.0,639000.0,0.0,0.0,0.0,,0.0,人工中耳用材料・人工中耳用音声信号処理装置,2024-06-01,2024-07-01,2024-07-02,t_ALL20250530.csv,1.0
25377,0,710011006,人工中耳用材料（人工中耳用オプション部品）,0.0,0.0,,1.0,40300.0,0.0,0.0,0.0,1.0,40300.0,0.0,0.0,0.0,,0.0,人工中耳用材料・人工中耳用オプション部品,2024-06-01,2024-07-01,2024-07-02,t_ALL20250530.csv,1.0
25378,0,710011007,中心静脈用カテーテル（抗菌型）,0.0,0.0,,1.0,9730.0,0.0,0.0,0.0,1.0,9730.0,0.0,0.0,0.0,,0.0,中心静脈用カテーテル・抗菌型,2024-06-01,2024-07-01,2024-07-02,t_ALL20250530.csv,1.0
25379,0,710011008,合成吸収性癒着防止材（スプレー型）,36.0,2.0,ｍＬ,1.0,7260.0,0.0,0.0,0.0,1.0,7260.0,0.0,0.0,0.0,,0.0,合成吸収性癒着防止材・スプレー型,2024-06-01,2024-07-01,2024-07-02,t_ALL20250530.csv,1.0
8833,9,710011009,合成吸収性癒着防止材（スプレー型）・指定番号,36.0,2.0,ｍＬ,1.0,7300.0,0.0,0.0,0.0,1.0,7300.0,0.0,0.0,0.0,20181130,0.0,合成吸収性癒着防止材・スプレー型・指定承認番号２２８００ＢＺＸ００２３４０００,2018-12-01,2019-01-01,2019-01-02,t20181130.csv,1.0
25380,0,710011010,末梢血管用ステントグラフト（標準型）,0.0,0.0,,1.0,322000.0,0.0,0.0,0.0,1.0,322000.0,0.0,0.0,0.0,,0.0,末梢血管用ステントグラフト・標準型,2024-06-01,2024-07-01,2024-07-02,t_ALL20250530.csv,1.0
25381,0,710011011,末梢血管用ステントグラフト（長病変対応型）,0.0,0.0,,1.0,344000.0,0.0,0.0,0.0,1.0,344000.0,0.0,0.0,0.0,,0.0,末梢血管用ステントグラフト・長病変対応型,2024-06-01,2024-07-01,2024-07-02,t_ALL20250530.csv,1.0
25382,0,710011012,植込型脳・脊髄電気刺激装置（振戦軽減用）（１６極以上用）,0.0,0.0,,1.0,1710000.0,0.0,0.0,0.0,1.0,1710000.0,0.0,0.0,0.0,,0.0,植込型脳・脊髄電気刺激装置・振戦軽減用・１６極以上用,2024-06-01,2024-07-01,2024-07-02,t_ALL20250530.csv,1.0
8233,9,710011013,植込型脳・脊髄電気刺激装置（振戦軽減用）（１６極以上用・ＭＲＩ）,0.0,0.0,,0.0,0.0,0.0,0.0,0.0,1.0,1720000.0,0.0,0.0,0.0,20180331,0.0,植込型脳・脊髄電気刺激装置・振戦軽減用（１６極以上用）・ＭＲＩ対応型,2018-04-01,2018-05-01,2018-05-02,t20180305.csv,1.0
25383,0,710011014,冠動脈用ステントセット（生体吸収・再狭窄抑制型）,0.0,0.0,,1.0,249000.0,0.0,0.0,0.0,1.0,249000.0,0.0,0.0,0.0,,0.0,心臓手術用カテーテル・冠動脈用ステントセット・生体吸収・再狭窄抑制型,2024-06-01,2024-07-01,2024-07-02,t_ALL20250530.csv,1.0
25384,0,710011015,下大静脈留置フィルターセット（特殊型）,0.0,0.0,,1.0,170000.0,0.0,0.0,0.0,1.0,170000.0,0.0,0.0,0.0,,0.0,血管内手術用カテーテル・下大静脈留置フィルターセット・特殊型,2024-06-01,2024-07-01,2024-07-02,t_ALL20250530.csv,1.0
10785,9,710011016,冠動脈用ステントセット（生体吸収・再狭窄抑制型）・指定番号,0.0,0.0,,0.0,0.0,0.0,0.0,0.0,1.0,244000.0,0.0,0.0,0.0,20190930,0.0,心臓手術用カテーテル・冠動脈用ステントセット・生体吸収・再狭窄抑制型・指定承認番号２２８００ＢＺＸ００４０６０００,2019-10-01,2019-11-01,2019-11-02,t20190819.csv,1.0
25385,0,710011017,ペースメーカー（シングルチャンバ・リード一体型）,0.0,0.0,,1.0,1060000.0,0.0,0.0,0.0,1.0,1060000.0,0.0,0.0,0.0,,0.0,ペースメーカー・シングルチャンバ・リード一体型,2024-06-01,2024-07-01,2024-07-02,t_ALL20250530.csv,1.0
10787,9,710011018,ペースメーカー（シングルチャンバ・リード一体型）・指定番号,0.0,0.0,,0.0,0.0,0.0,0.0,0.0,1.0,1040000.0,0.0,0.0,0.0,20190930,0.0,ペースメーカー・シングルチャンバ・リード一体型・指定承認番号２２９００ＢＺＸ０００４７０００,2019-10-01,2019-11-01,2019-11-02,t20190819.csv,1.0
25386,0,710011019,静脈弁カッター（オーバーザワイヤー型）,0.0,0.0,,1.0,87600.0,0.0,0.0,0.0,1.0,87600.0,0.0,0.0,0.0,,0.0,血管内手術用カテーテル・静脈弁カッター・オーバーザワイヤー型,2024-06-01,2024-07-01,2024-07-02,t_ALL20250530.csv,1.0
25387,0,710011020,経皮的胆道拡張用バルーンカテーテル,0.0,0.0,,1.0,64600.0,0.0,0.0,0.0,1.0,64600.0,0.0,0.0,0.0,,0.0,経皮的胆道拡張用バルーンカテーテル,2024-06-01,2024-07-01,2024-07-02,t_ALL20250530.csv,1.0
25388,0,710011021,補助循環用ポンプカテーテル,0.0,0.0,,1.0,2570000.0,0.0,0.0,0.0,1.0,2570000.0,0.0,0.0,0.0,,0.0,補助循環用ポンプカテーテル,2024-06-01,2024-07-01,2024-07-02,t_ALL20250530.csv,1.0
25389,0,710011022,ＰＴＡバルーンカテーテル（再狭窄抑制型）,0.0,0.0,,1.0,173000.0,0.0,0.0,0.0,1.0,173000.0,0.0,0.0,0.0,,0.0,血管内手術用カテーテル・ＰＴＡバルーンカテーテル・再狭窄抑制型,2024-06-01,2024-07-01,2024-07-02,t_ALL20250530.csv,1.0
25390,0,710011023,人工椎間板,0.0,0.0,,1.0,301000.0,0.0,0.0,0.0,1.0,301000.0,0.0,0.0,0.0,,0.0,人工椎間板,2024-06-01,2024-07-01,2024-07-02,t_ALL20250530.csv,1.0
25391,0,710011024,体表面用電場電極,0.0,0.0,,1.0,35900.0,0.0,0.0,0.0,1.0,35900.0,0.0,0.0,0.0,,0.0,体表面用電場電極,2024-06-01,2024-07-01,2024-07-02,t_ALL20250530.csv,1.0
25392,0,710011025,ＣＡＤ／ＣＡＭ冠用材料（３）,10.0,1.0,個,1.0,3160.0,0.0,0.0,0.0,1.0,3500.0,0.0,0.0,0.0,,0.0,ＣＡＤ／ＣＡＭ冠用材料（３）,2024-06-01,2024-07-01,2024-07-02,t_ALL20250530.csv,1.0
25393,0,710011027,経皮的挿入用カニューレ（小児・先端強化型・シングルルーメン）,0.0,0.0,,1.0,42400.0,0.0,0.0,0.0,1.0,42400.0,0.0,0.0,0.0,,0.0,体外循環用カニューレ・小児用・経皮的挿入用カニューレ・先端強化型・シングルルーメン,2024-06-01,2024-07-01,2024-07-02,t_ALL20250530.csv,1.0
25394,0,710011028,中心静脈用カテーテル（末梢留置型・標準型・シングルルーメン）,0.0,0.0,,1.0,1700.0,0.0,0.0,0.0,1.0,1700.0,0.0,0.0,0.0,,0.0,中心静脈用カテーテル・末梢留置型中心静脈カテーテル・標準型・シングルルーメン,2024-06-01,2024-07-01,2024-07-02,t_ALL20250530.csv,1.0
25395,0,710011029,中心静脈用カテーテル（末梢留置型・標準型・マルチルーメン）,0.0,0.0,,1.0,7320.0,0.0,0.0,0.0,1.0,7320.0,0.0,0.0,0.0,,0.0,中心静脈用カテーテル・末梢留置型中心静脈カテーテル・標準型・マルチルーメン,2024-06-01,2024-07-01,2024-07-02,t_ALL20250530.csv,1.0
25396,0,710011030,中心静脈用カテーテル（末梢留置型・特殊型・シングルルーメン）,0.0,0.0,,1.0,13400.0,0.0,0.0,0.0,1.0,13400.0,0.0,0.0,0.0,,0.0,中心静脈用カテーテル・末梢留置型中心静脈カテーテル・特殊型・シングルルーメン,2024-06-01,2024-07-01,2024-07-02,t_ALL20250530.csv,1.0
25397,0,710011031,中心静脈用カテーテル（末梢留置型・特殊型・マルチルーメン）,0.0,0.0,,1.0,20900.0,0.0,0.0,0.0,1.0,20900.0,0.0,0.0,0.0,,0.0,中心静脈用カテーテル・末梢留置型中心静脈カテーテル・特殊型・マルチルーメン,2024-06-01,2024-07-01,2024-07-02,t_ALL20250530.csv,1.0
25398,0,710011032,経皮的僧帽弁クリップシステム,0.0,0.0,,1.0,2250000.0,0.0,0.0,0.0,1.0,2250000.0,0.0,0.0,0.0,,0.0,経皮的僧帽弁クリップシステム,2024-06-01,2024-07-01,2024-07-02,t_ALL20250530.csv,1.0
25399,0,710011033,経皮的僧帽弁クリップシステム（加算）（２個以上使用する場合）,0.0,0.0,,1.0,1125000.0,0.0,0.0,0.0,1.0,1125000.0,0.0,0.0,0.0,,0.0,経皮的僧帽弁クリップシステム（加算）（２個以上使用する場合）,2024-06-01,2024-07-01,2024-07-02,t_ALL20250530.csv,1.0
25400,0,710011034,ガイドワイヤー,0.0,0.0,,1.0,1870.0,0.0,0.0,0.0,1.0,1880.0,0.0,0.0,0.0,,0.0,ガイドワイヤー,2024-06-01,2024-07-01,2024-07-02,t_ALL20250530.csv,1.0
25401,0,710011035,ドレナージカテーテル,0.0,0.0,,1.0,5700.0,0.0,0.0,0.0,1.0,5700.0,0.0,0.0,0.0,,0.0,ドレナージカテーテル,2024-06-01,2024-07-01,2024-07-02,t_ALL20250530.csv,1.0
25402,0,710011036,中心静脈用カテーテル（抗菌型）,0.0,0.0,,1.0,9730.0,0.0,0.0,0.0,1.0,9730.0,0.0,0.0,0.0,,0.0,中心静脈用カテーテル・抗菌型,2024-06-01,2024-07-01,2024-07-02,t_ALL20250530.csv,1.0
25403,0,710011037,中心静脈用カテーテル（末梢留置型・標準型・シングルルーメン）,0.0,0.0,,1.0,1700.0,0.0,0.0,0.0,1.0,1700.0,0.0,0.0,0.0,,0.0,中心静脈用カテーテル・末梢留置型中心静脈カテーテル・標準型・シングルルーメン,2024-06-01,2024-07-01,2024-07-02,t_ALL20250530.csv,1.0
25404,0,710011038,中心静脈用カテーテル（末梢留置型・標準型・マルチルーメン）,0.0,0.0,,1.0,7320.0,0.0,0.0,0.0,1.0,7320.0,0.0,0.0,0.0,,0.0,中心静脈用カテーテル・末梢留置型中心静脈カテーテル・標準型・マルチルーメン,2024-06-01,2024-07-01,2024-07-02,t_ALL20250530.csv,1.0
25405,0,710011039,中心静脈用カテーテル（末梢留置型・特殊型・シングルルーメン）,0.0,0.0,,1.0,13400.0,0.0,0.0,0.0,1.0,13400.0,0.0,0.0,0.0,,0.0,中心静脈用カテーテル・末梢留置型中心静脈カテーテル・特殊型・シングルルーメン,2024-06-01,2024-07-01,2024-07-02,t_ALL20250530.csv,1.0
25406,0,710011040,中心静脈用カテーテル（末梢留置型・特殊型・マルチルーメン）,0.0,0.0,,1.0,20900.0,0.0,0.0,0.0,1.0,20900.0,0.0,0.0,0.0,,0.0,中心静脈用カテーテル・末梢留置型中心静脈カテーテル・特殊型・マルチルーメン,2024-06-01,2024-07-01,2024-07-02,t_ALL20250530.csv,1.0
25407,0,710011041,組織代用人工繊維布（臓器欠損補強用）,41.0,3.0,ｃｍ２,1.0,167.0,0.0,0.0,0.0,1.0,167.0,0.0,0.0,0.0,,0.0,組織代用人工繊維布・臓器欠損補強用,2024-06-01,2024-07-01,2024-07-02,t_ALL20250530.csv,1.0
25408,0,710011042,口腔粘膜保護材,36.0,2.0,ｍＬ,1.0,766.0,0.0,0.0,0.0,1.0,766.0,0.0,0.0,0.0,,0.0,口腔粘膜保護材,2024-06-01,2024-07-01,2024-07-02,t_ALL20250530.csv,1.0
25409,0,710011043,歯科用合着・接着材料１（グラスアイオノマー系・自動練和型）,33.0,1.0,ｇ,1.0,312.0,0.0,0.0,0.0,1.0,312.0,0.0,0.0,0.0,,0.0,歯科用合着・接着材料１・グラスアイオノマー系・自動練和型,2024-06-01,2024-07-01,2024-07-02,t_ALL20250530.csv,1.0
25410,0,710011044,歯科充填用材料１（グラスアイオノマー系・自動練和型）,33.0,1.0,ｇ,1.0,575.0,0.0,0.0,0.0,1.0,581.0,0.0,0.0,0.0,,0.0,歯科充填用材料１・グラスアイオノマー系・自動練和型,2024-06-01,2024-07-01,2024-07-02,t_ALL20250530.csv,1.0
25411,0,710011045,歯科充填用材料２（グラスアイオノマー系・自動練和型）,33.0,1.0,ｇ,1.0,419.0,0.0,0.0,0.0,1.0,419.0,0.0,0.0,0.0,,0.0,歯科充填用材料２・グラスアイオノマー系・自動練和型,2024-06-01,2024-07-01,2024-07-02,t_ALL20250530.csv,1.0
25412,0,710011046,義歯床用軟質裏装材・シリコーン系,36.0,2.0,ｍＬ,1.0,208.0,0.0,0.0,0.0,1.0,208.0,0.0,0.0,0.0,,0.0,義歯床用軟質裏装材・シリコーン系,2024-06-01,2024-07-01,2024-07-02,t_ALL20250530.csv,1.0
25413,0,710011047,義歯床用軟質裏装材・アクリル系・粉末,33.0,1.0,ｇ,1.0,48.0,0.0,0.0,0.0,1.0,49.0,0.0,0.0,0.0,,0.0,義歯床用軟質裏装材・アクリル系・粉末,2024-06-01,2024-07-01,2024-07-02,t_ALL20250530.csv,1.0
25414,0,710011048,義歯床用軟質裏装材・アクリル系・液,36.0,2.0,ｍＬ,1.0,31.0,0.0,0.0,0.0,1.0,31.0,0.0,0.0,0.0,,0.0,義歯床用軟質裏装材・アクリル系・液,2024-06-01,2024-07-01,2024-07-02,t_ALL20250530.csv,1.0
25415,0,710011049,スクリュー,7.0,1.0,本,1.0,2800.0,0.0,0.0,0.0,1.0,2800.0,0.0,0.0,0.0,,0.0,スクリュー,2024-06-01,2024-07-01,2024-07-02,t_ALL20250530.csv,1.0
25416,0,710011050,アバットメント（１）,10.0,1.0,個,1.0,14100.0,0.0,0.0,0.0,1.0,14100.0,0.0,0.0,0.0,,0.0,アバットメント（１）,2024-06-01,2024-07-01,2024-07-02,t_ALL20250530.csv,1.0
25417,0,710011051,アバットメント（２）,10.0,1.0,個,1.0,13700.0,0.0,0.0,0.0,1.0,13700.0,0.0,0.0,0.0,,0.0,アバットメント（２）,2024-06-01,2024-07-01,2024-07-02,t_ALL20250530.csv,1.0
25418,0,710011052,アバットメント（３）,10.0,1.0,個,1.0,26100.0,0.0,0.0,0.0,1.0,26100.0,0.0,0.0,0.0,,0.0,アバットメント（３）,2024-06-01,2024-07-01,2024-07-02,t_ALL20250530.csv,1.0
25419,0,710011053,アバットメント（４）,10.0,1.0,個,1.0,16200.0,0.0,0.0,0.0,1.0,16200.0,0.0,0.0,0.0,,0.0,アバットメント（４）,2024-06-01,2024-07-01,2024-07-02,t_ALL20250530.csv,1.0
25420,0,710011054,アタッチメント（１）,10.0,1.0,個,1.0,3420.0,0.0,0.0,0.0,1.0,3580.0,0.0,0.0,0.0,,0.0,アタッチメント（１）,2024-06-01,2024-07-01,2024-07-02,t_ALL20250530.csv,1.0
25421,0,710011055,アタッチメント（２）,10.0,1.0,個,1.0,13800.0,0.0,0.0,0.0,1.0,13800.0,0.0,0.0,0.0,,0.0,アタッチメント（２）,2024-06-01,2024-07-01,2024-07-02,t_ALL20250530.csv,1.0
25422,0,710011056,アタッチメント（３）,10.0,1.0,個,1.0,3400.0,0.0,0.0,0.0,1.0,3400.0,0.0,0.0,0.0,,0.0,アタッチメント（３）,2024-06-01,2024-07-01,2024-07-02,t_ALL20250530.csv,1.0
25423,0,710011057,シリンダー,7.0,1.0,本,1.0,7090.0,0.0,0.0,0.0,1.0,7530.0,0.0,0.0,0.0,,0.0,シリンダー,2024-06-01,2024-07-01,2024-07-02,t_ALL20250530.csv,1.0
25424,0,710011058,歯冠用高強度硬質レジン,33.0,1.0,ｇ,1.0,1970.0,0.0,0.0,0.0,1.0,1970.0,0.0,0.0,0.0,,0.0,歯冠用高強度硬質レジン,2024-06-01,2024-07-01,2024-07-02,t_ALL20250530.csv,1.0
25425,0,710011059,歯冠用グラスファイバー・棒状,40.0,2.0,ｃｍ,1.0,1340.0,0.0,0.0,0.0,1.0,1340.0,0.0,0.0,0.0,,0.0,歯冠用グラスファイバー・棒状,2024-06-01,2024-07-01,2024-07-02,t_ALL20250530.csv,1.0
25426,0,710011060,歯冠用グラスファイバー・シート状,41.0,3.0,ｃｍ２,1.0,926.0,0.0,0.0,0.0,1.0,926.0,0.0,0.0,0.0,,0.0,歯冠用グラスファイバー・シート状,2024-06-01,2024-07-01,2024-07-02,t_ALL20250530.csv,1.0
25427,0,710011061,歯科用合着・接着材料１（グラスアイオノマー系・自動練和型）,33.0,1.0,ｇ,1.0,312.0,0.0,0.0,0.0,1.0,312.0,0.0,0.0,0.0,,0.0,歯科用合着・接着材料１・グラスアイオノマー系・自動練和型,2024-06-01,2024-07-01,2024-07-02,t_ALL20250530.csv,1.0
25428,0,710011062,甲状軟骨固定用器具,0.0,0.0,,1.0,194000.0,0.0,0.0,0.0,1.0,194000.0,0.0,0.0,0.0,,0.0,甲状軟骨固定用器具,2024-06-01,2024-07-01,2024-07-02,t_ALL20250530.csv,1.0
13923,9,710011063,甲状軟骨固定用器具・指定番号,0.0,0.0,,1.0,204000.0,0.0,0.0,0.0,1.0,204000.0,0.0,0.0,0.0,20200531,0.0,甲状軟骨固定用器具・指定承認番号２２９００ＢＺＸ００４０９０００,2020-06-01,2020-07-01,2020-07-02,t20200604.csv,1.0
25429,0,710011064,放射線治療用合成吸収性材料（ハイドロゲル型）,0.0,0.0,,1.0,196000.0,0.0,0.0,0.0,1.0,196000.0,0.0,0.0,0.0,,0.0,放射線治療用合成吸収性材料・ハイドロゲル型,2024-06-01,2024-07-01,2024-07-02,t_ALL20250530.csv,1.0
25430,0,710011065,骨充填用スペーサー,0.0,0.0,,1.0,3250.0,0.0,0.0,0.0,1.0,3460.0,0.0,0.0,0.0,,0.0,脊椎固定用材料・骨充填用スペーサー,2024-06-01,2024-07-01,2024-07-02,t_ALL20250530.csv,1.0
25431,0,710011066,血管内異物除去用カテーテル（大血管用ローテーションシース）,0.0,0.0,,1.0,268000.0,0.0,0.0,0.0,1.0,268000.0,0.0,0.0,0.0,,0.0,血管内手術用カテーテル・血管内異物除去用カテーテル・大血管用ローテーションシース,2024-06-01,2024-07-01,2024-07-02,t_ALL20250530.csv,1.0
25432,0,710011067,膵臓用瘻孔形成補綴材留置システム,0.0,0.0,,1.0,502000.0,0.0,0.0,0.0,1.0,502000.0,0.0,0.0,0.0,,0.0,膵臓用瘻孔形成補綴材留置システム,2024-06-01,2024-07-01,2024-07-02,t_ALL20250530.csv,1.0
13347,9,710011068,生体弁（異種心膜弁（２））・指定番号,0.0,0.0,,0.0,0.0,0.0,0.0,0.0,1.0,995000.0,0.0,0.0,0.0,20200331,0.0,生体弁・異種心膜弁（２）・指定承認番号２２９００ＢＺＸ０００５３０００,2020-04-01,2020-05-01,2020-05-02,t20200305.csv,1.0
25433,0,710011069,生体弁（異種心膜弁（２）システム）,0.0,0.0,,1.0,1050000.0,0.0,0.0,0.0,1.0,1050000.0,0.0,0.0,0.0,,0.0,生体弁・異種心膜弁（２）システム,2024-06-01,2024-07-01,2024-07-02,t_ALL20250530.csv,1.0
25434,0,710011070,永久歯金属冠,7.0,1.0,本,1.0,294.0,0.0,0.0,0.0,1.0,294.0,0.0,0.0,0.0,,0.0,永久歯金属冠,2024-06-01,2024-07-01,2024-07-02,t_ALL20250530.csv,1.0
25435,0,710011071,腹部開放創用局所陰圧閉鎖キット,0.0,0.0,ｃｍ２,1.0,97600.0,0.0,0.0,0.0,1.0,101000.0,0.0,0.0,0.0,,0.0,腹部開放創用局所陰圧閉鎖キット,2024-06-01,2024-07-01,2024-07-02,t_ALL20250530.csv,1.0
25436,0,710011072,血栓除去用カテーテル（脳血栓除去用・直接吸引型）,0.0,0.0,,1.0,273000.0,0.0,0.0,0.0,1.0,273000.0,0.0,0.0,0.0,,0.0,血管内手術用カテーテル・血栓除去用カテーテル・脳血栓除去用・直接吸引型,2024-06-01,2024-07-01,2024-07-02,t_ALL20250530.csv,1.0
14017,9,710011073,血栓除去用カテーテル（脳血栓除去用・直接吸引型）・指定番号,0.0,0.0,,1.0,286000.0,0.0,0.0,0.0,1.0,286000.0,0.0,0.0,0.0,20210831,0.0,血管内手術用カテーテル・血栓除去用カテーテル・脳血栓除去用・直接吸引型・指定承認番号２３０００ＢＺＸ００３６７０００,2021-09-01,2021-10-01,2021-10-02,t20210831.csv,1.0
25437,0,710011074,横隔神経電気刺激装置（電極植込キット）,0.0,0.0,,1.0,1870000.0,0.0,0.0,0.0,1.0,1870000.0,0.0,0.0,0.0,,0.0,横隔神経電気刺激装置・電極植込キット,2024-06-01,2024-07-01,2024-07-02,t_ALL20250530.csv,1.0
25438,0,710011075,横隔神経電気刺激装置（体外式パルス発生器）,0.0,0.0,,1.0,953000.0,0.0,0.0,0.0,1.0,953000.0,0.0,0.0,0.0,,0.0,横隔神経電気刺激装置・体外式パルス発生器,2024-06-01,2024-07-01,2024-07-02,t_ALL20250530.csv,1.0
25439,0,710011076,横隔神経電気刺激装置（接続ケーブル）,0.0,0.0,,1.0,11800.0,0.0,0.0,0.0,1.0,11800.0,0.0,0.0,0.0,,0.0,横隔神経電気刺激装置・接続ケーブル,2024-06-01,2024-07-01,2024-07-02,t_ALL20250530.csv,1.0
25440,0,710011077,経皮的左心耳閉鎖システム,0.0,0.0,,1.0,1500000.0,0.0,0.0,0.0,1.0,1500000.0,0.0,0.0,0.0,,0.0,経皮的左心耳閉鎖システム,2024-06-01,2024-07-01,2024-07-02,t_ALL20250530.csv,1.0
25441,0,710011078,交換用胃瘻カテーテル（小腸留置型・バンパー型）,0.0,0.0,,1.0,26500.0,0.0,0.0,0.0,1.0,26500.0,0.0,0.0,0.0,,0.0,交換用胃瘻カテーテル・小腸留置型・バンパー型,2024-06-01,2024-07-01,2024-07-02,t_ALL20250530.csv,1.0
25442,0,710011079,ペースメーカー・デュアルチャンバ（５型）,0.0,0.0,,1.0,730000.0,0.0,0.0,0.0,1.0,751000.0,0.0,0.0,0.0,,0.0,ペースメーカー・デュアルチャンバ（５型）,2024-06-01,2024-07-01,2024-07-02,t_ALL20250530.csv,1.0
25443,0,710011080,ペースメーカー（トリプルチャンバ３型・４極用・自動調整機能付き）,0.0,0.0,,1.0,1710000.0,0.0,0.0,0.0,1.0,1710000.0,0.0,0.0,0.0,,0.0,ペースメーカー・トリプルチャンバ（３型）・４極用・自動調整機能付き,2024-06-01,2024-07-01,2024-07-02,t_ALL20250530.csv,1.0
25444,0,710011081,放射線治療用合成吸収性材料（シート型）,0.0,0.0,,1.0,516000.0,0.0,0.0,0.0,1.0,516000.0,0.0,0.0,0.0,,0.0,放射線治療用合成吸収性材料・シート型,2024-06-01,2024-07-01,2024-07-02,t_ALL20250530.csv,1.0
25445,0,710011082,経皮的卵円孔開存閉鎖セット,0.0,0.0,,1.0,865000.0,0.0,0.0,0.0,1.0,865000.0,0.0,0.0,0.0,,0.0,経皮的卵円孔開存閉鎖セット,2024-06-01,2024-07-01,2024-07-02,t_ALL20250530.csv,1.0
25446,0,710011083,ヒト自家移植組織（自家培養角膜上皮・採取・培養キット）,0.0,0.0,,1.0,4280000.0,0.0,0.0,0.0,1.0,4280000.0,0.0,0.0,0.0,,0.0,ヒト自家移植組織・自家培養角膜上皮・採取・培養キット,2024-06-01,2024-07-01,2024-07-02,t_ALL20250530.csv,1.0
25447,0,710011084,ヒト自家移植組織（自家培養角膜上皮・調製・移植キット）,0.0,0.0,,1.0,5470000.0,0.0,0.0,0.0,1.0,5470000.0,0.0,0.0,0.0,,0.0,ヒト自家移植組織・自家培養角膜上皮・調製・移植キット,2024-06-01,2024-07-01,2024-07-02,t_ALL20250530.csv,1.0
25448,0,710011085,純チタン２種,33.0,1.0,ｇ,1.0,47.0,0.0,0.0,0.0,1.0,47.0,0.0,0.0,0.0,,0.0,純チタン２種,2024-06-01,2024-07-01,2024-07-02,t_ALL20250530.csv,1.0
25449,0,710011086,人工鼻材料（人工鼻・標準型）,0.0,0.0,,1.0,492.0,0.0,0.0,0.0,1.0,492.0,0.0,0.0,0.0,,0.0,人工鼻材料・人工鼻・標準型,2024-06-01,2024-07-01,2024-07-02,t_ALL20250530.csv,1.0
25450,0,710011087,人工鼻材料（人工鼻・特殊型）,0.0,0.0,,1.0,1000.0,0.0,0.0,0.0,1.0,1000.0,0.0,0.0,0.0,,0.0,人工鼻材料・人工鼻・特殊型,2024-06-01,2024-07-01,2024-07-02,t_ALL20250530.csv,1.0
25451,0,710011088,人工鼻材料（接続用材料・シール型・標準型）,0.0,0.0,,1.0,675.0,0.0,0.0,0.0,1.0,675.0,0.0,0.0,0.0,,0.0,人工鼻材料・接続用材料・シール型・標準型,2024-06-01,2024-07-01,2024-07-02,t_ALL20250530.csv,1.0
25452,0,710011089,人工鼻材料（接続用材料・チューブ型）,0.0,0.0,,1.0,16800.0,0.0,0.0,0.0,1.0,17800.0,0.0,0.0,0.0,,0.0,人工鼻材料・接続用材料・チューブ型,2024-06-01,2024-07-01,2024-07-02,t_ALL20250530.csv,1.0
25453,0,710011090,人工鼻材料（接続用材料・ボタン型）,0.0,0.0,,1.0,22100.0,0.0,0.0,0.0,1.0,22100.0,0.0,0.0,0.0,,0.0,人工鼻材料・接続用材料・ボタン型,2024-06-01,2024-07-01,2024-07-02,t_ALL20250530.csv,1.0
25454,0,710011091,人工鼻材料（呼気弁）,0.0,0.0,,1.0,51100.0,0.0,0.0,0.0,1.0,51100.0,0.0,0.0,0.0,,0.0,人工鼻材料・呼気弁,2024-06-01,2024-07-01,2024-07-02,t_ALL20250530.csv,1.0
25455,0,710011092,人工膝関節用材（大腿骨側材・片側置換用（間）・手術支援機器専用）,0.0,0.0,,1.0,148000.0,0.0,0.0,0.0,1.0,148000.0,0.0,0.0,0.0,,0.0,人工膝関節用材料・大腿骨側材料・片側置換用材料（間接固定型）・手術用支援機器専用型,2024-06-01,2024-07-01,2024-07-02,t_ALL20250530.csv,1.0
13954,9,710011093,人工膝関節用材（脛骨側材・片側置換用（間）・標準型）,0.0,0.0,,1.0,105000.0,0.0,0.0,0.0,0.0,0.0,0.0,0.0,0.0,20201031,0.0,人工膝関節用材料・脛骨側材料・片側置換用材料（間接固定型）・標準型,2020-11-01,2020-12-01,2020-12-02,t20201023.csv,1.0
25456,0,710011094,人工膝関節用材（脛骨側材・片側置換用（間）・手術支援機器専用）,0.0,0.0,,1.0,111000.0,0.0,0.0,0.0,1.0,111000.0,0.0,0.0,0.0,,0.0,人工膝関節用材料・脛骨側材料・片側置換用材料（間接固定型）・手術用支援機器専用型,2024-06-01,2024-07-01,2024-07-02,t_ALL20250530.csv,1.0
13955,9,710011095,頸動脈用ステントセット（標準型）,0.0,0.0,,1.0,172000.0,0.0,0.0,0.0,0.0,0.0,0.0,0.0,0.0,20201031,0.0,血管内手術用カテーテル・頸動脈用ステントセット・標準型,2020-11-01,2020-12-01,2020-12-02,t20201023.csv,1.0
25457,0,710011096,頸動脈用ステントセット（特殊型）,0.0,0.0,,1.0,180000.0,0.0,0.0,0.0,1.0,180000.0,0.0,0.0,0.0,,0.0,血管内手術用カテーテル・頸動脈用ステントセット・特殊型,2024-06-01,2024-07-01,2024-07-02,t_ALL20250530.csv,1.0
20545,9,710011097,頸動脈用ステントセット（特殊型）・指定番号,0.0,0.0,,1.0,184000.0,0.0,0.0,0.0,1.0,184000.0,0.0,0.0,0.0,20220831,0.0,血管内手術用カテーテル・頸動脈用ステントセット・特殊型・指定承認番号３０１００ＢＺＸ００２５１０００,2022-09-01,2022-10-01,2022-10-02,t20220831.csv,1.0
25458,0,710011098,両室ペーシング機能付き植込型除細動器（単極又は双極・抗頻拍）,0.0,0.0,,1.0,4400000.0,0.0,0.0,0.0,1.0,4400000.0,0.0,0.0,0.0,,0.0,両室ペーシング機能付き植込型除細動器・単極又は双極用・抗頻拍ペーシング機能付き,2024-06-01,2024-07-01,2024-07-02,t_ALL20250530.csv,1.0
25459,0,710011099,両室ペーシング機能付き植込型除細動器（単極又は双極・長期留置型）,0.0,0.0,,1.0,3720000.0,0.0,0.0,0.0,1.0,3720000.0,0.0,0.0,0.0,,0.0,両室ペーシング機能付き植込型除細動器・単極又は双極用・長期留置型,2024-06-01,2024-07-01,2024-07-02,t_ALL20250530.csv,1.0
25460,0,710011100,両室ペーシング機能付き植込型除細動器（４極用・抗頻拍）,0.0,0.0,,1.0,4750000.0,0.0,0.0,0.0,1.0,4750000.0,0.0,0.0,0.0,,0.0,両室ペーシング機能付き植込型除細動器・４極用・抗頻拍ペーシング機能付き,2024-06-01,2024-07-01,2024-07-02,t_ALL20250530.csv,1.0
25461,0,710011101,両室ペーシング機能付き植込型除細動器（４極用・長期留置型）,0.0,0.0,,1.0,4180000.0,0.0,0.0,0.0,1.0,4180000.0,0.0,0.0,0.0,,0.0,両室ペーシング機能付き植込型除細動器・４極用・長期留置型,2024-06-01,2024-07-01,2024-07-02,t_ALL20250530.csv,1.0
25462,0,710011102,大動脈用ステントグラフト（腹部大動脈用・メイン部分・ポリマー）,0.0,0.0,,1.0,1430000.0,0.0,0.0,0.0,1.0,1430000.0,0.0,0.0,0.0,,0.0,大動脈用ステントグラフト・腹部大動脈用ステントグラフト（メイン部分）・ポリマー充填型,2024-06-01,2024-07-01,2024-07-02,t_ALL20250530.csv,1.0
25463,0,710011103,人工鼻材料（人工鼻・標準型）,0.0,0.0,,1.0,492.0,0.0,0.0,0.0,1.0,492.0,0.0,0.0,0.0,,0.0,人工鼻材料・人工鼻・標準型,2024-06-01,2024-07-01,2024-07-02,t_ALL20250530.csv,1.0
25464,0,710011104,人工鼻材料（人工鼻・特殊型）,0.0,0.0,,1.0,1000.0,0.0,0.0,0.0,1.0,1000.0,0.0,0.0,0.0,,0.0,人工鼻材料・人工鼻・特殊型,2024-06-01,2024-07-01,2024-07-02,t_ALL20250530.csv,1.0
25465,0,710011105,人工鼻材料（接続用材料・シール型・標準型）,0.0,0.0,,1.0,675.0,0.0,0.0,0.0,1.0,675.0,0.0,0.0,0.0,,0.0,人工鼻材料・接続用材料・シール型・標準型,2024-06-01,2024-07-01,2024-07-02,t_ALL20250530.csv,1.0
25466,0,710011106,人工鼻材料（接続用材料・チューブ型）,0.0,0.0,,1.0,16800.0,0.0,0.0,0.0,1.0,17800.0,0.0,0.0,0.0,,0.0,人工鼻材料・接続用材料・チューブ型,2024-06-01,2024-07-01,2024-07-02,t_ALL20250530.csv,1.0
25467,0,710011107,人工鼻材料（接続用材料・ボタン型）,0.0,0.0,,1.0,22100.0,0.0,0.0,0.0,1.0,22100.0,0.0,0.0,0.0,,0.0,人工鼻材料・接続用材料・ボタン型,2024-06-01,2024-07-01,2024-07-02,t_ALL20250530.csv,1.0
25468,0,710011108,ＣＡＤ／ＣＡＭ冠用材料（４）,10.0,1.0,個,1.0,3880.0,0.0,0.0,0.0,1.0,4380.0,0.0,0.0,0.0,,0.0,ＣＡＤ／ＣＡＭ冠用材料（４）,2024-06-01,2024-07-01,2024-07-02,t_ALL20250530.csv,1.0
25469,0,710011109,人工股関節用材（骨盤側材料・ライナー・特殊型・表面特殊加工付き）,0.0,0.0,,1.0,76100.0,0.0,0.0,0.0,1.0,76100.0,0.0,0.0,0.0,,0.0,人工股関節用材料・骨盤側材料・ライナー・特殊型・表面特殊加工付き,2024-06-01,2024-07-01,2024-07-02,t_ALL20250530.csv,1.0
25470,0,710011110,植込型脳・脊髄電気刺激装置（振戦軽減・１６極以上・自動調整付き）,0.0,0.0,,1.0,1800000.0,0.0,0.0,0.0,1.0,1800000.0,0.0,0.0,0.0,,0.0,植込型脳・脊髄電気刺激装置・振戦軽減用・１６極以上用・自動調整機能付き,2024-06-01,2024-07-01,2024-07-02,t_ALL20250530.csv,1.0
25471,0,710011111,脳動脈瘤治療用フローダイバーターシステム（瘤内留置型）,0.0,0.0,,1.0,1530000.0,0.0,0.0,0.0,1.0,1530000.0,0.0,0.0,0.0,,0.0,血管内手術用カテーテル・脳動脈瘤治療用フローダイバーターシステム・瘤内留置型,2024-06-01,2024-07-01,2024-07-02,t_ALL20250530.csv,1.0
25472,0,710011112,耳管用補綴材,0.0,0.0,,1.0,43500.0,0.0,0.0,0.0,1.0,43500.0,0.0,0.0,0.0,,0.0,耳管用補綴材,2024-06-01,2024-07-01,2024-07-02,t_ALL20250530.csv,1.0
25473,0,710011113,人工鼻材料（人工鼻・標準型）,0.0,0.0,,1.0,492.0,0.0,0.0,0.0,1.0,492.0,0.0,0.0,0.0,,0.0,人工鼻材料・人工鼻・標準型,2024-06-01,2024-07-01,2024-07-02,t_ALL20250530.csv,1.0
25474,0,710011114,人工鼻材料（人工鼻・特殊型）,0.0,0.0,,1.0,1000.0,0.0,0.0,0.0,1.0,1000.0,0.0,0.0,0.0,,0.0,人工鼻材料・人工鼻・特殊型,2024-06-01,2024-07-01,2024-07-02,t_ALL20250530.csv,1.0
25475,0,710011115,人工鼻材料（接続用材料・シール型・標準型）,0.0,0.0,,1.0,675.0,0.0,0.0,0.0,1.0,675.0,0.0,0.0,0.0,,0.0,人工鼻材料・接続用材料・シール型・標準型,2024-06-01,2024-07-01,2024-07-02,t_ALL20250530.csv,1.0
25476,0,710011116,人工鼻材料（接続用材料・チューブ型）,0.0,0.0,,1.0,16800.0,0.0,0.0,0.0,1.0,17800.0,0.0,0.0,0.0,,0.0,人工鼻材料・接続用材料・チューブ型,2024-06-01,2024-07-01,2024-07-02,t_ALL20250530.csv,1.0
25477,0,710011117,人工鼻材料（接続用材料・ボタン型）,0.0,0.0,,1.0,22100.0,0.0,0.0,0.0,1.0,22100.0,0.0,0.0,0.0,,0.0,人工鼻材料・接続用材料・ボタン型,2024-06-01,2024-07-01,2024-07-02,t_ALL20250530.csv,1.0
25478,0,710011118,人工鼻材料（呼気弁）,0.0,0.0,,1.0,51100.0,0.0,0.0,0.0,1.0,51100.0,0.0,0.0,0.0,,0.0,人工鼻材料・呼気弁,2024-06-01,2024-07-01,2024-07-02,t_ALL20250530.csv,1.0
25479,0,710011119,携帯型ディスポーザブル注入ポンプ（特殊型）,0.0,0.0,,1.0,3240.0,0.0,0.0,0.0,1.0,3240.0,0.0,0.0,0.0,,0.0,携帯型ディスポーザブル注入ポンプ・特殊型,2024-06-01,2024-07-01,2024-07-02,t_ALL20250530.csv,1.0
25480,0,710011120,携帯型ディスポーザブル注入ポンプ（特殊型）,0.0,0.0,,1.0,3240.0,0.0,0.0,0.0,1.0,3240.0,0.0,0.0,0.0,,0.0,携帯型ディスポーザブル注入ポンプ・特殊型,2024-06-01,2024-07-01,2024-07-02,t_ALL20250530.csv,1.0
25481,0,710011121,人工血管（短期使用型）,0.0,0.0,,1.0,84100.0,0.0,0.0,0.0,1.0,84100.0,0.0,0.0,0.0,,0.0,人工血管・短期使用型,2024-06-01,2024-07-01,2024-07-02,t_ALL20250530.csv,1.0
25482,0,710011122,吸着式血液浄化用浄化器（閉塞性動脈硬化症用）,0.0,0.0,,1.0,91600.0,0.0,0.0,0.0,1.0,91600.0,0.0,0.0,0.0,,0.0,吸着式血液浄化用浄化器（閉塞性動脈硬化症用）,2024-06-01,2024-07-01,2024-07-02,t_ALL20250530.csv,1.0
25483,0,710011123,インスリン製剤等注射用ディスポーザブル（針刺事故防止機能付加型）,0.0,0.0,,1.0,17.0,0.0,0.0,0.0,1.0,17.0,0.0,0.0,0.0,,0.0,インスリン製剤等注射用ディスポーザブル注射器・針刺し事故防止機能付加型,2024-06-01,2024-07-01,2024-07-02,t_ALL20250530.csv,1.0
25484,0,710011124,携帯型ディスポーザブル注入ポンプ（特殊型）,0.0,0.0,,1.0,3240.0,0.0,0.0,0.0,1.0,3240.0,0.0,0.0,0.0,,0.0,携帯型ディスポーザブル注入ポンプ・特殊型,2024-06-01,2024-07-01,2024-07-02,t_ALL20250530.csv,1.0
25485,0,710011125,固定用内副子（プレート）（変形矯正用患者適合型）,0.0,0.0,,1.0,265000.0,0.0,0.0,0.0,1.0,265000.0,0.0,0.0,0.0,,0.0,固定用内副子（プレート）・変形矯正用患者適合型プレート,2024-06-01,2024-07-01,2024-07-02,t_ALL20250530.csv,1.0
25486,0,710011126,体外式ペースメーカー用カテーテル電極（再製造・冠状静脈洞型）,0.0,0.0,,1.0,51400.0,0.0,0.0,0.0,1.0,51400.0,0.0,0.0,0.0,,0.0,体外式ペースメーカー用カテーテル電極・再製造・冠状静脈洞型,2024-06-01,2024-07-01,2024-07-02,t_ALL20250530.csv,1.0
25487,0,710011127,植込型舌下神経電気刺激装置,0.0,0.0,,1.0,2480000.0,0.0,18.0,0.0,1.0,2480000.0,0.0,0.0,0.0,,0.0,植込型舌下神経電気刺激装置,2024-06-01,2024-07-01,2024-07-02,t_ALL20250530.csv,1.0
25488,0,710011128,脊椎スクリュー（伸展型）,0.0,0.0,,1.0,110000.0,0.0,0.0,0.0,1.0,113000.0,0.0,0.0,0.0,,0.0,脊椎固定用材料・脊椎スクリュー（伸展型）,2024-06-01,2024-07-01,2024-07-02,t_ALL20250530.csv,1.0
25489,0,710011129,人工骨（汎用型・吸収型・綿形状）,33.0,1.0,ｇ,1.0,144000.0,0.0,0.0,0.0,1.0,148000.0,0.0,0.0,0.0,,0.0,人工骨・汎用型・吸収型・綿形状,2024-06-01,2024-07-01,2024-07-02,t_ALL20250530.csv,1.0
25490,0,710011130,植込型脳・脊髄電気刺激装置（疼痛除去・１６極・変換）,0.0,0.0,,1.0,1830000.0,0.0,0.0,0.0,1.0,1830000.0,0.0,0.0,0.0,,0.0,植込型脳・脊髄電気刺激装置・疼痛除去用・１６極以上用・体位変換対応型,2024-06-01,2024-07-01,2024-07-02,t_ALL20250530.csv,1.0
25491,0,710011131,ガイディングカテーテル（脳血管用・紡錘型）,0.0,0.0,,1.0,94800.0,0.0,0.0,0.0,1.0,94800.0,0.0,0.0,0.0,,0.0,ガイディングカテーテル・脳血管用・紡錘型,2024-06-01,2024-07-01,2024-07-02,t_ALL20250530.csv,1.0
25492,0,710011132,植込型骨導補聴器（直接振動型）（インプラント）,0.0,0.0,,1.0,720000.0,0.0,0.0,0.0,1.0,720000.0,0.0,0.0,0.0,,0.0,植込型骨導補聴器（直接振動型）・インプラント,2024-06-01,2024-07-01,2024-07-02,t_ALL20250530.csv,1.0
25493,0,710011133,植込型骨導補聴器（直接振動型）（音声信号処理装置）,0.0,0.0,,1.0,325000.0,0.0,0.0,0.0,1.0,325000.0,0.0,0.0,0.0,,0.0,植込型骨導補聴器（直接振動型）・音声信号処理装置,2024-06-01,2024-07-01,2024-07-02,t_ALL20250530.csv,1.0
25494,0,710011134,植込型骨導補聴器（直接振動型）（オプション部品）,0.0,0.0,,1.0,29800.0,0.0,0.0,0.0,1.0,29800.0,0.0,0.0,0.0,,0.0,植込型骨導補聴器（直接振動型）・オプション部品,2024-06-01,2024-07-01,2024-07-02,t_ALL20250530.csv,1.0
25495,0,710011135,人工骨（汎用型・吸収型・綿形状）,33.0,1.0,ｇ,1.0,144000.0,0.0,0.0,0.0,1.0,148000.0,0.0,0.0,0.0,,0.0,人工骨・汎用型・吸収型・綿形状,2024-06-01,2024-07-01,2024-07-02,t_ALL20250530.csv,1.0
25496,0,710011136,磁性アタッチメント（磁石構造体）,10.0,1.0,個,1.0,7770.0,0.0,0.0,0.0,1.0,7770.0,0.0,0.0,0.0,,0.0,磁性アタッチメント・磁石構造体,2024-06-01,2024-07-01,2024-07-02,t_ALL20250530.csv,1.0
25497,0,710011137,磁性アタッチメント（キーパー）,10.0,1.0,個,1.0,2330.0,0.0,0.0,0.0,1.0,2330.0,0.0,0.0,0.0,,0.0,磁性アタッチメント・キーパー,2024-06-01,2024-07-01,2024-07-02,t_ALL20250530.csv,1.0
25498,0,710011138,固定用金属ピン（一般用・プレート型）,0.0,0.0,,1.0,30400.0,0.0,0.0,0.0,1.0,30400.0,0.0,0.0,0.0,,0.0,固定用金属ピン・一般用・プレート型,2024-06-01,2024-07-01,2024-07-02,t_ALL20250530.csv,1.0
25499,0,710011139,ペースメーカー（デュアルチャンバ（リード一体型））,0.0,0.0,,1.0,1070000.0,0.0,0.0,0.0,1.0,1070000.0,0.0,0.0,0.0,,0.0,ペースメーカー・デュアルチャンバ（リード一体型）,2024-06-01,2024-07-01,2024-07-02,t_ALL20250530.csv,1.0
25500,0,710011140,ＰＴＡバルーンカテーテル（ボディワイヤー型）,0.0,0.0,,1.0,97100.0,0.0,0.0,0.0,1.0,97100.0,0.0,0.0,0.0,,0.0,血管内手術用カテーテル・ＰＴＡバルーンカテーテル・ボディワイヤー型,2024-06-01,2024-07-01,2024-07-02,t_ALL20250530.csv,1.0
25501,0,710011141,ヒト自家移植組織（自家培養口腔粘膜上皮・採取・培養キット）,0.0,0.0,,1.0,4280000.0,0.0,0.0,0.0,1.0,4280000.0,0.0,0.0,0.0,,0.0,ヒト自家移植組織・自家培養口腔粘膜上皮・採取・培養キット,2024-06-01,2024-07-01,2024-07-02,t_ALL20250530.csv,1.0
25502,0,710011142,ヒト自家移植組織（自家培養口腔粘膜上皮・調製・移植キット）,0.0,0.0,,1.0,5470000.0,0.0,0.0,0.0,1.0,5470000.0,0.0,0.0,0.0,,0.0,ヒト自家移植組織・自家培養口腔粘膜上皮・調製・移植キット,2024-06-01,2024-07-01,2024-07-02,t_ALL20250530.csv,1.0
25503,0,710011143,ペプチド由来吸収性局所止血材,36.0,2.0,ｍＬ,1.0,13200.0,0.0,0.0,0.0,1.0,13200.0,0.0,0.0,0.0,,0.0,ペプチド由来吸収性局所止血材,2024-06-01,2024-07-01,2024-07-02,t_ALL20250530.csv,1.0
25504,0,710011144,脳神経減圧術用補綴材,33.0,1.0,ｇ,1.0,31200.0,0.0,0.0,0.0,1.0,31200.0,0.0,0.0,0.0,,0.0,脳神経減圧術用補綴材,2024-06-01,2024-07-01,2024-07-02,t_ALL20250530.csv,1.0
25505,0,710011145,前立腺用インプラント,0.0,0.0,,1.0,97900.0,0.0,0.0,0.0,1.0,97900.0,0.0,0.0,0.0,,0.0,前立腺用インプラント,2024-06-01,2024-07-01,2024-07-02,t_ALL20250530.csv,1.0
25506,0,710011146,経カテーテル人工生体弁セット（ステントグラフト付き）,0.0,0.0,,1.0,5270000.0,0.0,0.0,0.0,1.0,5270000.0,0.0,0.0,0.0,,0.0,経カテーテル人工生体弁セット（ステントグラフト付き）,2024-06-01,2024-07-01,2024-07-02,t_ALL20250530.csv,1.0
25507,0,710011147,レーザー光照射用ニードルカテーテル,0.0,0.0,,1.0,1990.0,0.0,0.0,0.0,1.0,1990.0,0.0,0.0,0.0,,0.0,レーザー光照射用ニードルカテーテル,2024-06-01,2024-07-01,2024-07-02,t_ALL20250530.csv,1.0
25508,0,710011148,脊椎スクリュー（可動型）（横穴付き）,0.0,0.0,,1.0,97900.0,0.0,0.0,0.0,1.0,97900.0,0.0,0.0,0.0,,0.0,脊椎固定用材料・脊椎スクリュー（可動型）・横穴付き,2024-06-01,2024-07-01,2024-07-02,t_ALL20250530.csv,1.0
25509,0,710011149,血管内塞栓促進用補綴材（脳動静脈奇形術前塞栓材）,0.0,0.0,,1.0,138000.0,0.0,0.0,0.0,1.0,138000.0,0.0,0.0,0.0,,0.0,血管内塞栓促進用補綴材・脳動静脈奇形術前塞栓材,2024-06-01,2024-07-01,2024-07-02,t_ALL20250530.csv,1.0
25510,0,710011150,血管内塞栓促進用補綴材（血管内塞栓材・止血用）,0.0,0.0,,1.0,9040.0,0.0,0.0,0.0,1.0,9040.0,0.0,0.0,0.0,,0.0,血管内塞栓促進用補綴材・血管内塞栓材・止血用,2024-06-01,2024-07-01,2024-07-02,t_ALL20250530.csv,1.0
25511,0,710011151,血管内塞栓促進用補綴材（血管内塞栓材・動脈塞栓療法用）,0.0,0.0,,1.0,27600.0,0.0,0.0,0.0,1.0,27600.0,0.0,0.0,0.0,,0.0,血管内塞栓促進用補綴材・血管内塞栓材・動脈塞栓療法用,2024-06-01,2024-07-01,2024-07-02,t_ALL20250530.csv,1.0
25512,0,710011152,血管内塞栓促進用補綴材（血管内塞栓材・動脈化学塞栓療法用）,0.0,0.0,,1.0,103000.0,0.0,0.0,0.0,1.0,103000.0,0.0,0.0,0.0,,0.0,血管内塞栓促進用補綴材・血管内塞栓材・動脈化学塞栓療法用,2024-06-01,2024-07-01,2024-07-02,t_ALL20250530.csv,1.0
25513,0,710011153,固定用内副子（プレート）（その他・標準・下顎骨用）,0.0,0.0,,1.0,773000.0,0.0,0.0,0.0,1.0,773000.0,0.0,0.0,0.0,,0.0,固定用内副子（プレート）・その他のプレート・標準・下顎骨用,2024-06-01,2024-07-01,2024-07-02,t_ALL20250530.csv,1.0
25514,0,710011155,経皮的カテーテル心筋焼灼術用カテーテル（熱・ペーシング・組織）,0.0,0.0,,1.0,310000.0,0.0,0.0,0.0,1.0,310000.0,0.0,0.0,0.0,,0.0,経皮的カテーテル心筋焼灼術用カテーテル・熱アブレーション用・体外式ペーシング機能付き・組織表面温度測定型,2024-06-01,2024-07-01,2024-07-02,t_ALL20250530.csv,1.0
25515,0,710011156,仙骨神経刺激装置（充電式）,0.0,0.0,,1.0,1060000.0,0.0,0.0,0.0,1.0,1060000.0,0.0,0.0,0.0,,0.0,仙骨神経刺激装置・充電式,2024-06-01,2024-07-01,2024-07-02,t_ALL20250530.csv,1.0
16069,3,710011157,人工肘関節用材（関節摺動部材料）,0.0,0.0,,1.0,25300.0,0.0,0.0,0.0,0.0,0.0,0.0,0.0,0.0,,0.0,人工肘関節用材料・関節摺動部材料,2022-04-01,2022-05-01,2022-05-02,t20220304.csv,1.0
25516,0,710011158,人工鼻材料（接続用材料・シール型・特殊型）,0.0,0.0,,1.0,1150.0,0.0,0.0,0.0,1.0,675.0,0.0,0.0,0.0,,0.0,人工鼻材料・接続用材料・シール型・特殊型,2024-06-01,2024-07-01,2024-07-02,t_ALL20250530.csv,1.0
25517,0,710011159,人工鼻材料（接続用材料・シール型・特殊型）,0.0,0.0,,1.0,1150.0,0.0,0.0,0.0,1.0,675.0,0.0,0.0,0.0,,0.0,人工鼻材料・接続用材料・シール型・特殊型,2024-06-01,2024-07-01,2024-07-02,t_ALL20250530.csv,1.0
25518,0,710011160,人工鼻材料（接続用材料・シール型・特殊型）,0.0,0.0,,1.0,1150.0,0.0,0.0,0.0,1.0,675.0,0.0,0.0,0.0,,0.0,人工鼻材料・接続用材料・シール型・特殊型,2024-06-01,2024-07-01,2024-07-02,t_ALL20250530.csv,1.0
25519,0,710011161,固定用内副子（スクリュー）（その他・特殊・ボタン）,0.0,0.0,,1.0,9170.0,0.0,0.0,0.0,1.0,9170.0,0.0,0.0,0.0,,0.0,固定用内副子（スクリュー）・その他のスクリュー・特殊型・軟骨及び軟部組織用・特殊固定用ボタン,2024-06-01,2024-07-01,2024-07-02,t_ALL20250530.csv,1.0
25520,0,710011162,固定用内副子（プレート）（その他・標準・下顎骨用）,0.0,0.0,,1.0,773000.0,0.0,0.0,0.0,1.0,773000.0,0.0,0.0,0.0,,0.0,固定用内副子（プレート）・その他のプレート・標準・下顎骨用,2024-06-01,2024-07-01,2024-07-02,t_ALL20250530.csv,1.0
25521,0,710011163,心腔内及び大動脈デバイス用（特殊型・６５ｃｍ未満）,0.0,0.0,,1.0,65900.0,0.0,0.0,0.0,1.0,29900.0,0.0,0.0,0.0,,0.0,血管造影用シースイントロデューサーセット・心腔内及び大動脈デバイス用・特殊型・６５ｃｍ未満,2024-06-01,2024-07-01,2024-07-02,t_ALL20250530.csv,1.0
25522,0,710011164,心腔内及び大動脈デバイス用（特殊型・６５ｃｍ以上）,0.0,0.0,,1.0,84800.0,0.0,0.0,0.0,1.0,29900.0,0.0,0.0,0.0,,0.0,血管造影用シースイントロデューサーセット・心腔内及び大動脈デバイス用・特殊型・６５ｃｍ以上,2024-06-01,2024-07-01,2024-07-02,t_ALL20250530.csv,1.0
25523,0,710011165,ヒト羊膜基質使用自家培養口腔粘膜上皮（採取・培養キット）,0.0,0.0,,1.0,7940000.0,0.0,0.0,0.0,1.0,7940000.0,0.0,0.0,0.0,,0.0,ヒト自家移植組織・ヒト羊膜基質使用自家培養口腔粘膜上皮・採取・培養キット,2024-06-01,2024-07-01,2024-07-02,t_ALL20250530.csv,1.0
25524,0,710011166,ヒト羊膜基質使用自家培養口腔粘膜上皮（調製・移植キット）,0.0,0.0,,1.0,5470000.0,0.0,0.0,0.0,1.0,5470000.0,0.0,0.0,0.0,,0.0,ヒト自家移植組織・ヒト羊膜基質使用自家培養口腔粘膜上皮・調製・移植キット,2024-06-01,2024-07-01,2024-07-02,t_ALL20250530.csv,1.0
25525,0,710011167,前立腺組織用水蒸気デリバリーシステム,0.0,0.0,,1.0,388000.0,0.0,0.0,0.0,1.0,388000.0,0.0,0.0,0.0,,0.0,前立腺組織用水蒸気デリバリーシステム,2024-06-01,2024-07-01,2024-07-02,t_ALL20250530.csv,1.0
25526,0,710011168,ヒト羊膜使用創傷被覆材,41.0,3.0,ｃｍ２,1.0,35100.0,0.0,0.0,0.0,1.0,35100.0,0.0,0.0,0.0,,0.0,ヒト羊膜使用創傷被覆材,2024-06-01,2024-07-01,2024-07-02,t_ALL20250530.csv,1.0
25527,0,710011169,自家皮膚細胞移植用キット・Ｓ,0.0,0.0,,1.0,836000.0,0.0,0.0,0.0,1.0,836000.0,0.0,0.0,0.0,,0.0,自家皮膚細胞移植用キット・Ｓ,2024-06-01,2024-07-01,2024-07-02,t_ALL20250530.csv,1.0
25528,0,710011170,自家皮膚細胞移植用キット・Ｌ,0.0,0.0,,1.0,897000.0,0.0,0.0,0.0,1.0,897000.0,0.0,0.0,0.0,,0.0,自家皮膚細胞移植用キット・Ｌ,2024-06-01,2024-07-01,2024-07-02,t_ALL20250530.csv,1.0
25529,0,710011171,血管内塞栓促進用補綴材（血管内塞栓材・液体塞栓材）,0.0,0.0,,1.0,66300.0,0.0,0.0,0.0,1.0,66300.0,0.0,0.0,0.0,,0.0,血管内塞栓促進用補綴材・血管内塞栓材・液体塞栓材,2024-06-01,2024-07-01,2024-07-02,t_ALL20250530.csv,1.0
25530,0,710011172,心房中隔穿刺針（ガイドワイヤー型）,0.0,0.0,,1.0,35400.0,0.0,0.0,0.0,1.0,35400.0,0.0,0.0,0.0,,0.0,心房中隔穿刺針・ガイドワイヤー型,2024-06-01,2024-07-01,2024-07-02,t_ALL20250530.csv,1.0
25531,0,710011173,心房中隔穿刺針（カニューレ）,0.0,0.0,,1.0,2760.0,0.0,0.0,0.0,1.0,2760.0,0.0,0.0,0.0,,0.0,心房中隔穿刺針・カニューレ,2024-06-01,2024-07-01,2024-07-02,t_ALL20250530.csv,1.0
25532,0,710011174,心腔内超音波プローブ（再製造・標準型）,0.0,0.0,,1.0,209000.0,0.0,0.0,0.0,1.0,209000.0,0.0,0.0,0.0,,0.0,心腔内超音波プローブ・再製造・標準型,2024-06-01,2024-07-01,2024-07-02,t_ALL20250530.csv,1.0
25533,0,710011175,経消化管胆道ドレナージステント,0.0,0.0,,1.0,283000.0,0.0,0.0,0.0,1.0,289000.0,0.0,0.0,0.0,,0.0,経消化管胆道ドレナージステント,2024-06-01,2024-07-01,2024-07-02,t_ALL20250530.csv,1.0
25534,0,710011176,経皮的心肺補助システム,0.0,0.0,,1.0,535000.0,0.0,0.0,0.0,1.0,535000.0,0.0,0.0,0.0,,0.0,経皮的心肺補助システム,2024-06-01,2024-07-01,2024-07-02,t_ALL20250530.csv,1.0
5686,9,720010000,ホローファイバー型・積層型（キール型）（１．５ｍ２未満）１・２,0.0,0.0,,0.0,0.0,0.0,0.0,0.0,1.0,1610.0,0.0,0.0,0.0,20160331,1.0,人工腎臓用特定保険医療材料（回路を含む。）・ダイアライザー・ホローファイバー型及び積層型（キール型）（膜面積１．５ｍ２未満）（１・２）,2016-04-01,2016-05-01,2016-05-02,t_ALL20160304.csv,1.0
5687,9,720020000,ホローファイバー型・積層型（キール型）（１．５ｍ２以上）１・２,0.0,0.0,,0.0,0.0,0.0,0.0,0.0,1.0,1690.0,0.0,0.0,0.0,20160331,1.0,人工腎臓用特定保険医療材料（回路を含む。）・ダイアライザー・ホローファイバー型及び積層型（キール型）（膜面積１．５ｍ２以上）（１・２）,2016-04-01,2016-05-01,2016-05-02,t_ALL20160304.csv,1.0
25535,0,720050000,ダイアライザー特定積層型,0.0,0.0,,1.0,5590.0,0.0,0.0,0.0,1.0,5690.0,0.0,0.0,0.0,,1.0,人工腎臓用特定保険医療材料（回路を含む。）・ダイアライザー・特定積層型,2024-06-01,2024-07-01,2024-07-02,t_ALL20250530.csv,1.0
25536,0,720060000,ヘモフィルター,0.0,0.0,,1.0,4340.0,0.0,0.0,0.0,1.0,4340.0,0.0,0.0,0.0,,0.0,人工腎臓用特定保険医療材料（回路を含む。）・ヘモフィルター,2024-06-01,2024-07-01,2024-07-02,t_ALL20250530.csv,1.0
25537,0,720110000,持続緩徐式血液濾過器（標準型）（一般用）,0.0,0.0,,1.0,27000.0,0.0,0.0,0.0,1.0,27000.0,0.0,0.0,0.0,,0.0,人工腎臓用特定保険医療材料（回路を含む。）・持続緩徐式血液濾過器・標準型・一般用,2024-06-01,2024-07-01,2024-07-02,t_ALL20250530.csv,1.0
25538,0,720120000,持続緩徐式血液濾過器（超低体重患者用）,0.0,0.0,,1.0,27000.0,0.0,0.0,0.0,1.0,27000.0,0.0,0.0,0.0,,0.0,人工腎臓用特定保険医療材料（回路を含む。）・持続緩徐式血液濾過器・標準型・超低体重患者用,2024-06-01,2024-07-01,2024-07-02,t_ALL20250530.csv,1.0
25539,0,721001000,膀胱瘻用カテーテル,0.0,0.0,,1.0,3770.0,0.0,0.0,0.0,1.0,3790.0,0.0,0.0,0.0,,0.0,膀胱瘻用カテーテル,2024-06-01,2024-07-01,2024-07-02,t_ALL20250530.csv,1.0
25540,0,721002000,交換用胃瘻カテーテル（胃留置型・バンパー型・ガイドワイヤーあり）,0.0,0.0,,1.0,21700.0,0.0,0.0,0.0,1.0,21700.0,0.0,0.0,0.0,,0.0,交換用胃瘻カテーテル・胃留置型・バンパー型・ガイドワイヤーあり,2024-06-01,2024-07-01,2024-07-02,t_ALL20250530.csv,1.0
25541,0,721003000,交換用胃瘻カテーテル（胃留置型・バンパー型・ガイドワイヤーなし）,0.0,0.0,,1.0,15500.0,0.0,0.0,0.0,1.0,16500.0,0.0,0.0,0.0,,0.0,交換用胃瘻カテーテル・胃留置型・バンパー型・ガイドワイヤーなし,2024-06-01,2024-07-01,2024-07-02,t_ALL20250530.csv,1.0
25542,0,721004000,交換用胃瘻カテーテル（胃留置型・バルーン型）,0.0,0.0,,1.0,7420.0,0.0,0.0,0.0,1.0,7480.0,0.0,0.0,0.0,,0.0,交換用胃瘻カテーテル・胃留置型・バルーン型,2024-06-01,2024-07-01,2024-07-02,t_ALL20250530.csv,1.0
25543,0,721005000,交換用胃瘻カテーテル（小腸留置型・バンパー型）,0.0,0.0,,1.0,26500.0,0.0,0.0,0.0,1.0,26500.0,0.0,0.0,0.0,,0.0,交換用胃瘻カテーテル・小腸留置型・バンパー型,2024-06-01,2024-07-01,2024-07-02,t_ALL20250530.csv,1.0
25544,0,721006000,交換用胃瘻カテーテル（小腸留置型・一般型）,0.0,0.0,,1.0,15800.0,0.0,0.0,0.0,1.0,15800.0,0.0,0.0,0.0,,0.0,交換用胃瘻カテーテル・小腸留置型・一般型,2024-06-01,2024-07-01,2024-07-02,t_ALL20250530.csv,1.0
25545,0,721007000,局所陰圧閉鎖処置用材料,41.0,3.0,ｃｍ２,1.0,18.0,0.0,0.0,0.0,1.0,18.0,0.0,0.0,0.0,,0.0,局所陰圧閉鎖処置用材料,2024-06-01,2024-07-01,2024-07-02,t_ALL20250530.csv,1.0
25546,0,721008000,陰圧創傷治療用カートリッジ,0.0,0.0,,1.0,19800.0,0.0,0.0,0.0,1.0,19800.0,0.0,0.0,0.0,,0.0,陰圧創傷治療用カートリッジ,2024-06-01,2024-07-01,2024-07-02,t_ALL20250530.csv,1.0
25547,0,721009000,体外式ペースメーカー用カテーテル電極（再製造・房室弁輪部型）,0.0,0.0,,1.0,93200.0,0.0,0.0,0.0,1.0,98200.0,0.0,0.0,0.0,,0.0,体外式ペースメーカー用カテーテル電極・再製造・房室弁輪部型,2024-06-01,2024-07-01,2024-07-02,t_ALL20250530.csv,1.0
25548,0,721010000,経皮的挿入用カニューレ（成人・先端強化型・ダブルルーメン）,0.0,0.0,,1.0,186000.0,0.0,0.0,0.0,1.0,186000.0,0.0,0.0,0.0,,0.0,体外循環用カニューレ・成人用・経皮的挿入用カニューレ・先端強化型・ダブルルーメン,2024-06-01,2024-07-01,2024-07-02,t_ALL20250530.csv,1.0
25549,0,721011000,経皮的挿入用カニューレ（小児・先端強化型・ダブルルーメン）,0.0,0.0,,1.0,186000.0,0.0,0.0,0.0,1.0,186000.0,0.0,0.0,0.0,,0.0,体外循環用カニューレ・小児用・経皮的挿入用カニューレ・先端強化型・ダブルルーメン,2024-06-01,2024-07-01,2024-07-02,t_ALL20250530.csv,1.0
25550,0,721012000,血管形成用カテーテル（エキシマレーザー型）,0.0,0.0,,1.0,219000.0,0.0,0.0,0.0,1.0,219000.0,0.0,0.0,0.0,,0.0,血管内手術用カテーテル・血管形成用カテーテル・エキシマレーザー型,2024-06-01,2024-07-01,2024-07-02,t_ALL20250530.csv,1.0
25551,0,721013000,経皮的動脈管閉鎖セット（動脈管内留置型）,0.0,0.0,,1.0,416000.0,0.0,0.0,0.0,1.0,416000.0,0.0,0.0,0.0,,0.0,経皮的動脈管閉鎖セット・動脈管内留置型,2024-06-01,2024-07-01,2024-07-02,t_ALL20250530.csv,1.0
25552,0,721014000,人工顎関節用材料,0.0,0.0,,1.0,1110000.0,0.0,0.0,0.0,1.0,1110000.0,0.0,0.0,0.0,,0.0,人工顎関節用材料,2024-06-01,2024-07-01,2024-07-02,t_ALL20250530.csv,1.0
25553,0,721015000,人工顎関節用材料,0.0,0.0,,1.0,1110000.0,0.0,0.0,0.0,1.0,1110000.0,0.0,0.0,0.0,,0.0,人工顎関節用材料,2024-06-01,2024-07-01,2024-07-02,t_ALL20250530.csv,1.0
25554,0,721016000,ＣＡＤ／ＣＡＭ冠用材料（１）,10.0,1.0,個,1.0,1810.0,0.0,0.0,0.0,1.0,1880.0,0.0,0.0,0.0,,0.0,ＣＡＤ／ＣＡＭ冠用材料（１）,2024-06-01,2024-07-01,2024-07-02,t_ALL20250530.csv,1.0
25555,0,721016001,ＣＡＤ／ＣＡＭ冠用材料（５）,10.0,1.0,個,1.0,6150.0,0.0,0.0,0.0,1.0,6150.0,0.0,0.0,0.0,,0.0,ＣＡＤ／ＣＡＭ冠用材料（５）,2024-06-01,2024-07-01,2024-07-02,t_ALL20250530.csv,1.0
25556,0,721017000,血管形成用カテーテル（切削吸引型）,0.0,0.0,,1.0,242000.0,0.0,0.0,0.0,1.0,242000.0,0.0,0.0,0.0,,0.0,血管内手術用カテーテル・血管形成用カテーテル・切削吸引型,2024-06-01,2024-07-01,2024-07-02,t_ALL20250530.csv,1.0
25557,0,721018000,腹膜透析用カテーテル（長期留置型・補強部なし）,0.0,0.0,,1.0,48600.0,0.0,0.0,0.0,1.0,48600.0,0.0,0.0,0.0,,1.0,腹膜透析用カテーテル・長期留置型・補強部なし,2024-06-01,2024-07-01,2024-07-02,t_ALL20250530.csv,1.0
25558,0,721019000,デンプン由来吸収性局所止血材（標準型）,33.0,1.0,ｇ,1.0,12700.0,0.0,0.0,0.0,1.0,12700.0,0.0,0.0,0.0,,0.0,デンプン由来吸収性局所止血材・標準型,2024-06-01,2024-07-01,2024-07-02,t_ALL20250530.csv,1.0
25559,0,721020000,デンプン由来吸収性局所止血材（織布型）,41.0,3.0,ｃｍ２,1.0,48.0,0.0,0.0,0.0,1.0,48.0,0.0,0.0,0.0,,0.0,デンプン由来吸収性局所止血材・織布型,2024-06-01,2024-07-01,2024-07-02,t_ALL20250530.csv,1.0
25560,0,721020001,半導体レーザー用プローブ,0.0,0.0,,1.0,229000.0,0.0,0.0,0.0,1.0,229000.0,0.0,0.0,0.0,,0.0,半導体レーザー用プローブ,2024-06-01,2024-07-01,2024-07-02,t_ALL20250530.csv,1.0
25561,0,721020002,レーザー光照射用ニードルカテーテル,0.0,0.0,,1.0,1990.0,0.0,0.0,0.0,1.0,1990.0,0.0,0.0,0.0,,0.0,レーザー光照射用ニードルカテーテル,2024-06-01,2024-07-01,2024-07-02,t_ALL20250530.csv,1.0
22894,9,721021000,生体弁・異種心膜弁（２）（期限付改良加算あり）,0.0,0.0,,1.0,995000.0,0.0,0.0,0.0,1.0,995000.0,0.0,0.0,0.0,20240531,0.0,生体弁・異種心膜弁（２）・期限付改良加算あり,2024-06-01,2024-07-01,2024-07-02,t_ALL20240305.csv,1.0
5691,9,724030000,循環式人工腎臓用吸着筒,0.0,0.0,,0.0,0.0,0.0,0.0,0.0,1.0,11300.0,0.0,0.0,0.0,20160331,0.0,循環式人工腎臓用吸着筒,2016-04-01,2016-05-01,2016-05-02,t_ALL20160304.csv,1.0
25562,0,724060000,血漿交換用ディスポーザブル選択的血漿成分吸着器（劇症肝炎用）,0.0,0.0,,1.0,69900.0,0.0,0.0,0.0,1.0,70800.0,0.0,0.0,0.0,,0.0,血漿交換療法用特定保険医療材料・血漿交換用ディスポーザブル選択的血漿成分吸着器（劇症肝炎用）,2024-06-01,2024-07-01,2024-07-02,t_ALL20250530.csv,1.0
25563,0,724070000,吸着式血液浄化器（肝性昏睡・薬物）,0.0,0.0,個,1.0,133000.0,0.0,0.0,0.0,1.0,133000.0,0.0,0.0,0.0,,0.0,吸着式血液浄化用浄化器（肝性昏睡用又は薬物中毒用）,2024-06-01,2024-07-01,2024-07-02,t_ALL20250530.csv,1.0
25564,0,724230000,輸血用血液フィルター（微小凝集塊除去用）,0.0,0.0,,1.0,2500.0,0.0,0.0,0.0,1.0,2500.0,0.0,0.0,0.0,,0.0,輸血用血液フィルター（微小凝集塊除去用）,2024-06-01,2024-07-01,2024-07-02,t_ALL20250530.csv,1.0
25565,0,724380000,デキストラノマー,33.0,1.0,ｇ,1.0,145.0,0.0,0.0,0.0,1.0,145.0,0.0,0.0,0.0,,0.0,デキストラノマー,2024-06-01,2024-07-01,2024-07-02,t_ALL20250530.csv,1.0
25566,0,724390000,微線維性コラーゲン,33.0,1.0,ｇ,1.0,12900.0,0.0,0.0,0.0,1.0,13000.0,0.0,0.0,0.0,,0.0,微線維性コラーゲン,2024-06-01,2024-07-01,2024-07-02,t_ALL20250530.csv,1.0
25567,0,724560000,血漿交換用ディスポーザブル選択的血漿成分吸着器（劇症肝炎用以外）,0.0,0.0,,1.0,83600.0,0.0,0.0,0.0,1.0,83600.0,0.0,0.0,0.0,,0.0,血漿交換療法用特定保険医療材料・血漿交換用ディスポーザブル選択的血漿成分吸着器（劇症肝炎用以外）,2024-06-01,2024-07-01,2024-07-02,t_ALL20250530.csv,1.0
25568,0,724950000,鼻孔プロテーゼ,0.0,0.0,,1.0,3850.0,0.0,0.0,0.0,1.0,3850.0,0.0,0.0,0.0,,0.0,鼻孔プロテーゼ,2024-06-01,2024-07-01,2024-07-02,t_ALL20250530.csv,1.0
25569,0,725030000,ゼラチンスポンジ止血材,0.0,0.0,,1.0,1240.0,0.0,0.0,0.0,1.0,1240.0,0.0,0.0,0.0,,0.0,ゼラチンスポンジ止血材,2024-06-01,2024-07-01,2024-07-02,t_ALL20250530.csv,1.0
25570,0,725200000,輸血用血液フィルター（赤血球製剤用白血球除去用）,0.0,0.0,,1.0,2850.0,0.0,0.0,0.0,1.0,2850.0,0.0,0.0,0.0,,0.0,輸血用血液フィルター（赤血球製剤用白血球除去用）,2024-06-01,2024-07-01,2024-07-02,t_ALL20250530.csv,1.0
25571,0,725210000,輸血用血液フィルター（血小板製剤用白血球除去用）,0.0,0.0,,1.0,3340.0,0.0,0.0,0.0,1.0,3340.0,0.0,0.0,0.0,,0.0,輸血用血液フィルター（血小板製剤用白血球除去用）,2024-06-01,2024-07-01,2024-07-02,t_ALL20250530.csv,1.0
25572,0,726130000,脳深部刺激装置用リードセット（４極用）,0.0,0.0,,1.0,224000.0,0.0,0.0,0.0,1.0,135000.0,0.0,0.0,0.0,,0.0,脳深部刺激装置用リードセット（４極用）,2024-06-01,2024-07-01,2024-07-02,t_ALL20250530.csv,1.0
25573,0,726160000,脳・脊髄・仙骨神経刺激装置用リード（リードセット・４極又８極）,0.0,0.0,,1.0,155000.0,0.0,0.0,0.0,1.0,155000.0,0.0,0.0,0.0,,0.0,脳・脊髄刺激装置用リード及び仙骨神経刺激装置用リード・リードセット・４極又は８極,2024-06-01,2024-07-01,2024-07-02,t_ALL20250530.csv,1.0
25574,0,726190000,組織拡張器（一般用）,0.0,0.0,,1.0,32600.0,0.0,0.0,0.0,1.0,32600.0,0.0,0.0,0.0,,0.0,組織拡張器・一般用,2024-06-01,2024-07-01,2024-07-02,t_ALL20250530.csv,1.0
25575,0,726450000,副木（ハローベスト（ベスト部分））,0.0,0.0,,1.0,254000.0,0.0,0.0,0.0,1.0,254000.0,0.0,0.0,0.0,,0.0,副木・ハローベスト（ベスト部分）,2024-06-01,2024-07-01,2024-07-02,t_ALL20250530.csv,1.0
25576,0,726690000,内視鏡的食道静脈瘤結紮セット（単発式）,0.0,0.0,,1.0,15400.0,0.0,0.0,0.0,1.0,15400.0,0.0,0.0,0.0,,0.0,内視鏡的食道静脈瘤結紮セット（単発式）,2024-06-01,2024-07-01,2024-07-02,t_ALL20250530.csv,1.0
5707,5,727410000,機械弁,0.0,0.0,,1.0,791000.0,0.0,0.0,0.0,1.0,631000.0,0.0,0.0,0.0,,0.0,機械弁,2016-04-01,2016-05-01,2016-05-02,t_ALL20160304.csv,1.0
25577,0,727420000,機械弁,0.0,0.0,,1.0,659000.0,0.0,0.0,0.0,1.0,386000.0,0.0,0.0,0.0,,0.0,機械弁,2024-06-01,2024-07-01,2024-07-02,t_ALL20250530.csv,1.0
25578,0,727430000,生体弁（異種大動脈弁）,0.0,0.0,,1.0,780000.0,0.0,0.0,0.0,1.0,780000.0,0.0,0.0,0.0,,0.0,生体弁・異種大動脈弁,2024-06-01,2024-07-01,2024-07-02,t_ALL20250530.csv,1.0
20025,9,727440000,生体弁（異種心膜弁（１））,0.0,0.0,,1.0,547000.0,0.0,0.0,0.0,1.0,547000.0,0.0,0.0,0.0,20220331,0.0,生体弁・異種心膜弁（１）,2022-04-01,2022-05-01,2022-05-02,t20220331.csv,1.0
25579,0,727450000,弁付きグラフト（生体弁）,0.0,0.0,,1.0,825000.0,0.0,0.0,0.0,1.0,825000.0,0.0,0.0,0.0,,0.0,弁付きグラフト（生体弁）,2024-06-01,2024-07-01,2024-07-02,t_ALL20250530.csv,1.0
25580,0,727470000,人工弁輪・僧帽弁・三尖弁兼用,0.0,0.0,,1.0,233000.0,0.0,0.0,0.0,1.0,242000.0,0.0,0.0,0.0,,0.0,人工弁輪・僧帽弁・三尖弁兼用,2024-06-01,2024-07-01,2024-07-02,t_ALL20250530.csv,1.0
25581,0,727610000,ＩＡＢＰカテ標準型,0.0,0.0,,1.0,151000.0,0.0,0.0,0.0,1.0,154000.0,0.0,0.0,0.0,,0.0,バルーンパンピング用バルーンカテーテル・一般用標準型,2024-06-01,2024-07-01,2024-07-02,t_ALL20250530.csv,1.0
25582,0,727620000,ＩＡＢＰカテ末梢循環温存型,0.0,0.0,,1.0,118000.0,0.0,0.0,0.0,1.0,122000.0,0.0,0.0,0.0,,0.0,バルーンパンピング用バルーンカテーテル・一般用末梢循環温存型,2024-06-01,2024-07-01,2024-07-02,t_ALL20250530.csv,1.0
25583,0,727630000,ＩＡＢＰカテセンサー内蔵型,0.0,0.0,,1.0,174000.0,0.0,0.0,0.0,1.0,177000.0,0.0,0.0,0.0,,0.0,バルーンパンピング用バルーンカテーテル・一般用センサー内蔵型,2024-06-01,2024-07-01,2024-07-02,t_ALL20250530.csv,1.0
25584,0,727640000,ＩＡＢＰカテ小児用,0.0,0.0,,1.0,202000.0,0.0,0.0,0.0,1.0,202000.0,0.0,0.0,0.0,,0.0,バルーンパンピング用バルーンカテーテル・小児用,2024-06-01,2024-07-01,2024-07-02,t_ALL20250530.csv,1.0
25585,0,727820000,吸着式血液浄化器（エンドトキシン）,0.0,0.0,個,1.0,362000.0,0.0,0.0,0.0,1.0,362000.0,0.0,0.0,0.0,,0.0,吸着式血液浄化用浄化器（エンドトキシン除去用）,2024-06-01,2024-07-01,2024-07-02,t_ALL20250530.csv,1.0
25586,0,727850000,下大静脈留置フィルターセット（標準型）,0.0,0.0,,1.0,156000.0,0.0,0.0,0.0,1.0,156000.0,0.0,0.0,0.0,,0.0,血管内手術用カテーテル・下大静脈留置フィルターセット・標準型,2024-06-01,2024-07-01,2024-07-02,t_ALL20250530.csv,1.0
25587,0,728040000,３管分離逆止弁付バルーン直腸カテーテル,0.0,0.0,,1.0,1120.0,0.0,0.0,0.0,1.0,1120.0,0.0,0.0,0.0,,0.0,３管分離逆止弁付バルーン直腸カテーテル,2024-06-01,2024-07-01,2024-07-02,t_ALL20250530.csv,1.0
5720,9,728080000,携帯型ディスポーザブルＰＣＡ用装置,0.0,0.0,,0.0,0.0,0.0,0.0,0.0,1.0,1240.0,0.0,0.0,0.0,20160331,0.0,携帯型ディスポーザブルＰＣＡ用装置,2016-04-01,2016-05-01,2016-05-02,t_ALL20160304.csv,1.0
25588,0,728100000,経皮的カテーテル心筋焼灼術用カテーテル（熱・標準型）,0.0,0.0,,1.0,112000.0,0.0,0.0,0.0,1.0,117000.0,0.0,0.0,0.0,,0.0,経皮的カテーテル心筋焼灼術用カテーテル・熱アブレーション用・標準型,2024-06-01,2024-07-01,2024-07-02,t_ALL20250530.csv,1.0
25589,0,728140000,真皮欠損用グラフト,41.0,3.0,ｃｍ２,1.0,452.0,0.0,0.0,0.0,1.0,452.0,0.0,0.0,0.0,,0.0,真皮欠損用グラフト,2024-06-01,2024-07-01,2024-07-02,t_ALL20250530.csv,1.0
25590,0,728370000,膀胱留置用ディスポーザブルカテーテル（在宅・２管（２）・標準型）,0.0,0.0,,1.0,561.0,0.0,0.0,0.0,1.0,561.0,0.0,0.0,0.0,,0.0,在宅寝たきり患者処置用膀胱留置用ディスポーザブルカテーテル・２管一般（２）・標準型,2024-06-01,2024-07-01,2024-07-02,t_ALL20250530.csv,1.0
25591,0,728380000,膀胱留置用ディスポーザブルカテーテル（在宅・２管（３）・標準型）,0.0,0.0,,1.0,1650.0,0.0,0.0,0.0,1.0,1650.0,0.0,0.0,0.0,,0.0,在宅寝たきり患者処置用膀胱留置用ディスポーザブルカテーテル・２管一般（３）・標準型,2024-06-01,2024-07-01,2024-07-02,t_ALL20250530.csv,1.0
25592,0,728390000,膀胱留置用ディスポーザブルカテーテル（在宅）（特定（１））,0.0,0.0,,1.0,741.0,0.0,0.0,0.0,1.0,741.0,0.0,0.0,0.0,,0.0,在宅寝たきり患者処置用膀胱留置用ディスポーザブルカテーテル・特定（１）,2024-06-01,2024-07-01,2024-07-02,t_ALL20250530.csv,1.0
25593,0,728400000,膀胱留置用ディスポーザブルカテーテル（在宅）（特定（２））,0.0,0.0,,1.0,2060.0,0.0,0.0,0.0,1.0,2090.0,0.0,0.0,0.0,,0.0,在宅寝たきり患者処置用膀胱留置用ディスポーザブルカテーテル・特定（２）,2024-06-01,2024-07-01,2024-07-02,t_ALL20250530.csv,1.0
25594,0,728490000,血管内超音波プローブ（標準・太径）,0.0,0.0,,1.0,52800.0,0.0,0.0,0.0,1.0,56300.0,0.0,0.0,0.0,,0.0,血管内超音波プローブ・標準・太径,2024-06-01,2024-07-01,2024-07-02,t_ALL20250530.csv,1.0
25595,0,728500000,血管内超音波プローブ（標準・細径）,0.0,0.0,,1.0,66500.0,0.0,0.0,0.0,1.0,72500.0,0.0,0.0,0.0,,0.0,血管内超音波プローブ・標準・細径,2024-06-01,2024-07-01,2024-07-02,t_ALL20250530.csv,1.0
25596,0,728510000,血管内超音波プローブ（バルーン付・太径）,0.0,0.0,,1.0,173000.0,0.0,0.0,0.0,1.0,173000.0,0.0,0.0,0.0,,0.0,血管内超音波プローブ・バルーン付・太径,2024-06-01,2024-07-01,2024-07-02,t_ALL20250530.csv,1.0
25597,0,728520000,血管内超音波プローブ（バルーン付・細径）,0.0,0.0,,1.0,183000.0,0.0,0.0,0.0,1.0,183000.0,0.0,0.0,0.0,,0.0,血管内超音波プローブ・バルーン付・細径,2024-06-01,2024-07-01,2024-07-02,t_ALL20250530.csv,1.0
25598,0,728550000,血管造影用カテーテル（バルーン型（１）・一般用）,0.0,0.0,,1.0,13400.0,0.0,0.0,0.0,1.0,13400.0,0.0,0.0,0.0,,0.0,血管造影用カテーテル・バルーン型（１）・一般用,2024-06-01,2024-07-01,2024-07-02,t_ALL20250530.csv,1.0
25599,0,728560000,血管造影用カテーテル（バルーン型（２））,0.0,0.0,,1.0,30200.0,0.0,0.0,0.0,1.0,30900.0,0.0,0.0,0.0,,0.0,血管造影用カテーテル・バルーン型（２）,2024-06-01,2024-07-01,2024-07-02,t_ALL20250530.csv,1.0
25600,0,728580000,血管造影用カテーテル（心臓マルチパーパス型）,0.0,0.0,,1.0,3170.0,0.0,0.0,0.0,1.0,3400.0,0.0,0.0,0.0,,0.0,血管造影用カテーテル・心臓マルチパーパス型,2024-06-01,2024-07-01,2024-07-02,t_ALL20250530.csv,1.0
25601,0,728690000,冠動脈造影用センサー付ガイドワイヤー（フローセンサー型）,0.0,0.0,,1.0,158000.0,0.0,0.0,0.0,1.0,158000.0,0.0,0.0,0.0,,0.0,冠動脈造影用センサー付ガイドワイヤー・フローセンサー型,2024-06-01,2024-07-01,2024-07-02,t_ALL20250530.csv,1.0
25602,0,728720000,膀胱留置用ディスポーザブルカテーテル（２管一般（１））,0.0,0.0,,1.0,233.0,0.0,0.0,0.0,1.0,233.0,0.0,0.0,0.0,,0.0,膀胱留置用ディスポーザブルカテーテル・２管一般（１）,2024-06-01,2024-07-01,2024-07-02,t_ALL20250530.csv,1.0
25603,0,728730000,膀胱留置用ディスポーザブルカテーテル（２管一般（２）・標準型）,0.0,0.0,,1.0,561.0,0.0,0.0,0.0,1.0,561.0,0.0,0.0,0.0,,0.0,膀胱留置用ディスポーザブルカテーテル・２管一般（２）・標準型,2024-06-01,2024-07-01,2024-07-02,t_ALL20250530.csv,1.0
25604,0,728740000,膀胱留置用ディスポーザブルカテーテル（２管一般（３）・標準型）,0.0,0.0,,1.0,1650.0,0.0,0.0,0.0,1.0,1650.0,0.0,0.0,0.0,,0.0,膀胱留置用ディスポーザブルカテーテル・２管一般（３）・標準型,2024-06-01,2024-07-01,2024-07-02,t_ALL20250530.csv,1.0
25605,0,728750000,膀胱留置用ディスポーザブルカテーテル（特定（１））,0.0,0.0,,1.0,741.0,0.0,0.0,0.0,1.0,741.0,0.0,0.0,0.0,,0.0,膀胱留置用ディスポーザブルカテーテル・特定（１）,2024-06-01,2024-07-01,2024-07-02,t_ALL20250530.csv,1.0
25606,0,728760000,膀胱留置用ディスポーザブルカテーテル（特定（２））,0.0,0.0,,1.0,2060.0,0.0,0.0,0.0,1.0,2090.0,0.0,0.0,0.0,,0.0,膀胱留置用ディスポーザブルカテーテル・特定（２）,2024-06-01,2024-07-01,2024-07-02,t_ALL20250530.csv,1.0
25607,0,728790000,膀胱留置用ディスポーザブルカテーテル（圧迫止血）,0.0,0.0,,1.0,4610.0,0.0,0.0,0.0,1.0,4610.0,0.0,0.0,0.0,,0.0,膀胱留置用ディスポーザブルカテーテル・圧迫止血,2024-06-01,2024-07-01,2024-07-02,t_ALL20250530.csv,1.0
501,9,728800000,ホローファイバー型及び積層型（キール型）（１．５ｍ２未満）（２）,0.0,0.0,,0.0,0.0,0.0,0.0,0.0,1.0,1380.0,0.0,0.0,0.0,20120331,1.0,人工腎臓用ダイアライザーホローファイバー型及び積層型（キール型）（膜面積１．５ｍ２未満）（２）,2012-04-01,2012-05-01,2012-05-02,t20120305.csv,1.0
502,9,728810000,ホローファイバー型及び積層型（キール型）（１．５ｍ２以上）（２）,0.0,0.0,,0.0,0.0,0.0,0.0,0.0,1.0,1320.0,0.0,0.0,0.0,20120331,1.0,人工腎臓用ダイアライザーホローファイバー型及び積層型（キール型）（膜面積１．５ｍ２以上）（２）,2012-04-01,2012-05-01,2012-05-02,t20120305.csv,1.0
25608,0,728890000,固定用内副子（スクリュー）（一般（生体用合金１）・標準型）,0.0,0.0,,1.0,5970.0,0.0,0.0,0.0,1.0,5970.0,0.0,0.0,0.0,,0.0,固定用内副子（スクリュー）・一般スクリュー（生体用合金１）・標準型,2024-06-01,2024-07-01,2024-07-02,t_ALL20250530.csv,1.0
25609,0,728900000,固定用内副子（スクリュー）（一般（生体用合金２））,0.0,0.0,,1.0,1530.0,0.0,0.0,0.0,1.0,1530.0,0.0,0.0,0.0,,0.0,固定用内副子（スクリュー）・一般スクリュー（生体用合金２）,2024-06-01,2024-07-01,2024-07-02,t_ALL20250530.csv,1.0
13432,9,728910000,固定用内副子（スクリュー）（一般（アルミナセラミック））,0.0,0.0,,0.0,0.0,0.0,0.0,0.0,1.0,25000.0,0.0,0.0,0.0,20200331,0.0,固定用内副子（スクリュー）・一般スクリュー（アルミナセラミック）,2020-04-01,2020-05-01,2020-05-02,t20200305.csv,1.0
25610,0,728920000,固定用内副子（スクリュー）（中空スクリュー・Ｓ）,0.0,0.0,,1.0,17500.0,0.0,0.0,0.0,1.0,17500.0,0.0,0.0,0.0,,0.0,固定用内副子（スクリュー）・中空スクリュー・Ｓ,2024-06-01,2024-07-01,2024-07-02,t_ALL20250530.csv,1.0
25611,0,728930000,固定用内副子（スクリュー）（中空スクリュー・Ｌ）,0.0,0.0,,1.0,24400.0,0.0,0.0,0.0,1.0,24400.0,0.0,0.0,0.0,,0.0,固定用内副子（スクリュー）・中空スクリュー・Ｌ,2024-06-01,2024-07-01,2024-07-02,t_ALL20250530.csv,1.0
5746,9,728940000,固定用内副子（スクリュー）（中空（生体用合金２・Ｓ））,0.0,0.0,,0.0,0.0,0.0,0.0,0.0,1.0,22800.0,0.0,0.0,0.0,20160331,0.0,固定用内副子（スクリュー）・中空スクリュー（生体用合金２・Ｓ）,2016-04-01,2016-05-01,2016-05-02,t_ALL20160304.csv,1.0
5747,9,728950000,固定用内副子（スクリュー）（中空（生体用合金２・Ｌ））,0.0,0.0,,0.0,0.0,0.0,0.0,0.0,1.0,25700.0,0.0,0.0,0.0,20160331,0.0,固定用内副子（スクリュー）・中空スクリュー（生体用合金２・Ｌ）,2016-04-01,2016-05-01,2016-05-02,t_ALL20160304.csv,1.0
25612,0,728970000,固定用内副子（プレート）（ストレート（生体用合金１・Ｓ））,0.0,0.0,,1.0,19600.0,0.0,0.0,0.0,1.0,19600.0,0.0,0.0,0.0,,0.0,固定用内副子（プレート）・ストレートプレート（生体用合金１・Ｓ）,2024-06-01,2024-07-01,2024-07-02,t_ALL20250530.csv,1.0
25613,0,728980000,固定用内副子（プレート）（ストレート（生体用合金１・Ｌ））,0.0,0.0,,1.0,27300.0,0.0,0.0,0.0,1.0,27400.0,0.0,0.0,0.0,,0.0,固定用内副子（プレート）・ストレートプレート（生体用合金１・Ｌ）,2024-06-01,2024-07-01,2024-07-02,t_ALL20250530.csv,1.0
25614,0,728990000,固定用内副子（プレート）（ストレート（生体用合金２・Ｓ））,0.0,0.0,,1.0,3560.0,0.0,0.0,0.0,1.0,3560.0,0.0,0.0,0.0,,0.0,固定用内副子（プレート）・ストレートプレート（生体用合金２・Ｓ）,2024-06-01,2024-07-01,2024-07-02,t_ALL20250530.csv,1.0
25615,0,729000000,固定用内副子（プレート）（ストレート（生体用合金２・Ｌ））,0.0,0.0,,1.0,8290.0,0.0,0.0,0.0,1.0,8290.0,0.0,0.0,0.0,,0.0,固定用内副子（プレート）・ストレートプレート（生体用合金２・Ｌ）,2024-06-01,2024-07-01,2024-07-02,t_ALL20250530.csv,1.0
25616,0,729010000,固定用内副子（プレート）（有角（生体用合金１））,0.0,0.0,,1.0,36100.0,0.0,0.0,0.0,1.0,36100.0,0.0,0.0,0.0,,0.0,固定用内副子（プレート）・有角プレート（生体用合金１）,2024-06-01,2024-07-01,2024-07-02,t_ALL20250530.csv,1.0
25617,0,729020000,固定用内副子（プレート）（有角（生体用合金２））,0.0,0.0,,1.0,29400.0,0.0,0.0,0.0,1.0,29400.0,0.0,0.0,0.0,,0.0,固定用内副子（プレート）・有角プレート（生体用合金２）,2024-06-01,2024-07-01,2024-07-02,t_ALL20250530.csv,1.0
25618,0,729030000,固定用内副子（プレート）（骨端用（生体用合金１）・標準型）,0.0,0.0,,1.0,68700.0,0.0,0.0,0.0,1.0,68700.0,0.0,0.0,0.0,,0.0,固定用内副子（プレート）・骨端用プレート（生体用合金１）・標準型,2024-06-01,2024-07-01,2024-07-02,t_ALL20250530.csv,1.0
25619,0,729040000,固定用内副子（プレート）（骨端用（生体用合金２））,0.0,0.0,,1.0,29900.0,0.0,0.0,0.0,1.0,30000.0,0.0,0.0,0.0,,0.0,固定用内副子（プレート）・骨端用プレート（生体用合金２）,2024-06-01,2024-07-01,2024-07-02,t_ALL20250530.csv,1.0
25620,0,729060000,大腿骨外側固定用内副子（つばなしプレート）,0.0,0.0,,1.0,51300.0,0.0,0.0,0.0,1.0,51300.0,0.0,0.0,0.0,,0.0,大腿骨外側固定用内副子・つばなしプレート,2024-06-01,2024-07-01,2024-07-02,t_ALL20250530.csv,1.0
5757,9,729070000,大腿骨外側固定用内副子（つばなしプレート（生体用合金２））,0.0,0.0,,0.0,0.0,0.0,0.0,0.0,1.0,66000.0,0.0,0.0,0.0,20160331,0.0,大腿骨外側固定用内副子・つばなしプレート（生体用合金２）,2016-04-01,2016-05-01,2016-05-02,t_ALL20160304.csv,1.0
25621,0,729080000,大腿骨外側固定用内副子（つばつきプレート）,0.0,0.0,,1.0,86700.0,0.0,0.0,0.0,1.0,91900.0,0.0,0.0,0.0,,0.0,大腿骨外側固定用内副子・つばつきプレート,2024-06-01,2024-07-01,2024-07-02,t_ALL20250530.csv,1.0
5759,9,729090000,大腿骨外側固定用内副子（つばつきプレート（生体用合金２））,0.0,0.0,,0.0,0.0,0.0,0.0,0.0,1.0,109000.0,0.0,0.0,0.0,20160331,0.0,大腿骨外側固定用内副子・つばつきプレート（生体用合金２）,2016-04-01,2016-05-01,2016-05-02,t_ALL20160304.csv,1.0
25622,0,729100000,大腿骨外側固定用内副子（ラグスクリュー）,0.0,0.0,,1.0,28200.0,0.0,0.0,0.0,1.0,28200.0,0.0,0.0,0.0,,0.0,大腿骨外側固定用内副子・ラグスクリュー,2024-06-01,2024-07-01,2024-07-02,t_ALL20250530.csv,1.0
5761,9,729110000,大腿骨外側固定用内副子（ラグスクリュー（生体用合金２））,0.0,0.0,,0.0,0.0,0.0,0.0,0.0,1.0,31000.0,0.0,0.0,0.0,20160331,0.0,大腿骨外側固定用内副子・ラグスクリュー（生体用合金２）,2016-04-01,2016-05-01,2016-05-02,t_ALL20160304.csv,1.0
25623,0,729120000,大腿骨外側固定用内副子（スライディングラグ）,0.0,0.0,,1.0,25400.0,0.0,0.0,0.0,1.0,27200.0,0.0,0.0,0.0,,0.0,大腿骨外側固定用内副子・スライディングラグスクリュー,2025-06-01,2025-07-01,2025-07-02,t_ALL20250530.csv,1.0
25624,0,729130000,大腿骨外側固定用内副子（圧迫固定スクリュー）,0.0,0.0,,1.0,6900.0,0.0,0.0,0.0,1.0,7050.0,0.0,0.0,0.0,,0.0,大腿骨外側固定用内副子・圧迫固定スクリュー,2024-06-01,2024-07-01,2024-07-02,t_ALL20250530.csv,1.0
5764,9,729140000,大腿骨外側固定用内副子（圧迫固定スクリュー（生体用合金２））,0.0,0.0,,0.0,0.0,0.0,0.0,0.0,1.0,4180.0,0.0,0.0,0.0,20160331,0.0,大腿骨外側固定用内副子・圧迫固定スクリュー（生体用合金２）,2016-04-01,2016-05-01,2016-05-02,t_ALL20160304.csv,1.0
25625,0,729180000,固定用内副子用ナット,0.0,0.0,,1.0,466.0,0.0,0.0,0.0,1.0,466.0,0.0,0.0,0.0,,0.0,固定用内副子用ナット,2024-06-01,2024-07-01,2024-07-02,t_ALL20250530.csv,1.0
25626,0,729200000,脊椎ロッド（標準型）,0.0,0.0,,1.0,36500.0,0.0,0.0,0.0,1.0,36500.0,0.0,0.0,0.0,,0.0,脊椎固定用材料・脊椎ロッド・標準型,2024-06-01,2024-07-01,2024-07-02,t_ALL20250530.csv,1.0
25627,0,729240000,脊椎プレート（標準型）,0.0,0.0,,1.0,36400.0,0.0,0.0,0.0,1.0,37000.0,0.0,0.0,0.0,,0.0,脊椎固定用材料・脊椎プレート・標準型,2024-06-01,2024-07-01,2024-07-02,t_ALL20250530.csv,1.0
13451,9,729240001,脊椎プレート（標準型）【旧材料・脊椎プレートＬ】,0.0,0.0,,0.0,0.0,0.0,0.0,0.0,1.0,87900.0,0.0,0.0,0.0,20200331,0.0,脊椎固定用材料・脊椎プレート・標準型【旧材料価格基準・脊椎固定用材料・脊椎プレート（Ｌ）】,2020-04-01,2020-05-01,2020-05-02,t20200305.csv,1.0
8353,9,729250000,脊椎プレート（Ｌ）,0.0,0.0,,0.0,0.0,0.0,0.0,0.0,1.0,134000.0,0.0,0.0,0.0,20180331,0.0,脊椎固定用材料・脊椎プレート（Ｌ）,2018-04-01,2018-05-01,2018-05-02,t20180305.csv,1.0
25628,0,729280000,椎体フック,0.0,0.0,,1.0,63100.0,0.0,0.0,0.0,1.0,66000.0,0.0,0.0,0.0,,0.0,脊椎固定用材料・椎体フック,2024-06-01,2024-07-01,2024-07-02,t_ALL20250530.csv,1.0
25629,0,729360000,脊椎コネクター,0.0,0.0,,1.0,36800.0,0.0,0.0,0.0,1.0,37800.0,0.0,0.0,0.0,,0.0,脊椎固定用材料・脊椎コネクター,2024-06-01,2024-07-01,2024-07-02,t_ALL20250530.csv,1.0
25630,0,729380000,トランスバース固定器,0.0,0.0,,1.0,60100.0,0.0,0.0,0.0,1.0,61000.0,0.0,0.0,0.0,,0.0,脊椎固定用材料・トランスバース固定器,2024-06-01,2024-07-01,2024-07-02,t_ALL20250530.csv,1.0
25631,0,729400000,椎体ステープル,0.0,0.0,,1.0,35300.0,0.0,0.0,0.0,1.0,36200.0,0.0,0.0,0.0,,0.0,脊椎固定用材料・椎体ステープル,2024-06-01,2024-07-01,2024-07-02,t_ALL20250530.csv,1.0
25632,0,729430000,人工内耳用インプラント（電極及び受信－刺激器）,0.0,0.0,,1.0,1650000.0,0.0,0.0,0.0,1.0,1650000.0,0.0,0.0,0.0,,0.0,人工内耳用材料・人工内耳用インプラント（電極及び受信－刺激器）,2024-06-01,2024-07-01,2024-07-02,t_ALL20250530.csv,1.0
25633,0,729440000,人工内耳用音声信号処理装置（標準型）,0.0,0.0,,1.0,933000.0,0.0,0.0,0.0,1.0,940000.0,0.0,0.0,0.0,,0.0,人工内耳用材料・人工内耳用音声信号処理装置・標準型,2024-06-01,2024-07-01,2024-07-02,t_ALL20250530.csv,1.0
25634,0,729450000,人工内耳用ヘッドセット,0.0,0.0,,1.0,63670.0,0.0,0.0,0.0,1.0,64460.0,0.0,0.0,0.0,,0.0,人工内耳用ヘッドセット,2024-06-01,2024-07-01,2024-07-02,t_ALL20250530.csv,1.0
25635,0,729480000,食道静脈瘤硬化療法用穿刺針,0.0,0.0,,1.0,3690.0,0.0,0.0,0.0,1.0,3800.0,0.0,0.0,0.0,,0.0,食道静脈瘤硬化療法用セット・食道静脈瘤硬化療法用穿刺針,2024-06-01,2024-07-01,2024-07-02,t_ALL20250530.csv,1.0
25636,0,729490000,食道静脈瘤硬化療法用内視鏡固定用バルーン,0.0,0.0,,1.0,7200.0,0.0,0.0,0.0,1.0,7200.0,0.0,0.0,0.0,,0.0,食道静脈瘤硬化療法用セット・食道静脈瘤硬化療法用内視鏡固定用バルーン,2024-06-01,2024-07-01,2024-07-02,t_ALL20250530.csv,1.0
25637,0,729500000,食道静脈瘤硬化療法用止血バルーン,0.0,0.0,,1.0,4370.0,0.0,0.0,0.0,1.0,4370.0,0.0,0.0,0.0,,0.0,食道静脈瘤硬化療法用セット・食道静脈瘤硬化療法用止血バルーン,2024-06-01,2024-07-01,2024-07-02,t_ALL20250530.csv,1.0
25638,0,729510000,食道静脈瘤硬化療法用ガイドチューブ,0.0,0.0,,1.0,34200.0,0.0,0.0,0.0,1.0,34200.0,0.0,0.0,0.0,,0.0,食道静脈瘤硬化療法用セット・食道静脈瘤硬化療法用ガイドチューブ,2024-06-01,2024-07-01,2024-07-02,t_ALL20250530.csv,1.0
25639,0,729520000,内視鏡的食道静脈瘤結紮セット（連発式）,0.0,0.0,,1.0,24600.0,0.0,0.0,0.0,1.0,24600.0,0.0,0.0,0.0,,0.0,内視鏡的食道静脈瘤結紮セット（連発式）,2024-06-01,2024-07-01,2024-07-02,t_ALL20250530.csv,1.0
5781,9,729550000,植込型除細動器（２型）,0.0,0.0,,0.0,0.0,0.0,0.0,0.0,1.0,2820000.0,0.0,0.0,0.0,20160331,0.0,植込型除細動器・植込型除細動器（２型）,2016-04-01,2016-05-01,2016-05-02,t_ALL20160304.csv,1.0
25640,0,729560000,植込型除細動器用カテーテル電極（シングル）,0.0,0.0,,1.0,538000.0,0.0,0.0,0.0,1.0,612000.0,0.0,0.0,0.0,,0.0,植込型除細動器用カテーテル電極（シングル）,2024-06-01,2024-07-01,2024-07-02,t_ALL20250530.csv,1.0
25641,0,729570000,植込型除細動器用カテーテル電極（マルチ（一式））,0.0,0.0,,1.0,199000.0,0.0,0.0,0.0,1.0,199000.0,0.0,0.0,0.0,,0.0,植込型除細動器用カテーテル電極（マルチ（一式））,2024-06-01,2024-07-01,2024-07-02,t_ALL20250530.csv,1.0
25642,0,729610000,送脱血カニューレ（成人・シングル標準）,0.0,0.0,,1.0,4620.0,0.0,0.0,0.0,1.0,4620.0,0.0,0.0,0.0,,0.0,体外循環用カニューレ・成人用・送脱血カニューレ・シングル標準,2024-06-01,2024-07-01,2024-07-02,t_ALL20250530.csv,1.0
25643,0,729620000,送脱血カニューレ（成人・シングル強化）,0.0,0.0,,1.0,6770.0,0.0,0.0,0.0,1.0,6770.0,0.0,0.0,0.0,,0.0,体外循環用カニューレ・成人用・送脱血カニューレ・シングル強化,2024-06-01,2024-07-01,2024-07-02,t_ALL20250530.csv,1.0
25644,0,729630000,送脱血カニューレ（成人・２段標準）,0.0,0.0,,1.0,8640.0,0.0,0.0,0.0,1.0,8640.0,0.0,0.0,0.0,,0.0,体外循環用カニューレ・成人用・送脱血カニューレ・２段標準,2024-06-01,2024-07-01,2024-07-02,t_ALL20250530.csv,1.0
25645,0,729640000,送脱血カニューレ（成人・２段強化）,0.0,0.0,,1.0,8190.0,0.0,0.0,0.0,1.0,8190.0,0.0,0.0,0.0,,0.0,体外循環用カニューレ・成人用・送脱血カニューレ・２段強化,2024-06-01,2024-07-01,2024-07-02,t_ALL20250530.csv,1.0
25646,0,729650000,心筋保護用カニューレ（成人・ルート）,0.0,0.0,,1.0,3950.0,0.0,0.0,0.0,1.0,3950.0,0.0,0.0,0.0,,0.0,体外循環用カニューレ・成人用・心筋保護用カニューレ・ルート,2024-06-01,2024-07-01,2024-07-02,t_ALL20250530.csv,1.0
25647,0,729660000,心筋保護用カニューレ（成人・コロナリー）,0.0,0.0,,1.0,5890.0,0.0,0.0,0.0,1.0,6120.0,0.0,0.0,0.0,,0.0,体外循環用カニューレ・成人用・心筋保護用カニューレ・コロナリー,2024-06-01,2024-07-01,2024-07-02,t_ALL20250530.csv,1.0
25648,0,729670000,心筋保護用カニューレ（成人・レトロ）,0.0,0.0,,1.0,19000.0,0.0,0.0,0.0,1.0,19000.0,0.0,0.0,0.0,,0.0,体外循環用カニューレ・成人用・心筋保護用カニューレ・レトロ,2024-06-01,2024-07-01,2024-07-02,t_ALL20250530.csv,1.0
25649,0,729680000,ベントカテーテル（成人・一般型）,0.0,0.0,,1.0,3350.0,0.0,0.0,0.0,1.0,3350.0,0.0,0.0,0.0,,0.0,体外循環用カニューレ・成人用・ベントカテーテル・一般型,2024-06-01,2024-07-01,2024-07-02,t_ALL20250530.csv,1.0
25650,0,729690000,経皮的挿入用カニューレ（成人・一般型）,0.0,0.0,,1.0,37000.0,0.0,0.0,0.0,1.0,37600.0,0.0,0.0,0.0,,0.0,体外循環用カニューレ・成人用・経皮的挿入用カニューレ・一般型,2024-06-01,2024-07-01,2024-07-02,t_ALL20250530.csv,1.0
25651,0,729700000,生体適合性付加（加算）（送脱血・心筋保護・ベント）,0.0,0.0,,1.0,1600.0,0.0,0.0,0.0,1.0,1600.0,0.0,0.0,0.0,,0.0,生体適合性付加（加算）（送脱血カニューレ、心筋保護用カニューレ又はベントカテーテル）,2024-06-01,2024-07-01,2024-07-02,t_ALL20250530.csv,1.0
25652,0,729710000,生体適合性付加（加算）（経皮的挿入）,0.0,0.0,,1.0,3500.0,0.0,0.0,0.0,1.0,3500.0,0.0,0.0,0.0,,0.0,生体適合性付加（加算）（経皮的挿入用カニューレ）,2024-06-01,2024-07-01,2024-07-02,t_ALL20250530.csv,1.0
25653,0,729780000,眼科学的検査用インスタントフィルム,6.0,1.0,枚,2.0,0.0,0.0,0.0,0.0,2.0,0.0,0.0,0.0,0.0,,0.0,眼科学的検査用インスタントフィルム,2024-06-01,2024-07-01,2024-07-02,t_ALL20250530.csv,1.0
25654,0,729870000,吸着型血液浄化器（β２－ミクログロブリン除去用）,0.0,0.0,,1.0,21700.0,0.0,0.0,0.0,1.0,21700.0,0.0,0.0,0.0,,0.0,人工腎臓用特定保険医療材料（回路を含む。）・吸着型血液浄化器（β２－ミクログロブリン除去用）,2024-06-01,2024-07-01,2024-07-02,t_ALL20250530.csv,1.0
25655,0,729880000,経カテーテル人工生体弁セット（バルーン拡張・期限付改良加算あり）,0.0,0.0,,1.0,4720000.0,0.0,0.0,0.0,1.0,4720000.0,0.0,0.0,0.0,,0.0,経カテーテル人工生体弁セット・バルーン拡張型人工生体弁セット・期限付改良加算あり,2024-06-01,2024-07-01,2024-07-02,t_ALL20250530.csv,1.0
25656,0,729890000,体外フォトフェレーシスキット,0.0,0.0,,1.0,189000.0,0.0,0.0,0.0,1.0,189000.0,0.0,0.0,0.0,,0.0,体外フォトフェレーシスキット,2024-06-01,2024-07-01,2024-07-02,t_ALL20250530.csv,1.0
25657,0,729900000,植込型脳・脊髄電気刺激装置（振戦軽減・１６極・充・自動調整付き）,0.0,0.0,,1.0,2320000.0,0.0,0.0,0.0,1.0,2320000.0,0.0,0.0,0.0,,0.0,植込型脳・脊髄電気刺激装置・振戦軽減用・１６極以上用・充電式・自動調整機能付き,2024-06-01,2024-07-01,2024-07-02,t_ALL20250530.csv,1.0
25658,0,729910000,腱再生誘導材,0.0,0.0,,1.0,257000.0,0.0,0.0,0.0,1.0,257000.0,0.0,0.0,0.0,,0.0,腱再生誘導材,2024-06-01,2024-07-01,2024-07-02,t_ALL20250530.csv,1.0
25659,0,729920000,前立腺組織用高圧水噴射システム,0.0,0.0,,1.0,344000.0,0.0,0.0,0.0,1.0,344000.0,0.0,0.0,0.0,,0.0,前立腺組織用高圧水噴射システム,2024-06-01,2024-07-01,2024-07-02,t_ALL20250530.csv,1.0
25660,0,729920001,血管造影用マイクロカテーテル（気管支バルブ治療用）,0.0,0.0,,1.0,48900.0,0.0,0.0,0.0,1.0,48900.0,0.0,0.0,0.0,,0.0,血管造影用マイクロカテーテル・気管支バルブ治療用,2024-06-01,2024-07-01,2024-07-02,t_ALL20250530.csv,1.0
25661,0,729920002,植込型脳・脊髄電気刺激装置（疼痛除去・１６極・充・自動調整付き）,0.0,0.0,,1.0,2260000.0,0.0,0.0,0.0,1.0,2260000.0,0.0,0.0,0.0,,0.0,植込型脳・脊髄電気刺激装置・疼痛除去用・１６極以上用・充電式・自動調整機能付き,2024-06-01,2024-07-01,2024-07-02,t_ALL20250530.csv,1.0
25662,0,729920003,ガイディングカテーテル（気管支用）,0.0,0.0,,1.0,90300.0,0.0,0.0,0.0,1.0,90300.0,0.0,0.0,0.0,,0.0,ガイディングカテーテル・気管支用,2024-06-01,2024-07-01,2024-07-02,t_ALL20250530.csv,1.0
25663,0,729920004,血管内異物除去用カテーテル（リード一体型ペースメーカー抜去用）,0.0,0.0,,1.0,434000.0,0.0,0.0,0.0,1.0,434000.0,0.0,0.0,0.0,,0.0,血管内手術用カテーテル・血管内異物除去用カテーテル・リード一体型ペースメーカー抜去用カテーテル,2024-06-01,2024-07-01,2024-07-02,t_ALL20250530.csv,1.0
25664,0,729920005,気管支用バルブ,0.0,0.0,,1.0,313000.0,0.0,18.0,0.0,1.0,313000.0,0.0,0.0,0.0,,0.0,気管支用バルブ,2024-06-01,2024-07-01,2024-07-02,t_ALL20250530.csv,1.0
25665,0,729920006,組織代用人工繊維布（心血管系用・心血管修復パッチ・先天性心疾患）,41.0,3.0,ｃｍ２,1.0,3640.0,0.0,0.0,0.0,1.0,3640.0,0.0,0.0,0.0,,0.0,組織代用人工繊維布・心血管系用・心血管修復パッチ先天性心疾患用,2024-06-01,2024-07-01,2024-07-02,t_ALL20250530.csv,1.0
25666,0,729920007,ガイディングカテーテル（脳血管用・橈骨動脈穿刺対応型）,0.0,0.0,,1.0,63200.0,0.0,0.0,0.0,1.0,63200.0,0.0,0.0,0.0,,0.0,ガイディングカテーテル・脳血管用・橈骨動脈穿刺対応型,2024-06-01,2024-07-01,2024-07-02,t_ALL20250530.csv,1.0
22046,9,729920008,髄内釘（大腿骨頸部型・Ｘ線透過型）・指定番号,0.0,0.0,,1.0,159000.0,0.0,0.0,0.0,0.0,0.0,0.0,0.0,0.0,20241130,0.0,髄内釘・大腿骨頸部型・Ｘ線透過型・指定承認番号３０４００ＢＺＸ０００８７０００,2024-12-01,2025-01-01,2025-01-02,t_20241115.csv,1.0
22047,9,729920009,髄内釘（横止めスクリュー・大腿骨頸部型・Ｘ線透過型）・指定番号,0.0,0.0,,1.0,38100.0,0.0,0.0,0.0,0.0,0.0,0.0,0.0,0.0,20241130,0.0,髄内釘・横止めスクリュー・大腿骨頸部型・Ｘ線透過型・指定承認番号３０４００ＢＺＸ０００８７０００,2024-12-01,2025-01-01,2025-01-02,t_20241115.csv,1.0
22048,9,729920010,経消化管胆道ドレナージステント・指定番号,0.0,0.0,,1.0,289000.0,0.0,0.0,0.0,0.0,0.0,0.0,0.0,0.0,20241130,0.0,経消化管胆道ドレナージステント・指定承認番号３０４００ＢＺＸ００１５００００,2024-12-01,2025-01-01,2025-01-02,t_20241115.csv,1.0
25667,0,729920011,血管造影用カテーテル（脳血管・腹部血管専用型）,0.0,0.0,,1.0,2460.0,0.0,0.0,0.0,0.0,0.0,0.0,0.0,0.0,,0.0,血管造影用カテーテル・脳血管・腹部血管専用型,2024-06-01,2024-07-01,2024-07-02,t_ALL20250530.csv,1.0
25668,0,729920012,血管造影用カテーテル（バルーン型（１）・脳血管・腹部血管専用型）,0.0,0.0,,1.0,19300.0,0.0,0.0,0.0,0.0,0.0,0.0,0.0,0.0,,0.0,血管造影用カテーテル・バルーン型（１）・脳血管・腹部血管専用型,2024-06-01,2024-07-01,2024-07-02,t_ALL20250530.csv,1.0
25669,0,729920013,腎瘻・膀胱瘻用材料（ダイレーター）,0.0,0.0,,1.0,2140.0,0.0,0.0,0.0,0.0,0.0,0.0,0.0,0.0,,0.0,腎瘻又は膀胱瘻用材料・ダイレーター,2024-06-01,2024-07-01,2024-07-02,t_ALL20250530.csv,1.0
25670,0,729920014,経皮・内視鏡的胆管ドレナージ用材料（ダイレーター）,0.0,0.0,,1.0,2180.0,0.0,0.0,0.0,0.0,0.0,0.0,0.0,0.0,,0.0,経皮的又は経内視鏡的胆管等ドレナージ用材料・ダイレーター,2024-06-01,2024-07-01,2024-07-02,t_ALL20250530.csv,1.0
25671,0,729920015,副木（軟化成形使用型・シート状）,0.0,0.0,,1.0,1380.0,0.0,0.0,0.0,0.0,0.0,0.0,0.0,0.0,,0.0,副木・軟化成形使用型・シート状,2024-06-01,2024-07-01,2024-07-02,t_ALL20250530.csv,1.0
25672,0,729920016,人工股関節用材（大腿骨側材・大腿骨ステム（間）・特殊型）,0.0,0.0,,1.0,129000.0,0.0,0.0,0.0,0.0,0.0,0.0,0.0,0.0,,0.0,人工股関節用材料・大腿骨側材料・大腿骨ステム（間接固定型）・特殊型,2024-06-01,2024-07-01,2024-07-02,t_ALL20250530.csv,1.0
25673,0,729920017,固定用内副子（プレート）（その他・特殊・胸骨挙上用）,0.0,0.0,,1.0,176000.0,0.0,0.0,0.0,0.0,0.0,0.0,0.0,0.0,,0.0,固定用内副子（プレート）・その他のプレート・特殊・胸骨挙上用,2024-06-01,2024-07-01,2024-07-02,t_ALL20250530.csv,1.0
25674,0,729920018,脊椎ロッド（特殊型）,0.0,0.0,,1.0,36500.0,0.0,0.0,0.0,0.0,0.0,0.0,0.0,0.0,,0.0,脊椎固定用材料・脊椎ロッド・特殊型,2024-06-01,2024-07-01,2024-07-02,t_ALL20250530.csv,1.0
25675,0,729920019,脊椎スクリュー（可動型）（低侵襲手術専用型）,0.0,0.0,,1.0,79100.0,0.0,0.0,0.0,0.0,0.0,0.0,0.0,0.0,,0.0,脊椎固定用材料・脊椎スクリュー（可動型）・低侵襲手術専用型,2024-06-01,2024-07-01,2024-07-02,t_ALL20250530.csv,1.0
25676,0,729920020,カスタムメイド人工骨プレート（メッシュ型）,0.0,0.0,,1.0,799000.0,0.0,0.0,0.0,0.0,0.0,0.0,0.0,0.0,,0.0,カスタムメイド人工骨プレート・メッシュ型,2024-06-01,2024-07-01,2024-07-02,t_ALL20250530.csv,1.0
25677,0,729920021,髄内釘（横止めスクリュー・大腿骨頸部型・横穴付き）,0.0,0.0,,1.0,34000.0,0.0,0.0,0.0,0.0,0.0,0.0,0.0,0.0,,0.0,髄内釘・横止めスクリュー・大腿骨頸部型・横穴付き,2024-06-01,2024-07-01,2024-07-02,t_ALL20250530.csv,1.0
25678,0,729920022,髄内釘（横止めスクリュー・両端ねじ型）,0.0,0.0,,1.0,15000.0,0.0,0.0,0.0,0.0,0.0,0.0,0.0,0.0,,0.0,髄内釘・横止めスクリュー・両端ねじ型,2024-06-01,2024-07-01,2024-07-02,t_ALL20250530.csv,1.0
25679,0,729920023,人工骨（専用型・椎体固定用・１椎体用・可変式）,0.0,0.0,,1.0,149000.0,0.0,0.0,0.0,0.0,0.0,0.0,0.0,0.0,,0.0,人工骨・専用型・椎体固定用・１椎体用・可変式,2024-06-01,2024-07-01,2024-07-02,t_ALL20250530.csv,1.0
25680,0,729920024,植込型輸液ポンプ用髄腔カテーテル・標準型,0.0,0.0,,1.0,89000.0,0.0,0.0,0.0,0.0,0.0,0.0,0.0,0.0,,0.0,植込型輸液ポンプ用髄腔カテーテル,2024-06-01,2024-07-01,2024-07-02,t_ALL20250530.csv,1.0
25681,0,729920025,経皮的脳血管形成術用カテーテル,0.0,0.0,,1.0,96100.0,0.0,0.0,0.0,0.0,0.0,0.0,0.0,0.0,,0.0,血管内手術用カテーテル・経皮的脳血管形成術用カテーテル,2024-06-01,2024-07-01,2024-07-02,t_ALL20250530.csv,1.0
25682,0,729920026,末梢血管用ステントセット（橈骨動脈穿刺対応型）,0.0,0.0,,1.0,234000.0,0.0,0.0,0.0,0.0,0.0,0.0,0.0,0.0,,0.0,血管内手術用カテーテル・末梢血管用ステントセット・橈骨動脈穿刺対応型,2024-06-01,2024-07-01,2024-07-02,t_ALL20250530.csv,1.0
25683,0,729920027,オクリュージョンカテーテル（上大静脈止血対応型）,0.0,0.0,,1.0,38100.0,0.0,0.0,0.0,0.0,0.0,0.0,0.0,0.0,,0.0,血管内手術用カテーテル・オクリュージョンカテーテル・上大静脈止血対応型,2024-06-01,2024-07-01,2024-07-02,t_ALL20250530.csv,1.0
25684,0,729920028,植込型心電図記録計,0.0,0.0,,1.0,388000.0,0.0,0.0,0.0,0.0,0.0,0.0,0.0,0.0,,0.0,植込型心電図記録計,2024-06-01,2024-07-01,2024-07-02,t_ALL20250530.csv,1.0
25685,0,729920029,ニコチン依存症治療補助アプリ,0.0,0.0,,1.0,24000.0,0.0,0.0,0.0,0.0,0.0,0.0,0.0,0.0,,0.0,ニコチン依存症治療補助アプリ,2024-06-01,2024-07-01,2024-07-02,t_ALL20250530.csv,1.0
25686,0,729920030,高血圧症治療補助アプリ,0.0,0.0,,1.0,7010.0,0.0,20.0,0.0,0.0,0.0,0.0,0.0,0.0,,0.0,高血圧症治療補助アプリ,2024-06-01,2024-07-01,2024-07-02,t_ALL20250530.csv,1.0
25687,0,729990000,血栓除去用カテーテル（経皮的血栓除去用・破砕吸引型）,0.0,0.0,,1.0,448000.0,0.0,0.0,0.0,1.0,448000.0,0.0,0.0,0.0,,0.0,血管内手術用カテーテル・血栓除去用カテーテル・経皮的血栓除去用・破砕吸引型,2024-06-01,2024-07-01,2024-07-02,t_ALL20250530.csv,1.0
25688,0,729990001,大動脈用ステントグラフト（胸部大動脈用・メイン部分・可動型）,0.0,0.0,,1.0,1490000.0,0.0,0.0,0.0,1.0,1490000.0,0.0,0.0,0.0,,0.0,大動脈用ステントグラフト・胸部大動脈用ステントグラフト（メイン部分）・中枢端可動型,2024-06-01,2024-07-01,2024-07-02,t_ALL20250530.csv,1.0
25689,0,730090000,テクネシウム９９ｍガス吸入装置用患者吸入セット,0.0,0.0,,1.0,5900.0,0.0,0.0,0.0,1.0,5970.0,0.0,0.0,0.0,,0.0,テクネシウム９９ｍガス吸入装置用患者吸入セット,2024-06-01,2024-07-01,2024-07-02,t_ALL20250530.csv,1.0
25690,0,730560000,末梢血管用ステントセット（一般型）,0.0,0.0,,1.0,159000.0,0.0,0.0,0.0,1.0,160000.0,0.0,0.0,0.0,,0.0,血管内手術用カテーテル・末梢血管用ステントセット・一般型,2024-06-01,2024-07-01,2024-07-02,t_ALL20250530.csv,1.0
25691,0,730660000,植込型除細動器（３型・標準型）,0.0,0.0,,1.0,2580000.0,0.0,0.0,0.0,1.0,2730000.0,0.0,0.0,0.0,,0.0,植込型除細動器・植込型除細動器（３型）・標準型,2024-06-01,2024-07-01,2024-07-02,t_ALL20250530.csv,1.0
25692,0,730700000,特殊カテーテル（切削型）,0.0,0.0,,1.0,202000.0,0.0,0.0,0.0,1.0,207000.0,0.0,0.0,0.0,,0.0,心臓手術用カテーテル・特殊カテーテル・切削型,2024-06-01,2024-07-01,2024-07-02,t_ALL20250530.csv,1.0
13483,9,730710000,抗悪性腫瘍剤注入用肝動脈塞栓材,0.0,0.0,ｍＬ,0.0,0.0,0.0,0.0,0.0,1.0,1240.0,0.0,0.0,0.0,20200331,0.0,抗悪性腫瘍剤注入用肝動脈塞栓材,2020-04-01,2020-05-01,2020-05-02,t20200305.csv,1.0
25693,0,730720000,涙点プラグ,0.0,0.0,,1.0,3900.0,0.0,0.0,0.0,1.0,3900.0,0.0,0.0,0.0,,0.0,涙点プラグ,2024-06-01,2024-07-01,2024-07-02,t_ALL20250530.csv,1.0
25694,0,730730000,冠動脈狭窄部貫通用カテーテル,0.0,0.0,,1.0,36700.0,0.0,0.0,0.0,1.0,37100.0,0.0,0.0,0.0,,0.0,心臓手術用カテーテル・冠動脈狭窄部貫通用カテーテル,2024-06-01,2024-07-01,2024-07-02,t_ALL20250530.csv,1.0
8388,9,730740000,尿路結石破砕装置用ピンハンマー,0.0,0.0,,0.0,0.0,0.0,0.0,0.0,1.0,22100.0,0.0,0.0,0.0,20180331,0.0,尿路結石破砕装置用ピンハンマー,2018-04-01,2018-05-01,2018-05-02,t20180305.csv,1.0
5805,9,730760000,ホローファイバー型・積層型（キール型）１．５ｍ２未満１・２・在宅,0.0,0.0,,0.0,0.0,0.0,0.0,0.0,1.0,1610.0,0.0,0.0,0.0,20160331,0.0,在宅血液透析用特定保険医療材料（回路を含む。）・ダイアライザー・ホローファイバー型及び積層型（キール型）（膜面積１．５ｍ２未満）（１・２）,2016-04-01,2016-05-01,2016-05-02,t_ALL20160304.csv,1.0
568,9,730770000,ホローファイバー型及び積層型（キール型）１．５ｍ２未満２（在宅）,0.0,0.0,,0.0,0.0,0.0,0.0,0.0,1.0,1380.0,0.0,0.0,0.0,20120331,0.0,在宅血液透析用ダイアライザーホローファイバー型及び積層型（キール型）（膜面積１．５ｍ２未満）（２）,2012-04-01,2012-05-01,2012-05-02,t20120305.csv,1.0
5806,9,730780000,ホローファイバー型・積層型（キール型）１．５ｍ２以上１・２・在宅,0.0,0.0,,0.0,0.0,0.0,0.0,0.0,1.0,1690.0,0.0,0.0,0.0,20160331,0.0,在宅血液透析用特定保険医療材料（回路を含む。）・ダイアライザー・ホローファイバー型及び積層型（キール型）（膜面積１．５ｍ２以上）（１・２）,2016-04-01,2016-05-01,2016-05-02,t_ALL20160304.csv,1.0
570,9,730790000,ホローファイバー型及び積層型（キール型）１．５ｍ２以上２（在宅）,0.0,0.0,,0.0,0.0,0.0,0.0,0.0,1.0,1320.0,0.0,0.0,0.0,20120331,0.0,在宅血液透析用ダイアライザーホローファイバー型及び積層型（キール型）（膜面積１．５ｍ２以上）（２）,2012-04-01,2012-05-01,2012-05-02,t20120305.csv,1.0
25695,0,730800000,ダイアライザー特定積層型（在宅）,0.0,0.0,,1.0,5590.0,0.0,0.0,0.0,1.0,5690.0,0.0,0.0,0.0,,0.0,在宅血液透析用特定保険医療材料（回路を含む。）・ダイアライザー・特定積層型,2024-06-01,2024-07-01,2024-07-02,t_ALL20250530.csv,1.0
25696,0,730810000,吸着型血液浄化器（β２－ミクログロブリン除去用）（在宅）,0.0,0.0,,1.0,21700.0,0.0,0.0,0.0,1.0,21700.0,0.0,0.0,0.0,,0.0,在宅血液透析用特定保険医療材料（回路を含む。）・吸着型血液浄化器（β２－ミクログロブリン除去用）,2024-06-01,2024-07-01,2024-07-02,t_ALL20250530.csv,1.0
25697,0,730840000,合成吸収性癒着防止材（シート型）,41.0,3.0,ｃｍ２,1.0,169.0,0.0,0.0,0.0,1.0,169.0,0.0,0.0,0.0,,0.0,合成吸収性癒着防止材・シート型,2024-06-01,2024-07-01,2024-07-02,t_ALL20250530.csv,1.0
25698,0,731150000,経皮的血管形成術用穿刺部止血材料,0.0,0.0,,1.0,28400.0,0.0,0.0,0.0,1.0,28400.0,0.0,0.0,0.0,,0.0,経皮的血管形成術用穿刺部止血材料,2024-06-01,2024-07-01,2024-07-02,t_ALL20250530.csv,1.0
25699,0,732010000,血管内視鏡カテーテル,0.0,0.0,,1.0,164000.0,0.0,0.0,0.0,1.0,164000.0,0.0,0.0,0.0,,0.0,血管内視鏡カテーテル,2024-06-01,2024-07-01,2024-07-02,t_ALL20250530.csv,1.0
25700,0,732030000,白血球吸着用材料（一般用）,0.0,0.0,,1.0,118000.0,0.0,0.0,0.0,1.0,122000.0,0.0,0.0,0.0,,0.0,白血球吸着用材料・一般用,2024-06-01,2024-07-01,2024-07-02,t_ALL20250530.csv,1.0
25701,0,732040000,副鼻腔炎治療用カテーテル,0.0,0.0,,1.0,3220.0,0.0,0.0,0.0,1.0,3220.0,0.0,0.0,0.0,,0.0,副鼻腔炎治療用カテーテル,2024-06-01,2024-07-01,2024-07-02,t_ALL20250530.csv,1.0
25702,0,732060000,植込型脳・脊髄電気刺激装置（疼痛除去用）（４極又８極用）,0.0,0.0,,1.0,1430000.0,0.0,0.0,0.0,1.0,1350000.0,0.0,0.0,0.0,,0.0,植込型脳・脊髄電気刺激装置・疼痛除去用・４極又は８極用,2024-06-01,2024-07-01,2024-07-02,t_ALL20250530.csv,1.0
25703,0,732070000,植込型脳・脊髄電気刺激装置（振戦軽減用）（４極用）,0.0,0.0,,1.0,1260000.0,0.0,0.0,0.0,1.0,1260000.0,0.0,0.0,0.0,,0.0,植込型脳・脊髄電気刺激装置・振戦軽減用・４極用,2024-06-01,2024-07-01,2024-07-02,t_ALL20250530.csv,1.0
25704,0,732080000,脳波測定用頭蓋内電極（硬膜下電極（１０極以下））,0.0,0.0,,1.0,47200.0,0.0,0.0,0.0,1.0,47200.0,0.0,0.0,0.0,,0.0,脳波測定用頭蓋内電極・硬膜下電極（１０極以下）,2024-06-01,2024-07-01,2024-07-02,t_ALL20250530.csv,1.0
25705,0,732090000,脳波測定用頭蓋内電極（硬膜下電極（１１極以上））,0.0,0.0,,1.0,89200.0,0.0,0.0,0.0,1.0,89200.0,0.0,0.0,0.0,,0.0,脳波測定用頭蓋内電極・硬膜下電極（１１極以上）,2024-06-01,2024-07-01,2024-07-02,t_ALL20250530.csv,1.0
25706,0,732100000,脳波測定用頭蓋内電極（深部電極）,0.0,0.0,,1.0,37200.0,0.0,0.0,0.0,1.0,37200.0,0.0,0.0,0.0,,0.0,脳波測定用頭蓋内電極・深部電極,2024-06-01,2024-07-01,2024-07-02,t_ALL20250530.csv,1.0
25707,0,732120000,人工内耳用音声信号処理装置（標準型・耳掛け型）,0.0,0.0,,1.0,996670.0,0.0,0.0,0.0,1.0,1004460.0,0.0,0.0,0.0,,0.0,人工内耳用音声信号処理装置（標準型・耳掛け型）,2024-06-01,2024-07-01,2024-07-02,t_ALL20250530.csv,1.0
5820,9,732210000,植込型除細動器（４型）,0.0,0.0,,0.0,0.0,0.0,0.0,0.0,1.0,2970000.0,0.0,0.0,0.0,20160331,0.0,植込型除細動器・植込型除細動器（４型）,2016-04-01,2016-05-01,2016-05-02,t_ALL20160304.csv,1.0
25708,0,732530000,ペースメーカー（シングルチャンバ・標準型）,0.0,0.0,,1.0,391000.0,0.0,0.0,0.0,1.0,454000.0,0.0,0.0,0.0,,0.0,ペースメーカー・シングルチャンバ・標準型,2024-06-01,2024-07-01,2024-07-02,t_ALL20250530.csv,1.0
20122,9,732550000,ペースメーカー（デュアルチャンバ（１型・２型））,0.0,0.0,,1.0,553000.0,0.0,0.0,0.0,1.0,553000.0,0.0,0.0,0.0,20220331,0.0,ペースメーカー・デュアルチャンバ（１型・２型）,2022-04-01,2022-05-01,2022-05-02,t20220331.csv,1.0
20123,9,732580000,ペースメーカー（デュアルチャンバ（３型））,0.0,0.0,,1.0,403000.0,0.0,0.0,0.0,1.0,403000.0,0.0,0.0,0.0,20220331,0.0,ペースメーカー・デュアルチャンバ（３型）,2022-04-01,2022-05-01,2022-05-02,t20220331.csv,1.0
25709,0,732590000,ＰＴＣＡ用カテーテル（一般型）,0.0,0.0,,1.0,29000.0,0.0,0.0,0.0,1.0,32000.0,0.0,0.0,0.0,,0.0,心臓手術用カテーテル・経皮的冠動脈形成術用カテーテル・一般型,2024-06-01,2024-07-01,2024-07-02,t_ALL20250530.csv,1.0
25710,0,732600000,ＰＴＣＡ用カテーテル（インフュージョン型）,0.0,0.0,,1.0,157000.0,0.0,0.0,0.0,1.0,157000.0,0.0,0.0,0.0,,0.0,心臓手術用カテーテル・経皮的冠動脈形成術用カテーテル・インフュージョン型,2024-06-01,2024-07-01,2024-07-02,t_ALL20250530.csv,1.0
25711,0,732610000,ＰＴＣＡ用カテーテル（パーフュージョン型）,0.0,0.0,,1.0,146000.0,0.0,0.0,0.0,1.0,146000.0,0.0,0.0,0.0,,0.0,心臓手術用カテーテル・経皮的冠動脈形成術用カテーテル・パーフュージョン型,2024-06-01,2024-07-01,2024-07-02,t_ALL20250530.csv,1.0
25712,0,732620000,ＰＴＣＡ用カテーテル（カッティング型）,0.0,0.0,,1.0,110000.0,0.0,0.0,0.0,1.0,116000.0,0.0,0.0,0.0,,0.0,心臓手術用カテーテル・経皮的冠動脈形成術用カテーテル・カッティング型,2024-06-01,2024-07-01,2024-07-02,t_ALL20250530.csv,1.0
25713,0,732650000,食道用ステント,0.0,0.0,,1.0,127000.0,0.0,0.0,0.0,1.0,127000.0,0.0,0.0,0.0,,0.0,食道用ステント,2024-06-01,2024-07-01,2024-07-02,t_ALL20250530.csv,1.0
25714,0,732670000,腹膜透析液交換セット（交換キット）,0.0,0.0,,1.0,554.0,0.0,0.0,0.0,1.0,554.0,0.0,0.0,0.0,,0.0,腹膜透析液交換セット・交換キット,2024-06-01,2024-07-01,2024-07-02,t_ALL20250530.csv,1.0
25715,0,732680000,腹膜透析液交換セット（回路・Ｙセット）,0.0,0.0,,1.0,884.0,0.0,0.0,0.0,1.0,884.0,0.0,0.0,0.0,,0.0,腹膜透析液交換セット・回路・Ｙセット,2024-06-01,2024-07-01,2024-07-02,t_ALL20250530.csv,1.0
25716,0,732690000,腹膜透析液交換セット（回路・ＡＰＤセット）,0.0,0.0,,1.0,5470.0,0.0,0.0,0.0,1.0,5470.0,0.0,0.0,0.0,,0.0,腹膜透析液交換セット・回路・ＡＰＤセット,2024-06-01,2024-07-01,2024-07-02,t_ALL20250530.csv,1.0
25717,0,732700000,腹膜透析液交換セット（回路・ＩＰＤセット）,0.0,0.0,,1.0,1040.0,0.0,0.0,0.0,1.0,1040.0,0.0,0.0,0.0,,0.0,腹膜透析液交換セット・回路・ＩＰＤセット,2024-06-01,2024-07-01,2024-07-02,t_ALL20250530.csv,1.0
25718,0,732730000,気管切開後留置用チューブ（在宅）（カフ付チューブ吸引有・一重管）,0.0,0.0,,1.0,4020.0,0.0,0.0,0.0,1.0,4110.0,0.0,0.0,0.0,,0.0,在宅寝たきり患者処置用気管切開後留置用チューブ・一般型・カフ付き気管切開チューブ・カフ上部吸引機能あり・一重管,2024-06-01,2024-07-01,2024-07-02,t_ALL20250530.csv,1.0
25719,0,732740000,気管切開後留置用チューブ（在宅）（カフ付チューブ吸引有・二重管）,0.0,0.0,,1.0,5690.0,0.0,0.0,0.0,1.0,5790.0,0.0,0.0,0.0,,0.0,在宅寝たきり患者処置用気管切開後留置用チューブ・一般型・カフ付き気管切開チューブ・カフ上部吸引機能あり・二重管,2024-06-01,2024-07-01,2024-07-02,t_ALL20250530.csv,1.0
25720,0,732750000,気管切開後留置用チューブ（在宅）（カフ付チューブ吸引無・一重管）,0.0,0.0,,1.0,3800.0,0.0,0.0,0.0,1.0,3800.0,0.0,0.0,0.0,,0.0,在宅寝たきり患者処置用気管切開後留置用チューブ・一般型・カフ付き気管切開チューブ・カフ上部吸引機能なし・一重管,2024-06-01,2024-07-01,2024-07-02,t_ALL20250530.csv,1.0
25721,0,732760000,気管切開後留置用チューブ（在宅）（カフ付チューブ吸引無・二重管）,0.0,0.0,,1.0,6080.0,0.0,0.0,0.0,1.0,6080.0,0.0,0.0,0.0,,0.0,在宅寝たきり患者処置用気管切開後留置用チューブ・一般型・カフ付き気管切開チューブ・カフ上部吸引機能なし・二重管,2024-06-01,2024-07-01,2024-07-02,t_ALL20250530.csv,1.0
25722,0,732770000,気管切開後留置用チューブ（在宅）（カフなし気管切開チューブ）,0.0,0.0,,1.0,4080.0,0.0,0.0,0.0,1.0,4080.0,0.0,0.0,0.0,,0.0,在宅寝たきり患者処置用気管切開後留置用チューブ・一般型・カフなし気管切開チューブ,2024-06-01,2024-07-01,2024-07-02,t_ALL20250530.csv,1.0
25723,0,732780000,気管切開後留置用チューブ（在宅）（輪状甲状膜切開チューブ）,0.0,0.0,,1.0,2030.0,0.0,0.0,0.0,1.0,2740.0,0.0,0.0,0.0,,0.0,在宅寝たきり患者処置用気管切開後留置用チューブ・輪状甲状膜切開チューブ,2024-06-01,2024-07-01,2024-07-02,t_ALL20250530.csv,1.0
25724,0,732790000,気管切開後留置用チューブ（在宅）（保持用気管切開チューブ）,0.0,0.0,,1.0,6140.0,0.0,0.0,0.0,1.0,6140.0,0.0,0.0,0.0,,0.0,在宅寝たきり患者処置用気管切開後留置用チューブ・保持用気管切開チューブ,2024-06-01,2024-07-01,2024-07-02,t_ALL20250530.csv,1.0
25725,0,732800000,栄養用ディスポカテ（在宅）（経鼻用・一般用）,0.0,0.0,,1.0,183.0,0.0,0.0,0.0,1.0,183.0,0.0,0.0,0.0,,0.0,在宅寝たきり患者処置用栄養用ディスポーザブルカテーテル・経鼻用・一般用,2024-06-01,2024-07-01,2024-07-02,t_ALL20250530.csv,1.0
25726,0,732820000,栄養用ディスポカテ（在宅）（経鼻用・経腸栄養用）,0.0,0.0,,1.0,1600.0,0.0,0.0,0.0,1.0,1630.0,0.0,0.0,0.0,,0.0,在宅寝たきり患者処置用栄養用ディスポーザブルカテーテル・経鼻用・経腸栄養用,2024-06-01,2024-07-01,2024-07-02,t_ALL20250530.csv,1.0
25727,0,732830000,栄養用ディスポカテ（在宅）（経鼻用・特殊型）,0.0,0.0,,1.0,2110.0,0.0,0.0,0.0,1.0,2110.0,0.0,0.0,0.0,,0.0,在宅寝たきり患者処置用栄養用ディスポーザブルカテーテル・経鼻用・特殊型,2024-06-01,2024-07-01,2024-07-02,t_ALL20250530.csv,1.0
25728,0,732840000,栄養用ディスポカテ（在宅）（腸瘻用）,0.0,0.0,,1.0,3870.0,0.0,0.0,0.0,1.0,3870.0,0.0,0.0,0.0,,0.0,在宅寝たきり患者処置用栄養用ディスポーザブルカテーテル・腸瘻用,2024-06-01,2024-07-01,2024-07-02,t_ALL20250530.csv,1.0
25729,0,732850000,動脈圧モニターカテ肺動脈用,0.0,0.0,,1.0,14000.0,0.0,0.0,0.0,1.0,14100.0,0.0,0.0,0.0,,0.0,動脈圧測定用カテーテル・肺動脈圧及び肺動脈楔入圧測定用カテーテル,2024-06-01,2024-07-01,2024-07-02,t_ALL20250530.csv,1.0
25730,0,732860000,動脈圧モニターカテ末梢動脈用,0.0,0.0,,1.0,2120.0,0.0,0.0,0.0,1.0,2130.0,0.0,0.0,0.0,,0.0,動脈圧測定用カテーテル・末梢動脈圧測定用カテーテル,2024-06-01,2024-07-01,2024-07-02,t_ALL20250530.csv,1.0
25731,0,732870000,冠状静脈洞内血液採取用カテーテル,0.0,0.0,,1.0,3350.0,0.0,0.0,0.0,1.0,3350.0,0.0,0.0,0.0,,0.0,冠状静脈洞内血液採取用カテーテル,2024-06-01,2024-07-01,2024-07-02,t_ALL20250530.csv,1.0
25732,0,732880000,サーモダイリューション用カテーテル（標準型）,0.0,0.0,,1.0,9790.0,0.0,0.0,0.0,1.0,10000.0,0.0,0.0,0.0,,0.0,サーモダイリューション用カテーテル・一般型・標準型,2024-06-01,2024-07-01,2024-07-02,t_ALL20250530.csv,1.0
25733,0,732890000,サーモダイリューション用カテーテル（標準型・ルーメン有）,0.0,0.0,,1.0,13700.0,0.0,0.0,0.0,1.0,16600.0,0.0,0.0,0.0,,0.0,サーモダイリューション用カテーテル・一般型・標準型・輸液又はペーシングリード用ルーメンあり,2024-06-01,2024-07-01,2024-07-02,t_ALL20250530.csv,1.0
25734,0,732900000,サーモダイリューション用カテーテル（モニター機能有）,0.0,0.0,,1.0,52400.0,0.0,0.0,0.0,1.0,52400.0,0.0,0.0,0.0,,0.0,サーモダイリューション用カテーテル・一般型・混合静脈血酸素飽和度モニター機能あり,2024-06-01,2024-07-01,2024-07-02,t_ALL20250530.csv,1.0
25735,0,732910000,サーモダイリューション用カテーテル（ペーシング機能有）,0.0,0.0,,1.0,37100.0,0.0,0.0,0.0,1.0,37100.0,0.0,0.0,0.0,,0.0,サーモダイリューション用カテーテル・一般型・ペーシング機能あり,2024-06-01,2024-07-01,2024-07-02,t_ALL20250530.csv,1.0
8432,9,732920000,サーモダイリューション用カテーテル（駆出率測定有・モニター有）,0.0,0.0,,0.0,0.0,0.0,0.0,0.0,1.0,41000.0,0.0,0.0,0.0,20180331,0.0,サーモダイリューション用カテーテル・右室駆出率測定機能あり・混合静脈血酸素飽和度モニター機能あり,2018-04-01,2018-05-01,2018-05-02,t20180305.csv,1.0
8433,9,732930000,サーモダイリューション用カテーテル（駆出率測定有・モニター無）,0.0,0.0,,0.0,0.0,0.0,0.0,0.0,1.0,20500.0,0.0,0.0,0.0,20180331,0.0,サーモダイリューション用カテーテル・右室駆出率測定機能あり・混合静脈血酸素飽和度モニター機能なし,2018-04-01,2018-05-01,2018-05-02,t20180305.csv,1.0
25736,0,732940000,サーモダイリューション用カテーテル（出量測定有・モニター有）,0.0,0.0,,1.0,51100.0,0.0,0.0,0.0,1.0,51100.0,0.0,0.0,0.0,,0.0,サーモダイリューション用カテーテル・連続心拍出量測定機能あり・混合静脈血酸素飽和度モニター機能あり,2024-06-01,2024-07-01,2024-07-02,t_ALL20250530.csv,1.0
25737,0,732950000,サーモダイリューション用カテーテル（出量測定有・モニター無）,0.0,0.0,,1.0,41100.0,0.0,0.0,0.0,1.0,46700.0,0.0,0.0,0.0,,0.0,サーモダイリューション用カテーテル・連続心拍出量測定機能あり・混合静脈血酸素飽和度モニター機能なし,2024-06-01,2024-07-01,2024-07-02,t_ALL20250530.csv,1.0
25738,0,732960000,サーモダイリューション用カテーテル（一側肺動脈閉塞試験機能有）,0.0,0.0,,1.0,74600.0,0.0,0.0,0.0,1.0,74600.0,0.0,0.0,0.0,,0.0,サーモダイリューション用カテーテル・一側肺動脈閉塞試験機能あり,2024-06-01,2024-07-01,2024-07-02,t_ALL20250530.csv,1.0
25739,0,732970000,血管造影用マイクロカテーテル（アプローチ型・ブレード有）,0.0,0.0,,1.0,36600.0,0.0,0.0,0.0,1.0,36900.0,0.0,0.0,0.0,,0.0,血管造影用マイクロカテーテル・オーバーザワイヤー・選択的アプローチ型・ブレードあり,2024-06-01,2024-07-01,2024-07-02,t_ALL20250530.csv,1.0
25740,0,732980000,血管造影用マイクロカテーテル（アプローチ型・ブレード無）,0.0,0.0,,1.0,35800.0,0.0,0.0,0.0,1.0,35800.0,0.0,0.0,0.0,,0.0,血管造影用マイクロカテーテル・オーバーザワイヤー・選択的アプローチ型・ブレードなし,2024-06-01,2024-07-01,2024-07-02,t_ALL20250530.csv,1.0
25741,0,732990000,血管造影用マイクロカテーテル（造影能強化型）,0.0,0.0,,1.0,30100.0,0.0,0.0,0.0,1.0,30300.0,0.0,0.0,0.0,,0.0,血管造影用マイクロカテーテル・オーバーザワイヤー・造影能強化型,2024-06-01,2024-07-01,2024-07-02,t_ALL20250530.csv,1.0
25742,0,733010000,血管造影用マイクロカテーテル（デタッチャブルコイル用）,0.0,0.0,,1.0,49700.0,0.0,0.0,0.0,1.0,50900.0,0.0,0.0,0.0,,0.0,血管造影用マイクロカテーテル・オーバーザワイヤー・デタッチャブルコイル用,2024-06-01,2024-07-01,2024-07-02,t_ALL20250530.csv,1.0
25743,0,733020000,血管造影用マイクロカテーテル（フローダイレクト）,0.0,0.0,,1.0,64300.0,0.0,0.0,0.0,1.0,64300.0,0.0,0.0,0.0,,0.0,血管造影用マイクロカテーテル・フローダイレクト,2024-06-01,2024-07-01,2024-07-02,t_ALL20250530.csv,1.0
25744,0,733030000,心臓造影用センサー付カテーテル,0.0,0.0,,1.0,113000.0,0.0,0.0,0.0,1.0,113000.0,0.0,0.0,0.0,,0.0,心臓造影用センサー付カテーテル,2024-06-01,2024-07-01,2024-07-02,t_ALL20250530.csv,1.0
25745,0,733040000,冠動脈造影用センサー付ガイドワイヤー（コンビネーション型）,0.0,0.0,,1.0,211000.0,0.0,0.0,0.0,1.0,211000.0,0.0,0.0,0.0,,0.0,冠動脈造影用センサー付ガイドワイヤー・コンビネーション型,2024-06-01,2024-07-01,2024-07-02,t_ALL20250530.csv,1.0
25746,0,733050000,弁拡張用カテーテル用ガイドワイヤー（ガイドワイヤー）,0.0,0.0,,1.0,24400.0,0.0,0.0,0.0,1.0,24400.0,0.0,0.0,0.0,,0.0,弁拡張用カテーテル用ガイドワイヤー・ガイドワイヤー,2024-06-01,2024-07-01,2024-07-02,t_ALL20250530.csv,1.0
25747,0,733060000,弁拡張用カテーテル用ガイドワイヤー（僧帽弁誘導用スタイレット）,0.0,0.0,,1.0,24500.0,0.0,0.0,0.0,1.0,24500.0,0.0,0.0,0.0,,0.0,弁拡張用カテーテル用ガイドワイヤー・僧帽弁誘導用スタイレット,2024-06-01,2024-07-01,2024-07-02,t_ALL20250530.csv,1.0
25748,0,733080000,中心静脈用カテーテル（標準・マルチルーメン）,0.0,0.0,,1.0,7210.0,0.0,0.0,0.0,1.0,7210.0,0.0,0.0,0.0,,0.0,中心静脈用カテーテル・標準型・マルチルーメン,2024-06-01,2024-07-01,2024-07-02,t_ALL20250530.csv,1.0
8447,9,733090000,中心静脈用カテーテル（標準・マルチルーメン・セルジンガー型）,0.0,0.0,,0.0,0.0,0.0,0.0,0.0,1.0,7190.0,0.0,0.0,0.0,20180331,0.0,中心静脈用カテーテル・標準型・マルチルーメン・セルジンガー型,2018-04-01,2018-05-01,2018-05-02,t20180305.csv,1.0
25749,0,733100000,中心静脈用カテーテル（抗血栓性型）,0.0,0.0,,1.0,2290.0,0.0,0.0,0.0,1.0,2290.0,0.0,0.0,0.0,,0.0,中心静脈用カテーテル・抗血栓性型,2024-06-01,2024-07-01,2024-07-02,t_ALL20250530.csv,1.0
25750,0,733110000,中心静脈用カテーテル（極細型）,0.0,0.0,,1.0,7490.0,0.0,0.0,0.0,1.0,7490.0,0.0,0.0,0.0,,0.0,中心静脈用カテーテル・極細型,2024-06-01,2024-07-01,2024-07-02,t_ALL20250530.csv,1.0
25751,0,733120000,中心静脈用カテーテル（カフ付き）,0.0,0.0,,1.0,20000.0,0.0,0.0,0.0,1.0,20000.0,0.0,0.0,0.0,,0.0,中心静脈用カテーテル・カフ付き,2024-06-01,2024-07-01,2024-07-02,t_ALL20250530.csv,1.0
25752,0,733130000,涙液・涙道シリコンチューブ,0.0,0.0,,1.0,18300.0,0.0,0.0,0.0,1.0,18800.0,0.0,0.0,0.0,,0.0,涙液・涙道シリコンチューブ,2024-06-01,2024-07-01,2024-07-02,t_ALL20250530.csv,1.0
25753,0,733140000,脳・脊髄腔用カニューレ（排液用（皮下・硬膜外用））,0.0,0.0,,1.0,2810.0,0.0,0.0,0.0,1.0,2810.0,0.0,0.0,0.0,,0.0,脳・脊髄腔用カニューレ・排液用・皮下・硬膜外用,2024-06-01,2024-07-01,2024-07-02,t_ALL20250530.csv,1.0
25754,0,733150000,脳・脊髄腔用カニューレ（排液用・頭蓋内用）,0.0,0.0,,1.0,6130.0,0.0,0.0,0.0,1.0,6150.0,0.0,0.0,0.0,,0.0,脳・脊髄腔用カニューレ・排液用・頭蓋内用,2024-06-01,2024-07-01,2024-07-02,t_ALL20250530.csv,1.0
25755,0,733160000,脳・脊髄腔用カニューレ（排液用・脊髄クモ膜下腔用）,0.0,0.0,,1.0,11200.0,0.0,0.0,0.0,1.0,12100.0,0.0,0.0,0.0,,0.0,脳・脊髄腔用カニューレ・排液用・脊髄クモ膜下腔用,2024-06-01,2024-07-01,2024-07-02,t_ALL20250530.csv,1.0
25756,0,733170000,脳・脊髄腔用カニューレ（脳圧測定用）,0.0,0.0,,1.0,74900.0,0.0,0.0,0.0,1.0,74900.0,0.0,0.0,0.0,,0.0,脳・脊髄腔用カニューレ・脳圧測定用,2024-06-01,2024-07-01,2024-07-02,t_ALL20250530.csv,1.0
25757,0,733180000,套管針カテーテル（シングルルーメン・標準型）,0.0,0.0,,1.0,1980.0,0.0,0.0,0.0,1.0,1990.0,0.0,0.0,0.0,,0.0,套管針カテーテル・シングルルーメン・標準型,2024-06-01,2024-07-01,2024-07-02,t_ALL20250530.csv,1.0
25758,0,733190000,套管針カテーテル（シングルルーメン・細径穿刺針型）,0.0,0.0,,1.0,5150.0,0.0,0.0,0.0,1.0,5150.0,0.0,0.0,0.0,,0.0,套管針カテーテル・シングルルーメン・細径穿刺針型,2024-06-01,2024-07-01,2024-07-02,t_ALL20250530.csv,1.0
25759,0,733200000,套管針カテーテル（ダブルルーメン）,0.0,0.0,,1.0,2540.0,0.0,0.0,0.0,1.0,2540.0,0.0,0.0,0.0,,0.0,套管針カテーテル・ダブルルーメン,2024-06-01,2024-07-01,2024-07-02,t_ALL20250530.csv,1.0
25760,0,733210000,套管針カテーテル（特殊型）,0.0,0.0,,1.0,48000.0,0.0,0.0,0.0,1.0,48000.0,0.0,0.0,0.0,,0.0,套管針カテーテル・特殊型,2024-06-01,2024-07-01,2024-07-02,t_ALL20250530.csv,1.0
25761,0,733220000,栄養カテーテル（経鼻用・一般用）,0.0,0.0,,1.0,183.0,0.0,0.0,0.0,1.0,183.0,0.0,0.0,0.0,,0.0,栄養カテーテル・経鼻用・一般用,2024-06-01,2024-07-01,2024-07-02,t_ALL20250530.csv,1.0
25762,0,733240000,栄養カテーテル（経鼻用・経腸栄養用）,0.0,0.0,,1.0,1600.0,0.0,0.0,0.0,1.0,1630.0,0.0,0.0,0.0,,0.0,栄養カテーテル・経鼻用・経腸栄養用,2024-06-01,2024-07-01,2024-07-02,t_ALL20250530.csv,1.0
25763,0,733250000,栄養カテーテル（経鼻用・特殊型）,0.0,0.0,,1.0,2110.0,0.0,0.0,0.0,1.0,2110.0,0.0,0.0,0.0,,0.0,栄養カテーテル・経鼻用・特殊型,2024-06-01,2024-07-01,2024-07-02,t_ALL20250530.csv,1.0
25764,0,733260000,栄養カテーテル（腸瘻用）,0.0,0.0,,1.0,3870.0,0.0,0.0,0.0,1.0,3870.0,0.0,0.0,0.0,,0.0,栄養カテーテル・腸瘻用,2024-06-01,2024-07-01,2024-07-02,t_ALL20250530.csv,1.0
25765,0,733270000,気管内チューブ（カフあり・カフ上部吸引機能あり）,0.0,0.0,,1.0,2610.0,0.0,0.0,0.0,1.0,2610.0,0.0,0.0,0.0,,0.0,気管内チューブ・カフあり・カフ上部吸引機能あり,2024-06-01,2024-07-01,2024-07-02,t_ALL20250530.csv,1.0
25766,0,733280000,気管内チューブ（カフあり・カフ上部吸引機能なし）,0.0,0.0,,1.0,569.0,0.0,0.0,0.0,1.0,569.0,0.0,0.0,0.0,,0.0,気管内チューブ・カフあり・カフ上部吸引機能なし,2024-06-01,2024-07-01,2024-07-02,t_ALL20250530.csv,1.0
25767,0,733290000,気管内チューブ（カフなし）,0.0,0.0,,1.0,606.0,0.0,0.0,0.0,1.0,616.0,0.0,0.0,0.0,,0.0,気管内チューブ・カフなし,2024-06-01,2024-07-01,2024-07-02,t_ALL20250530.csv,1.0
25768,0,733300000,胃管カテーテル（シングルルーメン）,0.0,0.0,,1.0,88.0,0.0,0.0,0.0,1.0,88.0,0.0,0.0,0.0,,0.0,胃管カテーテル・シングルルーメン,2024-06-01,2024-07-01,2024-07-02,t_ALL20250530.csv,1.0
25769,0,733310000,胃管カテーテル（ダブルルーメン・標準型）,0.0,0.0,,1.0,447.0,0.0,0.0,0.0,1.0,447.0,0.0,0.0,0.0,,0.0,胃管カテーテル・ダブルルーメン・標準型,2024-06-01,2024-07-01,2024-07-02,t_ALL20250530.csv,1.0
25770,0,733320000,胃管カテーテル（ダブルルーメン・特殊型）,0.0,0.0,,1.0,1510.0,0.0,0.0,0.0,1.0,1510.0,0.0,0.0,0.0,,0.0,胃管カテーテル・ダブルルーメン・特殊型,2024-06-01,2024-07-01,2024-07-02,t_ALL20250530.csv,1.0
25771,0,733330000,胃管カテーテル（マグネット付き）,0.0,0.0,,1.0,6250.0,0.0,0.0,0.0,1.0,6250.0,0.0,0.0,0.0,,0.0,胃管カテーテル・マグネット付き,2024-06-01,2024-07-01,2024-07-02,t_ALL20250530.csv,1.0
25772,0,733340000,吸引留置カテーテル（能動吸引型・胸腔用・一般型・軟質型）,0.0,0.0,,1.0,1700.0,0.0,0.0,0.0,1.0,1700.0,0.0,0.0,0.0,,0.0,吸引留置カテーテル・能動吸引型・胸腔用・一般型・軟質型,2024-06-01,2024-07-01,2024-07-02,t_ALL20250530.csv,1.0
25773,0,733350000,吸引留置カテーテル（能動吸引型・胸腔用・一般型・硬質型）,0.0,0.0,,1.0,1150.0,0.0,0.0,0.0,1.0,1150.0,0.0,0.0,0.0,,0.0,吸引留置カテーテル・能動吸引型・胸腔用・一般型・硬質型,2024-06-01,2024-07-01,2024-07-02,t_ALL20250530.csv,1.0
25774,0,733360000,吸引留置カテーテル（能動吸引型・胸腔用・抗血栓性）,0.0,0.0,,1.0,2730.0,0.0,0.0,0.0,1.0,2730.0,0.0,0.0,0.0,,0.0,吸引留置カテーテル・能動吸引型・胸腔用・抗血栓性,2024-06-01,2024-07-01,2024-07-02,t_ALL20250530.csv,1.0
25775,0,733370000,吸引留置カテーテル（能動吸引型（心嚢・縦隔穿刺用））,0.0,0.0,,1.0,11400.0,0.0,0.0,0.0,1.0,11400.0,0.0,0.0,0.0,,0.0,吸引留置カテーテル・能動吸引型・心嚢・縦隔穿刺用,2024-06-01,2024-07-01,2024-07-02,t_ALL20250530.csv,1.0
25776,0,733380000,吸引留置カテーテル（能動吸引型・肺全摘術後用）,0.0,0.0,,1.0,35000.0,0.0,0.0,0.0,1.0,35000.0,0.0,0.0,0.0,,0.0,吸引留置カテーテル・能動吸引型・肺全摘術後用,2024-06-01,2024-07-01,2024-07-02,t_ALL20250530.csv,1.0
25777,0,733390000,吸引留置カテーテル（能動吸引型・創部用・軟質型）,0.0,0.0,,1.0,4360.0,0.0,0.0,0.0,1.0,4380.0,0.0,0.0,0.0,,0.0,吸引留置カテーテル・能動吸引型・創部用・軟質型,2024-06-01,2024-07-01,2024-07-02,t_ALL20250530.csv,1.0
25778,0,733400000,吸引留置カテーテル（能動吸引型・創部用・硬質型）,0.0,0.0,,1.0,4060.0,0.0,0.0,0.0,1.0,4060.0,0.0,0.0,0.0,,0.0,吸引留置カテーテル・能動吸引型・創部用・硬質型,2024-06-01,2024-07-01,2024-07-02,t_ALL20250530.csv,1.0
25779,0,733410000,吸引留置カテーテル（能動吸引型・サンプドレーン）,0.0,0.0,,1.0,2520.0,0.0,0.0,0.0,1.0,2530.0,0.0,0.0,0.0,,0.0,吸引留置カテーテル・能動吸引型・サンプドレーン,2024-06-01,2024-07-01,2024-07-02,t_ALL20250530.csv,1.0
25780,0,733420000,吸引留置カテーテル（受動吸引型・チューブドレーン・フィルム型）,0.0,0.0,,1.0,264.0,0.0,0.0,0.0,1.0,264.0,0.0,0.0,0.0,,0.0,吸引留置カテーテル・受動吸引型・フィルム・チューブドレーン・フィルム型,2024-06-01,2024-07-01,2024-07-02,t_ALL20250530.csv,1.0
25781,0,733430000,吸引留置カテーテル（受動吸引型・チューブドレーン・チューブ型）,0.0,0.0,,1.0,897.0,0.0,0.0,0.0,1.0,897.0,0.0,0.0,0.0,,0.0,吸引留置カテーテル・受動吸引型・フィルム・チューブドレーン・チューブ型,2024-06-01,2024-07-01,2024-07-02,t_ALL20250530.csv,1.0
25782,0,733440000,吸引留置カテーテル（受動吸引型・胆膵用・胆管チューブ）,0.0,0.0,,1.0,2000.0,0.0,0.0,0.0,1.0,2000.0,0.0,0.0,0.0,,0.0,吸引留置カテーテル・受動吸引型・胆膵用・胆管チューブ,2024-06-01,2024-07-01,2024-07-02,t_ALL20250530.csv,1.0
25783,0,733450000,吸引留置カテーテル（受動吸引型・胆膵用・胆嚢管チューブ）,0.0,0.0,,1.0,12700.0,0.0,0.0,0.0,1.0,12700.0,0.0,0.0,0.0,,0.0,吸引留置カテーテル・受動吸引型・胆膵用・胆嚢管チューブ,2024-06-01,2024-07-01,2024-07-02,t_ALL20250530.csv,1.0
25784,0,733460000,吸引留置カテーテル（受動吸引型・胆膵用・膵管チューブ）,0.0,0.0,,1.0,5800.0,0.0,0.0,0.0,1.0,5800.0,0.0,0.0,0.0,,0.0,吸引留置カテーテル・受動吸引型・胆膵用・膵管チューブ,2024-06-01,2024-07-01,2024-07-02,t_ALL20250530.csv,1.0
25785,0,733480000,イレウス用ロングチューブ（標準型・経鼻挿入型）,0.0,0.0,,1.0,22500.0,0.0,0.0,0.0,1.0,22500.0,0.0,0.0,0.0,,0.0,イレウス用ロングチューブ・標準型・経鼻挿入型,2024-06-01,2024-07-01,2024-07-02,t_ALL20250530.csv,1.0
25786,0,733490000,イレウス用ロングチューブ（標準型・経肛門挿入型）,0.0,0.0,,1.0,42300.0,0.0,0.0,0.0,1.0,42300.0,0.0,0.0,0.0,,0.0,イレウス用ロングチューブ・標準型・経肛門挿入型,2024-06-01,2024-07-01,2024-07-02,t_ALL20250530.csv,1.0
25787,0,733500000,イレウス用ロングチューブ（スプリント機能付加型）,0.0,0.0,,1.0,36100.0,0.0,0.0,0.0,1.0,36100.0,0.0,0.0,0.0,,0.0,イレウス用ロングチューブ・スプリント機能付加型,2024-06-01,2024-07-01,2024-07-02,t_ALL20250530.csv,1.0
25788,0,733570000,経鼓膜換気チューブ（短期留置型）,0.0,0.0,,1.0,4010.0,0.0,0.0,0.0,1.0,4010.0,0.0,0.0,0.0,,0.0,経鼓膜換気チューブ・短期留置型,2024-06-01,2024-07-01,2024-07-02,t_ALL20250530.csv,1.0
25789,0,733580000,経鼓膜換気チューブ（長期留置型）,0.0,0.0,,1.0,2300.0,0.0,0.0,0.0,1.0,2300.0,0.0,0.0,0.0,,0.0,経鼓膜換気チューブ・長期留置型,2024-06-01,2024-07-01,2024-07-02,t_ALL20250530.csv,1.0
5908,9,733590000,経皮・内視鏡的胆管ドレナージ用カテ（ワンステップ・ダイレクト）,0.0,0.0,,0.0,0.0,0.0,0.0,0.0,1.0,11400.0,0.0,0.0,0.0,20160331,0.0,経皮的又は経内視鏡的胆管等ドレナージ用カテーテルセット・ワンステップ法・ダイレクト法セット,2016-04-01,2016-05-01,2016-05-02,t_ALL20160304.csv,1.0
5909,9,733600000,経皮・内視鏡的胆管ドレナージ用カテ（ツーステップ・内外瘻）,0.0,0.0,,0.0,0.0,0.0,0.0,0.0,1.0,17300.0,0.0,0.0,0.0,20160331,0.0,経皮的又は経内視鏡的胆管等ドレナージ用カテーテルセット・ツーステップ法・内外瘻法セット,2016-04-01,2016-05-01,2016-05-02,t_ALL20160304.csv,1.0
5910,9,733610000,経皮・内視鏡的胆管ドレナージ用カテ（外筒法セット）,0.0,0.0,,0.0,0.0,0.0,0.0,0.0,1.0,13800.0,0.0,0.0,0.0,20160331,0.0,経皮的又は経内視鏡的胆管等ドレナージ用カテーテルセット・外筒法セット,2016-04-01,2016-05-01,2016-05-02,t_ALL20160304.csv,1.0
5911,9,733620000,経皮・内視鏡的胆管ドレナージ用カテ（経鼻法セット）,0.0,0.0,,0.0,0.0,0.0,0.0,0.0,1.0,25700.0,0.0,0.0,0.0,20160331,0.0,経皮的又は経内視鏡的胆管等ドレナージ用カテーテルセット・経鼻法セット,2016-04-01,2016-05-01,2016-05-02,t_ALL20160304.csv,1.0
5912,9,733630000,経皮・内視鏡的胆管ドレナージ用カテ（追加・交換用セット）,0.0,0.0,,0.0,0.0,0.0,0.0,0.0,1.0,9470.0,0.0,0.0,0.0,20160331,0.0,経皮的又は経内視鏡的胆管等ドレナージ用カテーテルセット・追加・交換用セット,2016-04-01,2016-05-01,2016-05-02,t_ALL20160304.csv,1.0
25790,0,733640000,胆道ステントセット（一般型・永久留置型・ステント・ロング）,0.0,0.0,,1.0,93600.0,0.0,0.0,0.0,1.0,93600.0,0.0,0.0,0.0,,0.0,胆道ステントセット・一般型・永久留置型・ステント・ロング,2024-06-01,2024-07-01,2024-07-02,t_ALL20250530.csv,1.0
25791,0,733650000,胆道ステントセット（一般型・永久留置型・ステント・ショート）,0.0,0.0,,1.0,78900.0,0.0,0.0,0.0,1.0,78900.0,0.0,0.0,0.0,,0.0,胆道ステントセット・一般型・永久留置型・ステント・ショート,2024-06-01,2024-07-01,2024-07-02,t_ALL20250530.csv,1.0
25792,0,733660000,胆道ステントセット（一般型・永久留置型・デリバリーシステム）,0.0,0.0,,1.0,25400.0,0.0,0.0,0.0,1.0,25400.0,0.0,0.0,0.0,,0.0,胆道ステントセット・一般型・永久留置型・デリバリーシステム,2024-06-01,2024-07-01,2024-07-02,t_ALL20250530.csv,1.0
25793,0,733670000,胆道ステントセット（一般型・一時留置型・ステント）,0.0,0.0,,1.0,3860.0,0.0,0.0,0.0,1.0,3860.0,0.0,0.0,0.0,,0.0,胆道ステントセット・一般型・一時留置型・ステント,2024-06-01,2024-07-01,2024-07-02,t_ALL20250530.csv,1.0
25794,0,733680000,胆道ステントセット（一般型・一時留置型・デリバリーシステム）,0.0,0.0,,1.0,13100.0,0.0,0.0,0.0,1.0,13100.0,0.0,0.0,0.0,,0.0,胆道ステントセット・一般型・一時留置型・デリバリーシステム,2024-06-01,2024-07-01,2024-07-02,t_ALL20250530.csv,1.0
25795,0,733690000,胆道ステントセット（自動・永久・カバー有）,0.0,0.0,,1.0,224000.0,0.0,0.0,0.0,1.0,227000.0,0.0,0.0,0.0,,0.0,胆道ステントセット・自動装着システム付・永久留置型・カバーあり,2024-06-01,2024-07-01,2024-07-02,t_ALL20250530.csv,1.0
25796,0,733700000,胆道ステントセット（自動・永久・カバー無）,0.0,0.0,,1.0,212000.0,0.0,0.0,0.0,1.0,215000.0,0.0,0.0,0.0,,0.0,胆道ステントセット・自動装着システム付・永久留置型・カバーなし,2024-06-01,2024-07-01,2024-07-02,t_ALL20250530.csv,1.0
25797,0,733710000,胆道ステントセット（自動装着システム付・一時留置型）,0.0,0.0,,1.0,34200.0,0.0,0.0,0.0,1.0,38800.0,0.0,0.0,0.0,,0.0,胆道ステントセット・自動装着システム付・一時留置型,2025-06-01,2025-07-01,2025-07-02,t_ALL20250530.csv,1.0
25798,0,733720000,尿管ステントセット（一般型・標準型）,0.0,0.0,,1.0,13200.0,0.0,0.0,0.0,1.0,15200.0,0.0,0.0,0.0,,0.0,尿管ステントセット・一般型・標準型,2024-06-01,2024-07-01,2024-07-02,t_ALL20250530.csv,1.0
25799,0,733730000,尿管ステントセット（一般型・異物付着防止型）,0.0,0.0,,1.0,23100.0,0.0,0.0,0.0,1.0,23100.0,0.0,0.0,0.0,,0.0,尿管ステントセット・一般型・異物付着防止型,2024-06-01,2024-07-01,2024-07-02,t_ALL20250530.csv,1.0
25800,0,733740000,尿管ステントセット（外瘻用・腎盂留置型・標準型）,0.0,0.0,,1.0,7900.0,0.0,0.0,0.0,1.0,7900.0,0.0,0.0,0.0,,0.0,尿管ステントセット・外瘻用・腎盂留置型・標準型,2024-06-01,2024-07-01,2024-07-02,t_ALL20250530.csv,1.0
25801,0,733750000,尿管ステントセット（外瘻用・腎盂留置型・異物付着防止型）,0.0,0.0,,1.0,29600.0,0.0,0.0,0.0,1.0,29600.0,0.0,0.0,0.0,,0.0,尿管ステントセット・外瘻用・腎盂留置型・異物付着防止型,2024-06-01,2024-07-01,2024-07-02,t_ALL20250530.csv,1.0
25802,0,733760000,尿管ステントセット（外瘻用・尿管留置型）,0.0,0.0,,1.0,1920.0,0.0,0.0,0.0,1.0,1960.0,0.0,0.0,0.0,,0.0,尿管ステントセット・外瘻用・尿管留置型,2024-06-01,2024-07-01,2024-07-02,t_ALL20250530.csv,1.0
25803,0,733770000,尿管ステントセット（エンドパイロトミー用）,0.0,0.0,,1.0,21600.0,0.0,0.0,0.0,1.0,21600.0,0.0,0.0,0.0,,0.0,尿管ステントセット・エンドパイロトミー用,2024-06-01,2024-07-01,2024-07-02,t_ALL20250530.csv,1.0
25804,0,733810000,交換用胃瘻カテーテル（胃留置型・バルーン型）,0.0,0.0,,1.0,7420.0,0.0,0.0,0.0,1.0,7480.0,0.0,0.0,0.0,,0.0,交換用胃瘻カテーテル・胃留置型・バルーン型,2024-06-01,2024-07-01,2024-07-02,t_ALL20250530.csv,1.0
25805,0,733820000,交換用胃瘻カテーテル（小腸留置型・一般型）,0.0,0.0,,1.0,15800.0,0.0,0.0,0.0,1.0,15800.0,0.0,0.0,0.0,,0.0,交換用胃瘻カテーテル・小腸留置型・一般型,2024-06-01,2024-07-01,2024-07-02,t_ALL20250530.csv,1.0
25806,0,733830000,気管切開後留置用チューブ（一般・カフ付き・吸引有・一重管）,0.0,0.0,,1.0,4020.0,0.0,0.0,0.0,1.0,4110.0,0.0,0.0,0.0,,0.0,気管切開後留置用チューブ・一般型・カフ付き気管切開チューブ・カフ上部吸引機能あり・一重管,2024-06-01,2024-07-01,2024-07-02,t_ALL20250530.csv,1.0
25807,0,733840000,気管切開後留置用チューブ（一般・カフ付き・吸引有・二重管）,0.0,0.0,,1.0,5690.0,0.0,0.0,0.0,1.0,5790.0,0.0,0.0,0.0,,0.0,気管切開後留置用チューブ・一般型・カフ付き気管切開チューブ・カフ上部吸引機能あり・二重管,2024-06-01,2024-07-01,2024-07-02,t_ALL20250530.csv,1.0
25808,0,733850000,気管切開後留置用チューブ（一般・カフ付き・吸引無・一重管）,0.0,0.0,,1.0,3800.0,0.0,0.0,0.0,1.0,3800.0,0.0,0.0,0.0,,0.0,気管切開後留置用チューブ・一般型・カフ付き気管切開チューブ・カフ上部吸引機能なし・一重管,2024-06-01,2024-07-01,2024-07-02,t_ALL20250530.csv,1.0
25809,0,733860000,気管切開後留置用チューブ（一般・カフ付き・吸引無・二重管）,0.0,0.0,,1.0,6080.0,0.0,0.0,0.0,1.0,6080.0,0.0,0.0,0.0,,0.0,気管切開後留置用チューブ・一般型・カフ付き気管切開チューブ・カフ上部吸引機能なし・二重管,2024-06-01,2024-07-01,2024-07-02,t_ALL20250530.csv,1.0
25810,0,733870000,気管切開後留置用チューブ（一般・カフなし）,0.0,0.0,,1.0,4080.0,0.0,0.0,0.0,1.0,4080.0,0.0,0.0,0.0,,0.0,気管切開後留置用チューブ・一般型・カフなし気管切開チューブ,2024-06-01,2024-07-01,2024-07-02,t_ALL20250530.csv,1.0
25811,0,733880000,気管切開後留置用チューブ（輪状甲状膜切開）,0.0,0.0,,1.0,2030.0,0.0,0.0,0.0,1.0,2740.0,0.0,0.0,0.0,,0.0,気管切開後留置用チューブ・輪状甲状膜切開チューブ,2024-06-01,2024-07-01,2024-07-02,t_ALL20250530.csv,1.0
25812,0,733890000,気管切開後留置用チューブ（保持用気管切開）,0.0,0.0,,1.0,6140.0,0.0,0.0,0.0,1.0,6140.0,0.0,0.0,0.0,,0.0,気管切開後留置用チューブ・保持用気管切開チューブ,2024-06-01,2024-07-01,2024-07-02,t_ALL20250530.csv,1.0
5936,9,733900000,動静脈短絡回路（カニューレ）,0.0,0.0,,0.0,0.0,0.0,0.0,0.0,1.0,24600.0,0.0,0.0,0.0,20160331,0.0,動静脈短絡回路・カニューレ,2016-04-01,2016-05-01,2016-05-02,t_ALL20160304.csv,1.0
5937,9,733910000,動静脈短絡回路（チップ）,0.0,0.0,,0.0,0.0,0.0,0.0,0.0,1.0,4470.0,0.0,0.0,0.0,20160331,0.0,動静脈短絡回路・チップ,2016-04-01,2016-05-01,2016-05-02,t_ALL20160304.csv,1.0
5938,9,733920000,動静脈短絡回路（コネクター）,0.0,0.0,,0.0,0.0,0.0,0.0,0.0,1.0,194.0,0.0,0.0,0.0,20160331,0.0,動静脈短絡回路・コネクター,2016-04-01,2016-05-01,2016-05-02,t_ALL20160304.csv,1.0
25813,0,733930000,緊急時ブラッドアクセス用留置カテーテル（シングル・一般型）,0.0,0.0,,1.0,7980.0,0.0,0.0,0.0,1.0,7980.0,0.0,0.0,0.0,,0.0,緊急時ブラッドアクセス用留置カテーテル・シングルルーメン・一般型,2024-06-01,2024-07-01,2024-07-02,t_ALL20250530.csv,1.0
25814,0,733940000,緊急時ブラッドアクセス用留置カテーテル（シングル・交換用）,0.0,0.0,,1.0,1870.0,0.0,0.0,0.0,1.0,1870.0,0.0,0.0,0.0,,0.0,緊急時ブラッドアクセス用留置カテーテル・シングルルーメン・交換用,2024-06-01,2024-07-01,2024-07-02,t_ALL20250530.csv,1.0
25815,0,733950000,緊急時ブラッドアクセス用留置カテーテル（ダブル以上・一般型）,0.0,0.0,,1.0,14600.0,0.0,0.0,0.0,1.0,14600.0,0.0,0.0,0.0,,0.0,緊急時ブラッドアクセス用留置カテーテル・ダブルルーメン以上・一般型,2024-06-01,2024-07-01,2024-07-02,t_ALL20250530.csv,1.0
25816,0,733970000,緊急時ブラッドアクセス用留置カテーテル（ダブル以上・カフ型）,0.0,0.0,,1.0,42400.0,0.0,0.0,0.0,1.0,42400.0,0.0,0.0,0.0,,0.0,緊急時ブラッドアクセス用留置カテーテル・ダブルルーメン以上・カフ型,2024-06-01,2024-07-01,2024-07-02,t_ALL20250530.csv,1.0
25817,0,733980000,血漿交換用血漿分離器,0.0,0.0,,1.0,30200.0,0.0,0.0,0.0,1.0,30200.0,0.0,0.0,0.0,,0.0,血漿交換用血漿分離器,2024-06-01,2024-07-01,2024-07-02,t_ALL20250530.csv,1.0
25818,0,733990000,血漿交換用血漿成分分離器,0.0,0.0,,1.0,23700.0,0.0,0.0,0.0,1.0,23900.0,0.0,0.0,0.0,,0.0,血漿交換用血漿成分分離器,2024-06-01,2024-07-01,2024-07-02,t_ALL20250530.csv,1.0
25819,0,734000000,腹膜透析用接続チューブ,0.0,0.0,,1.0,12800.0,0.0,0.0,0.0,1.0,12900.0,0.0,0.0,0.0,,1.0,腹膜透析用接続チューブ,2024-06-01,2024-07-01,2024-07-02,t_ALL20250530.csv,1.0
25820,0,734010000,腹膜透析用カテーテル（長期留置型・補強部あり）,0.0,0.0,,1.0,96100.0,0.0,0.0,0.0,1.0,96100.0,0.0,0.0,0.0,,1.0,腹膜透析用カテーテル・長期留置型・補強部あり,2024-06-01,2024-07-01,2024-07-02,t_ALL20250530.csv,1.0
8520,9,734020000,腹膜透析用カテーテル（長期留置型・逆Ｕ字型）,0.0,0.0,,0.0,0.0,0.0,0.0,0.0,1.0,110000.0,0.0,0.0,0.0,20180331,1.0,腹膜透析用カテーテル・長期留置型・逆Ｕ字型,2018-04-01,2018-05-01,2018-05-02,t20180305.csv,1.0
25821,0,734030000,腹膜透析用カテーテル（緊急留置型）,0.0,0.0,,1.0,825.0,0.0,0.0,0.0,1.0,825.0,0.0,0.0,0.0,,1.0,腹膜透析用カテーテル・緊急留置型,2024-06-01,2024-07-01,2024-07-02,t_ALL20250530.csv,1.0
25822,0,734040000,副木（軟化成形使用型（手指・足指用））,0.0,0.0,,1.0,1380.0,0.0,0.0,0.0,1.0,1380.0,0.0,0.0,0.0,,0.0,副木・軟化成形使用型・手指・足指用,2024-06-01,2024-07-01,2024-07-02,t_ALL20250530.csv,1.0
25823,0,734050000,副木（軟化成形使用型・上肢用）,0.0,0.0,,1.0,1770.0,0.0,0.0,0.0,1.0,1770.0,0.0,0.0,0.0,,0.0,副木・軟化成形使用型・上肢用,2024-06-01,2024-07-01,2024-07-02,t_ALL20250530.csv,1.0
25824,0,734060000,副木（軟化成形使用型・下肢用）,0.0,0.0,,1.0,4700.0,0.0,0.0,0.0,1.0,4700.0,0.0,0.0,0.0,,0.0,副木・軟化成形使用型・下肢用,2024-06-01,2024-07-01,2024-07-02,t_ALL20250530.csv,1.0
25825,0,734070000,副木（軟化成形使用型・鼻骨用）,0.0,0.0,,1.0,1030.0,0.0,0.0,0.0,1.0,1030.0,0.0,0.0,0.0,,0.0,副木・軟化成形使用型・鼻骨用,2024-06-01,2024-07-01,2024-07-02,t_ALL20250530.csv,1.0
25826,0,734080000,副木（形状賦形型（手指・足指用））,0.0,0.0,,1.0,118.0,0.0,0.0,0.0,1.0,118.0,0.0,0.0,0.0,,0.0,副木・形状賦形型・手指・足指用,2024-06-01,2024-07-01,2024-07-02,t_ALL20250530.csv,1.0
25827,0,734090000,副木（形状賦形型・上肢用）,0.0,0.0,,1.0,410.0,0.0,0.0,0.0,1.0,410.0,0.0,0.0,0.0,,0.0,副木・形状賦形型・上肢用,2024-06-01,2024-07-01,2024-07-02,t_ALL20250530.csv,1.0
25828,0,734100000,副木（形状賦形型・下肢用）,0.0,0.0,,1.0,648.0,0.0,0.0,0.0,1.0,648.0,0.0,0.0,0.0,,0.0,副木・形状賦形型・下肢用,2024-06-01,2024-07-01,2024-07-02,t_ALL20250530.csv,1.0
25829,0,734110000,副木（形状賦形型・鼻骨用）,0.0,0.0,,1.0,5140.0,0.0,0.0,0.0,1.0,5140.0,0.0,0.0,0.0,,0.0,副木・形状賦形型・鼻骨用,2024-06-01,2024-07-01,2024-07-02,t_ALL20250530.csv,1.0
25830,0,734120000,副木（ヒール）,0.0,0.0,,1.0,370.0,0.0,0.0,0.0,1.0,370.0,0.0,0.0,0.0,,0.0,副木・ヒール,2024-06-01,2024-07-01,2024-07-02,t_ALL20250530.csv,1.0
25831,0,734170000,固定用内副子（スクリュー）（その他・標準・小型）,0.0,0.0,,1.0,2930.0,0.0,0.0,0.0,1.0,2930.0,0.0,0.0,0.0,,0.0,固定用内副子（スクリュー）・その他のスクリュー・標準型・小型スクリュー（頭蓋骨・顔面・上下顎骨用）,2024-06-01,2024-07-01,2024-07-02,t_ALL20250530.csv,1.0
5959,9,734180000,固定用内副子（スクリュー）・その他・特殊・スーチャー・その他,0.0,0.0,,0.0,0.0,0.0,0.0,0.0,1.0,35200.0,0.0,0.0,0.0,20160331,0.0,固定用内副子（スクリュー）・その他のスクリュー・特殊型・軟骨及び軟部組織用・スーチャーアンカー型（その他）,2016-04-01,2016-05-01,2016-05-02,t_ALL20160304.csv,1.0
5960,9,734190000,固定用内副子（スクリュー）（その他・特殊・インターフェアレンス）,0.0,0.0,,0.0,0.0,0.0,0.0,0.0,1.0,42400.0,0.0,0.0,0.0,20160331,0.0,固定用内副子（スクリュー）・その他のスクリュー・特殊型・軟骨及び軟部組織用・インターフェアレンス型,2016-04-01,2016-05-01,2016-05-02,t_ALL20160304.csv,1.0
25832,0,734200000,固定用内副子（スクリュー）（その他・特殊・座金型）,0.0,0.0,,1.0,21500.0,0.0,0.0,0.0,1.0,21500.0,0.0,0.0,0.0,,0.0,固定用内副子（スクリュー）・その他のスクリュー・特殊型・軟骨及び軟部組織用・座金型,2024-06-01,2024-07-01,2024-07-02,t_ALL20250530.csv,1.0
25833,0,734210000,固定用内副子（スクリュー）（その他・両ねじ・大腿骨頸部用）,0.0,0.0,,1.0,78700.0,0.0,0.0,0.0,1.0,78700.0,0.0,0.0,0.0,,0.0,固定用内副子（スクリュー）・その他のスクリュー・特殊型・圧迫調整固定用・両端ねじ型・大腿骨頸部用,2024-06-01,2024-07-01,2024-07-02,t_ALL20250530.csv,1.0
25834,0,734220000,固定用内副子（スクリュー）（その他・特殊・両ねじ・一般用）,0.0,0.0,,1.0,30900.0,0.0,0.0,0.0,1.0,30900.0,0.0,0.0,0.0,,0.0,固定用内副子（スクリュー）・その他のスクリュー・特殊型・圧迫調整固定用・両端ねじ型・一般用,2024-06-01,2024-07-01,2024-07-02,t_ALL20250530.csv,1.0
13628,9,734230000,固定用内副子（スクリュー）（その他・特殊・義眼等人工物固定用）,0.0,0.0,,0.0,0.0,0.0,0.0,0.0,1.0,23200.0,0.0,0.0,0.0,20200331,0.0,固定用内副子（スクリュー）・その他のスクリュー・特殊型・義眼等人工物固定用,2020-04-01,2020-05-01,2020-05-02,t20200305.csv,1.0
25835,0,734240000,固定用内副子（プレート）（その他・標準・ストレート型・異形型）,0.0,0.0,,1.0,11700.0,0.0,0.0,0.0,1.0,11700.0,0.0,0.0,0.0,,0.0,固定用内副子（プレート）・その他のプレート・標準・指骨、頭蓋骨、顔面骨、上下顎骨用・ストレート型・異形型,2024-06-01,2024-07-01,2024-07-02,t_ALL20250530.csv,1.0
25836,0,734280000,固定用内副子（プレート）（その他・標準・メッシュ型）,0.0,0.0,,1.0,55600.0,0.0,0.0,0.0,1.0,58200.0,0.0,0.0,0.0,,0.0,固定用内副子（プレート）・その他のプレート・標準・指骨、頭蓋骨、顔面骨、上下顎骨用・メッシュ型,2024-06-01,2024-07-01,2024-07-02,t_ALL20250530.csv,1.0
25837,0,734320000,固定用内副子（プレート）（その他・標準・下顎・骨盤再建）,0.0,0.0,,1.0,62300.0,0.0,0.0,0.0,1.0,62300.0,0.0,0.0,0.0,,0.0,固定用内副子（プレート）・その他のプレート・標準・下顎骨・骨盤再建用,2024-06-01,2024-07-01,2024-07-02,t_ALL20250530.csv,1.0
25838,0,734330000,固定用内副子（プレート）（その他・標準・顎関節用）,0.0,0.0,,1.0,115000.0,0.0,0.0,0.0,1.0,115000.0,0.0,0.0,0.0,,0.0,固定用内副子（プレート）・その他のプレート・標準・人工顎関節用,2024-06-01,2024-07-01,2024-07-02,t_ALL20250530.csv,1.0
25839,0,734340000,固定用内副子（プレート）（その他・標準・バーホール型）,0.0,0.0,,1.0,12400.0,0.0,0.0,0.0,1.0,13200.0,0.0,0.0,0.0,,0.0,固定用内副子（プレート）・その他のプレート・標準・頭蓋骨閉鎖用・バーホール型,2024-06-01,2024-07-01,2024-07-02,t_ALL20250530.csv,1.0
25840,0,734350000,固定用内副子（プレート）（その他・標準・クランプ型）,0.0,0.0,,1.0,18400.0,0.0,0.0,0.0,1.0,18700.0,0.0,0.0,0.0,,0.0,固定用内副子（プレート）・その他のプレート・標準・頭蓋骨閉鎖用・クランプ型,2024-06-01,2024-07-01,2024-07-02,t_ALL20250530.csv,1.0
25841,0,734360000,固定用内副子（プレート）（その他・特殊・骨延長用）,0.0,0.0,,1.0,116000.0,0.0,0.0,0.0,1.0,116000.0,0.0,0.0,0.0,,0.0,固定用内副子（プレート）・その他のプレート・特殊・骨延長用,2024-06-01,2024-07-01,2024-07-02,t_ALL20250530.csv,1.0
25842,0,734370000,固定用内副子（プレート）（その他・特殊・スクリュー非使用型）,0.0,0.0,,1.0,176000.0,0.0,0.0,0.0,1.0,176000.0,0.0,0.0,0.0,,0.0,固定用内副子（プレート）・その他のプレート・特殊・スクリュー非使用型,2024-06-01,2024-07-01,2024-07-02,t_ALL20250530.csv,1.0
8544,9,734380000,椎体ワッシャー,0.0,0.0,,0.0,0.0,0.0,0.0,0.0,1.0,12000.0,0.0,0.0,0.0,20180331,0.0,脊椎固定用材料・椎体ワッシャー,2018-04-01,2018-05-01,2018-05-02,t20180305.csv,1.0
8545,9,735990000,髄内釘（一般型）,0.0,0.0,,0.0,0.0,0.0,0.0,0.0,1.0,206000.0,0.0,0.0,0.0,20180331,0.0,髄内釘・一般型,2018-04-01,2018-05-01,2018-05-02,t20180305.csv,1.0
25843,0,736000000,髄内釘（標準型）,0.0,0.0,,1.0,89500.0,0.0,0.0,0.0,1.0,89500.0,0.0,0.0,0.0,,0.0,髄内釘・標準型,2024-06-01,2024-07-01,2024-07-02,t_ALL20250530.csv,1.0
25844,0,736010000,髄内釘（大腿骨頸部型・標準型）,0.0,0.0,,1.0,151000.0,0.0,0.0,0.0,1.0,151000.0,0.0,0.0,0.0,,0.0,髄内釘・大腿骨頸部型・標準型,2024-06-01,2024-07-01,2024-07-02,t_ALL20250530.csv,1.0
25845,0,736020000,髄内釘（集束型）,0.0,0.0,,1.0,6710.0,0.0,0.0,0.0,1.0,6710.0,0.0,0.0,0.0,,0.0,髄内釘・集束型,2024-06-01,2024-07-01,2024-07-02,t_ALL20250530.csv,1.0
25846,0,736030000,髄内釘（可変延長型）,0.0,0.0,,1.0,301000.0,0.0,0.0,0.0,1.0,301000.0,0.0,0.0,0.0,,0.0,髄内釘・可変延長型,2024-06-01,2024-07-01,2024-07-02,t_ALL20250530.csv,1.0
25847,0,736040000,髄内釘（横止めスクリュー・標準型）,0.0,0.0,,1.0,13800.0,0.0,0.0,0.0,1.0,15000.0,0.0,0.0,0.0,,0.0,髄内釘・横止めスクリュー・標準型,2024-06-01,2024-07-01,2024-07-02,t_ALL20250530.csv,1.0
25848,0,736050000,髄内釘（横止めスクリュー・大腿骨頸部型・標準型）,0.0,0.0,,1.0,34000.0,0.0,0.0,0.0,1.0,34000.0,0.0,0.0,0.0,,0.0,髄内釘・横止めスクリュー・大腿骨頸部型・標準型,2024-06-01,2024-07-01,2024-07-02,t_ALL20250530.csv,1.0
25849,0,736060000,髄内釘（ナット）,0.0,0.0,,1.0,19800.0,0.0,0.0,0.0,1.0,19800.0,0.0,0.0,0.0,,0.0,髄内釘・ナット,2024-06-01,2024-07-01,2024-07-02,t_ALL20250530.csv,1.0
25850,0,736070000,固定釘（平面型）,0.0,0.0,,1.0,16100.0,0.0,0.0,0.0,1.0,16100.0,0.0,0.0,0.0,,0.0,固定釘・平面型,2024-06-01,2024-07-01,2024-07-02,t_ALL20250530.csv,1.0
25851,0,736080000,固定釘（立体特殊型）,0.0,0.0,,1.0,30700.0,0.0,0.0,0.0,1.0,30700.0,0.0,0.0,0.0,,0.0,固定釘・立体特殊型,2024-06-01,2024-07-01,2024-07-02,t_ALL20250530.csv,1.0
13646,9,736090000,固定釘（高位脛骨骨切り用）,0.0,0.0,,0.0,0.0,0.0,0.0,0.0,1.0,93100.0,0.0,0.0,0.0,20200331,0.0,固定釘・高位脛骨骨切り用,2020-04-01,2020-05-01,2020-05-02,t20200305.csv,1.0
25852,0,736100000,固定用金属線（金属線・ワイヤー）,40.0,2.0,ｃｍ,1.0,16.0,0.0,0.0,0.0,1.0,16.0,0.0,0.0,0.0,,0.0,固定用金属線・金属線・ワイヤー,2024-06-01,2024-07-01,2024-07-02,t_ALL20250530.csv,1.0
25853,0,736110000,固定用金属線（金属線・ケーブル）,0.0,0.0,,1.0,40700.0,0.0,0.0,0.0,1.0,40700.0,0.0,0.0,0.0,,0.0,固定用金属線・金属線・ケーブル,2024-06-01,2024-07-01,2024-07-02,t_ALL20250530.csv,1.0
25854,0,736120000,固定用金属線（大転子専用締結器）,0.0,0.0,,1.0,120000.0,0.0,0.0,0.0,1.0,122000.0,0.0,0.0,0.0,,0.0,固定用金属線・大転子専用締結器,2024-06-01,2024-07-01,2024-07-02,t_ALL20250530.csv,1.0
25855,0,736130000,固定用金属ピン（創外固定器用・標準型）,0.0,0.0,,1.0,22200.0,0.0,0.0,0.0,1.0,22200.0,0.0,0.0,0.0,,0.0,固定用金属ピン・創外固定器用・標準型,2024-06-01,2024-07-01,2024-07-02,t_ALL20250530.csv,1.0
25856,0,736140000,固定用金属ピン（創外固定器用・抗緊張ピン・一般型）,0.0,0.0,,1.0,13700.0,0.0,0.0,0.0,1.0,13800.0,0.0,0.0,0.0,,0.0,固定用金属ピン・創外固定器用・抗緊張ピン・一般型,2024-06-01,2024-07-01,2024-07-02,t_ALL20250530.csv,1.0
25857,0,736150000,固定用金属ピン（創外固定器用・抗緊張ピン・特殊型）,0.0,0.0,,1.0,25600.0,0.0,0.0,0.0,1.0,25600.0,0.0,0.0,0.0,,0.0,固定用金属ピン・創外固定器用・抗緊張ピン・特殊型,2024-06-01,2024-07-01,2024-07-02,t_ALL20250530.csv,1.0
25858,0,736160000,固定用金属ピン（一般用・標準型）,0.0,0.0,,1.0,505.0,0.0,0.0,0.0,1.0,505.0,0.0,0.0,0.0,,0.0,固定用金属ピン・一般用・標準型,2024-06-01,2024-07-01,2024-07-02,t_ALL20250530.csv,1.0
25859,0,736170000,人工靱帯,0.0,0.0,,1.0,56900.0,0.0,0.0,0.0,1.0,57600.0,0.0,0.0,0.0,,0.0,人工靱帯,2024-06-01,2024-07-01,2024-07-02,t_ALL20250530.csv,1.0
20275,9,736180000,人工靱帯（固定器具つき）,0.0,0.0,,1.0,63800.0,0.0,0.0,0.0,1.0,63800.0,0.0,0.0,0.0,20220331,0.0,人工靱帯・固定器具つき,2022-04-01,2022-05-01,2022-05-02,t20220331.csv,1.0
25860,0,736190000,人工骨（汎用型・非吸収型・（顆粒・フィラー））,33.0,1.0,ｇ,1.0,6390.0,0.0,0.0,0.0,1.0,6390.0,0.0,0.0,0.0,,0.0,人工骨・汎用型・非吸収型・顆粒・フィラー,2024-06-01,2024-07-01,2024-07-02,t_ALL20250530.csv,1.0
25861,0,736200000,人工骨（汎用型・非吸収型・多孔体）,36.0,2.0,ｍＬ,1.0,12400.0,0.0,0.0,0.0,1.0,12400.0,0.0,0.0,0.0,,0.0,人工骨・汎用型・非吸収型・多孔体,2024-06-01,2024-07-01,2024-07-02,t_ALL20250530.csv,1.0
13658,9,736210000,人工骨（汎用型・非吸収型・骨形成促進型）,0.0,0.0,ｍＬ,0.0,0.0,0.0,0.0,0.0,1.0,48000.0,0.0,0.0,0.0,20200331,0.0,人工骨・汎用型・非吸収型・骨形成促進型,2020-04-01,2020-05-01,2020-05-02,t20200305.csv,1.0
25862,0,736220000,人工骨（汎用型・非吸収型・形状賦形型）,36.0,2.0,ｍＬ,1.0,14600.0,0.0,0.0,0.0,1.0,14600.0,0.0,0.0,0.0,,0.0,人工骨・汎用型・非吸収型・形状賦形型,2024-06-01,2024-07-01,2024-07-02,t_ALL20250530.csv,1.0
25863,0,736230000,人工骨（汎用型・吸収型・（顆粒・フィラー））,33.0,1.0,ｇ,1.0,12000.0,0.0,0.0,0.0,1.0,12000.0,0.0,0.0,0.0,,0.0,人工骨・汎用型・吸収型・顆粒・フィラー,2024-06-01,2024-07-01,2024-07-02,t_ALL20250530.csv,1.0
25864,0,736240000,人工骨（汎用型・吸収型・多孔体・一般型）,36.0,2.0,ｍＬ,1.0,14000.0,0.0,0.0,0.0,1.0,14000.0,0.0,0.0,0.0,,0.0,人工骨・汎用型・吸収型・多孔体・一般型,2024-06-01,2024-07-01,2024-07-02,t_ALL20250530.csv,1.0
25865,0,736250000,人工骨（専用型・人工耳小骨）,0.0,0.0,,1.0,11100.0,0.0,0.0,0.0,1.0,11100.0,0.0,0.0,0.0,,0.0,人工骨・専用型・人工耳小骨,2024-06-01,2024-07-01,2024-07-02,t_ALL20250530.csv,1.0
25866,0,736260000,髄内釘（大腿骨頸部型・Ｘ線透過型）,0.0,0.0,,1.0,156000.0,0.0,0.0,0.0,1.0,159000.0,0.0,0.0,0.0,,0.0,髄内釘・大腿骨頸部型・Ｘ線透過型,2024-06-01,2024-07-01,2024-07-02,t_ALL20250530.csv,1.0
25867,0,736270000,髄内釘（横止めスクリュー・大腿骨頸部型・Ｘ線透過型）,0.0,0.0,,1.0,36700.0,0.0,0.0,0.0,1.0,38100.0,0.0,0.0,0.0,,0.0,髄内釘・横止めスクリュー・大腿骨頸部型・Ｘ線透過型,2024-06-01,2024-07-01,2024-07-02,t_ALL20250530.csv,1.0
25868,0,736280000,人工骨（専用型・開頭穿孔術用）,0.0,0.0,,1.0,8680.0,0.0,0.0,0.0,1.0,8810.0,0.0,0.0,0.0,,0.0,人工骨・専用型・開頭穿孔術用,2024-06-01,2024-07-01,2024-07-02,t_ALL20250530.csv,1.0
25869,0,736290000,人工骨（専用型・頭蓋骨・喉頭気管用）,0.0,0.0,,1.0,38400.0,0.0,0.0,0.0,1.0,38500.0,0.0,0.0,0.0,,0.0,人工骨・専用型・頭蓋骨・喉頭気管用,2024-06-01,2024-07-01,2024-07-02,t_ALL20250530.csv,1.0
25870,0,736310000,人工骨（専用型・（椎弓・棘間用））,0.0,0.0,,1.0,29600.0,0.0,0.0,0.0,1.0,30200.0,0.0,0.0,0.0,,0.0,人工骨・専用型・椎弓・棘間用,2024-06-01,2024-07-01,2024-07-02,t_ALL20250530.csv,1.0
25871,0,736320000,人工骨（専用型・椎体固定用・１椎体用）,0.0,0.0,,1.0,148000.0,0.0,0.0,0.0,1.0,149000.0,0.0,0.0,0.0,,0.0,人工骨・専用型・椎体固定用・１椎体用,2024-06-01,2024-07-01,2024-07-02,t_ALL20250530.csv,1.0
25872,0,736330000,人工骨（専用型・椎体固定用・その他）,0.0,0.0,,1.0,303000.0,0.0,0.0,0.0,1.0,309000.0,0.0,0.0,0.0,,0.0,人工骨・専用型・椎体固定用・その他,2024-06-01,2024-07-01,2024-07-02,t_ALL20250530.csv,1.0
25873,0,736340000,人工骨（専用型・骨盤用・腸骨稜用）,0.0,0.0,,1.0,59400.0,0.0,0.0,0.0,1.0,60000.0,0.0,0.0,0.0,,0.0,人工骨・専用型・骨盤用・腸骨稜用,2024-06-01,2024-07-01,2024-07-02,t_ALL20250530.csv,1.0
25874,0,736350000,人工骨（専用型・骨盤用・その他）,0.0,0.0,,1.0,161000.0,0.0,0.0,0.0,1.0,161000.0,0.0,0.0,0.0,,0.0,人工骨・専用型・骨盤用・その他,2024-06-01,2024-07-01,2024-07-02,t_ALL20250530.csv,1.0
25875,0,736370000,人工骨（専用型（肋骨・胸骨・四肢骨用））,0.0,0.0,,1.0,30300.0,0.0,0.0,0.0,1.0,30300.0,0.0,0.0,0.0,,0.0,人工骨・専用型・肋骨・胸骨・四肢骨用,2024-06-01,2024-07-01,2024-07-02,t_ALL20250530.csv,1.0
25876,0,736400000,骨セメント（頭蓋骨用）,33.0,1.0,ｇ,1.0,621.0,0.0,0.0,0.0,1.0,621.0,0.0,0.0,0.0,,0.0,骨セメント・頭蓋骨用,2024-06-01,2024-07-01,2024-07-02,t_ALL20250530.csv,1.0
25877,0,736410000,骨セメント（人工関節固定用）,33.0,1.0,ｇ,1.0,302.0,0.0,0.0,0.0,1.0,302.0,0.0,0.0,0.0,,0.0,骨セメント・人工関節固定用,2024-06-01,2024-07-01,2024-07-02,t_ALL20250530.csv,1.0
25878,0,736420000,合成吸収性骨片接合材（スクリュー（一般用））,0.0,0.0,,1.0,60100.0,0.0,0.0,0.0,1.0,60100.0,0.0,0.0,0.0,,0.0,合成吸収性骨片接合材料・スクリュー・一般用,2024-06-01,2024-07-01,2024-07-02,t_ALL20250530.csv,1.0
25879,0,736430000,合成吸収性骨片接合材（スクリュー（頭蓋・顎・顔面・小骨用））,0.0,0.0,,1.0,33000.0,0.0,0.0,0.0,1.0,33000.0,0.0,0.0,0.0,,0.0,合成吸収性骨片接合材料・スクリュー・頭蓋・顎・顔面・小骨用,2024-06-01,2024-07-01,2024-07-02,t_ALL20250530.csv,1.0
25880,0,736440000,合成吸収性骨片接合材（ストレートプレート）,0.0,0.0,,1.0,38200.0,0.0,0.0,0.0,1.0,38200.0,0.0,0.0,0.0,,0.0,合成吸収性骨片接合材料・ストレートプレート,2024-06-01,2024-07-01,2024-07-02,t_ALL20250530.csv,1.0
25881,0,736450000,合成吸収性骨片接合材（その他のプレート）,0.0,0.0,,1.0,54200.0,0.0,0.0,0.0,1.0,54200.0,0.0,0.0,0.0,,0.0,合成吸収性骨片接合材料・その他のプレート,2024-06-01,2024-07-01,2024-07-02,t_ALL20250530.csv,1.0
25882,0,736460000,合成吸収性骨片接合材（骨・軟部組織固定用アンカー）,0.0,0.0,,1.0,42300.0,0.0,0.0,0.0,1.0,42300.0,0.0,0.0,0.0,,0.0,合成吸収性骨片接合材料・骨・軟部組織固定用アンカー,2024-06-01,2024-07-01,2024-07-02,t_ALL20250530.csv,1.0
6016,9,736470000,合成吸収性骨片接合材（スーチャーアンカー）,0.0,0.0,,0.0,0.0,0.0,0.0,0.0,1.0,43300.0,0.0,0.0,0.0,20160331,0.0,合成吸収性骨片接合材料・スーチャーアンカー,2016-04-01,2016-05-01,2016-05-02,t_ALL20160304.csv,1.0
13678,9,736480000,合成吸収性骨片接合材（ボタン）,0.0,0.0,,0.0,0.0,0.0,0.0,0.0,1.0,82700.0,0.0,0.0,0.0,20200331,0.0,合成吸収性骨片接合材料・ボタン,2020-04-01,2020-05-01,2020-05-02,t20200305.csv,1.0
25883,0,736490000,合成吸収性骨片接合材（ワッシャー）,0.0,0.0,,1.0,16700.0,0.0,0.0,0.0,1.0,16700.0,0.0,0.0,0.0,,0.0,合成吸収性骨片接合材料・ワッシャー,2024-06-01,2024-07-01,2024-07-02,t_ALL20250530.csv,1.0
25884,0,736500000,合成吸収性骨片接合材（ピン（一般用））,0.0,0.0,,1.0,39500.0,0.0,0.0,0.0,1.0,39500.0,0.0,0.0,0.0,,0.0,合成吸収性骨片接合材料・ピン・一般用,2024-06-01,2024-07-01,2024-07-02,t_ALL20250530.csv,1.0
25885,0,736510000,合成吸収性骨片接合材（ピン（胸骨・肋骨用））,0.0,0.0,,1.0,31800.0,0.0,0.0,0.0,1.0,32300.0,0.0,0.0,0.0,,0.0,合成吸収性骨片接合材料・ピン・胸骨・肋骨用,2024-06-01,2024-07-01,2024-07-02,t_ALL20250530.csv,1.0
25886,0,736520000,脳動脈瘤手術クリップ（標準型）,0.0,0.0,,1.0,17500.0,0.0,0.0,0.0,1.0,17500.0,0.0,0.0,0.0,,0.0,脳動脈瘤手術クリップ・標準型,2024-06-01,2024-07-01,2024-07-02,t_ALL20250530.csv,1.0
25887,0,736530000,脳動脈瘤手術クリップ（特殊型）,0.0,0.0,,1.0,20200.0,0.0,0.0,0.0,1.0,20200.0,0.0,0.0,0.0,,0.0,脳動脈瘤手術クリップ・特殊型,2024-06-01,2024-07-01,2024-07-02,t_ALL20250530.csv,1.0
25888,0,736540000,脳血流遮断用クリップ,0.0,0.0,,1.0,7450.0,0.0,0.0,0.0,1.0,7450.0,0.0,0.0,0.0,,0.0,脳血流遮断用クリップ,2024-06-01,2024-07-01,2024-07-02,t_ALL20250530.csv,1.0
25889,0,736580000,人工喉頭（音声回復用人工補装具・一般型）,0.0,0.0,,1.0,9810.0,0.0,0.0,0.0,1.0,9810.0,0.0,0.0,0.0,,0.0,人工喉頭・音声回復用人工補装具・一般型,2024-06-01,2024-07-01,2024-07-02,t_ALL20250530.csv,1.0
25890,0,736590000,人工喉頭（呼気弁）,0.0,0.0,,1.0,51100.0,0.0,0.0,0.0,1.0,51100.0,0.0,0.0,0.0,,0.0,人工喉頭・呼気弁,2024-06-01,2024-07-01,2024-07-02,t_ALL20250530.csv,1.0
25891,0,736610000,胃・食道静脈瘤圧迫止血用チューブ（食道止血用）,0.0,0.0,,1.0,29300.0,0.0,0.0,0.0,1.0,29300.0,0.0,0.0,0.0,,0.0,胃・食道静脈瘤圧迫止血用チューブ・食道止血用,2024-06-01,2024-07-01,2024-07-02,t_ALL20250530.csv,1.0
25892,0,736620000,胃・食道静脈瘤圧迫止血用チューブ（胃止血用）,0.0,0.0,,1.0,29200.0,0.0,0.0,0.0,1.0,29200.0,0.0,0.0,0.0,,0.0,胃・食道静脈瘤圧迫止血用チューブ・胃止血用,2024-06-01,2024-07-01,2024-07-02,t_ALL20250530.csv,1.0
25893,0,736630000,胃・食道静脈瘤圧迫止血用チューブ（胃・食道止血用）,0.0,0.0,,1.0,56400.0,0.0,0.0,0.0,1.0,56400.0,0.0,0.0,0.0,,0.0,胃・食道静脈瘤圧迫止血用チューブ・胃・食道止血用,2024-06-01,2024-07-01,2024-07-02,t_ALL20250530.csv,1.0
25894,0,736640000,組織代用人工繊維布（心血管系用（血管用フェルト・ファブリック））,41.0,3.0,ｃｍ２,1.0,133.0,0.0,0.0,0.0,1.0,133.0,0.0,0.0,0.0,,0.0,組織代用人工繊維布・心血管系用・血管用フェルト・ファブリック,2024-06-01,2024-07-01,2024-07-02,t_ALL20250530.csv,1.0
25895,0,736670000,組織代用人工繊維布（ヘルニア修復・胸壁補強用（一般））,41.0,3.0,ｃｍ２,1.0,75.0,0.0,0.0,0.0,1.0,75.0,0.0,0.0,0.0,,0.0,組織代用人工繊維布・ヘルニア修復・胸壁補強用・一般,2024-06-01,2024-07-01,2024-07-02,t_ALL20250530.csv,1.0
25896,0,736680000,組織代用人工繊維布（ヘルニア修復・胸壁補強用（形状付加型））,0.0,0.0,,1.0,19500.0,0.0,0.0,0.0,1.0,19500.0,0.0,0.0,0.0,,0.0,組織代用人工繊維布・ヘルニア修復・胸壁補強用・形状付加型,2024-06-01,2024-07-01,2024-07-02,t_ALL20250530.csv,1.0
25897,0,736690000,組織代用人工繊維布（ヘルニア修復・胸壁補強用（腹膜欠損用））,41.0,3.0,ｃｍ２,1.0,413.0,0.0,0.0,0.0,1.0,413.0,0.0,0.0,0.0,,0.0,組織代用人工繊維布・ヘルニア修復・胸壁補強用・腹膜欠損用,2024-06-01,2024-07-01,2024-07-02,t_ALL20250530.csv,1.0
25898,0,736700000,組織代用人工繊維布（臓器欠損補強用）,41.0,3.0,ｃｍ２,1.0,167.0,0.0,0.0,0.0,1.0,167.0,0.0,0.0,0.0,,0.0,組織代用人工繊維布・臓器欠損補強用,2024-06-01,2024-07-01,2024-07-02,t_ALL20250530.csv,1.0
25899,0,736710000,組織代用人工繊維布（自動縫合器対応用）,8.0,1.0,組,1.0,17600.0,0.0,0.0,0.0,1.0,17600.0,0.0,0.0,0.0,,0.0,組織代用人工繊維布・自動縫合器対応用,2024-06-01,2024-07-01,2024-07-02,t_ALL20250530.csv,1.0
25900,0,736720000,組織代用人工繊維布（プレジェット・チューブ）,0.0,0.0,,1.0,162.0,0.0,0.0,0.0,1.0,179.0,0.0,0.0,0.0,,0.0,組織代用人工繊維布・プレジェット・チューブ,2024-06-01,2024-07-01,2024-07-02,t_ALL20250530.csv,1.0
25901,0,736730000,皮膚欠損用創傷被覆材（真皮に至る創傷用）,41.0,3.0,ｃｍ２,1.0,6.0,0.0,0.0,0.0,1.0,6.0,0.0,0.0,0.0,,0.0,皮膚欠損用創傷被覆材・真皮に至る創傷用,2024-06-01,2024-07-01,2024-07-02,t_ALL20250530.csv,1.0
25902,0,736740000,皮膚欠損用創傷被覆材（皮下組織に至る創傷用・標準型）,41.0,3.0,ｃｍ２,1.0,10.0,0.0,0.0,0.0,1.0,10.0,0.0,0.0,0.0,,0.0,皮膚欠損用創傷被覆材・皮下組織に至る創傷用・標準型,2024-06-01,2024-07-01,2024-07-02,t_ALL20250530.csv,1.0
25903,0,736750000,皮膚欠損用創傷被覆材（皮下組織に至る創傷用・異形型）,33.0,1.0,ｇ,1.0,35.0,0.0,0.0,0.0,1.0,35.0,0.0,0.0,0.0,,0.0,皮膚欠損用創傷被覆材・皮下組織に至る創傷用・異形型,2024-06-01,2024-07-01,2024-07-02,t_ALL20250530.csv,1.0
25904,0,736760000,皮膚欠損用創傷被覆材（筋・骨に至る創傷用）,41.0,3.0,ｃｍ２,1.0,25.0,0.0,0.0,0.0,1.0,25.0,0.0,0.0,0.0,,0.0,皮膚欠損用創傷被覆材・筋・骨に至る創傷用,2024-06-01,2024-07-01,2024-07-02,t_ALL20250530.csv,1.0
25905,0,736770000,非固着性シリコンガーゼ（広範囲熱傷用）,0.0,0.0,,1.0,1080.0,0.0,0.0,0.0,1.0,1080.0,0.0,0.0,0.0,,0.0,非固着性シリコンガーゼ・広範囲熱傷用,2024-06-01,2024-07-01,2024-07-02,t_ALL20250530.csv,1.0
25906,0,736780000,非固着性シリコンガーゼ（平坦部位用）,0.0,0.0,,1.0,142.0,0.0,0.0,0.0,1.0,142.0,0.0,0.0,0.0,,0.0,非固着性シリコンガーゼ・平坦部位用,2024-06-01,2024-07-01,2024-07-02,t_ALL20250530.csv,1.0
25907,0,736790000,非固着性シリコンガーゼ（凹凸部位用）,0.0,0.0,,1.0,309.0,0.0,0.0,0.0,1.0,309.0,0.0,0.0,0.0,,0.0,非固着性シリコンガーゼ・凹凸部位用,2024-06-01,2024-07-01,2024-07-02,t_ALL20250530.csv,1.0
25908,0,736800000,頭・静脈、腹腔シャントバルブ（標準・近位カテーテル・標準型）,0.0,0.0,,1.0,22400.0,0.0,0.0,0.0,1.0,22400.0,0.0,0.0,0.0,,0.0,頭・静脈、腹腔シャントバルブ・標準型・標準機能・近位カテーテル・標準型,2024-06-01,2024-07-01,2024-07-02,t_ALL20250530.csv,1.0
25909,0,736810000,頭・静脈、腹腔シャントバルブ（標準・近位カテーテル・内視鏡型）,0.0,0.0,,1.0,43600.0,0.0,0.0,0.0,1.0,43600.0,0.0,0.0,0.0,,0.0,頭・静脈、腹腔シャントバルブ・標準型・標準機能・近位カテーテル・内視鏡型,2024-06-01,2024-07-01,2024-07-02,t_ALL20250530.csv,1.0
25910,0,736820000,頭・静脈、腹腔シャントバルブ（標準・リザーバー）,0.0,0.0,,1.0,20800.0,0.0,0.0,0.0,1.0,20800.0,0.0,0.0,0.0,,0.0,頭・静脈、腹腔シャントバルブ・標準型・標準機能・リザーバー,2024-06-01,2024-07-01,2024-07-02,t_ALL20250530.csv,1.0
25911,0,736830000,頭・静脈、腹腔シャントバルブ（標準・バルブ・圧固定式）,0.0,0.0,,1.0,46600.0,0.0,0.0,0.0,1.0,46600.0,0.0,0.0,0.0,,0.0,頭・静脈、腹腔シャントバルブ・標準型・標準機能・バルブ・圧固定式,2024-06-01,2024-07-01,2024-07-02,t_ALL20250530.csv,1.0
25912,0,736840000,頭・静脈、腹腔シャントバルブ（標準・バルブ・流量調節・圧可変式）,0.0,0.0,,1.0,178000.0,0.0,0.0,0.0,1.0,178000.0,0.0,0.0,0.0,,0.0,頭・静脈、腹腔シャントバルブ・標準型・標準機能・バルブ・流量調節・圧可変式,2024-06-01,2024-07-01,2024-07-02,t_ALL20250530.csv,1.0
25913,0,736850000,頭・静脈、腹腔シャントバルブ（標準・遠位カテーテル・標準型）,0.0,0.0,,1.0,30800.0,0.0,0.0,0.0,1.0,30800.0,0.0,0.0,0.0,,0.0,頭・静脈、腹腔シャントバルブ・標準型・標準機能・遠位カテーテル・標準型,2024-06-01,2024-07-01,2024-07-02,t_ALL20250530.csv,1.0
25914,0,736860000,頭・静脈、腹腔シャントバルブ（標準・遠位カテーテル・細径一体型）,0.0,0.0,,1.0,27000.0,0.0,0.0,0.0,1.0,27000.0,0.0,0.0,0.0,,0.0,頭・静脈、腹腔シャントバルブ・標準型・標準機能・遠位カテーテル・細径一体型,2024-06-01,2024-07-01,2024-07-02,t_ALL20250530.csv,1.0
25915,0,736870000,頭・静脈、腹腔シャントバルブ（標準・コネクタ・ストレート）,0.0,0.0,,1.0,7630.0,0.0,0.0,0.0,1.0,7630.0,0.0,0.0,0.0,,0.0,頭・静脈、腹腔シャントバルブ・標準型・標準機能・コネクタ・ストレート,2024-06-01,2024-07-01,2024-07-02,t_ALL20250530.csv,1.0
25916,0,736880000,頭・静脈、腹腔シャントバルブ（標準・コネクタ・スリーウェイ）,0.0,0.0,,1.0,12400.0,0.0,0.0,0.0,1.0,12400.0,0.0,0.0,0.0,,0.0,頭・静脈、腹腔シャントバルブ・標準型・標準機能・コネクタ・スリーウェイ,2024-06-01,2024-07-01,2024-07-02,t_ALL20250530.csv,1.0
25917,0,736890000,頭・静脈、腹腔シャントバルブ（特殊）,0.0,0.0,,1.0,64300.0,0.0,0.0,0.0,1.0,64300.0,0.0,0.0,0.0,,0.0,頭・静脈、腹腔シャントバルブ・標準型・特殊機能,2024-06-01,2024-07-01,2024-07-02,t_ALL20250530.csv,1.0
25918,0,736900000,頭・静脈、腹腔シャントバルブ（ワンピース型）,0.0,0.0,,1.0,53400.0,0.0,0.0,0.0,1.0,53400.0,0.0,0.0,0.0,,0.0,頭・静脈、腹腔シャントバルブ・ワンピース型,2024-06-01,2024-07-01,2024-07-02,t_ALL20250530.csv,1.0
25919,0,736910000,胸水・腹水シャントバルブ（シャントバルブ）,0.0,0.0,,1.0,186000.0,0.0,0.0,0.0,1.0,175000.0,0.0,0.0,0.0,,0.0,胸水・腹水シャントバルブ・シャントバルブ,2024-06-01,2024-07-01,2024-07-02,t_ALL20250530.csv,1.0
25920,0,736920000,胸水・腹水シャントバルブ（交換用部品・カテーテル・腹腔・胸腔用）,0.0,0.0,,1.0,24200.0,0.0,0.0,0.0,1.0,24200.0,0.0,0.0,0.0,,0.0,胸水・腹水シャントバルブ・交換用部品・カテーテル・腹腔・胸腔用,2024-06-01,2024-07-01,2024-07-02,t_ALL20250530.csv,1.0
25921,0,736930000,胸水・腹水シャントバルブ（交換用部品・カテーテル・静脈用）,0.0,0.0,,1.0,25600.0,0.0,0.0,0.0,1.0,25600.0,0.0,0.0,0.0,,0.0,胸水・腹水シャントバルブ・交換用部品・カテーテル・静脈用,2024-06-01,2024-07-01,2024-07-02,t_ALL20250530.csv,1.0
25922,0,736940000,胸水・腹水シャントバルブ（交換用部品・コネクタ）,0.0,0.0,,1.0,4830.0,0.0,0.0,0.0,1.0,4830.0,0.0,0.0,0.0,,0.0,胸水・腹水シャントバルブ・交換用部品・コネクタ,2024-06-01,2024-07-01,2024-07-02,t_ALL20250530.csv,1.0
25923,0,736950000,植込式心臓ペースメーカー用リード（経静脈・標準型）,0.0,0.0,,1.0,71100.0,0.0,0.0,0.0,1.0,79000.0,0.0,0.0,0.0,,0.0,植込式心臓ペースメーカー用リード・リード・経静脈リード・標準型,2024-06-01,2024-07-01,2024-07-02,t_ALL20250530.csv,1.0
25924,0,736960000,植込式心臓ペースメーカー用リード（経静脈・シングルパスＶＤＤ）,0.0,0.0,,1.0,106000.0,0.0,0.0,0.0,1.0,106000.0,0.0,0.0,0.0,,0.0,植込式心臓ペースメーカー用リード・リード・経静脈リード・シングルパスＶＤＤリード,2024-06-01,2024-07-01,2024-07-02,t_ALL20250530.csv,1.0
25925,0,736970000,植込式心臓ペースメーカー用リード（リード・心筋用リード・単極）,0.0,0.0,,1.0,81700.0,0.0,0.0,0.0,1.0,85500.0,0.0,0.0,0.0,,0.0,植込式心臓ペースメーカー用リード・リード・心筋用リード・単極,2024-06-01,2024-07-01,2024-07-02,t_ALL20250530.csv,1.0
25926,0,736980000,植込式心臓ペースメーカー用リード（リード・心筋用リード・双極）,0.0,0.0,,1.0,95500.0,0.0,0.0,0.0,1.0,102000.0,0.0,0.0,0.0,,0.0,植込式心臓ペースメーカー用リード・リード・心筋用リード・双極,2024-06-01,2024-07-01,2024-07-02,t_ALL20250530.csv,1.0
25927,0,736990000,植込式心臓ペースメーカー用リード（アダプター）,0.0,0.0,,1.0,26400.0,0.0,0.0,0.0,1.0,26400.0,0.0,0.0,0.0,,0.0,植込式心臓ペースメーカー用リード・アダプター,2024-06-01,2024-07-01,2024-07-02,t_ALL20250530.csv,1.0
25928,0,737000000,植込式心臓ペースメーカー用リード（アクセサリー）,0.0,0.0,,1.0,3200.0,0.0,0.0,0.0,1.0,3470.0,0.0,0.0,0.0,,0.0,植込式心臓ペースメーカー用リード・アクセサリー,2024-06-01,2024-07-01,2024-07-02,t_ALL20250530.csv,1.0
25929,0,737010000,体外ペースメーカー用電極（一時ペーシング型）,0.0,0.0,,1.0,14400.0,0.0,0.0,0.0,1.0,15100.0,0.0,0.0,0.0,,0.0,体外式ペースメーカー用カテーテル電極・一時ペーシング型,2024-06-01,2024-07-01,2024-07-02,t_ALL20250530.csv,1.0
25930,0,737020000,体外ペースメーカー用電極（検査機能付加・標準型）,0.0,0.0,,1.0,43100.0,0.0,0.0,0.0,1.0,46800.0,0.0,0.0,0.0,,0.0,体外式ペースメーカー用カテーテル電極・心臓電気生理学的検査機能付加型・標準型,2024-06-01,2024-07-01,2024-07-02,t_ALL20250530.csv,1.0
25931,0,737030000,体外ペースメーカー用電極（検査機能付加・冠状静脈洞型）,0.0,0.0,,1.0,64000.0,0.0,0.0,0.0,1.0,66100.0,0.0,0.0,0.0,,0.0,体外式ペースメーカー用カテーテル電極・心臓電気生理学的検査機能付加型・冠状静脈洞型,2024-06-01,2024-07-01,2024-07-02,t_ALL20250530.csv,1.0
25932,0,737040000,体外ペースメーカー用電極（検査機能付加・房室弁輪部型）,0.0,0.0,,1.0,145000.0,0.0,0.0,0.0,1.0,152000.0,0.0,0.0,0.0,,0.0,体外式ペースメーカー用カテーテル電極・心臓電気生理学的検査機能付加型・房室弁輪部型,2024-06-01,2024-07-01,2024-07-02,t_ALL20250530.csv,1.0
25933,0,737050000,体外ペースメーカー用電極（検査機能付加（心房・心室内全域型））,0.0,0.0,,1.0,403000.0,0.0,0.0,0.0,1.0,403000.0,0.0,0.0,0.0,,0.0,体外式ペースメーカー用カテーテル電極・心臓電気生理学的検査機能付加型・心房内・心室内全域型,2024-06-01,2024-07-01,2024-07-02,t_ALL20250530.csv,1.0
25934,0,737060000,体表面ペーシング用電極,0.0,0.0,,1.0,4480.0,0.0,0.0,0.0,1.0,4480.0,0.0,0.0,0.0,,0.0,体表面ペーシング用電極,2024-06-01,2024-07-01,2024-07-02,t_ALL20250530.csv,1.0
25935,0,737070000,体外ペースメーカー用心臓植込ワイヤー（単極・固定機能あり）,0.0,0.0,,1.0,3910.0,0.0,0.0,0.0,1.0,3910.0,0.0,0.0,0.0,,0.0,体外式ペースメーカー用心臓植込ワイヤー・単極・固定機能あり,2024-06-01,2024-07-01,2024-07-02,t_ALL20250530.csv,1.0
25936,0,737080000,体外ペースメーカー用心臓植込ワイヤー（単極・固定機能なし）,0.0,0.0,,1.0,2510.0,0.0,0.0,0.0,1.0,2510.0,0.0,0.0,0.0,,0.0,体外式ペースメーカー用心臓植込ワイヤー・単極・固定機能なし,2024-06-01,2024-07-01,2024-07-02,t_ALL20250530.csv,1.0
25937,0,737090000,体外ペースメーカー用心臓植込ワイヤー（双極以上）,0.0,0.0,,1.0,6500.0,0.0,0.0,0.0,1.0,6500.0,0.0,0.0,0.0,,0.0,体外式ペースメーカー用心臓植込ワイヤー・双極以上,2024-06-01,2024-07-01,2024-07-02,t_ALL20250530.csv,1.0
25938,0,737100000,遠心式体外循環用血液ポンプ（シール型・抗血栓性あり）,0.0,0.0,,1.0,61700.0,0.0,0.0,0.0,1.0,63100.0,0.0,0.0,0.0,,0.0,遠心式体外循環用血液ポンプ・シール型・抗血栓性あり,2024-06-01,2024-07-01,2024-07-02,t_ALL20250530.csv,1.0
25939,0,737110000,遠心式体外循環用血液ポンプ（シール型・抗血栓性なし）,0.0,0.0,,1.0,46500.0,0.0,0.0,0.0,1.0,46500.0,0.0,0.0,0.0,,0.0,遠心式体外循環用血液ポンプ・シール型・抗血栓性なし,2024-06-01,2024-07-01,2024-07-02,t_ALL20250530.csv,1.0
25940,0,737120000,遠心式体外循環用血液ポンプ（シールレス型）,0.0,0.0,,1.0,45000.0,0.0,0.0,0.0,1.0,49600.0,0.0,0.0,0.0,,0.0,遠心式体外循環用血液ポンプ・シールレス型,2025-06-01,2025-07-01,2025-07-02,t_ALL20250530.csv,1.0
25941,0,737130000,人工心肺回路（メイン回路・抗血栓性あり・成人用）,0.0,0.0,,1.0,117000.0,0.0,0.0,0.0,1.0,117000.0,0.0,0.0,0.0,,0.0,人工心肺回路・メイン回路・抗血栓性あり・成人用,2024-06-01,2024-07-01,2024-07-02,t_ALL20250530.csv,1.0
25942,0,737130001,人工心肺回路（メイン回路・抗血栓性あり・小児用）,0.0,0.0,,1.0,134000.0,0.0,0.0,0.0,1.0,134000.0,0.0,0.0,0.0,,0.0,人工心肺回路・メイン回路・抗血栓性あり・小児用,2024-06-01,2024-07-01,2024-07-02,t_ALL20250530.csv,1.0
25943,0,737140000,人工心肺回路（メイン回路・抗血栓性なし・成人用）,0.0,0.0,,1.0,106000.0,0.0,0.0,0.0,1.0,106000.0,0.0,0.0,0.0,,0.0,人工心肺回路・メイン回路・抗血栓性なし・成人用,2024-06-01,2024-07-01,2024-07-02,t_ALL20250530.csv,1.0
25944,0,737140001,人工心肺回路（メイン回路・抗血栓性なし・小児用）,0.0,0.0,,1.0,124000.0,0.0,0.0,0.0,1.0,124000.0,0.0,0.0,0.0,,0.0,人工心肺回路・メイン回路・抗血栓性なし・小児用,2024-06-01,2024-07-01,2024-07-02,t_ALL20250530.csv,1.0
25945,0,737150000,人工心肺回路（補助循環回路・抗血栓性あり・成人用）,0.0,0.0,,1.0,69600.0,0.0,0.0,0.0,1.0,69600.0,0.0,0.0,0.0,,0.0,人工心肺回路・補助循環回路・抗血栓性あり・成人用,2024-06-01,2024-07-01,2024-07-02,t_ALL20250530.csv,1.0
25946,0,737150001,人工心肺回路（補助循環回路・抗血栓性あり・小児用）,0.0,0.0,,1.0,70900.0,0.0,0.0,0.0,1.0,70900.0,0.0,0.0,0.0,,0.0,人工心肺回路・補助循環回路・抗血栓性あり・小児用,2024-06-01,2024-07-01,2024-07-02,t_ALL20250530.csv,1.0
25947,0,737160000,人工心肺回路（補助循環回路・抗血栓性なし・成人用）,0.0,0.0,,1.0,40400.0,0.0,0.0,0.0,1.0,40400.0,0.0,0.0,0.0,,0.0,人工心肺回路・補助循環回路・抗血栓性なし・成人用,2024-06-01,2024-07-01,2024-07-02,t_ALL20250530.csv,1.0
25948,0,737160001,人工心肺回路（補助循環回路・抗血栓性なし・小児用）,0.0,0.0,,1.0,40400.0,0.0,0.0,0.0,1.0,40400.0,0.0,0.0,0.0,,0.0,人工心肺回路・補助循環回路・抗血栓性なし・小児用,2024-06-01,2024-07-01,2024-07-02,t_ALL20250530.csv,1.0
25949,0,737170000,人工心肺回路（心筋保護回路）,0.0,0.0,,1.0,14600.0,0.0,0.0,0.0,1.0,14600.0,0.0,0.0,0.0,,0.0,人工心肺回路・心筋保護回路,2024-06-01,2024-07-01,2024-07-02,t_ALL20250530.csv,1.0
25950,0,737180000,人工心肺回路（血液濃縮回路）,0.0,0.0,,1.0,24000.0,0.0,0.0,0.0,1.0,24900.0,0.0,0.0,0.0,,0.0,人工心肺回路・血液濃縮回路,2024-06-01,2024-07-01,2024-07-02,t_ALL20250530.csv,1.0
25951,0,737190000,人工心肺回路（分離体外循環回路）,0.0,0.0,,1.0,40600.0,0.0,0.0,0.0,1.0,41100.0,0.0,0.0,0.0,,0.0,人工心肺回路・分離体外循環回路,2024-06-01,2024-07-01,2024-07-02,t_ALL20250530.csv,1.0
25952,0,737200000,人工心肺回路（個別機能品・貯血槽）,0.0,0.0,,1.0,9030.0,0.0,0.0,0.0,1.0,9030.0,0.0,0.0,0.0,,0.0,人工心肺回路・個別機能品・貯血槽,2024-06-01,2024-07-01,2024-07-02,t_ALL20250530.csv,1.0
25953,0,737210000,人工心肺回路（個別機能品・カーディオトミーリザーバー）,0.0,0.0,,1.0,25200.0,0.0,0.0,0.0,1.0,27400.0,0.0,0.0,0.0,,0.0,人工心肺回路・個別機能品・カーディオトミーリザーバー,2024-06-01,2024-07-01,2024-07-02,t_ALL20250530.csv,1.0
25954,0,737220000,人工心肺回路（個別機能品・ハードシェル静脈リザーバー）,0.0,0.0,,1.0,26800.0,0.0,0.0,0.0,1.0,27000.0,0.0,0.0,0.0,,0.0,人工心肺回路・個別機能品・ハードシェル静脈リザーバー,2024-06-01,2024-07-01,2024-07-02,t_ALL20250530.csv,1.0
25955,0,737230000,人工心肺回路（個別機能品・心筋保護用貯液槽）,0.0,0.0,,1.0,8950.0,0.0,0.0,0.0,1.0,8950.0,0.0,0.0,0.0,,0.0,人工心肺回路・個別機能品・心筋保護用貯液槽,2024-06-01,2024-07-01,2024-07-02,t_ALL20250530.csv,1.0
25956,0,737240000,人工心肺回路（個別機能品・ラインフィルター）,0.0,0.0,,1.0,12800.0,0.0,0.0,0.0,1.0,13000.0,0.0,0.0,0.0,,0.0,人工心肺回路・個別機能品・ラインフィルター,2024-06-01,2024-07-01,2024-07-02,t_ALL20250530.csv,1.0
25957,0,737250000,人工心肺回路（個別機能品・回路洗浄用フィルター）,0.0,0.0,,1.0,4100.0,0.0,0.0,0.0,1.0,4100.0,0.0,0.0,0.0,,0.0,人工心肺回路・個別機能品・回路洗浄用フィルター,2024-06-01,2024-07-01,2024-07-02,t_ALL20250530.csv,1.0
25958,0,737260000,人工心肺回路（個別機能品・血液学的パラメーター測定・標準型）,0.0,0.0,,1.0,7110.0,0.0,0.0,0.0,1.0,7110.0,0.0,0.0,0.0,,0.0,人工心肺回路・個別機能品・血液学的パラメーター測定用セル・標準型,2024-06-01,2024-07-01,2024-07-02,t_ALL20250530.csv,1.0
25959,0,737270000,人工心肺回路（個別機能品・熱交換器）,0.0,0.0,,1.0,11900.0,0.0,0.0,0.0,1.0,11900.0,0.0,0.0,0.0,,0.0,人工心肺回路・個別機能品・熱交換器,2024-06-01,2024-07-01,2024-07-02,t_ALL20250530.csv,1.0
25960,0,737280000,人工心肺回路（個別機能品・安全弁）,0.0,0.0,,1.0,4560.0,0.0,0.0,0.0,1.0,4560.0,0.0,0.0,0.0,,0.0,人工心肺回路・個別機能品・安全弁,2024-06-01,2024-07-01,2024-07-02,t_ALL20250530.csv,1.0
25961,0,737290000,弁拡張用カテーテル,0.0,0.0,,1.0,151000.0,0.0,0.0,0.0,1.0,151000.0,0.0,0.0,0.0,,0.0,心臓手術用カテーテル・弁拡張用カテーテル,2024-06-01,2024-07-01,2024-07-02,t_ALL20250530.csv,1.0
25962,0,737300000,心房中隔欠損作成術用カテーテル（バルーン型）,0.0,0.0,,1.0,57900.0,0.0,0.0,0.0,1.0,57900.0,0.0,0.0,0.0,,0.0,心臓手術用カテーテル・心房中隔欠損作成術用カテーテル・バルーン型,2024-06-01,2024-07-01,2024-07-02,t_ALL20250530.csv,1.0
25963,0,737310000,心房中隔欠損作成術用カテーテル（ブレード型）,0.0,0.0,,1.0,210000.0,0.0,0.0,0.0,1.0,210000.0,0.0,0.0,0.0,,0.0,心臓手術用カテーテル・心房中隔欠損作成術用カテーテル・ブレード型,2024-06-01,2024-07-01,2024-07-02,t_ALL20250530.csv,1.0
25964,0,737320000,ＰＴＡバルーンカテーテル（一般型・標準型）,0.0,0.0,,1.0,33800.0,0.0,0.0,0.0,1.0,35300.0,0.0,0.0,0.0,,0.0,血管内手術用カテーテル・ＰＴＡバルーンカテーテル・一般型・標準型,2024-06-01,2024-07-01,2024-07-02,t_ALL20250530.csv,1.0
25965,0,737330000,ＰＴＡバルーンカテーテル（一般型・特殊型）,0.0,0.0,,1.0,47700.0,0.0,0.0,0.0,1.0,50900.0,0.0,0.0,0.0,,0.0,血管内手術用カテーテル・ＰＴＡバルーンカテーテル・一般型・特殊型,2024-06-01,2024-07-01,2024-07-02,t_ALL20250530.csv,1.0
25966,0,737360000,ＰＴＡバルーンカテーテル（脳血管攣縮治療用）,0.0,0.0,,1.0,52500.0,0.0,0.0,0.0,1.0,52500.0,0.0,0.0,0.0,,0.0,血管内手術用カテーテル・ＰＴＡバルーンカテーテル・脳血管攣縮治療用,2024-06-01,2024-07-01,2024-07-02,t_ALL20250530.csv,1.0
25967,0,737380000,冠動脈灌流用カテーテル,0.0,0.0,,1.0,24500.0,0.0,0.0,0.0,1.0,24500.0,0.0,0.0,0.0,,0.0,血管内手術用カテーテル・冠動脈灌流用カテーテル,2024-06-01,2024-07-01,2024-07-02,t_ALL20250530.csv,1.0
25968,0,737410000,オクリュージョンカテーテル（標準型）,0.0,0.0,,1.0,15600.0,0.0,0.0,0.0,1.0,18400.0,0.0,0.0,0.0,,0.0,血管内手術用カテーテル・オクリュージョンカテーテル・標準型,2024-06-01,2024-07-01,2024-07-02,t_ALL20250530.csv,1.0
13765,9,737410001,オクリュージョンカテーテル（標準型）【旧材料・特殊型】,0.0,0.0,,0.0,0.0,0.0,0.0,0.0,1.0,67600.0,0.0,0.0,0.0,20200331,0.0,血管内手術用カテーテル・オクリュージョンカテーテル・標準型【旧材料価格基準・血管内手術用カテーテル・オクリュージョンカテーテル・特殊型】,2020-04-01,2020-05-01,2020-05-02,t20200305.csv,1.0
25969,0,737420000,オクリュージョンカテーテル（特殊型）,0.0,0.0,,1.0,108000.0,0.0,0.0,0.0,1.0,108000.0,0.0,0.0,0.0,,0.0,血管内手術用カテーテル・オクリュージョンカテーテル・特殊型,2024-06-01,2024-07-01,2024-07-02,t_ALL20250530.csv,1.0
25970,0,737440000,血管内異物除去用カテーテル（細血管用）,0.0,0.0,,1.0,88700.0,0.0,0.0,0.0,1.0,88700.0,0.0,0.0,0.0,,0.0,血管内手術用カテーテル・血管内異物除去用カテーテル・細血管用,2024-06-01,2024-07-01,2024-07-02,t_ALL20250530.csv,1.0
25971,0,737450000,血管内異物除去用カテーテル（大血管用）,0.0,0.0,,1.0,42800.0,0.0,0.0,0.0,1.0,42800.0,0.0,0.0,0.0,,0.0,血管内手術用カテーテル・血管内異物除去用カテーテル・大血管用,2024-06-01,2024-07-01,2024-07-02,t_ALL20250530.csv,1.0
25972,0,737460000,血栓除去用カテーテル（バルーン付き・一般型）,0.0,0.0,,1.0,11600.0,0.0,0.0,0.0,1.0,11600.0,0.0,0.0,0.0,,0.0,血管内手術用カテーテル・血栓除去用カテーテル・バルーン付き・一般型,2024-06-01,2024-07-01,2024-07-02,t_ALL20250530.csv,1.0
25973,0,737470000,血栓除去用カテーテル（バルーン付き・極細型）,0.0,0.0,,1.0,15400.0,0.0,0.0,0.0,1.0,15400.0,0.0,0.0,0.0,,0.0,血管内手術用カテーテル・血栓除去用カテーテル・バルーン付き・極細型,2024-06-01,2024-07-01,2024-07-02,t_ALL20250530.csv,1.0
25974,0,737480000,血栓除去用カテーテル（バルーン付き・ダブルルーメン）,0.0,0.0,,1.0,17400.0,0.0,0.0,0.0,1.0,17400.0,0.0,0.0,0.0,,0.0,血管内手術用カテーテル・血栓除去用カテーテル・バルーン付き・ダブルルーメン,2024-06-01,2024-07-01,2024-07-02,t_ALL20250530.csv,1.0
25975,0,737490000,血栓除去用カテーテル（残存血栓除去用）,0.0,0.0,,1.0,35400.0,0.0,0.0,0.0,1.0,35400.0,0.0,0.0,0.0,,0.0,血管内手術用カテーテル・血栓除去用カテーテル・残存血栓除去用,2024-06-01,2024-07-01,2024-07-02,t_ALL20250530.csv,1.0
25976,0,737500000,血栓除去用カテーテル（経皮的血栓除去用・標準型）,0.0,0.0,,1.0,31700.0,0.0,0.0,0.0,1.0,34000.0,0.0,0.0,0.0,,0.0,血管内手術用カテーテル・血栓除去用カテーテル・経皮的血栓除去用・標準型,2024-06-01,2024-07-01,2024-07-02,t_ALL20250530.csv,1.0
13774,9,737510000,塞栓用バルーン（バルーン）,0.0,0.0,,0.0,0.0,0.0,0.0,0.0,1.0,60400.0,0.0,0.0,0.0,20200331,0.0,血管内手術用カテーテル・塞栓用バルーン・バルーン,2020-04-01,2020-05-01,2020-05-02,t20200305.csv,1.0
13775,9,737520000,塞栓用バルーン（バルーンデリバリー用カテーテル）,0.0,0.0,,0.0,0.0,0.0,0.0,0.0,1.0,71500.0,0.0,0.0,0.0,20200331,0.0,血管内手術用カテーテル・塞栓用バルーン・バルーンデリバリー用カテーテル,2020-04-01,2020-05-01,2020-05-02,t20200305.csv,1.0
25977,0,737530000,塞栓用コイル（コイル・標準型）,0.0,0.0,,1.0,10200.0,0.0,0.0,0.0,1.0,10500.0,0.0,0.0,0.0,,0.0,血管内手術用カテーテル・塞栓用コイル・コイル・標準型,2024-06-01,2024-07-01,2024-07-02,t_ALL20250530.csv,1.0
25978,0,737540000,塞栓用コイル（コイル・機械式デタッチャブル型）,0.0,0.0,,1.0,55000.0,0.0,0.0,0.0,1.0,55800.0,0.0,0.0,0.0,,0.0,血管内手術用カテーテル・塞栓用コイル・コイル・機械式デタッチャブル型,2024-06-01,2024-07-01,2024-07-02,t_ALL20250530.csv,1.0
25979,0,737550000,塞栓用コイル（コイル・電気式デタッチャブル型）,0.0,0.0,,1.0,116000.0,0.0,0.0,0.0,1.0,117000.0,0.0,0.0,0.0,,0.0,血管内手術用カテーテル・塞栓用コイル・コイル・電気式デタッチャブル型,2024-06-01,2024-07-01,2024-07-02,t_ALL20250530.csv,1.0
25980,0,737560000,塞栓用コイル（プッシャー）,0.0,0.0,,1.0,15700.0,0.0,0.0,0.0,1.0,16000.0,0.0,0.0,0.0,,0.0,血管内手術用カテーテル・塞栓用コイル・プッシャー,2024-06-01,2024-07-01,2024-07-02,t_ALL20250530.csv,1.0
25981,0,737570000,汎用型圧測定用プローブ,0.0,0.0,,1.0,77300.0,0.0,0.0,0.0,1.0,77300.0,0.0,0.0,0.0,,0.0,血管内手術用カテーテル・汎用型圧測定用プローブ,2024-06-01,2024-07-01,2024-07-02,t_ALL20250530.csv,1.0
25982,0,737580000,循環機能評価用動脈カテーテル,0.0,0.0,,1.0,27800.0,0.0,0.0,0.0,1.0,27800.0,0.0,0.0,0.0,,0.0,血管内手術用カテーテル・循環機能評価用動脈カテーテル,2024-06-01,2024-07-01,2024-07-02,t_ALL20250530.csv,1.0
25983,0,737590000,静脈弁カッター（切開径固定型）,0.0,0.0,,1.0,24800.0,0.0,0.0,0.0,1.0,24800.0,0.0,0.0,0.0,,0.0,血管内手術用カテーテル・静脈弁カッター・切開径固定型,2024-06-01,2024-07-01,2024-07-02,t_ALL20250530.csv,1.0
25984,0,737600000,静脈弁カッター（切開径変動型）,0.0,0.0,,1.0,86700.0,0.0,0.0,0.0,1.0,86700.0,0.0,0.0,0.0,,0.0,血管内手術用カテーテル・静脈弁カッター・切開径変動型,2024-06-01,2024-07-01,2024-07-02,t_ALL20250530.csv,1.0
25985,0,737610000,人工血管（永久留置型・大血管用・分岐なし）,0.0,0.0,,1.0,110000.0,0.0,0.0,0.0,1.0,117000.0,0.0,0.0,0.0,,0.0,人工血管・永久留置型・大血管用・分岐なし,2024-06-01,2024-07-01,2024-07-02,t_ALL20250530.csv,1.0
25986,0,737620000,人工血管（永久留置型・大血管用・１分岐・標準型）,0.0,0.0,,1.0,174000.0,0.0,0.0,0.0,1.0,179000.0,0.0,0.0,0.0,,0.0,人工血管・永久留置型・大血管用・１分岐・標準型,2024-06-01,2024-07-01,2024-07-02,t_ALL20250530.csv,1.0
25987,0,737630000,人工血管（永久留置型・大血管用・２分岐以上・標準型）,0.0,0.0,,1.0,237000.0,0.0,0.0,0.0,1.0,245000.0,0.0,0.0,0.0,,0.0,人工血管・永久留置型・大血管用・２分岐以上・標準型,2024-06-01,2024-07-01,2024-07-02,t_ALL20250530.csv,1.0
25988,0,737640000,人工血管（永久留置型・大血管用・腹大動脈分岐用）,0.0,0.0,,1.0,131000.0,0.0,0.0,0.0,1.0,135000.0,0.0,0.0,0.0,,0.0,人工血管・永久留置型・大血管用・腹大動脈分岐用,2024-06-01,2024-07-01,2024-07-02,t_ALL20250530.csv,1.0
25989,0,737650000,人工血管（永久留置型・小血管用・標準型・外部サポートあり）,40.0,2.0,ｃｍ,1.0,2560.0,0.0,0.0,0.0,1.0,2560.0,0.0,0.0,0.0,,0.0,人工血管・永久留置型・小血管用・標準型・外部サポートあり,2024-06-01,2024-07-01,2024-07-02,t_ALL20250530.csv,1.0
25990,0,737660000,人工血管（永久留置型・小血管用・標準型・外部サポートなし）,40.0,2.0,ｃｍ,1.0,1870.0,0.0,0.0,0.0,1.0,1920.0,0.0,0.0,0.0,,0.0,人工血管・永久留置型・小血管用・標準型・外部サポートなし,2024-06-01,2024-07-01,2024-07-02,t_ALL20250530.csv,1.0
25991,0,737670000,人工血管（永久留置型・小血管・セルフシーリング・ヘパリン非使用）,40.0,2.0,ｃｍ,1.0,3960.0,0.0,0.0,0.0,1.0,4050.0,0.0,0.0,0.0,,0.0,人工血管・永久留置型・小血管用・セルフシーリング・ヘパリン非使用型,2024-06-01,2024-07-01,2024-07-02,t_ALL20250530.csv,1.0
25992,0,737680000,人工血管（一時留置型）,0.0,0.0,,1.0,54500.0,0.0,0.0,0.0,1.0,54500.0,0.0,0.0,0.0,,0.0,人工血管・一時留置型,2024-06-01,2024-07-01,2024-07-02,t_ALL20250530.csv,1.0
25993,0,737720000,胆道結石除去用カテーテル（経皮的バルーン）,0.0,0.0,,1.0,14100.0,0.0,0.0,0.0,1.0,14100.0,0.0,0.0,0.0,,0.0,胆道結石除去用カテーテルセット・経皮的バルーンカテーテル,2024-06-01,2024-07-01,2024-07-02,t_ALL20250530.csv,1.0
25994,0,737730000,胆道結石除去用カテーテル（内視鏡バルーン（ダブルルーメン））,0.0,0.0,,1.0,31300.0,0.0,0.0,0.0,1.0,31300.0,0.0,0.0,0.0,,0.0,胆道結石除去用カテーテルセット・経内視鏡バルーンカテーテル・ダブルルーメン,2024-06-01,2024-07-01,2024-07-02,t_ALL20250530.csv,1.0
25995,0,737740000,胆道結石除去用カテーテル（内視鏡バルーン（トリプルルーメン））,0.0,0.0,,1.0,35300.0,0.0,0.0,0.0,1.0,35300.0,0.0,0.0,0.0,,0.0,胆道結石除去用カテーテルセット・経内視鏡バルーンカテーテル・トリプルルーメン,2024-06-01,2024-07-01,2024-07-02,t_ALL20250530.csv,1.0
25996,0,737750000,胆道結石除去用カテーテル（内視鏡バルーン（十二指腸乳頭拡張付））,0.0,0.0,,1.0,63900.0,0.0,0.0,0.0,1.0,63900.0,0.0,0.0,0.0,,0.0,胆道結石除去用カテーテルセット・経内視鏡バルーンカテーテル・十二指腸乳頭拡張機能付き,2024-06-01,2024-07-01,2024-07-02,t_ALL20250530.csv,1.0
25997,0,737760000,胆道結石除去用カテーテル（内視鏡バルーン（十二指腸乳頭切開付））,0.0,0.0,,1.0,59400.0,0.0,0.0,0.0,1.0,60100.0,0.0,0.0,0.0,,0.0,胆道結石除去用カテーテルセット・経内視鏡バルーンカテーテル・十二指腸乳頭切開機能付き,2024-06-01,2024-07-01,2024-07-02,t_ALL20250530.csv,1.0
25998,0,737770000,胆道結石除去用カテーテル（採石用バスケット）,0.0,0.0,,1.0,38100.0,0.0,0.0,0.0,1.0,38100.0,0.0,0.0,0.0,,0.0,胆道結石除去用カテーテルセット・採石用バスケットカテーテル,2024-06-01,2024-07-01,2024-07-02,t_ALL20250530.csv,1.0
25999,0,737780000,胆道結石除去用カテーテル（砕石用（全ディスポーザブル型））,0.0,0.0,,1.0,41600.0,0.0,0.0,0.0,1.0,41600.0,0.0,0.0,0.0,,0.0,胆道結石除去用カテーテルセット・砕石用バスケットカテーテル・全ディスポーザブル型,2024-06-01,2024-07-01,2024-07-02,t_ALL20250530.csv,1.0
26000,0,737790000,胆道結石除去用カテーテル（砕石用（一部ディスポーザブル型））,0.0,0.0,,1.0,14900.0,0.0,0.0,0.0,1.0,14900.0,0.0,0.0,0.0,,0.0,胆道結石除去用カテーテルセット・砕石用バスケットカテーテル・一部ディスポーザブル型,2024-06-01,2024-07-01,2024-07-02,t_ALL20250530.csv,1.0
26001,0,737800000,腎・尿管結石除去用カテーテルセット,0.0,0.0,,1.0,31100.0,0.0,0.0,0.0,1.0,32300.0,0.0,0.0,0.0,,0.0,腎・尿管結石除去用カテーテルセット,2024-06-01,2024-07-01,2024-07-02,t_ALL20250530.csv,1.0
26002,0,737810000,インスリン製剤等注射用ディスポーザブル注射器（標準型）,0.0,0.0,,1.0,17.0,0.0,0.0,0.0,1.0,17.0,0.0,0.0,0.0,,0.0,インスリン製剤等注射用ディスポーザブル注射器・標準型,2024-06-01,2024-07-01,2024-07-02,t_ALL20250530.csv,1.0
8711,9,737820000,ヒト成長ホルモン剤注射用ディスポーザブル注射器,0.0,0.0,,0.0,0.0,0.0,0.0,0.0,1.0,10.0,0.0,0.0,0.0,20180331,0.0,ヒト成長ホルモン剤注射用ディスポーザブル注射器,2018-04-01,2018-05-01,2018-05-02,t20180305.csv,1.0
26003,0,737890000,腹膜透析液交換セット（交換キット）,0.0,0.0,,1.0,554.0,0.0,0.0,0.0,1.0,554.0,0.0,0.0,0.0,,0.0,腹膜透析液交換セット・交換キット,2024-06-01,2024-07-01,2024-07-02,t_ALL20250530.csv,1.0
26004,0,737900000,腹膜透析液交換セット（回路・Ｙセット）,0.0,0.0,,1.0,884.0,0.0,0.0,0.0,1.0,884.0,0.0,0.0,0.0,,0.0,腹膜透析液交換セット・回路・Ｙセット,2024-06-01,2024-07-01,2024-07-02,t_ALL20250530.csv,1.0
26005,0,737910000,腹膜透析液交換セット（回路・ＡＰＤセット）,0.0,0.0,,1.0,5470.0,0.0,0.0,0.0,1.0,5470.0,0.0,0.0,0.0,,0.0,腹膜透析液交換セット・回路・ＡＰＤセット,2024-06-01,2024-07-01,2024-07-02,t_ALL20250530.csv,1.0
26006,0,737920000,腹膜透析液交換セット（回路・ＩＰＤセット）,0.0,0.0,,1.0,1040.0,0.0,0.0,0.0,1.0,1040.0,0.0,0.0,0.0,,0.0,腹膜透析液交換セット・回路・ＩＰＤセット,2024-06-01,2024-07-01,2024-07-02,t_ALL20250530.csv,1.0
26007,0,737960000,栄養用ディスポカテ（在宅）（経鼻用・一般用）,0.0,0.0,,1.0,183.0,0.0,0.0,0.0,1.0,183.0,0.0,0.0,0.0,,0.0,在宅寝たきり患者処置用栄養用ディスポーザブルカテーテル・経鼻用・一般用,2024-06-01,2024-07-01,2024-07-02,t_ALL20250530.csv,1.0
26008,0,737980000,栄養用ディスポカテ（在宅）（経鼻用・経腸栄養用）,0.0,0.0,,1.0,1600.0,0.0,0.0,0.0,1.0,1630.0,0.0,0.0,0.0,,0.0,在宅寝たきり患者処置用栄養用ディスポーザブルカテーテル・経鼻用・経腸栄養用,2024-06-01,2024-07-01,2024-07-02,t_ALL20250530.csv,1.0
26009,0,737990000,栄養用ディスポカテ（在宅）（経鼻用・特殊型）,0.0,0.0,,1.0,2110.0,0.0,0.0,0.0,1.0,2110.0,0.0,0.0,0.0,,0.0,在宅寝たきり患者処置用栄養用ディスポーザブルカテーテル・経鼻用・特殊型,2024-06-01,2024-07-01,2024-07-02,t_ALL20250530.csv,1.0
26010,0,738000000,栄養用ディスポカテ（在宅）（腸瘻用）,0.0,0.0,,1.0,3870.0,0.0,0.0,0.0,1.0,3870.0,0.0,0.0,0.0,,0.0,在宅寝たきり患者処置用栄養用ディスポーザブルカテーテル・腸瘻用,2024-06-01,2024-07-01,2024-07-02,t_ALL20250530.csv,1.0
26011,0,738100000,腹膜透析液交換セット（回路・Ｙセット）,0.0,0.0,,1.0,884.0,0.0,0.0,0.0,1.0,884.0,0.0,0.0,0.0,,1.0,腹膜透析液交換セット・回路・Ｙセット,2024-06-01,2024-07-01,2024-07-02,t_ALL20250530.csv,1.0
26012,0,738110000,腹膜透析液交換セット（回路・ＡＰＤセット）,0.0,0.0,,1.0,5470.0,0.0,0.0,0.0,1.0,5470.0,0.0,0.0,0.0,,1.0,腹膜透析液交換セット・回路・ＡＰＤセット,2024-06-01,2024-07-01,2024-07-02,t_ALL20250530.csv,1.0
26013,0,738120000,腹膜透析液交換セット（回路・ＩＰＤセット）,0.0,0.0,,1.0,1040.0,0.0,0.0,0.0,1.0,1040.0,0.0,0.0,0.0,,1.0,腹膜透析液交換セット・回路・ＩＰＤセット,2024-06-01,2024-07-01,2024-07-02,t_ALL20250530.csv,1.0
26014,0,738140000,腹水濾過器、濃縮再静注用濃縮器（回路を含む）,0.0,0.0,,1.0,60600.0,0.0,0.0,0.0,1.0,63700.0,0.0,0.0,0.0,,0.0,腹水濾過器、濃縮再静注用濃縮器（回路を含む。）,2024-06-01,2024-07-01,2024-07-02,t_ALL20250530.csv,1.0
26015,0,738150000,血管造影用シースイントロデューサーセット（一般用・標準型）,0.0,0.0,,1.0,2130.0,0.0,0.0,0.0,1.0,2160.0,0.0,0.0,0.0,,0.0,血管造影用シースイントロデューサーセット・一般用・標準型,2024-06-01,2024-07-01,2024-07-02,t_ALL20250530.csv,1.0
26016,0,738160000,血管造影用シースイントロデューサーセット（蛇行血管用）,0.0,0.0,,1.0,2700.0,0.0,0.0,0.0,1.0,2760.0,0.0,0.0,0.0,,0.0,血管造影用シースイントロデューサーセット・蛇行血管用,2024-06-01,2024-07-01,2024-07-02,t_ALL20250530.csv,1.0
26017,0,738170000,血管造影用シースイントロデューサーセット（一般用・特殊型）,0.0,0.0,,1.0,2130.0,0.0,0.0,0.0,1.0,2160.0,0.0,0.0,0.0,,0.0,血管造影用シースイントロデューサーセット・一般用・特殊型,2024-06-01,2024-07-01,2024-07-02,t_ALL20250530.csv,1.0
26018,0,738180000,血管造影用カテーテル（一般用）,0.0,0.0,,1.0,1720.0,0.0,0.0,0.0,1.0,1790.0,0.0,0.0,0.0,,0.0,血管造影用カテーテル・一般用,2024-06-01,2024-07-01,2024-07-02,t_ALL20250530.csv,1.0
8727,9,738190000,血管造影用ガイドワイヤー（一般用）,0.0,0.0,,0.0,0.0,0.0,0.0,0.0,1.0,2210.0,0.0,0.0,0.0,20180331,0.0,血管造影用ガイドワイヤー・一般用,2018-04-01,2018-05-01,2018-05-02,t20180305.csv,1.0
26019,0,738200000,血管造影用ガイドワイヤー（交換用）,0.0,0.0,,1.0,2090.0,0.0,0.0,0.0,1.0,2180.0,0.0,0.0,0.0,,0.0,血管造影用ガイドワイヤー・交換用,2024-06-01,2024-07-01,2024-07-02,t_ALL20250530.csv,1.0
26020,0,738210000,血管造影用ガイドワイヤー（微細血管用）,0.0,0.0,,1.0,12500.0,0.0,0.0,0.0,1.0,13100.0,0.0,0.0,0.0,,0.0,血管造影用ガイドワイヤー・微細血管用,2024-06-01,2024-07-01,2024-07-02,t_ALL20250530.csv,1.0
26021,0,738220000,ＰＴＣＡ用カテーテル用ガイドワイヤー（一般用）,0.0,0.0,,1.0,10100.0,0.0,0.0,0.0,1.0,10900.0,0.0,0.0,0.0,,0.0,経皮的冠動脈形成術用カテーテル用ガイドワイヤー・一般用,2024-06-01,2024-07-01,2024-07-02,t_ALL20250530.csv,1.0
26022,0,738230000,ＰＴＣＡ用カテーテル用ガイドワイヤー（複合・高度狭窄部位）,0.0,0.0,,1.0,14500.0,0.0,0.0,0.0,1.0,15500.0,0.0,0.0,0.0,,0.0,経皮的冠動脈形成術用カテーテル用ガイドワイヤー・複合・高度狭窄部位用,2024-06-01,2024-07-01,2024-07-02,t_ALL20250530.csv,1.0
26023,0,738240000,携帯型ディスポーザブル注入ポンプ（標準型）,0.0,0.0,,1.0,3080.0,0.0,0.0,0.0,1.0,3090.0,0.0,0.0,0.0,,0.0,携帯型ディスポーザブル注入ポンプ・標準型,2024-06-01,2024-07-01,2024-07-02,t_ALL20250530.csv,1.0
6158,9,738250000,携帯型ディスポーザブル注入ポンプ（一体型）,0.0,0.0,,0.0,0.0,0.0,0.0,0.0,1.0,2720.0,0.0,0.0,0.0,20160331,0.0,携帯型ディスポーザブル注入ポンプ・一体型,2016-04-01,2016-05-01,2016-05-02,t_ALL20160304.csv,1.0
26024,0,738260000,腎瘻・膀胱瘻用材料（腎瘻用カテーテル・ストレート型）,0.0,0.0,,1.0,740.0,0.0,0.0,0.0,1.0,740.0,0.0,0.0,0.0,,0.0,腎瘻又は膀胱瘻用材料・腎瘻用カテーテル・ストレート型,2024-06-01,2024-07-01,2024-07-02,t_ALL20250530.csv,1.0
8734,9,738270000,腎瘻・膀胱瘻用カ材料（腎瘻用・ピッグテイル型）,0.0,0.0,,0.0,0.0,0.0,0.0,0.0,1.0,5830.0,0.0,0.0,0.0,20180331,0.0,腎瘻又は膀胱瘻用材料・腎瘻用カテーテル・ピッグテイル型,2018-04-01,2018-05-01,2018-05-02,t20180305.csv,1.0
23361,9,738280000,腎瘻・膀胱瘻用材料（腎瘻用カテーテル・マレコ型）,0.0,0.0,,1.0,5870.0,0.0,0.0,0.0,1.0,5870.0,0.0,0.0,0.0,20240531,0.0,腎瘻又は膀胱瘻用材料・腎瘻用カテーテル・マレコ型,2024-06-01,2024-07-01,2024-07-02,t_ALL20240305.csv,1.0
26025,0,738290000,腎瘻・膀胱瘻用材料（腎瘻用カテーテル・ステント型）,0.0,0.0,,1.0,10200.0,0.0,0.0,0.0,1.0,10200.0,0.0,0.0,0.0,,0.0,腎瘻又は膀胱瘻用材料・腎瘻用カテーテル・カテーテルステント型,2024-06-01,2024-07-01,2024-07-02,t_ALL20250530.csv,1.0
26026,0,738300000,腎瘻・膀胱瘻用材料（腎瘻用カテーテル・腎盂バルーン型）,0.0,0.0,,1.0,2290.0,0.0,0.0,0.0,1.0,2290.0,0.0,0.0,0.0,,0.0,腎瘻又は膀胱瘻用材料・腎瘻用カテーテル・腎盂バルーン型,2024-06-01,2024-07-01,2024-07-02,t_ALL20250530.csv,1.0
26027,0,738310000,腎瘻・膀胱瘻用材料（膀胱瘻用カテーテル）,0.0,0.0,,1.0,3770.0,0.0,0.0,0.0,1.0,3790.0,0.0,0.0,0.0,,0.0,腎瘻又は膀胱瘻用材料・膀胱瘻用カテーテル,2024-06-01,2024-07-01,2024-07-02,t_ALL20250530.csv,1.0
6165,9,738320000,腎瘻・膀胱瘻用カテーテル（造設用セット）,0.0,0.0,,0.0,0.0,0.0,0.0,0.0,1.0,17600.0,0.0,0.0,0.0,20160331,0.0,腎瘻又は膀胱瘻用カテーテル及びカテーテルセット・造設用セット,2016-04-01,2016-05-01,2016-05-02,t_ALL20160304.csv,1.0
6166,9,738330000,腎瘻・膀胱瘻用カテーテル（交換用セット）,0.0,0.0,,0.0,0.0,0.0,0.0,0.0,1.0,9260.0,0.0,0.0,0.0,20160331,0.0,腎瘻又は膀胱瘻用カテーテル及びカテーテルセット・交換用セット,2016-04-01,2016-05-01,2016-05-02,t_ALL20160304.csv,1.0
6167,9,738340000,尿道ステント（永久留置型）,0.0,0.0,,0.0,0.0,0.0,0.0,0.0,1.0,302000.0,0.0,0.0,0.0,20160331,0.0,尿道ステント・永久留置型,2016-04-01,2016-05-01,2016-05-02,t_ALL20160304.csv,1.0
26028,0,738350000,尿道ステント（一時留置（交換）型・長期留置型）,0.0,0.0,,1.0,169000.0,0.0,0.0,0.0,1.0,169000.0,0.0,0.0,0.0,,0.0,尿道ステント・一時留置（交換）型・長期留置型,2024-06-01,2024-07-01,2024-07-02,t_ALL20250530.csv,1.0
26029,0,738360000,尿道ステント（一時留置（交換）型・短期留置型）,0.0,0.0,,1.0,33600.0,0.0,0.0,0.0,1.0,33600.0,0.0,0.0,0.0,,0.0,尿道ステント・一時留置（交換）型・短期留置型,2024-06-01,2024-07-01,2024-07-02,t_ALL20250530.csv,1.0
26030,0,738370000,人工股関節用材（骨盤側材・臼蓋形成用カップ（直）・標準型）,0.0,0.0,,1.0,128000.0,0.0,0.0,0.0,1.0,130000.0,0.0,0.0,0.0,,0.0,人工股関節用材料・骨盤側材料・臼蓋形成用カップ（直接固定型）・標準型,2024-06-01,2024-07-01,2024-07-02,t_ALL20250530.csv,1.0
26031,0,738380000,人工股関節用材（骨盤側材・臼蓋形成用カップ（間））,0.0,0.0,,1.0,55300.0,0.0,0.0,0.0,1.0,55300.0,0.0,0.0,0.0,,0.0,人工股関節用材料・骨盤側材料・臼蓋形成用カップ（間接固定型）,2024-06-01,2024-07-01,2024-07-02,t_ALL20250530.csv,1.0
26032,0,738390000,人工股関節用材（骨盤側材・ライナー・標準型）,0.0,0.0,,1.0,48000.0,0.0,0.0,0.0,1.0,48000.0,0.0,0.0,0.0,,0.0,人工股関節用材料・骨盤側材料・ライナー・標準型,2024-06-01,2024-07-01,2024-07-02,t_ALL20250530.csv,1.0
26033,0,738400000,人工股関節用材（大腿骨側材・大腿骨ステム（直）・標準型）,0.0,0.0,,1.0,266000.0,0.0,0.0,0.0,1.0,266000.0,0.0,0.0,0.0,,0.0,人工股関節用材料・大腿骨側材料・大腿骨ステム（直接固定型）・標準型,2024-06-01,2024-07-01,2024-07-02,t_ALL20250530.csv,1.0
26034,0,738410000,人工股関節用材（大腿骨側材・大腿骨ステム（間）・標準型）,0.0,0.0,,1.0,129000.0,0.0,0.0,0.0,1.0,129000.0,0.0,0.0,0.0,,0.0,人工股関節用材料・大腿骨側材料・大腿骨ステム（間接固定型）・標準型,2024-06-01,2024-07-01,2024-07-02,t_ALL20250530.csv,1.0
26035,0,738420000,人工股関節用材（大腿骨側材・大腿骨ステムヘッド（１））,0.0,0.0,,1.0,80800.0,0.0,0.0,0.0,1.0,70600.0,0.0,0.0,0.0,,0.0,人工股関節用材料・大腿骨側材料・大腿骨ステムヘッド（１）,2024-06-01,2024-07-01,2024-07-02,t_ALL20250530.csv,1.0
26036,0,738430000,人工股関節用材（大腿骨側材・骨頭用・モノポーラカップ）,0.0,0.0,,1.0,87200.0,0.0,0.0,0.0,1.0,87200.0,0.0,0.0,0.0,,0.0,人工股関節用材料・大腿骨側材料・人工骨頭用・モノポーラカップ,2024-06-01,2024-07-01,2024-07-02,t_ALL20250530.csv,1.0
26037,0,738440000,人工股関節用材（大腿骨側材・骨頭用・バイポーラカップ（１））,0.0,0.0,,1.0,96100.0,0.0,0.0,0.0,1.0,104000.0,0.0,0.0,0.0,,0.0,人工股関節用材料・大腿骨側材料・人工骨頭用・バイポーラカップ（１）,2024-06-01,2024-07-01,2024-07-02,t_ALL20250530.csv,1.0
26038,0,738450000,人工股関節用材（単純人工骨頭）,0.0,0.0,,1.0,101000.0,0.0,0.0,0.0,1.0,101000.0,0.0,0.0,0.0,,0.0,人工股関節用材料・単純人工骨頭,2024-06-01,2024-07-01,2024-07-02,t_ALL20250530.csv,1.0
26039,0,738460000,人工膝関節用材（大腿骨側材・全置換用（直））,0.0,0.0,,1.0,240000.0,0.0,0.0,0.0,1.0,251000.0,0.0,0.0,0.0,,0.0,人工膝関節用材料・大腿骨側材料・全置換用材料（直接固定型）,2024-06-01,2024-07-01,2024-07-02,t_ALL20250530.csv,1.0
26040,0,738470000,人工膝関節用材（大腿骨側材・全置換用（間）・標準型）,0.0,0.0,,1.0,236000.0,0.0,0.0,0.0,1.0,242000.0,0.0,0.0,0.0,,0.0,人工膝関節用材料・大腿骨側材料・全置換用材料（間接固定型）・標準型,2024-06-01,2024-07-01,2024-07-02,t_ALL20250530.csv,1.0
26041,0,738480000,人工膝関節用材（大腿骨側材・片側置換用（直））,0.0,0.0,,1.0,177000.0,0.0,0.0,0.0,1.0,177000.0,0.0,0.0,0.0,,0.0,人工膝関節用材料・大腿骨側材料・片側置換用材料（直接固定型）,2024-06-01,2024-07-01,2024-07-02,t_ALL20250530.csv,1.0
26042,0,738490000,人工膝関節用材（大腿骨側材・片側置換用（間）・標準型）,0.0,0.0,,1.0,142000.0,0.0,0.0,0.0,1.0,142000.0,0.0,0.0,0.0,,0.0,人工膝関節用材料・大腿骨側材料・片側置換用材料（間接固定型）・標準型,2024-06-01,2024-07-01,2024-07-02,t_ALL20250530.csv,1.0
26043,0,738500000,人工膝関節用材（脛骨側材・全置換用（直）・標準型）,0.0,0.0,,1.0,147000.0,0.0,0.0,0.0,1.0,147000.0,0.0,0.0,0.0,,0.0,人工膝関節用材料・脛骨側材料・全置換用材料（直接固定型）・標準型,2024-06-01,2024-07-01,2024-07-02,t_ALL20250530.csv,1.0
26044,0,738510000,人工膝関節用材（脛骨側材・全置換用（間））,0.0,0.0,,1.0,140000.0,0.0,0.0,0.0,1.0,145000.0,0.0,0.0,0.0,,0.0,人工膝関節用材料・脛骨側材料・全置換用材料（間接固定型）,2024-06-01,2024-07-01,2024-07-02,t_ALL20250530.csv,1.0
26045,0,738520000,人工膝関節用材（脛骨側材・片側置換用（直））,0.0,0.0,,1.0,161000.0,0.0,0.0,0.0,1.0,161000.0,0.0,0.0,0.0,,0.0,人工膝関節用材料・脛骨側材料・片側置換用材料（直接固定型）,2024-06-01,2024-07-01,2024-07-02,t_ALL20250530.csv,1.0
26046,0,738530000,人工膝関節用材（脛骨側材・片側置換用（間）・標準型）,0.0,0.0,,1.0,105000.0,0.0,0.0,0.0,1.0,105000.0,0.0,0.0,0.0,,0.0,人工膝関節用材料・脛骨側材料・片側置換用材料（間接固定型）・標準型,2024-06-01,2024-07-01,2024-07-02,t_ALL20250530.csv,1.0
26047,0,738540000,人工膝関節用材（膝蓋骨材・膝蓋骨置換用（１））,0.0,0.0,,1.0,32000.0,0.0,0.0,0.0,1.0,34100.0,0.0,0.0,0.0,,0.0,人工膝関節用材料・膝蓋骨材料・膝蓋骨置換用材料（１）,2024-06-01,2024-07-01,2024-07-02,t_ALL20250530.csv,1.0
26048,0,738560000,人工膝関節用材（インサート（１））,0.0,0.0,,1.0,48300.0,0.0,0.0,0.0,1.0,52600.0,0.0,0.0,0.0,,0.0,人工膝関節用材料・インサート（１）,2024-06-01,2024-07-01,2024-07-02,t_ALL20250530.csv,1.0
26049,0,738570000,オプション部品（人工関節用部品・一般オプション部品）,0.0,0.0,,1.0,19400.0,0.0,0.0,0.0,1.0,19400.0,0.0,0.0,0.0,,0.0,オプション部品・人工関節用部品・一般オプション部品,2024-06-01,2024-07-01,2024-07-02,t_ALL20250530.csv,1.0
26050,0,738580000,オプション部品（人工膝関節用部品・人工関節用部品（１））,0.0,0.0,,1.0,65500.0,0.0,0.0,0.0,1.0,65500.0,0.0,0.0,0.0,,0.0,オプション部品・人工膝関節用部品・人工関節用部品（１）,2024-06-01,2024-07-01,2024-07-02,t_ALL20250530.csv,1.0
26051,0,738590000,オプション部品（人工関節固定強化部品（１））,0.0,0.0,,1.0,11800.0,0.0,0.0,0.0,1.0,11900.0,0.0,0.0,0.0,,0.0,オプション部品・人工関節固定強化部品（１）,2024-06-01,2024-07-01,2024-07-02,t_ALL20250530.csv,1.0
26052,0,738600000,オプション部品（再建用強化部品）,0.0,0.0,,1.0,588000.0,0.0,0.0,0.0,1.0,588000.0,0.0,0.0,0.0,,0.0,オプション部品・再建用強化部品,2024-06-01,2024-07-01,2024-07-02,t_ALL20250530.csv,1.0
26053,0,738610000,人工肩関節用材（肩甲骨側材・グレノイドコンポーネント・標準型）,0.0,0.0,,1.0,124000.0,0.0,0.0,0.0,1.0,124000.0,0.0,0.0,0.0,,0.0,人工肩関節用材料・肩甲骨側材料・グレノイドコンポーネント・標準型,2024-06-01,2024-07-01,2024-07-02,t_ALL20250530.csv,1.0
26054,0,738620000,人工肩関節用材（上腕骨側材・上腕骨ステム・標準型）,0.0,0.0,,1.0,270000.0,0.0,0.0,0.0,1.0,284000.0,0.0,0.0,0.0,,0.0,人工肩関節用材料・上腕骨側材料・上腕骨ステム・標準型,2024-06-01,2024-07-01,2024-07-02,t_ALL20250530.csv,1.0
26055,0,738630000,人工肘関節用材（上腕骨ステム）,0.0,0.0,,1.0,221000.0,0.0,0.0,0.0,1.0,221000.0,0.0,0.0,0.0,,0.0,人工肘関節用材料・上腕骨ステム,2024-06-01,2024-07-01,2024-07-02,t_ALL20250530.csv,1.0
26056,0,738640000,人工肘関節用材（尺骨ステム）,0.0,0.0,,1.0,172000.0,0.0,0.0,0.0,1.0,172000.0,0.0,0.0,0.0,,0.0,人工肘関節用材料・尺骨ステム,2024-06-01,2024-07-01,2024-07-02,t_ALL20250530.csv,1.0
26057,0,738650000,人工肘関節用材（橈骨側材）,0.0,0.0,,1.0,156000.0,0.0,0.0,0.0,1.0,156000.0,0.0,0.0,0.0,,0.0,人工肘関節用材料・橈骨側材料,2024-06-01,2024-07-01,2024-07-02,t_ALL20250530.csv,1.0
26058,0,738660000,人工手関節・足関節用材（手関節用・橈骨側材）,0.0,0.0,,2.0,0.0,0.0,0.0,0.0,2.0,0.0,0.0,0.0,0.0,,0.0,人工手関節用材料・橈骨側材料,2024-06-01,2024-07-01,2024-07-02,t_ALL20250530.csv,1.0
26059,0,738670000,人工手関節・足関節用材（手関節用・中手骨側材）,0.0,0.0,,2.0,0.0,0.0,0.0,0.0,2.0,0.0,0.0,0.0,0.0,,0.0,人工手関節用材料・中手骨側材料,2024-06-01,2024-07-01,2024-07-02,t_ALL20250530.csv,1.0
13859,9,738680000,人工手関節・足関節用材（手関節用・一体型）,0.0,0.0,,0.0,0.0,0.0,0.0,0.0,2.0,0.0,0.0,0.0,0.0,20200331,0.0,人工手関節用材料・一体型,2020-04-01,2020-05-01,2020-05-02,t20200305.csv,1.0
26060,0,738690000,人工手関節・足関節用材（足関節用・脛骨側材）,0.0,0.0,,1.0,362000.0,0.0,0.0,0.0,1.0,362000.0,0.0,0.0,0.0,,0.0,人工足関節用材料・脛骨側材料,2024-06-01,2024-07-01,2024-07-02,t_ALL20250530.csv,1.0
26061,0,738700000,人工手関節・足関節用材（足関節用・距骨側材）,0.0,0.0,,1.0,287000.0,0.0,0.0,0.0,1.0,287000.0,0.0,0.0,0.0,,0.0,人工足関節用材料・距骨側材料,2024-06-01,2024-07-01,2024-07-02,t_ALL20250530.csv,1.0
26062,0,738710000,人工指関節用材（手指関節用・手根中手関節用・大菱形骨側材）,0.0,0.0,,1.0,149000.0,0.0,0.0,0.0,1.0,149000.0,0.0,0.0,0.0,,0.0,人工指関節用材料・人工手指関節用材料・人工手根中手関節用材料・大菱形骨側材料,2024-06-01,2024-07-01,2024-07-02,t_ALL20250530.csv,1.0
26063,0,738720000,人工指関節用材（手指関節用・手根中手関節用・中手骨側材）,0.0,0.0,,1.0,176000.0,0.0,0.0,0.0,1.0,176000.0,0.0,0.0,0.0,,0.0,人工指関節用材料・人工手指関節用材料・人工手根中手関節用材料・中手骨側材料,2024-06-01,2024-07-01,2024-07-02,t_ALL20250530.csv,1.0
26064,0,738730000,人工指関節用材（手指関節用・その他手指関節用・近位側材）,0.0,0.0,,1.0,107000.0,0.0,0.0,0.0,1.0,108000.0,0.0,0.0,0.0,,0.0,人工指関節用材料・人工手指関節用材料・その他の人工手指関節用材料・近位側材料,2024-06-01,2024-07-01,2024-07-02,t_ALL20250530.csv,1.0
26065,0,738740000,人工指関節用材（手指関節用・その他手指関節用・遠位側材）,0.0,0.0,,1.0,92000.0,0.0,0.0,0.0,1.0,92800.0,0.0,0.0,0.0,,0.0,人工指関節用材料・人工手指関節用材料・その他の人工手指関節用材料・遠位側材料,2024-06-01,2024-07-01,2024-07-02,t_ALL20250530.csv,1.0
26066,0,738750000,人工指関節用材（手指関節用・その他手指関節用・一体型）,0.0,0.0,,1.0,95900.0,0.0,0.0,0.0,1.0,95900.0,0.0,0.0,0.0,,0.0,人工指関節用材料・人工手指関節用材料・その他の人工手指関節用材料・一体型,2024-06-01,2024-07-01,2024-07-02,t_ALL20250530.csv,1.0
13867,9,738760000,人工指関節用材（手指関節用・その他手指関節用・手根骨用）,0.0,0.0,,0.0,0.0,0.0,0.0,0.0,1.0,212000.0,0.0,0.0,0.0,20200331,0.0,人工指関節用材料・人工手指関節用材料・その他の人工手指関節用材料・人工手根骨用,2020-04-01,2020-05-01,2020-05-02,t20200305.csv,1.0
26067,0,738770000,人工指関節用材（足指関節用・近位側材）,0.0,0.0,,2.0,0.0,0.0,0.0,0.0,2.0,0.0,0.0,0.0,0.0,,0.0,人工指関節用材料・人工足指関節用材料・近位側材料,2024-06-01,2024-07-01,2024-07-02,t_ALL20250530.csv,1.0
26068,0,738780000,人工指関節用材（足指関節用・遠位側材）,0.0,0.0,,2.0,0.0,0.0,0.0,0.0,2.0,0.0,0.0,0.0,0.0,,0.0,人工指関節用材料・人工足指関節用材料・遠位側材料,2024-06-01,2024-07-01,2024-07-02,t_ALL20250530.csv,1.0
26069,0,738790000,人工指関節用材（足指関節用・一体型）,0.0,0.0,,1.0,95500.0,0.0,0.0,0.0,1.0,95500.0,0.0,0.0,0.0,,0.0,人工指関節用材料・人工足指関節用材料・一体型,2024-06-01,2024-07-01,2024-07-02,t_ALL20250530.csv,1.0
26070,0,738800000,上肢再建用人工関節用材（再建用上腕骨近位補綴用）,0.0,0.0,,1.0,409000.0,0.0,0.0,0.0,1.0,409000.0,0.0,0.0,0.0,,0.0,上肢再建用人工関節用材料・再建用上腕骨近位補綴用材料,2024-06-01,2024-07-01,2024-07-02,t_ALL20250530.csv,1.0
26071,0,738810000,上肢再建用人工関節用材（再建用上腕骨遠位補綴用）,0.0,0.0,,1.0,600000.0,0.0,0.0,0.0,1.0,600000.0,0.0,0.0,0.0,,0.0,上肢再建用人工関節用材料・再建用上腕骨遠位補綴用材料,2024-06-01,2024-07-01,2024-07-02,t_ALL20250530.csv,1.0
26072,0,738820000,上肢再建用人工関節用材（再建用尺骨側材）,0.0,0.0,,1.0,233000.0,0.0,0.0,0.0,1.0,233000.0,0.0,0.0,0.0,,0.0,上肢再建用人工関節用材料・再建用尺骨側材料,2024-06-01,2024-07-01,2024-07-02,t_ALL20250530.csv,1.0
26073,0,738830000,下肢再建用人工関節用材（再建用臼蓋形成カップ）,0.0,0.0,,1.0,589000.0,0.0,0.0,0.0,1.0,589000.0,0.0,0.0,0.0,,0.0,下肢再建用人工関節用材料・再建用臼蓋形成カップ,2024-06-01,2024-07-01,2024-07-02,t_ALL20250530.csv,1.0
26074,0,738840000,下肢再建用人工関節用材（再建用大腿骨近位補綴用）,0.0,0.0,,1.0,886000.0,0.0,0.0,0.0,1.0,886000.0,0.0,0.0,0.0,,0.0,下肢再建用人工関節用材料・再建用大腿骨近位補綴用材料,2024-06-01,2024-07-01,2024-07-02,t_ALL20250530.csv,1.0
26075,0,738850000,下肢再建用人工関節用材（再建用大腿骨遠位補綴用）,0.0,0.0,,1.0,756000.0,0.0,0.0,0.0,1.0,756000.0,0.0,0.0,0.0,,0.0,下肢再建用人工関節用材料・再建用大腿骨遠位補綴用材料,2024-06-01,2024-07-01,2024-07-02,t_ALL20250530.csv,1.0
26076,0,738860000,下肢再建用人工関節用材（再建用大腿骨表面置換用）,0.0,0.0,,1.0,626000.0,0.0,0.0,0.0,1.0,626000.0,0.0,0.0,0.0,,0.0,下肢再建用人工関節用材料・再建用大腿骨表面置換用材料,2024-06-01,2024-07-01,2024-07-02,t_ALL20250530.csv,1.0
26077,0,738870000,下肢再建用人工関節用材（再建用脛骨近位補綴用）,0.0,0.0,,1.0,733000.0,0.0,0.0,0.0,1.0,733000.0,0.0,0.0,0.0,,0.0,下肢再建用人工関節用材料・再建用脛骨近位補綴用材料,2024-06-01,2024-07-01,2024-07-02,t_ALL20250530.csv,1.0
26078,0,738880000,下肢再建用人工関節用材（再建用脛骨表面置換用）,0.0,0.0,,1.0,698000.0,0.0,0.0,0.0,1.0,698000.0,0.0,0.0,0.0,,0.0,下肢再建用人工関節用材料・再建用脛骨表面置換用材料,2024-06-01,2024-07-01,2024-07-02,t_ALL20250530.csv,1.0
26079,0,738890000,カスタムメイド人工関節,0.0,0.0,,2.0,0.0,0.0,0.0,0.0,2.0,0.0,0.0,0.0,0.0,,0.0,カスタムメイド人工関節,2024-06-01,2024-07-01,2024-07-02,t_ALL20250530.csv,1.0
26080,0,738900000,固定用金属線（金属線・バンド）,40.0,2.0,ｃｍ,1.0,242.0,0.0,0.0,0.0,1.0,242.0,0.0,0.0,0.0,,0.0,固定用金属線・金属線・バンド,2024-06-01,2024-07-01,2024-07-02,t_ALL20250530.csv,1.0
26081,0,738910000,人工骨頭帽,0.0,0.0,,1.0,243000.0,0.0,0.0,0.0,1.0,243000.0,0.0,0.0,0.0,,0.0,人工骨頭帽,2024-06-01,2024-07-01,2024-07-02,t_ALL20250530.csv,1.0
26082,0,738920000,組織代用人工繊維布（心血管系用・心膜シート）,41.0,3.0,ｃｍ２,1.0,394.0,0.0,0.0,0.0,1.0,394.0,0.0,0.0,0.0,,0.0,組織代用人工繊維布・心血管系用・心膜シート,2024-06-01,2024-07-01,2024-07-02,t_ALL20250530.csv,1.0
26083,0,738930000,組織代用人工繊維布（心血管系用・心血管修復パッチ・一般）,41.0,3.0,ｃｍ２,1.0,1070.0,0.0,0.0,0.0,1.0,1070.0,0.0,0.0,0.0,,0.0,組織代用人工繊維布・心血管系用・心血管修復パッチ一般用,2024-06-01,2024-07-01,2024-07-02,t_ALL20250530.csv,1.0
26084,0,738960000,ディスポーザブル人工肺（膜型肺・補助循環呼吸型・一般用）,0.0,0.0,,1.0,141000.0,0.0,0.0,0.0,1.0,141000.0,0.0,0.0,0.0,,0.0,ディスポーザブル人工肺（膜型肺）・補助循環・補助呼吸型・一般用,2024-06-01,2024-07-01,2024-07-02,t_ALL20250530.csv,1.0
26085,0,738970000,ガイディングカテーテル（冠動脈用）,0.0,0.0,,1.0,8220.0,0.0,0.0,0.0,1.0,9320.0,0.0,0.0,0.0,,0.0,ガイディングカテーテル・冠動脈用,2024-06-01,2024-07-01,2024-07-02,t_ALL20250530.csv,1.0
26086,0,738980000,ガイディングカテーテル（その他血管用）,0.0,0.0,,1.0,18300.0,0.0,0.0,0.0,1.0,18700.0,0.0,0.0,0.0,,0.0,ガイディングカテーテル・その他血管用,2024-06-01,2024-07-01,2024-07-02,t_ALL20250530.csv,1.0
26087,0,738990000,ガイディングカテーテル（脳血管用・標準型）,0.0,0.0,,1.0,21800.0,0.0,0.0,0.0,1.0,21800.0,0.0,0.0,0.0,,0.0,ガイディングカテーテル・脳血管用・標準型,2024-06-01,2024-07-01,2024-07-02,t_ALL20250530.csv,1.0
26088,0,739000000,ＰＴＡバルーンカテーテル（カッティング型）,0.0,0.0,,1.0,128000.0,0.0,0.0,0.0,1.0,132000.0,0.0,0.0,0.0,,0.0,血管内手術用カテーテル・ＰＴＡバルーンカテーテル・カッティング型,2024-06-01,2024-07-01,2024-07-02,t_ALL20250530.csv,1.0
26089,0,739200000,液体酸素・定置式液化酸素貯槽（ＣＥ）,37.0,1.0,Ｌ,1.0,0.19,0.0,0.0,0.0,1.0,0.19,2.0,2.0,1.0,,0.0,液体酸素・定置式液化酸素貯槽（ＣＥ）,2024-06-01,2024-07-01,2024-07-02,t_ALL20250530.csv,1.0
26090,0,739210000,液体酸素・可搬式液化酸素容器（ＬＧＣ）,37.0,1.0,Ｌ,1.0,0.32,0.0,0.0,0.0,1.0,0.32,3.0,2.0,1.0,,0.0,液体酸素・可搬式液化酸素容器（ＬＧＣ）,2024-06-01,2024-07-01,2024-07-02,t_ALL20250530.csv,1.0
26091,0,739220000,酸素ボンベ・大型,37.0,1.0,Ｌ,1.0,0.42,0.0,0.0,0.0,1.0,0.42,4.0,2.0,1.0,,0.0,酸素ボンベ・大型,2024-06-01,2024-07-01,2024-07-02,t_ALL20250530.csv,1.0
26092,0,739230000,酸素ボンベ・小型,37.0,1.0,Ｌ,1.0,2.36,0.0,0.0,0.0,1.0,2.36,5.0,2.0,1.0,,0.0,酸素ボンベ・小型,2024-06-01,2024-07-01,2024-07-02,t_ALL20250530.csv,1.0
26093,0,739240000,液体酸素・定置式液化酸素貯槽（ＣＥ）（離島等）,37.0,1.0,Ｌ,1.0,0.29,0.0,0.0,0.0,1.0,0.29,2.0,2.0,1.0,,0.0,液体酸素・定置式液化酸素貯槽（ＣＥ）・離島等,2024-06-01,2024-07-01,2024-07-02,t_ALL20250530.csv,1.0
26094,0,739250000,液体酸素・可搬式液化酸素容器（ＬＧＣ）（離島等）,37.0,1.0,Ｌ,1.0,0.47,0.0,0.0,0.0,1.0,0.47,3.0,2.0,1.0,,0.0,液体酸素・可搬式液化酸素容器（ＬＧＣ）・離島等,2024-06-01,2024-07-01,2024-07-02,t_ALL20250530.csv,1.0
26095,0,739260000,酸素ボンベ・大型（離島等）,37.0,1.0,Ｌ,1.0,0.63,0.0,0.0,0.0,1.0,0.63,4.0,2.0,1.0,,0.0,酸素ボンベ・大型・離島等,2024-06-01,2024-07-01,2024-07-02,t_ALL20250530.csv,1.0
26096,0,739270000,酸素ボンベ・小型（離島等）,37.0,1.0,Ｌ,1.0,3.15,0.0,0.0,0.0,1.0,3.15,5.0,2.0,1.0,,0.0,酸素ボンベ・小型・離島等,2024-06-01,2024-07-01,2024-07-02,t_ALL20250530.csv,1.0
26097,0,739280000,ペースメーカ用カテーテル電極用シースイントロデューサーセット,0.0,0.0,,1.0,2700.0,0.0,0.0,0.0,1.0,2760.0,0.0,0.0,0.0,,0.0,ペースメーカ用カテーテル電極用シースイントロデューサーセット,2024-06-01,2024-07-01,2024-07-02,t_ALL20250530.csv,1.0
26098,0,739290000,髄内釘（肋骨型）,0.0,0.0,,1.0,55600.0,0.0,0.0,0.0,1.0,55600.0,0.0,0.0,0.0,,0.0,髄内釘・肋骨型,2024-06-01,2024-07-01,2024-07-02,t_ALL20250530.csv,1.0
26099,0,739300000,体外ペースメーカー用電極（検査機能付加・心房内・心室内全域型）,0.0,0.0,,1.0,423000.0,0.0,0.0,0.0,1.0,423000.0,0.0,0.0,0.0,,0.0,体外式ペースメーカー用カテーテル電極・心臓電気生理学的検査機能付加型・心腔内超音波検査機能付加型・心房内・心室内全域型,2024-06-01,2024-07-01,2024-07-02,t_ALL20250530.csv,1.0
26100,0,739310000,特殊カテーテル（破砕型）,0.0,0.0,,1.0,429000.0,0.0,0.0,0.0,1.0,429000.0,0.0,0.0,0.0,,0.0,心臓手術用カテーテル・特殊カテーテル・破砕型,2024-06-01,2024-07-01,2024-07-02,t_ALL20250530.csv,1.0
26101,0,739310001,経皮的カテーテル心筋焼灼術用カテーテル（パルスフィールド）,0.0,0.0,,1.0,681000.0,0.0,0.0,0.0,0.0,0.0,0.0,0.0,0.0,,0.0,経皮的カテーテル心筋焼灼術用カテーテル・パルスフィールドアブレーション用,2024-09-01,2024-10-01,2024-10-02,t_ALL20250530.csv,1.0
26102,0,739310002,培養ヒト角膜内皮細胞・調製・移植キット,0.0,0.0,,1.0,9464500.0,0.0,0.0,0.0,0.0,0.0,0.0,0.0,0.0,,0.0,培養ヒト角膜内皮細胞・調製・移植キット,2024-09-01,2024-10-01,2024-10-02,t_ALL20250530.csv,1.0
26103,0,739310003,弁周囲欠損孔閉鎖セット,0.0,0.0,,1.0,675400.0,0.0,0.0,0.0,0.0,0.0,0.0,0.0,0.0,,0.0,弁周囲欠損孔閉鎖セット,2024-09-01,2024-10-01,2024-10-02,t_ALL20250530.csv,1.0
26104,0,739310004,血栓除去用カテーテル（経皮的血栓除去用・分離捕捉型）,0.0,0.0,,1.0,1050000.0,0.0,0.0,0.0,0.0,0.0,0.0,0.0,0.0,,0.0,血管内手術用カテーテル・血栓除去用カテーテル・経皮的血栓除去用・分離捕捉型,2024-12-01,2025-01-01,2025-01-02,t_ALL20250530.csv,1.0
26105,0,739310005,大動脈分岐部用フィルターセット,0.0,0.0,,1.0,520000.0,0.0,0.0,0.0,0.0,0.0,0.0,0.0,0.0,,0.0,血管内手術用カテーテル・大動脈分岐部用フィルターセット,2024-12-01,2025-01-01,2025-01-02,t_ALL20250530.csv,1.0
26106,0,739310006,静脈用ステントセット,0.0,0.0,,1.0,335000.0,0.0,0.0,0.0,0.0,0.0,0.0,0.0,0.0,,0.0,静脈用ステントセット,2024-12-01,2025-01-01,2025-01-02,t_ALL20250530.csv,1.0
26107,0,739310007,脊椎ロッド（標準型・患者適合型）,0.0,0.0,,1.0,80100.0,0.0,0.0,0.0,0.0,0.0,0.0,0.0,0.0,,0.0,脊椎固定用材料・脊椎ロッド・標準型・患者適合型,2025-03-01,2025-04-01,2025-04-02,t_ALL20250530.csv,1.0
26108,0,739310008,脊椎ロッド（特殊型・患者適合型）,0.0,0.0,,1.0,80100.0,0.0,0.0,0.0,0.0,0.0,0.0,0.0,0.0,,0.0,脊椎固定用材料・脊椎ロッド・特殊型・患者適合型,2025-03-01,2025-04-01,2025-04-02,t_ALL20250530.csv,1.0
26109,0,739310009,植込式心臓ペースメーカー用リード（経静脈・特殊型）,0.0,0.0,,1.0,78700.0,0.0,0.0,0.0,0.0,0.0,0.0,0.0,0.0,,0.0,植込式心臓ペースメーカー用リード・リード・経静脈リード・特殊型,2025-03-01,2025-04-01,2025-04-02,t_ALL20250530.csv,1.0
26110,0,739310010,植込型除細動器（３型・胸骨下植込式電極併用型）,0.0,0.0,,1.0,3560000.0,0.0,0.0,0.0,0.0,0.0,0.0,0.0,0.0,,0.0,植込型除細動器・植込型除細動器（３型）・胸骨下植込式電極併用型,2025-03-01,2025-04-01,2025-04-02,t_ALL20250530.csv,1.0
26111,0,739310011,植込型除細動器用カテーテル電極（胸骨下植込式）,0.0,0.0,,1.0,650000.0,0.0,0.0,0.0,0.0,0.0,0.0,0.0,0.0,,0.0,植込型除細動器用カテーテル電極（胸骨下植込式）,2025-03-01,2025-04-01,2025-04-02,t_ALL20250530.csv,1.0
26112,0,739310012,ガイディングカテーテル（脳血管用・自己拡張型）,0.0,0.0,,1.0,284000.0,0.0,0.0,0.0,0.0,0.0,0.0,0.0,0.0,,0.0,ガイディングカテーテル・脳血管用・自己拡張型,2025-03-01,2025-04-01,2025-04-02,t_ALL20250530.csv,1.0
26113,0,739310013,血管内血栓異物除去用留置カテ（頸動脈ステント・経頸動脈型）,0.0,0.0,,1.0,560000.0,0.0,0.0,0.0,0.0,0.0,0.0,0.0,0.0,,0.0,血管内手術用カテーテル・血管内血栓異物除去用留置カテーテル・頸動脈用ステント併用型・経頸動脈型,2025-03-01,2025-04-01,2025-04-02,t_ALL20250530.csv,1.0
26114,0,739310014,心房中隔穿刺針（高周波型・特殊型）,0.0,0.0,,1.0,60900.0,0.0,0.0,0.0,0.0,0.0,0.0,0.0,0.0,,0.0,心房中隔穿刺針・高周波型・特殊型,2025-03-01,2025-04-01,2025-04-02,t_ALL20250530.csv,1.0
26115,0,739310015,仙骨神経刺激装置（長期留置型）,0.0,0.0,,1.0,1060000.0,0.0,0.0,0.0,0.0,0.0,0.0,0.0,0.0,,0.0,仙骨神経刺激装置・長期留置型,2025-03-01,2025-04-01,2025-04-02,t_ALL20250530.csv,1.0
26116,3,739310016,血管内超音波プローブ（近赤外線分光法機能付き）,0.0,0.0,,1.0,132000.0,0.0,0.0,0.0,0.0,0.0,0.0,0.0,0.0,,0.0,血管内超音波プローブ・近赤外線分光法機能付き,2025-06-01,2025-07-01,2025-07-02,t_ALL20250530.csv,1.0
26117,3,739310017,消化器用瘻孔形成補綴材留置システム,0.0,0.0,,1.0,502000.0,0.0,0.0,0.0,0.0,0.0,0.0,0.0,0.0,,0.0,消化器用瘻孔形成補綴材留置システム,2025-06-01,2025-07-01,2025-07-02,t_ALL20250530.csv,1.0
26118,3,739310018,鉱物由来非吸収性局所止血材,33.0,1.0,ｇ,1.0,2640.0,0.0,0.0,0.0,0.0,0.0,0.0,0.0,0.0,,0.0,鉱物由来非吸収性局所止血材,2025-06-01,2025-07-01,2025-07-02,t_ALL20250530.csv,1.0
26119,0,750080000,膀胱留置用ディスポーザブルカテーテル（在宅）（２管一般（１））,0.0,0.0,,1.0,233.0,0.0,0.0,0.0,1.0,233.0,0.0,0.0,0.0,,0.0,在宅寝たきり患者処置用膀胱留置用ディスポーザブルカテーテル・２管一般（１）,2024-06-01,2024-07-01,2024-07-02,t_ALL20250530.csv,1.0
26120,0,770020070,酸素補正率１．３（１気圧）,0.0,0.0,,5.0,30.0,0.0,0.0,0.0,5.0,30.0,1.0,2.0,0.0,,0.0,酸素補正率１．３（１気圧）,2024-06-01,2024-07-01,2024-07-02,t_ALL20250530.csv,1.0
26121,0,770030070,高気圧酸素加算,54.0,2.0,気圧,9.0,0.0,0.0,0.0,0.0,9.0,0.0,1.0,2.0,0.0,,0.0,高気圧酸素加算,2024-06-01,2024-07-01,2024-07-02,t_ALL20250530.csv,1.0
26122,0,770040000,窒素,37.0,1.0,Ｌ,1.0,0.12,0.0,0.0,0.0,1.0,0.12,9.0,2.0,0.0,,0.0,窒素,2024-06-01,2024-07-01,2024-07-02,t_ALL20250530.csv,1.0
26123,0,770050000,高線量率イリジウム,0.0,0.0,,2.0,0.0,0.0,0.0,0.0,2.0,0.0,0.0,3.0,0.0,,0.0,高線量率イリジウム,2024-06-01,2024-07-01,2024-07-02,t_ALL20250530.csv,1.0
26124,0,770060000,低線量率イリジウム,0.0,0.0,,2.0,0.0,0.0,0.0,0.0,2.0,0.0,0.0,0.0,0.0,,0.0,低線量率イリジウム,2024-06-01,2024-07-01,2024-07-02,t_ALL20250530.csv,1.0
26125,0,770070000,放射性粒子,0.0,0.0,,2.0,0.0,0.0,0.0,0.0,2.0,0.0,0.0,0.0,0.0,,0.0,放射性粒子,2024-06-01,2024-07-01,2024-07-02,t_ALL20250530.csv,1.0
26126,0,770080000,コバルト,0.0,0.0,,2.0,0.0,0.0,0.0,0.0,2.0,0.0,0.0,4.0,0.0,,0.0,コバルト,2024-06-01,2024-07-01,2024-07-02,t_ALL20250530.csv,1.0
26127,0,770090000,検査等で使用したガスの費用,37.0,1.0,Ｌ,2.0,0.0,0.0,0.0,0.0,2.0,0.0,0.0,0.0,0.0,,0.0,検査等で使用したガスの費用,2024-06-01,2024-07-01,2024-07-02,t_ALL20250530.csv,1.0
26128,0,770100000,現像料,2.0,1.0,回,2.0,0.0,0.0,0.0,0.0,2.0,0.0,0.0,0.0,0.0,,0.0,現像料,2024-06-01,2024-07-01,2024-07-02,t_ALL20250530.csv,1.0
26129,0,770110000,送料,2.0,1.0,回,2.0,0.0,0.0,0.0,0.0,2.0,0.0,0.0,0.0,0.0,,0.0,送料,2024-06-01,2024-07-01,2024-07-02,t_ALL20250530.csv,1.0
20524,9,770120000,動物使用検査で使用した動物の費用,0.0,0.0,,2.0,0.0,0.0,0.0,0.0,2.0,0.0,0.0,0.0,0.0,20220331,0.0,動物使用検査で使用した動物の費用,2022-04-01,2022-05-01,2022-05-02,t20220331.csv,1.0
4933,9,777770000,（その他の特定器材）,0.0,0.0,,2.0,0.0,0.0,0.0,0.0,2.0,0.0,0.0,0.0,0.0,20170331,0.0,（その他の特定器材）,2017-04-01,2017-05-01,2017-05-02,t20170330.csv,1.0
26130,0,799990070,フィルム料（乳幼児）加算,0.0,0.0,,5.0,10.0,1.0,0.0,6.0,5.0,10.0,0.0,0.0,0.0,,0.0,フィルム料（乳幼児）加算,2024-06-01,2024-07-01,2024-07-02,t_ALL20250530.csv,1.0
