,c0,c2,t1,t2,pointlab,point,ymd,tag,ind
0,0,700010000,2010-01-01,2012-05-02,1.0,137.0,2012-04-01,bdm,0
1198,0,700010000,2012-05-02,2014-05-02,1.0,137.0,2012-04-01,ws,1
3655,0,700010000,2014-05-02,2016-05-02,1.0,139.0,2014-04-01,ws,1
6253,0,700010000,2016-05-02,2018-05-02,1.0,122.0,2016-04-01,ws,1
8884,0,700010000,2018-05-02,2019-11-02,1.0,122.0,2018-04-01,ws,1
11394,0,700010000,2019-11-02,2020-05-02,1.0,124.0,2019-10-01,ws,1
14030,0,700010000,2020-05-02,2022-05-02,1.0,120.0,2020-04-01,ws,1
20696,0,700010000,2022-05-02,2024-07-02,1.0,120.0,2022-04-01,ws,1
24784,0,700010000,2024-07-02,2025-06-30,1.0,120.0,2024-06-01,ws,1
1,0,700020000,2010-01-01,2012-05-02,1.0,137.0,2012-04-01,bdm,0
1199,0,700020000,2012-05-02,2014-05-02,1.0,137.0,2012-04-01,ws,1
3656,0,700020000,2014-05-02,2016-05-02,1.0,139.0,2014-04-01,ws,1
6254,0,700020000,2016-05-02,2018-05-02,1.0,122.0,2016-04-01,ws,1
8885,0,700020000,2018-05-02,2019-11-02,1.0,122.0,2018-04-01,ws,1
11395,0,700020000,2019-11-02,2020-05-02,1.0,124.0,2019-10-01,ws,1
14031,0,700020000,2020-05-02,2022-05-02,1.0,120.0,2020-04-01,ws,1
20697,0,700020000,2022-05-02,2024-07-02,1.0,120.0,2022-04-01,ws,1
24785,0,700020000,2024-07-02,2025-06-30,1.0,120.0,2024-06-01,ws,1
2,0,700030000,2010-01-01,2012-05-02,1.0,114.0,2012-04-01,bdm,0
1200,0,700030000,2012-05-02,2014-05-02,1.0,114.0,2012-04-01,ws,1
3657,0,700030000,2014-05-02,2016-05-02,1.0,117.0,2014-04-01,ws,1
6255,0,700030000,2016-05-02,2018-05-02,1.0,116.0,2016-04-01,ws,1
8886,0,700030000,2018-05-02,2019-11-02,1.0,116.0,2018-04-01,ws,1
11396,0,700030000,2019-11-02,2020-05-02,1.0,118.0,2019-10-01,ws,1
14032,0,700030000,2020-05-02,2022-05-02,1.0,115.0,2020-04-01,ws,1
20698,0,700030000,2022-05-02,2024-07-02,1.0,115.0,2022-04-01,ws,1
24786,0,700030000,2024-07-02,2025-06-30,1.0,115.0,2024-06-01,ws,1
3,0,700040000,2010-01-01,2012-05-02,1.0,114.0,2012-04-01,bdm,0
1201,0,700040000,2012-05-02,2014-05-02,1.0,114.0,2012-04-01,ws,1
3658,0,700040000,2014-05-02,2016-05-02,1.0,117.0,2014-04-01,ws,1
6256,0,700040000,2016-05-02,2018-05-02,1.0,116.0,2016-04-01,ws,1
8887,0,700040000,2018-05-02,2019-11-02,1.0,116.0,2018-04-01,ws,1
11397,0,700040000,2019-11-02,2020-05-02,1.0,118.0,2019-10-01,ws,1
14033,0,700040000,2020-05-02,2022-05-02,1.0,115.0,2020-04-01,ws,1
20699,0,700040000,2022-05-02,2024-07-02,1.0,115.0,2022-04-01,ws,1
24787,0,700040000,2024-07-02,2025-06-30,1.0,115.0,2024-06-01,ws,1
4,5,700050000,2010-01-01,2012-05-02,1.0,83.0,2012-04-01,bdm,0
1202,0,700050000,2012-05-02,2014-05-02,1.0,83.0,2012-04-01,ws,1
3659,0,700050000,2014-05-02,2016-05-02,1.0,85.0,2014-04-01,ws,1
6257,0,700050000,2016-05-02,2018-05-02,1.0,81.0,2016-04-01,ws,1
8888,0,700050000,2018-05-02,2019-11-02,1.0,81.0,2018-04-01,ws,1
11398,0,700050000,2019-11-02,2020-05-02,1.0,83.0,2019-10-01,ws,1
14034,0,700050000,2020-05-02,2022-05-02,1.0,76.0,2020-04-01,ws,1
20700,0,700050000,2022-05-02,2024-07-02,1.0,76.0,2022-04-01,ws,1
24788,0,700050000,2024-07-02,2025-06-30,1.0,76.0,2024-06-01,ws,1
5,5,700060000,2010-01-01,2012-05-02,1.0,83.0,2012-04-01,bdm,0
1203,0,700060000,2012-05-02,2014-05-02,1.0,83.0,2012-04-01,ws,1
3660,0,700060000,2014-05-02,2016-05-02,1.0,85.0,2014-04-01,ws,1
6258,0,700060000,2016-05-02,2018-05-02,1.0,81.0,2016-04-01,ws,1
8889,0,700060000,2018-05-02,2019-11-02,1.0,81.0,2018-04-01,ws,1
11399,0,700060000,2019-11-02,2020-05-02,1.0,83.0,2019-10-01,ws,1
14035,0,700060000,2020-05-02,2022-05-02,1.0,76.0,2020-04-01,ws,1
20701,0,700060000,2022-05-02,2024-07-02,1.0,76.0,2022-04-01,ws,1
24789,0,700060000,2024-07-02,2025-06-30,1.0,76.0,2024-06-01,ws,1
6,5,700070000,2010-01-01,2012-05-02,1.0,83.0,2012-04-01,bdm,0
1204,0,700070000,2012-05-02,2014-05-02,1.0,83.0,2012-04-01,ws,1
3661,0,700070000,2014-05-02,2016-05-02,1.0,85.0,2014-04-01,ws,1
6259,0,700070000,2016-05-02,2018-05-02,1.0,81.0,2016-04-01,ws,1
8890,0,700070000,2018-05-02,2019-11-02,1.0,81.0,2018-04-01,ws,1
11400,0,700070000,2019-11-02,2020-05-02,1.0,83.0,2019-10-01,ws,1
14036,0,700070000,2020-05-02,2022-05-02,1.0,76.0,2020-04-01,ws,1
20702,0,700070000,2022-05-02,2024-07-02,1.0,76.0,2022-04-01,ws,1
24790,0,700070000,2024-07-02,2025-06-30,1.0,76.0,2024-06-01,ws,1
7,0,700080000,2010-01-01,2012-05-02,1.0,64.0,2012-04-01,bdm,0
1205,0,700080000,2012-05-02,2014-05-02,1.0,64.0,2012-04-01,ws,1
3662,0,700080000,2014-05-02,2016-05-02,1.0,65.0,2014-04-01,ws,1
6260,0,700080000,2016-05-02,2018-05-02,1.0,64.0,2016-04-01,ws,1
8891,0,700080000,2018-05-02,2019-11-02,1.0,63.0,2018-04-01,ws,1
11401,0,700080000,2019-11-02,2020-05-02,1.0,64.0,2019-10-01,ws,1
14037,0,700080000,2020-05-02,2022-05-02,1.0,62.0,2020-04-01,ws,1
20703,0,700080000,2022-05-02,2024-07-02,1.0,62.0,2022-04-01,ws,1
24791,0,700080000,2024-07-02,2025-06-30,1.0,62.0,2024-06-01,ws,1
8,0,700090000,2010-01-01,2012-05-02,1.0,64.0,2012-04-01,bdm,0
1206,0,700090000,2012-05-02,2014-05-02,1.0,64.0,2012-04-01,ws,1
3663,0,700090000,2014-05-02,2016-05-02,1.0,65.0,2014-04-01,ws,1
6261,0,700090000,2016-05-02,2018-05-02,1.0,64.0,2016-04-01,ws,1
8892,0,700090000,2018-05-02,2019-11-02,1.0,63.0,2018-04-01,ws,1
11402,0,700090000,2019-11-02,2020-05-02,1.0,64.0,2019-10-01,ws,1
14038,0,700090000,2020-05-02,2022-05-02,1.0,62.0,2020-04-01,ws,1
20704,0,700090000,2022-05-02,2024-07-02,1.0,62.0,2022-04-01,ws,1
24792,0,700090000,2024-07-02,2025-06-30,1.0,62.0,2024-06-01,ws,1
9,0,700100000,2010-01-01,2012-05-02,1.0,64.0,2012-04-01,bdm,0
1207,0,700100000,2012-05-02,2014-05-02,1.0,64.0,2012-04-01,ws,1
3664,0,700100000,2014-05-02,2016-05-02,1.0,65.0,2014-04-01,ws,1
6262,0,700100000,2016-05-02,2018-05-02,1.0,64.0,2016-04-01,ws,1
8893,0,700100000,2018-05-02,2019-11-02,1.0,63.0,2018-04-01,ws,1
11403,0,700100000,2019-11-02,2020-05-02,1.0,64.0,2019-10-01,ws,1
14039,0,700100000,2020-05-02,2022-05-02,1.0,62.0,2020-04-01,ws,1
20705,0,700100000,2022-05-02,2024-07-02,1.0,62.0,2022-04-01,ws,1
24793,0,700100000,2024-07-02,2025-06-30,1.0,62.0,2024-06-01,ws,1
10,0,700110000,2010-01-01,2012-05-02,1.0,52.0,2012-04-01,bdm,0
1208,0,700110000,2012-05-02,2014-05-02,1.0,52.0,2012-04-01,ws,1
3665,0,700110000,2014-05-02,2016-05-02,1.0,53.0,2014-04-01,ws,1
6263,0,700110000,2016-05-02,2018-05-02,1.0,51.0,2016-04-01,ws,1
8894,0,700110000,2018-05-02,2019-11-02,1.0,51.0,2018-04-01,ws,1
11404,0,700110000,2019-11-02,2020-05-02,1.0,52.0,2019-10-01,ws,1
14040,0,700110000,2020-05-02,2022-05-02,1.0,48.0,2020-04-01,ws,1
20706,0,700110000,2022-05-02,2024-07-02,1.0,48.0,2022-04-01,ws,1
24794,0,700110000,2024-07-02,2025-06-30,1.0,48.0,2024-06-01,ws,1
11,0,700120000,2010-01-01,2012-05-02,1.0,52.0,2012-04-01,bdm,0
1209,0,700120000,2012-05-02,2014-05-02,1.0,52.0,2012-04-01,ws,1
3666,0,700120000,2014-05-02,2016-05-02,1.0,53.0,2014-04-01,ws,1
6264,0,700120000,2016-05-02,2018-05-02,1.0,51.0,2016-04-01,ws,1
8895,0,700120000,2018-05-02,2019-11-02,1.0,51.0,2018-04-01,ws,1
11405,0,700120000,2019-11-02,2020-05-02,1.0,52.0,2019-10-01,ws,1
14041,0,700120000,2020-05-02,2022-05-02,1.0,48.0,2020-04-01,ws,1
20707,0,700120000,2022-05-02,2024-07-02,1.0,48.0,2022-04-01,ws,1
24795,0,700120000,2024-07-02,2025-06-30,1.0,48.0,2024-06-01,ws,1
12,0,700130000,2010-01-01,2012-05-02,1.0,52.0,2012-04-01,bdm,0
1210,0,700130000,2012-05-02,2014-05-02,1.0,52.0,2012-04-01,ws,1
3667,0,700130000,2014-05-02,2016-05-02,1.0,53.0,2014-04-01,ws,1
6265,0,700130000,2016-05-02,2018-05-02,1.0,51.0,2016-04-01,ws,1
8896,0,700130000,2018-05-02,2019-11-02,1.0,51.0,2018-04-01,ws,1
11406,0,700130000,2019-11-02,2020-05-02,1.0,52.0,2019-10-01,ws,1
14042,0,700130000,2020-05-02,2022-05-02,1.0,48.0,2020-04-01,ws,1
20708,0,700130000,2022-05-02,2024-07-02,1.0,48.0,2022-04-01,ws,1
24796,0,700130000,2024-07-02,2025-06-30,1.0,48.0,2024-06-01,ws,1
13,5,700140000,2010-01-01,2012-05-02,1.0,47.0,2012-04-01,bdm,0
1211,0,700140000,2012-05-02,2014-05-02,1.0,47.0,2012-04-01,ws,1
3668,0,700140000,2014-05-02,2016-05-02,1.0,48.0,2014-04-01,ws,1
6266,0,700140000,2016-05-02,2018-05-02,1.0,48.0,2016-04-01,ws,1
8897,0,700140000,2018-05-02,2019-11-02,1.0,48.0,2018-04-01,ws,1
11407,0,700140000,2019-11-02,2020-05-02,1.0,49.0,2019-10-01,ws,1
14043,0,700140000,2020-05-02,2022-05-02,1.0,46.0,2020-04-01,ws,1
20709,0,700140000,2022-05-02,2024-07-02,1.0,46.0,2022-04-01,ws,1
24797,0,700140000,2024-07-02,2025-06-30,1.0,46.0,2024-06-01,ws,1
14,5,700150000,2010-01-01,2012-05-02,1.0,47.0,2012-04-01,bdm,0
1212,0,700150000,2012-05-02,2014-05-02,1.0,47.0,2012-04-01,ws,1
3669,0,700150000,2014-05-02,2016-05-02,1.0,48.0,2014-04-01,ws,1
6267,0,700150000,2016-05-02,2018-05-02,1.0,48.0,2016-04-01,ws,1
8898,0,700150000,2018-05-02,2019-11-02,1.0,48.0,2018-04-01,ws,1
11408,0,700150000,2019-11-02,2020-05-02,1.0,49.0,2019-10-01,ws,1
14044,0,700150000,2020-05-02,2022-05-02,1.0,46.0,2020-04-01,ws,1
20710,0,700150000,2022-05-02,2024-07-02,1.0,46.0,2022-04-01,ws,1
24798,0,700150000,2024-07-02,2025-06-30,1.0,46.0,2024-06-01,ws,1
15,5,700160000,2010-01-01,2012-05-02,1.0,41.0,2012-04-01,bdm,0
1213,0,700160000,2012-05-02,2014-05-02,1.0,41.0,2012-04-01,ws,1
3670,0,700160000,2014-05-02,2016-05-02,1.0,42.0,2014-04-01,ws,1
6268,0,700160000,2016-05-02,2018-05-02,1.0,37.0,2016-04-01,ws,1
8899,0,700160000,2018-05-02,2019-11-02,1.0,37.0,2018-04-01,ws,1
11409,0,700160000,2019-11-02,2020-05-02,1.0,38.0,2019-10-01,ws,1
14045,0,700160000,2020-05-02,2022-05-02,1.0,38.0,2020-04-01,ws,1
20711,0,700160000,2022-05-02,2024-07-02,1.0,38.0,2022-04-01,ws,1
24799,0,700160000,2024-07-02,2025-06-30,1.0,38.0,2024-06-01,ws,1
16,0,700180000,2010-01-01,2012-05-02,1.0,28.0,2012-04-01,bdm,0
1214,0,700180000,2012-05-02,2014-05-02,1.0,28.0,2012-04-01,ws,1
3671,0,700180000,2014-05-02,2016-05-02,1.0,28.0,2014-04-01,ws,1
6269,0,700180000,2016-05-02,2018-05-02,1.0,28.0,2016-04-01,ws,1
8900,0,700180000,2018-05-02,2019-11-02,1.0,28.0,2018-04-01,ws,1
11410,0,700180000,2019-11-02,2020-05-02,1.0,29.0,2019-10-01,ws,1
14046,0,700180000,2020-05-02,2022-05-02,1.0,29.0,2020-04-01,ws,1
20712,0,700180000,2022-05-02,2024-07-02,1.0,29.0,2022-04-01,ws,1
24800,0,700180000,2024-07-02,2025-06-30,1.0,29.0,2024-06-01,ws,1
17,0,700190000,2010-01-01,2012-05-02,1.0,38.0,2012-04-01,bdm,0
1215,0,700190000,2012-05-02,2014-05-02,1.0,38.0,2012-04-01,ws,1
3672,0,700190000,2014-05-02,2016-05-02,1.0,39.0,2014-04-01,ws,1
6270,0,700190000,2016-05-02,2018-05-02,1.0,36.0,2016-04-01,ws,1
8901,0,700190000,2018-05-02,2019-11-02,1.0,36.0,2018-04-01,ws,1
11411,0,700190000,2019-11-02,2020-05-02,1.0,37.0,2019-10-01,ws,1
14047,0,700190000,2020-05-02,2022-05-02,1.0,27.0,2020-04-01,ws,1
20713,0,700190000,2022-05-02,2024-07-02,1.0,27.0,2022-04-01,ws,1
24801,0,700190000,2024-07-02,2025-06-30,1.0,27.0,2024-06-01,ws,1
18,0,700200000,2010-01-01,2012-05-02,1.0,38.0,2012-04-01,bdm,0
1216,0,700200000,2012-05-02,2014-05-02,1.0,38.0,2012-04-01,ws,1
3673,0,700200000,2014-05-02,2016-05-02,1.0,39.0,2014-04-01,ws,1
6271,0,700200000,2016-05-02,2018-05-02,1.0,39.0,2016-04-01,ws,1
8902,0,700200000,2018-05-02,2019-11-02,1.0,39.0,2018-04-01,ws,1
11412,0,700200000,2019-11-02,2020-05-02,1.0,40.0,2019-10-01,ws,1
14048,0,700200000,2020-05-02,2022-05-02,1.0,40.0,2020-04-01,ws,1
20714,0,700200000,2022-05-02,2024-07-02,1.0,40.0,2022-04-01,ws,1
24802,0,700200000,2024-07-02,2025-06-30,1.0,40.0,2024-06-01,ws,1
19,0,700210000,2010-01-01,2012-05-02,1.0,99.0,2012-04-01,bdm,0
1217,0,700210000,2012-05-02,2014-05-02,1.0,99.0,2012-04-01,ws,1
3674,0,700210000,2014-05-02,2016-05-02,1.0,101.0,2014-04-01,ws,1
6272,0,700210000,2016-05-02,2018-05-02,1.0,101.0,2016-04-01,ws,1
8903,0,700210000,2018-05-02,2019-11-02,1.0,101.0,2018-04-01,ws,1
11413,0,700210000,2019-11-02,2020-05-02,1.0,103.0,2019-10-01,ws,1
14049,0,700210000,2020-05-02,2022-05-02,1.0,103.0,2020-04-01,ws,1
20715,0,700210000,2022-05-02,2024-07-02,1.0,103.0,2022-04-01,ws,1
24803,0,700210000,2024-07-02,2025-06-30,1.0,103.0,2024-06-01,ws,1
20,0,700220000,2010-01-01,2012-05-02,1.0,115.0,2012-04-01,bdm,0
1218,0,700220000,2012-05-02,2014-05-02,1.0,115.0,2012-04-01,ws,1
3675,0,700220000,2014-05-02,2016-05-02,1.0,118.0,2014-04-01,ws,1
6273,0,700220000,2016-05-02,2018-05-02,1.0,118.0,2016-04-01,ws,1
8904,0,700220000,2018-05-02,2019-11-02,1.0,118.0,2018-04-01,ws,1
11414,0,700220000,2019-11-02,2020-05-02,1.0,120.0,2019-10-01,ws,1
14050,0,700220000,2020-05-02,2022-05-02,1.0,120.0,2020-04-01,ws,1
20716,0,700220000,2022-05-02,2024-07-02,1.0,120.0,2022-04-01,ws,1
24804,0,700220000,2024-07-02,2025-06-30,1.0,120.0,2024-06-01,ws,1
21,0,700230000,2010-01-01,2012-05-02,1.0,30.0,2012-04-01,bdm,0
1219,0,700230000,2012-05-02,2014-05-02,1.0,30.0,2012-04-01,ws,1
3676,0,700230000,2014-05-02,2016-05-02,1.0,30.0,2014-04-01,ws,1
6274,0,700230000,2016-05-02,2018-05-02,1.0,30.0,2016-04-01,ws,1
8905,0,700230000,2018-05-02,2019-11-02,1.0,30.0,2018-04-01,ws,1
11415,0,700230000,2019-11-02,2020-05-02,1.0,31.0,2019-10-01,ws,1
14051,0,700230000,2020-05-02,2022-05-02,1.0,31.0,2020-04-01,ws,1
20717,0,700230000,2022-05-02,2024-07-02,1.0,31.0,2022-04-01,ws,1
24805,0,700230000,2024-07-02,2025-06-30,1.0,31.0,2024-06-01,ws,1
22,5,700240000,2010-01-01,2012-05-02,1.0,29.0,2012-04-01,bdm,0
1220,0,700240000,2012-05-02,2014-05-02,1.0,29.0,2012-04-01,ws,1
3677,0,700240000,2014-05-02,2016-05-02,1.0,28.0,2014-04-01,ws,1
6275,0,700240000,2016-05-02,2018-05-02,1.0,28.0,2016-04-01,ws,1
8906,0,700240000,2018-05-02,2019-11-02,1.0,28.0,2018-04-01,ws,1
11416,0,700240000,2019-11-02,2020-05-02,1.0,29.0,2019-10-01,ws,1
14052,0,700240000,2020-05-02,2022-05-02,1.0,29.0,2020-04-01,ws,1
20718,0,700240000,2022-05-02,2024-07-02,1.0,29.0,2022-04-01,ws,1
24806,0,700240000,2024-07-02,2025-06-30,1.0,29.0,2024-06-01,ws,1
23,0,700250000,2010-01-01,2012-05-02,1.0,22.0,2012-04-01,bdm,0
1221,0,700250000,2012-05-02,2014-05-02,1.0,22.0,2012-04-01,ws,1
3678,0,700250000,2014-05-02,2016-05-02,1.0,22.0,2014-04-01,ws,1
6276,0,700250000,2016-05-02,2018-05-02,1.0,22.0,2016-04-01,ws,1
8907,0,700250000,2018-05-02,2019-11-02,1.0,22.0,2018-04-01,ws,1
11417,0,700250000,2019-11-02,2020-05-02,1.0,22.0,2019-10-01,ws,1
14053,0,700250000,2020-05-02,2022-05-02,1.0,22.0,2020-04-01,ws,1
20719,0,700250000,2022-05-02,2024-07-02,1.0,22.0,2022-04-01,ws,1
24807,0,700250000,2024-07-02,2025-06-30,1.0,22.0,2024-06-01,ws,1
24,0,700260000,2010-01-01,2012-05-02,1.0,15.0,2012-04-01,bdm,0
1222,0,700260000,2012-05-02,2014-05-02,1.0,15.0,2012-04-01,ws,1
3679,0,700260000,2014-05-02,2016-05-02,1.0,15.0,2014-04-01,ws,1
6277,0,700260000,2016-05-02,2018-05-02,1.0,15.0,2016-04-01,ws,1
8908,0,700260000,2018-05-02,2019-11-02,1.0,15.0,2018-04-01,ws,1
11418,0,700260000,2019-11-02,2020-05-02,1.0,15.0,2019-10-01,ws,1
14054,0,700260000,2020-05-02,2022-05-02,1.0,15.0,2020-04-01,ws,1
20720,0,700260000,2022-05-02,2024-07-02,1.0,15.0,2022-04-01,ws,1
24808,0,700260000,2024-07-02,2025-06-30,1.0,15.0,2024-06-01,ws,1
25,0,700270000,2010-01-01,2012-05-02,1.0,32.0,2012-04-01,bdm,0
1223,0,700270000,2012-05-02,2014-05-02,1.0,32.0,2012-04-01,ws,1
3680,0,700270000,2014-05-02,2016-05-02,1.0,32.0,2014-04-01,ws,1
6278,0,700270000,2016-05-02,2018-05-02,1.0,32.0,2016-04-01,ws,1
8909,0,700270000,2018-05-02,2019-11-02,1.0,32.0,2018-04-01,ws,1
11419,0,700270000,2019-11-02,2020-05-02,1.0,33.0,2019-10-01,ws,1
14055,0,700270000,2020-05-02,2022-05-02,1.0,33.0,2020-04-01,ws,1
20721,0,700270000,2022-05-02,2024-07-02,1.0,33.0,2022-04-01,ws,1
24809,0,700270000,2024-07-02,2025-06-30,1.0,33.0,2024-06-01,ws,1
26,0,700280000,2010-01-01,2012-05-02,1.0,22.0,2012-04-01,bdm,0
1224,0,700280000,2012-05-02,2014-05-02,1.0,22.0,2012-04-01,ws,1
3681,0,700280000,2014-05-02,2016-05-02,1.0,22.0,2014-04-01,ws,1
6279,0,700280000,2016-05-02,2018-05-02,1.0,22.0,2016-04-01,ws,1
8910,0,700280000,2018-05-02,2019-11-02,1.0,22.0,2018-04-01,ws,1
11420,0,700280000,2019-11-02,2020-05-02,1.0,22.0,2019-10-01,ws,1
14056,0,700280000,2020-05-02,2022-05-02,1.0,22.0,2020-04-01,ws,1
20722,0,700280000,2022-05-02,2024-07-02,1.0,22.0,2022-04-01,ws,1
24810,0,700280000,2024-07-02,2025-06-30,1.0,22.0,2024-06-01,ws,1
27,5,700290000,2010-01-01,2012-05-02,1.0,130.0,2012-04-01,bdm,0
1225,0,700290000,2012-05-02,2014-05-02,1.0,130.0,2012-04-01,ws,1
3682,0,700290000,2014-05-02,2016-05-02,1.0,133.0,2014-04-01,ws,1
6280,0,700290000,2016-05-02,2018-05-02,1.0,133.0,2016-04-01,ws,1
8911,0,700290000,2018-05-02,2019-11-02,1.0,133.0,2018-04-01,ws,1
11421,0,700290000,2019-11-02,2020-05-02,1.0,135.0,2019-10-01,ws,1
14057,0,700290000,2020-05-02,2022-05-02,1.0,135.0,2020-04-01,ws,1
20723,0,700290000,2022-05-02,2024-07-02,1.0,135.0,2022-04-01,ws,1
24811,0,700290000,2024-07-02,2025-06-30,1.0,135.0,2024-06-01,ws,1
28,5,700300000,2010-01-01,2012-05-02,1.0,130.0,2012-04-01,bdm,0
1226,0,700300000,2012-05-02,2014-05-02,1.0,130.0,2012-04-01,ws,1
3683,0,700300000,2014-05-02,2016-05-02,1.0,133.0,2014-04-01,ws,1
6281,0,700300000,2016-05-02,2018-05-02,1.0,133.0,2016-04-01,ws,1
8912,0,700300000,2018-05-02,2019-11-02,1.0,133.0,2018-04-01,ws,1
11422,0,700300000,2019-11-02,2020-05-02,1.0,135.0,2019-10-01,ws,1
14058,0,700300000,2020-05-02,2022-05-02,1.0,135.0,2020-04-01,ws,1
20724,0,700300000,2022-05-02,2024-07-02,1.0,135.0,2022-04-01,ws,1
24812,0,700300000,2024-07-02,2025-06-30,1.0,135.0,2024-06-01,ws,1
29,0,700310000,2010-01-01,2012-05-02,1.0,130.0,2012-04-01,bdm,0
1227,0,700310000,2012-05-02,2014-05-02,1.0,130.0,2012-04-01,ws,1
3684,0,700310000,2014-05-02,2016-05-02,1.0,133.0,2014-04-01,ws,1
6282,0,700310000,2016-05-02,2018-05-02,1.0,133.0,2016-04-01,ws,1
8913,0,700310000,2018-05-02,2019-11-02,1.0,133.0,2018-04-01,ws,1
11423,0,700310000,2019-11-02,2020-05-02,1.0,135.0,2019-10-01,ws,1
14059,0,700310000,2020-05-02,2022-05-02,1.0,135.0,2020-04-01,ws,1
20725,0,700310000,2022-05-02,2024-07-02,1.0,135.0,2022-04-01,ws,1
24813,0,700310000,2024-07-02,2025-06-30,1.0,135.0,2024-06-01,ws,1
30,0,700320000,2010-01-01,2012-05-02,1.0,130.0,2012-04-01,bdm,0
1228,0,700320000,2012-05-02,2014-05-02,1.0,130.0,2012-04-01,ws,1
3685,0,700320000,2014-05-02,2016-05-02,1.0,133.0,2014-04-01,ws,1
6283,0,700320000,2016-05-02,2018-05-02,1.0,133.0,2016-04-01,ws,1
8914,0,700320000,2018-05-02,2019-11-02,1.0,133.0,2018-04-01,ws,1
11424,0,700320000,2019-11-02,2020-05-02,1.0,135.0,2019-10-01,ws,1
14060,0,700320000,2020-05-02,2022-05-02,1.0,135.0,2020-04-01,ws,1
20726,0,700320000,2022-05-02,2024-07-02,1.0,135.0,2022-04-01,ws,1
24814,0,700320000,2024-07-02,2025-06-30,1.0,135.0,2024-06-01,ws,1
31,0,700330000,2010-01-01,2012-05-02,1.0,120.0,2012-04-01,bdm,0
1229,0,700330000,2012-05-02,2014-05-02,1.0,120.0,2012-04-01,ws,1
3686,0,700330000,2014-05-02,2016-05-02,1.0,123.0,2014-04-01,ws,1
6284,0,700330000,2016-05-02,2018-05-02,1.0,123.0,2016-04-01,ws,1
8915,0,700330000,2018-05-02,2019-11-02,1.0,123.0,2018-04-01,ws,1
11425,0,700330000,2019-11-02,2020-05-02,1.0,125.0,2019-10-01,ws,1
14061,0,700330000,2020-05-02,2022-05-02,1.0,125.0,2020-04-01,ws,1
20727,0,700330000,2022-05-02,2024-07-02,1.0,125.0,2022-04-01,ws,1
24815,0,700330000,2024-07-02,2025-06-30,1.0,121.0,2024-06-01,ws,1
32,0,700340000,2010-01-01,2012-05-02,1.0,120.0,2012-04-01,bdm,0
1230,0,700340000,2012-05-02,2014-05-02,1.0,120.0,2012-04-01,ws,1
3687,0,700340000,2014-05-02,2016-05-02,1.0,123.0,2014-04-01,ws,1
6285,0,700340000,2016-05-02,2018-05-02,1.0,123.0,2016-04-01,ws,1
8916,0,700340000,2018-05-02,2019-11-02,1.0,123.0,2018-04-01,ws,1
11426,0,700340000,2019-11-02,2020-05-02,1.0,125.0,2019-10-01,ws,1
14062,0,700340000,2020-05-02,2022-05-02,1.0,125.0,2020-04-01,ws,1
20728,0,700340000,2022-05-02,2024-07-02,1.0,125.0,2022-04-01,ws,1
24816,0,700340000,2024-07-02,2025-06-30,1.0,121.0,2024-06-01,ws,1
33,0,700350000,2010-01-01,2012-05-02,1.0,120.0,2012-04-01,bdm,0
1231,0,700350000,2012-05-02,2014-05-02,1.0,120.0,2012-04-01,ws,1
3688,0,700350000,2014-05-02,2016-05-02,1.0,123.0,2014-04-01,ws,1
6286,0,700350000,2016-05-02,2018-05-02,1.0,123.0,2016-04-01,ws,1
8917,0,700350000,2018-05-02,2019-11-02,1.0,123.0,2018-04-01,ws,1
11427,0,700350000,2019-11-02,2020-05-02,1.0,125.0,2019-10-01,ws,1
14063,0,700350000,2020-05-02,2022-05-02,1.0,125.0,2020-04-01,ws,1
20729,0,700350000,2022-05-02,2024-07-02,1.0,125.0,2022-04-01,ws,1
24817,0,700350000,2024-07-02,2025-06-30,1.0,121.0,2024-06-01,ws,1
34,0,700590000,2010-01-01,2012-05-02,2.0,0.0,2012-04-01,bdm,0
1232,0,700590000,2012-05-02,2014-05-02,2.0,0.0,2012-04-01,ws,1
3689,0,700590000,2014-05-02,2016-05-02,2.0,0.0,2014-04-01,ws,1
6287,0,700590000,2016-05-02,2018-05-02,2.0,0.0,2016-04-01,ws,1
8918,0,700590000,2018-05-02,2019-11-02,2.0,0.0,2018-04-01,ws,1
11428,0,700590000,2019-11-02,2020-05-02,2.0,0.0,2019-10-01,ws,1
14064,0,700590000,2020-05-02,2022-05-02,2.0,0.0,2020-04-01,ws,1
20730,0,700590000,2022-05-02,2024-07-02,2.0,0.0,2022-04-01,ws,1
24818,0,700590000,2024-07-02,2025-06-30,2.0,0.0,2024-06-01,ws,1
35,0,700600000,2010-01-01,2012-05-02,2.0,0.0,2012-04-01,bdm,0
1233,0,700600000,2012-05-02,2014-05-02,2.0,0.0,2012-04-01,ws,1
2540,0,700600000,2014-05-02,2016-01-02,2.0,0.0,2014-04-01,ws,1
3690,0,700600000,2016-01-02,2016-05-02,2.0,0.0,2015-12-01,ws,1
6288,0,700600000,2016-05-02,2018-05-02,2.0,0.0,2016-04-01,ws,1
8919,0,700600000,2018-05-02,2019-11-02,2.0,0.0,2018-04-01,ws,1
11429,0,700600000,2019-11-02,2020-05-02,2.0,0.0,2019-10-01,ws,1
14065,0,700600000,2020-05-02,2022-05-02,2.0,0.0,2020-04-01,ws,1
20731,0,700600000,2022-05-02,2024-07-02,2.0,0.0,2022-04-01,ws,1
24819,0,700600000,2024-07-02,2025-06-30,2.0,0.0,2024-06-01,ws,1
36,0,700630000,2010-01-01,2012-05-02,1.0,83.0,2012-04-01,bdm,0
1234,0,700630000,2012-05-02,2014-05-02,1.0,83.0,2012-04-01,ws,1
3691,0,700630000,2014-05-02,2016-05-02,1.0,85.0,2014-04-01,ws,1
6289,0,700630000,2016-05-02,2018-05-02,1.0,85.0,2016-04-01,ws,1
8920,0,700630000,2018-05-02,2019-11-02,1.0,85.0,2018-04-01,ws,1
11430,0,700630000,2019-11-02,2020-05-02,1.0,87.0,2019-10-01,ws,1
14066,0,700630000,2020-05-02,2022-05-02,1.0,87.0,2020-04-01,ws,1
20732,0,700630000,2022-05-02,2024-07-02,1.0,87.0,2022-04-01,ws,1
24820,0,700630000,2024-07-02,2025-06-30,1.0,87.0,2024-06-01,ws,1
37,0,700640000,2010-01-01,2012-05-02,1.0,66.0,2012-04-01,bdm,0
1235,0,700640000,2012-05-02,2014-05-02,1.0,66.0,2012-04-01,ws,1
3692,0,700640000,2014-05-02,2016-05-02,1.0,67.0,2014-04-01,ws,1
6290,0,700640000,2016-05-02,2018-05-02,1.0,67.0,2016-04-01,ws,1
8921,0,700640000,2018-05-02,2019-11-02,1.0,67.0,2018-04-01,ws,1
11431,0,700640000,2019-11-02,2020-05-02,1.0,68.0,2019-10-01,ws,1
14067,0,700640000,2020-05-02,2022-05-02,1.0,68.0,2020-04-01,ws,1
20733,0,700640000,2022-05-02,2024-07-02,1.0,68.0,2022-04-01,ws,1
24821,0,700640000,2024-07-02,2025-06-30,1.0,68.0,2024-06-01,ws,1
38,0,700650000,2010-01-01,2012-05-02,1.0,44.0,2012-04-01,bdm,0
1236,0,700650000,2012-05-02,2014-05-02,1.0,44.0,2012-04-01,ws,1
3693,0,700650000,2014-05-02,2016-05-02,1.0,45.0,2014-04-01,ws,1
6291,0,700650000,2016-05-02,2018-05-02,1.0,45.0,2016-04-01,ws,1
8922,0,700650000,2018-05-02,2019-11-02,1.0,45.0,2018-04-01,ws,1
11432,0,700650000,2019-11-02,2020-05-02,1.0,46.0,2019-10-01,ws,1
14068,0,700650000,2020-05-02,2022-05-02,1.0,46.0,2020-04-01,ws,1
20734,0,700650000,2022-05-02,2024-07-02,1.0,46.0,2022-04-01,ws,1
24822,0,700650000,2024-07-02,2025-06-30,1.0,46.0,2024-06-01,ws,1
39,0,700680000,2010-01-01,2012-05-02,1.0,23.0,2012-04-01,bdm,0
1237,0,700680000,2012-05-02,2014-05-02,1.0,23.0,2012-04-01,ws,1
3694,0,700680000,2014-05-02,2016-05-02,1.0,23.0,2014-04-01,ws,1
6292,0,700680000,2016-05-02,2018-05-02,1.0,23.0,2016-04-01,ws,1
8923,0,700680000,2018-05-02,2019-11-02,1.0,23.0,2018-04-01,ws,1
11433,0,700680000,2019-11-02,2020-05-02,1.0,23.0,2019-10-01,ws,1
14069,0,700680000,2020-05-02,2022-05-02,1.0,23.0,2020-04-01,ws,1
20735,0,700680000,2022-05-02,2024-07-02,1.0,23.0,2022-04-01,ws,1
24823,0,700680000,2024-07-02,2025-06-30,1.0,23.0,2024-06-01,ws,1
40,5,700710000,2010-01-01,2012-05-02,1.0,258.0,2012-04-01,bdm,0
1238,0,700710000,2012-05-02,2014-05-02,1.0,258.0,2012-04-01,ws,1
3695,0,700710000,2014-05-02,2016-05-02,1.0,247.0,2014-04-01,ws,1
6293,0,700710000,2016-05-02,2018-05-02,1.0,243.0,2016-04-01,ws,1
8924,0,700710000,2018-05-02,2019-11-02,1.0,222.0,2018-04-01,ws,1
11434,0,700710000,2019-11-02,2020-05-02,1.0,226.0,2019-10-01,ws,1
14070,0,700710000,2020-05-02,2022-05-02,1.0,226.0,2020-04-01,ws,1
20736,0,700710000,2022-05-02,2024-07-02,1.0,226.0,2022-04-01,ws,1
24824,0,700710000,2024-07-02,2025-06-30,1.0,226.0,2024-06-01,ws,1
41,5,700720000,2010-01-01,2012-05-02,1.0,258.0,2012-04-01,bdm,0
1239,0,700720000,2012-05-02,2014-05-02,1.0,258.0,2012-04-01,ws,1
3696,0,700720000,2014-05-02,2016-05-02,1.0,247.0,2014-04-01,ws,1
6294,0,700720000,2016-05-02,2018-05-02,1.0,243.0,2016-04-01,ws,1
8925,0,700720000,2018-05-02,2019-11-02,1.0,222.0,2018-04-01,ws,1
11435,0,700720000,2019-11-02,2020-05-02,1.0,226.0,2019-10-01,ws,1
14071,0,700720000,2020-05-02,2022-05-02,1.0,226.0,2020-04-01,ws,1
20737,0,700720000,2022-05-02,2024-07-02,1.0,226.0,2022-04-01,ws,1
24825,0,700720000,2024-07-02,2025-06-30,1.0,226.0,2024-06-01,ws,1
42,5,700730000,2010-01-01,2012-05-02,1.0,213.0,2012-04-01,bdm,0
1240,0,700730000,2012-05-02,2014-05-02,1.0,213.0,2012-04-01,ws,1
3697,0,700730000,2014-05-02,2016-05-02,1.0,214.0,2014-04-01,ws,1
6295,0,700730000,2016-05-02,2018-05-02,1.0,211.0,2016-04-01,ws,1
8926,0,700730000,2018-05-02,2019-11-02,1.0,185.0,2018-04-01,ws,1
11436,0,700730000,2019-11-02,2020-05-02,1.0,188.0,2019-10-01,ws,1
14072,0,700730000,2020-05-02,2022-05-02,1.0,188.0,2020-04-01,ws,1
20738,0,700730000,2022-05-02,2024-07-02,1.0,188.0,2022-04-01,ws,1
24826,0,700730000,2024-07-02,2025-06-30,1.0,188.0,2024-06-01,ws,1
43,5,700740000,2010-01-01,2012-05-02,1.0,213.0,2012-04-01,bdm,0
1241,0,700740000,2012-05-02,2014-05-02,1.0,213.0,2012-04-01,ws,1
3698,0,700740000,2014-05-02,2016-05-02,1.0,214.0,2014-04-01,ws,1
6296,0,700740000,2016-05-02,2018-05-02,1.0,211.0,2016-04-01,ws,1
8927,0,700740000,2018-05-02,2019-11-02,1.0,185.0,2018-04-01,ws,1
11437,0,700740000,2019-11-02,2020-05-02,1.0,188.0,2019-10-01,ws,1
14073,0,700740000,2020-05-02,2022-05-02,1.0,188.0,2020-04-01,ws,1
20739,0,700740000,2022-05-02,2024-07-02,1.0,188.0,2022-04-01,ws,1
24827,0,700740000,2024-07-02,2025-06-30,1.0,188.0,2024-06-01,ws,1
44,5,700750000,2010-01-01,2012-05-02,1.0,190.0,2012-04-01,bdm,0
1242,0,700750000,2012-05-02,2014-05-02,1.0,190.0,2012-04-01,ws,1
3699,0,700750000,2014-05-02,2016-05-02,1.0,184.0,2014-04-01,ws,1
6297,0,700750000,2016-05-02,2018-05-02,1.0,184.0,2016-04-01,ws,1
8928,0,700750000,2018-05-02,2019-11-02,1.0,184.0,2018-04-01,ws,1
11438,0,700750000,2019-11-02,2020-05-02,1.0,187.0,2019-10-01,ws,1
14074,0,700750000,2020-05-02,2022-05-02,1.0,187.0,2020-04-01,ws,1
20740,0,700750000,2022-05-02,2024-07-02,1.0,187.0,2022-04-01,ws,1
24828,0,700750000,2024-07-02,2025-06-30,1.0,186.0,2024-06-01,ws,1
45,5,700760000,2010-01-01,2012-05-02,1.0,190.0,2012-04-01,bdm,0
1243,0,700760000,2012-05-02,2014-05-02,1.0,190.0,2012-04-01,ws,1
3700,0,700760000,2014-05-02,2016-05-02,1.0,184.0,2014-04-01,ws,1
6298,0,700760000,2016-05-02,2018-05-02,1.0,184.0,2016-04-01,ws,1
8929,0,700760000,2018-05-02,2019-11-02,1.0,184.0,2018-04-01,ws,1
11439,0,700760000,2019-11-02,2020-05-02,1.0,187.0,2019-10-01,ws,1
14075,0,700760000,2020-05-02,2022-05-02,1.0,187.0,2020-04-01,ws,1
20741,0,700760000,2022-05-02,2024-07-02,1.0,187.0,2022-04-01,ws,1
24829,0,700760000,2024-07-02,2025-06-30,1.0,186.0,2024-06-01,ws,1
46,5,700770000,2010-01-01,2012-05-02,1.0,190.0,2012-04-01,bdm,0
1244,0,700770000,2012-05-02,2014-05-02,1.0,190.0,2012-04-01,ws,1
3701,0,700770000,2014-05-02,2016-05-02,1.0,184.0,2014-04-01,ws,1
6299,0,700770000,2016-05-02,2018-05-02,1.0,184.0,2016-04-01,ws,1
8930,0,700770000,2018-05-02,2019-11-02,1.0,184.0,2018-04-01,ws,1
11440,0,700770000,2019-11-02,2020-05-02,1.0,187.0,2019-10-01,ws,1
14076,0,700770000,2020-05-02,2022-05-02,1.0,187.0,2020-04-01,ws,1
20742,0,700770000,2022-05-02,2024-07-02,1.0,187.0,2022-04-01,ws,1
24830,0,700770000,2024-07-02,2025-06-30,1.0,186.0,2024-06-01,ws,1
47,5,700780000,2010-01-01,2012-05-02,1.0,158.0,2012-04-01,bdm,0
1245,0,700780000,2012-05-02,2014-05-02,1.0,158.0,2012-04-01,ws,1
3702,0,700780000,2014-05-02,2016-05-02,1.0,159.0,2014-04-01,ws,1
6300,0,700780000,2016-05-02,2018-05-02,1.0,154.0,2016-04-01,ws,1
8931,0,700780000,2018-05-02,2019-11-02,1.0,151.0,2018-04-01,ws,1
11441,0,700780000,2019-11-02,2020-05-02,1.0,150.0,2019-10-01,ws,1
14077,0,700780000,2020-05-02,2022-05-02,1.0,150.0,2020-04-01,ws,1
20743,0,700780000,2022-05-02,2024-07-02,1.0,150.0,2022-04-01,ws,1
24831,0,700780000,2024-07-02,2025-06-30,1.0,149.0,2024-06-01,ws,1
48,5,700790000,2010-01-01,2012-05-02,1.0,158.0,2012-04-01,bdm,0
1246,0,700790000,2012-05-02,2014-05-02,1.0,158.0,2012-04-01,ws,1
3703,0,700790000,2014-05-02,2016-05-02,1.0,159.0,2014-04-01,ws,1
6301,0,700790000,2016-05-02,2018-05-02,1.0,154.0,2016-04-01,ws,1
8932,0,700790000,2018-05-02,2019-11-02,1.0,151.0,2018-04-01,ws,1
11442,0,700790000,2019-11-02,2020-05-02,1.0,150.0,2019-10-01,ws,1
14078,0,700790000,2020-05-02,2022-05-02,1.0,150.0,2020-04-01,ws,1
20744,0,700790000,2022-05-02,2024-07-02,1.0,150.0,2022-04-01,ws,1
24832,0,700790000,2024-07-02,2025-06-30,1.0,149.0,2024-06-01,ws,1
49,5,700800000,2010-01-01,2012-05-02,1.0,158.0,2012-04-01,bdm,0
1247,0,700800000,2012-05-02,2014-05-02,1.0,158.0,2012-04-01,ws,1
3704,0,700800000,2014-05-02,2016-05-02,1.0,159.0,2014-04-01,ws,1
6302,0,700800000,2016-05-02,2018-05-02,1.0,154.0,2016-04-01,ws,1
8933,0,700800000,2018-05-02,2019-11-02,1.0,151.0,2018-04-01,ws,1
11443,0,700800000,2019-11-02,2020-05-02,1.0,150.0,2019-10-01,ws,1
14079,0,700800000,2020-05-02,2022-05-02,1.0,150.0,2020-04-01,ws,1
20745,0,700800000,2022-05-02,2024-07-02,1.0,150.0,2022-04-01,ws,1
24833,0,700800000,2024-07-02,2025-06-30,1.0,149.0,2024-06-01,ws,1
50,0,700810000,2010-01-01,2012-05-02,1.0,145.0,2012-04-01,bdm,0
1248,0,700810000,2012-05-02,2014-05-02,1.0,145.0,2012-04-01,ws,1
3705,0,700810000,2014-05-02,2016-05-02,1.0,149.0,2014-04-01,ws,1
6303,0,700810000,2016-05-02,2018-05-02,1.0,133.0,2016-04-01,ws,1
8934,0,700810000,2018-05-02,2019-11-02,1.0,133.0,2018-04-01,ws,1
11444,0,700810000,2019-11-02,2020-05-02,1.0,135.0,2019-10-01,ws,1
14080,0,700810000,2020-05-02,2022-05-02,1.0,135.0,2020-04-01,ws,1
20746,0,700810000,2022-05-02,2024-07-02,1.0,135.0,2022-04-01,ws,1
24834,0,700810000,2024-07-02,2025-06-30,1.0,135.0,2024-06-01,ws,1
51,0,700820000,2010-01-01,2012-05-02,1.0,145.0,2012-04-01,bdm,0
1249,0,700820000,2012-05-02,2014-05-02,1.0,145.0,2012-04-01,ws,1
3706,0,700820000,2014-05-02,2016-05-02,1.0,149.0,2014-04-01,ws,1
6304,0,700820000,2016-05-02,2018-05-02,1.0,133.0,2016-04-01,ws,1
8935,0,700820000,2018-05-02,2019-11-02,1.0,133.0,2018-04-01,ws,1
11445,0,700820000,2019-11-02,2020-05-02,1.0,135.0,2019-10-01,ws,1
14081,0,700820000,2020-05-02,2022-05-02,1.0,135.0,2020-04-01,ws,1
20747,0,700820000,2022-05-02,2024-07-02,1.0,135.0,2022-04-01,ws,1
24835,0,700820000,2024-07-02,2025-06-30,1.0,135.0,2024-06-01,ws,1
52,0,700830000,2010-01-01,2012-05-02,1.0,145.0,2012-04-01,bdm,0
1250,0,700830000,2012-05-02,2014-05-02,1.0,145.0,2012-04-01,ws,1
3707,0,700830000,2014-05-02,2016-05-02,1.0,149.0,2014-04-01,ws,1
6305,0,700830000,2016-05-02,2018-05-02,1.0,133.0,2016-04-01,ws,1
8936,0,700830000,2018-05-02,2019-11-02,1.0,133.0,2018-04-01,ws,1
11446,0,700830000,2019-11-02,2020-05-02,1.0,135.0,2019-10-01,ws,1
14082,0,700830000,2020-05-02,2022-05-02,1.0,135.0,2020-04-01,ws,1
20748,0,700830000,2022-05-02,2024-07-02,1.0,135.0,2022-04-01,ws,1
24836,0,700830000,2024-07-02,2025-06-30,1.0,135.0,2024-06-01,ws,1
53,5,700840000,2010-01-01,2012-05-02,1.0,132.0,2012-04-01,bdm,0
1251,0,700840000,2012-05-02,2014-05-02,1.0,132.0,2012-04-01,ws,1
3708,0,700840000,2014-05-02,2016-05-02,1.0,132.0,2014-04-01,ws,1
6306,0,700840000,2016-05-02,2018-05-02,1.0,118.0,2016-04-01,ws,1
8937,0,700840000,2018-05-02,2019-11-02,1.0,118.0,2018-04-01,ws,1
11447,0,700840000,2019-11-02,2020-05-02,1.0,120.0,2019-10-01,ws,1
14083,0,700840000,2020-05-02,2022-05-02,1.0,119.0,2020-04-01,ws,1
20749,0,700840000,2022-05-02,2024-07-02,1.0,119.0,2022-04-01,ws,1
24837,0,700840000,2024-07-02,2025-06-30,1.0,115.0,2024-06-01,ws,1
54,5,700850000,2010-01-01,2012-05-02,1.0,132.0,2012-04-01,bdm,0
1252,0,700850000,2012-05-02,2014-05-02,1.0,132.0,2012-04-01,ws,1
3709,0,700850000,2014-05-02,2016-05-02,1.0,132.0,2014-04-01,ws,1
6307,0,700850000,2016-05-02,2018-05-02,1.0,118.0,2016-04-01,ws,1
8938,0,700850000,2018-05-02,2019-11-02,1.0,118.0,2018-04-01,ws,1
11448,0,700850000,2019-11-02,2020-05-02,1.0,120.0,2019-10-01,ws,1
14084,0,700850000,2020-05-02,2022-05-02,1.0,119.0,2020-04-01,ws,1
20750,0,700850000,2022-05-02,2024-07-02,1.0,119.0,2022-04-01,ws,1
24838,0,700850000,2024-07-02,2025-06-30,1.0,115.0,2024-06-01,ws,1
55,5,700860000,2010-01-01,2012-05-02,1.0,132.0,2012-04-01,bdm,0
1253,0,700860000,2012-05-02,2014-05-02,1.0,132.0,2012-04-01,ws,1
3710,0,700860000,2014-05-02,2016-05-02,1.0,132.0,2014-04-01,ws,1
6308,0,700860000,2016-05-02,2018-05-02,1.0,118.0,2016-04-01,ws,1
8939,0,700860000,2018-05-02,2019-11-02,1.0,118.0,2018-04-01,ws,1
11449,0,700860000,2019-11-02,2020-05-02,1.0,120.0,2019-10-01,ws,1
14085,0,700860000,2020-05-02,2022-05-02,1.0,119.0,2020-04-01,ws,1
20751,0,700860000,2022-05-02,2024-07-02,1.0,119.0,2022-04-01,ws,1
24839,0,700860000,2024-07-02,2025-06-30,1.0,115.0,2024-06-01,ws,1
56,0,700870000,2010-01-01,2012-05-02,1.0,139.0,2012-04-01,bdm,0
1254,0,700870000,2012-05-02,2014-05-02,1.0,139.0,2012-04-01,ws,1
3711,0,700870000,2014-05-02,2016-05-02,1.0,142.0,2014-04-01,ws,1
6309,0,700870000,2016-05-02,2018-05-02,1.0,142.0,2016-04-01,ws,1
8940,0,700870000,2018-05-02,2019-11-02,1.0,142.0,2018-04-01,ws,1
11450,0,700870000,2019-11-02,2020-05-02,1.0,145.0,2019-10-01,ws,1
14086,0,700870000,2020-05-02,2022-05-02,1.0,145.0,2020-04-01,ws,1
20752,0,700870000,2022-05-02,2024-07-02,1.0,145.0,2022-04-01,ws,1
24840,0,700870000,2024-07-02,2025-06-30,1.0,145.0,2024-06-01,ws,1
57,0,700880000,2010-01-01,2012-05-02,1.0,139.0,2012-04-01,bdm,0
1255,0,700880000,2012-05-02,2014-05-02,1.0,139.0,2012-04-01,ws,1
3712,0,700880000,2014-05-02,2016-05-02,1.0,142.0,2014-04-01,ws,1
6310,0,700880000,2016-05-02,2018-05-02,1.0,142.0,2016-04-01,ws,1
8941,0,700880000,2018-05-02,2019-11-02,1.0,142.0,2018-04-01,ws,1
11451,0,700880000,2019-11-02,2020-05-02,1.0,145.0,2019-10-01,ws,1
14087,0,700880000,2020-05-02,2022-05-02,1.0,145.0,2020-04-01,ws,1
20753,0,700880000,2022-05-02,2024-07-02,1.0,145.0,2022-04-01,ws,1
24841,0,700880000,2024-07-02,2025-06-30,1.0,145.0,2024-06-01,ws,1
58,0,700890000,2010-01-01,2012-05-02,1.0,139.0,2012-04-01,bdm,0
1256,0,700890000,2012-05-02,2014-05-02,1.0,139.0,2012-04-01,ws,1
3713,0,700890000,2014-05-02,2016-05-02,1.0,142.0,2014-04-01,ws,1
6311,0,700890000,2016-05-02,2018-05-02,1.0,142.0,2016-04-01,ws,1
8942,0,700890000,2018-05-02,2019-11-02,1.0,142.0,2018-04-01,ws,1
11452,0,700890000,2019-11-02,2020-05-02,1.0,145.0,2019-10-01,ws,1
14088,0,700890000,2020-05-02,2022-05-02,1.0,145.0,2020-04-01,ws,1
20754,0,700890000,2022-05-02,2024-07-02,1.0,145.0,2022-04-01,ws,1
24842,0,700890000,2024-07-02,2025-06-30,1.0,145.0,2024-06-01,ws,1
59,5,705040000,2010-01-01,2012-05-02,1.0,2900.0,2012-04-01,bdm,0
59,5,705040000,2012-05-02,2013-02-02,1.0,2900.0,2012-04-01,ws,1
1042,5,705040000,2013-02-02,2013-05-02,,2790.0,2013-01-01,ws,1
1257,0,705040000,2013-05-02,2014-05-02,1.0,2680.0,2013-04-01,ws,1
3714,0,705040000,2014-05-02,2016-05-02,1.0,2520.0,2014-04-01,ws,1
6312,0,705040000,2016-05-02,2018-05-02,1.0,2440.0,2016-04-01,ws,1
8943,0,705040000,2018-05-02,2019-11-02,1.0,2440.0,2018-04-01,ws,1
11453,0,705040000,2019-11-02,2020-05-02,1.0,2490.0,2019-10-01,ws,1
14089,0,705040000,2020-05-02,2022-05-02,1.0,2490.0,2020-04-01,ws,1
20755,0,705040000,2022-05-02,2024-07-02,1.0,2490.0,2022-04-01,ws,1
24843,0,705040000,2024-07-02,2025-06-30,1.0,2490.0,2024-06-01,ws,1
60,5,710010001,2010-01-01,2012-05-02,1.0,16900.0,2012-04-01,bdm,0
1258,0,710010001,2012-05-02,2014-05-02,1.0,16900.0,2012-04-01,ws,1
3715,0,710010001,2014-05-02,2016-05-02,1.0,16600.0,2014-04-01,ws,1
6313,0,710010001,2016-05-02,2018-05-02,1.0,15900.0,2016-04-01,ws,1
8944,0,710010001,2018-05-02,2019-11-02,1.0,15000.0,2018-04-01,ws,1
11454,0,710010001,2019-11-02,2020-05-02,1.0,14600.0,2019-10-01,ws,1
14090,0,710010001,2020-05-02,2022-05-02,1.0,14400.0,2020-04-01,ws,1
20756,0,710010001,2022-05-02,2024-07-02,1.0,13900.0,2022-04-01,ws,1
24844,0,710010001,2024-07-02,2025-06-30,1.0,13600.0,2024-06-01,ws,1
61,5,710010002,2010-01-01,2012-05-02,1.0,87.0,2012-04-01,bdm,0
1259,0,710010002,2012-05-02,2014-05-02,1.0,87.0,2012-04-01,ws,1
3716,0,710010002,2014-05-02,2016-05-02,1.0,89.0,2014-04-01,ws,1
6314,0,710010002,2016-05-02,2018-05-02,1.0,89.0,2016-04-01,ws,1
8945,0,710010002,2018-05-02,2019-11-02,1.0,89.0,2018-04-01,ws,1
11455,0,710010002,2019-11-02,2020-05-02,1.0,91.0,2019-10-01,ws,1
12705,9,710010002,2020-05-02,2025-06-30,,0.0,2020-04-01,aes,2
62,5,710010003,2010-01-01,2012-05-02,1.0,100.0,2012-04-01,bdm,0
1260,0,710010003,2012-05-02,2014-05-02,1.0,100.0,2012-04-01,ws,1
3717,0,710010003,2014-05-02,2016-05-02,1.0,98.0,2014-04-01,ws,1
6315,0,710010003,2016-05-02,2018-05-02,1.0,95.0,2016-04-01,ws,1
8946,0,710010003,2018-05-02,2019-11-02,1.0,95.0,2018-04-01,ws,1
11456,0,710010003,2019-11-02,2020-05-02,1.0,96.0,2019-10-01,ws,1
12706,9,710010003,2020-05-02,2025-06-30,,0.0,2020-04-01,aes,2
63,5,710010004,2010-01-01,2012-05-02,1.0,1670.0,2012-04-01,bdm,0
1261,0,710010004,2012-05-02,2014-05-02,1.0,1670.0,2012-04-01,ws,1
3718,0,710010004,2014-05-02,2016-05-02,1.0,1660.0,2014-04-01,ws,1
6316,0,710010004,2016-05-02,2018-05-02,1.0,1660.0,2016-04-01,ws,1
8947,0,710010004,2018-05-02,2019-11-02,1.0,1820.0,2018-04-01,ws,1
11457,0,710010004,2019-11-02,2020-05-02,1.0,1790.0,2019-10-01,ws,1
14091,0,710010004,2020-05-02,2022-05-02,1.0,1790.0,2020-04-01,ws,1
20757,0,710010004,2022-05-02,2024-07-02,1.0,1790.0,2022-04-01,ws,1
24845,0,710010004,2024-07-02,2025-06-30,1.0,1790.0,2024-06-01,ws,1
64,0,710010005,2010-01-01,2012-05-02,1.0,1910.0,2012-04-01,bdm,0
1262,0,710010005,2012-05-02,2014-05-02,1.0,1910.0,2012-04-01,ws,1
3719,0,710010005,2014-05-02,2016-05-02,1.0,1930.0,2014-04-01,ws,1
6317,0,710010005,2016-05-02,2018-05-02,1.0,1930.0,2016-04-01,ws,1
7579,9,710010005,2018-05-02,2025-06-30,,0.0,2018-04-01,aes,2
65,0,710010006,2010-01-01,2012-05-02,1.0,2790.0,2012-04-01,bdm,0
1263,0,710010006,2012-05-02,2014-05-02,1.0,2790.0,2012-04-01,ws,1
3720,0,710010006,2014-05-02,2016-05-02,1.0,2860.0,2014-04-01,ws,1
6318,0,710010006,2016-05-02,2018-05-02,1.0,2810.0,2016-04-01,ws,1
8948,0,710010006,2018-05-02,2019-11-02,1.0,2750.0,2018-04-01,ws,1
11458,0,710010006,2019-11-02,2020-05-02,1.0,2800.0,2019-10-01,ws,1
14092,0,710010006,2020-05-02,2022-05-02,1.0,2720.0,2020-04-01,ws,1
20758,0,710010006,2022-05-02,2024-07-02,1.0,2630.0,2022-04-01,ws,1
24846,0,710010006,2024-07-02,2025-06-30,1.0,2630.0,2024-06-01,ws,1
66,5,710010007,2010-01-01,2012-05-02,1.0,2860.0,2012-04-01,bdm,0
1264,0,710010007,2012-05-02,2014-05-02,1.0,2860.0,2012-04-01,ws,1
3721,0,710010007,2014-05-02,2016-05-02,1.0,2740.0,2014-04-01,ws,1
6319,0,710010007,2016-05-02,2018-05-02,1.0,2640.0,2016-04-01,ws,1
8949,0,710010007,2018-05-02,2019-11-02,1.0,3200.0,2018-04-01,ws,1
11459,0,710010007,2019-11-02,2020-05-02,1.0,2970.0,2019-10-01,ws,1
14093,0,710010007,2020-05-02,2022-05-02,1.0,2970.0,2020-04-01,ws,1
20759,0,710010007,2022-05-02,2024-07-02,1.0,2970.0,2022-04-01,ws,1
24847,0,710010007,2024-07-02,2025-06-30,1.0,2970.0,2024-06-01,ws,1
67,0,710010008,2010-01-01,2012-05-02,1.0,1350.0,2012-04-01,bdm,0
1265,0,710010008,2012-05-02,2014-05-02,1.0,1350.0,2012-04-01,ws,1
3722,0,710010008,2014-05-02,2016-05-02,1.0,1380.0,2014-04-01,ws,1
5018,9,710010008,2016-05-02,2025-06-30,,0.0,2016-04-01,aes,2
68,5,710010009,2010-01-01,2012-05-02,1.0,80900.0,2012-04-01,bdm,0
68,5,710010009,2012-05-02,2013-02-02,1.0,80900.0,2012-04-01,ws,1
1043,5,710010009,2013-02-02,2013-05-02,,78200.0,2013-01-01,ws,1
1266,0,710010009,2013-05-02,2014-05-02,1.0,75500.0,2013-04-01,ws,1
2573,5,710010009,2014-05-02,2015-02-02,1.0,76400.0,2014-04-01,ws,1
2342,5,710010009,2015-02-02,2015-05-02,,74000.0,2015-01-01,ws,1
3723,0,710010009,2015-05-02,2016-05-02,1.0,71500.0,2015-04-01,ws,1
6320,0,710010009,2016-05-02,2018-05-02,1.0,63400.0,2016-04-01,ws,1
8950,0,710010009,2018-05-02,2019-11-02,1.0,63400.0,2018-04-01,ws,1
11460,0,710010009,2019-11-02,2020-05-02,1.0,64500.0,2019-10-01,ws,1
14094,0,710010009,2020-05-02,2022-05-02,1.0,64300.0,2020-04-01,ws,1
20760,0,710010009,2022-05-02,2024-07-02,1.0,63100.0,2022-04-01,ws,1
24848,0,710010009,2024-07-02,2025-06-30,1.0,63100.0,2024-06-01,ws,1
69,5,710010010,2010-01-01,2012-05-02,1.0,103000.0,2012-04-01,bdm,0
1267,0,710010010,2012-05-02,2014-05-02,1.0,103000.0,2012-04-01,ws,1
3724,0,710010010,2014-05-02,2016-05-02,1.0,104000.0,2014-04-01,ws,1
6321,0,710010010,2016-05-02,2018-05-02,1.0,100000.0,2016-04-01,ws,1
8951,0,710010010,2018-05-02,2019-11-02,1.0,97100.0,2018-04-01,ws,1
11461,0,710010010,2019-11-02,2020-05-02,1.0,97100.0,2019-10-01,ws,1
14095,0,710010010,2020-05-02,2022-05-02,1.0,97100.0,2020-04-01,ws,1
19288,5,710010010,2022-05-02,2023-02-02,1.0,93500.0,2022-04-01,ws,1
20582,5,710010010,2023-02-02,2023-05-02,,86300.0,2023-01-01,ws,1
20761,0,710010010,2023-05-02,2024-07-02,1.0,79100.0,2023-04-01,ws,1
24849,0,710010010,2024-07-02,2025-06-30,1.0,79100.0,2024-06-01,ws,1
70,0,710010011,2010-01-01,2012-05-02,1.0,51400.0,2012-04-01,bdm,0
1268,0,710010011,2012-05-02,2014-05-02,1.0,51400.0,2012-04-01,ws,1
3725,0,710010011,2014-05-02,2016-05-02,1.0,52400.0,2014-04-01,ws,1
6322,0,710010011,2016-05-02,2018-05-02,1.0,52400.0,2016-04-01,ws,1
8952,0,710010011,2018-05-02,2019-11-02,1.0,52400.0,2018-04-01,ws,1
11462,0,710010011,2019-11-02,2020-05-02,1.0,53400.0,2019-10-01,ws,1
14096,0,710010011,2020-05-02,2022-05-02,1.0,53400.0,2020-04-01,ws,1
20762,0,710010011,2022-05-02,2024-07-02,1.0,53400.0,2022-04-01,ws,1
24850,0,710010011,2024-07-02,2025-06-30,1.0,67400.0,2024-06-01,ws,1
71,0,710010012,2010-01-01,2012-05-02,1.0,59000.0,2012-04-01,bdm,0
1269,0,710010012,2012-05-02,2014-05-02,1.0,59000.0,2012-04-01,ws,1
3726,0,710010012,2014-05-02,2016-05-02,1.0,60600.0,2014-04-01,ws,1
5022,5,710010012,2016-05-02,2016-10-02,1.0,143000.0,2016-04-01,ws,1
6323,0,710010012,2016-10-02,2018-05-02,1.0,143000.0,2016-09-01,ws,1
8953,0,710010012,2018-05-02,2019-11-02,1.0,143000.0,2018-04-01,ws,1
11463,0,710010012,2019-11-02,2020-05-02,1.0,146000.0,2019-10-01,ws,1
14097,0,710010012,2020-05-02,2022-05-02,1.0,146000.0,2020-04-01,ws,1
20763,0,710010012,2022-05-02,2024-07-02,1.0,146000.0,2022-04-01,ws,1
24851,0,710010012,2024-07-02,2025-06-30,1.0,146000.0,2024-06-01,ws,1
72,5,710010013,2010-01-01,2012-05-02,1.0,1510000.0,2012-04-01,bdm,0
72,5,710010013,2012-05-02,2013-05-02,1.0,1510000.0,2012-04-01,ws,1
1270,0,710010013,2013-05-02,2014-05-02,1.0,1510000.0,2013-04-01,ws,1
3727,0,710010013,2014-05-02,2016-05-02,1.0,1390000.0,2014-04-01,ws,1
6324,0,710010013,2016-05-02,2018-05-02,1.0,1390000.0,2016-04-01,ws,1
8954,0,710010013,2018-05-02,2019-11-02,1.0,1390000.0,2018-04-01,ws,1
11464,0,710010013,2019-11-02,2020-05-02,1.0,1420000.0,2019-10-01,ws,1
12714,9,710010013,2020-05-02,2025-06-30,,0.0,2020-04-01,aes,2
73,5,710010014,2010-01-01,2012-05-02,1.0,142000.0,2012-04-01,bdm,0
1271,0,710010014,2012-05-02,2014-05-02,1.0,142000.0,2012-04-01,ws,1
3728,0,710010014,2014-05-02,2016-05-02,1.0,134000.0,2014-04-01,ws,1
6325,0,710010014,2016-05-02,2018-05-02,1.0,126000.0,2016-04-01,ws,1
7587,5,710010014,2018-05-02,2019-02-02,1.0,121000.0,2018-04-01,ws,1
8837,5,710010014,2019-02-02,2019-05-02,,111000.0,2019-01-01,ws,1
8955,0,710010014,2019-05-02,2019-11-02,1.0,101000.0,2019-04-01,ws,1
11465,0,710010014,2019-11-02,2020-05-02,1.0,103000.0,2019-10-01,ws,1
14098,0,710010014,2020-05-02,2022-05-02,1.0,103000.0,2020-04-01,ws,1
20764,0,710010014,2022-05-02,2024-07-02,1.0,103000.0,2022-04-01,ws,1
24852,0,710010014,2024-07-02,2025-06-30,1.0,88700.0,2024-06-01,ws,1
74,5,710010015,2010-01-01,2012-05-02,1.0,113000.0,2012-04-01,bdm,0
1272,0,710010015,2012-05-02,2014-05-02,1.0,113000.0,2012-04-01,ws,1
3729,0,710010015,2014-05-02,2016-05-02,1.0,105000.0,2014-04-01,ws,1
6326,0,710010015,2016-05-02,2018-05-02,1.0,98000.0,2016-04-01,ws,1
7588,5,710010015,2018-05-02,2019-02-02,1.0,93900.0,2018-04-01,ws,1
8838,5,710010015,2019-02-02,2019-05-02,,85600.0,2019-01-01,ws,1
8956,0,710010015,2019-05-02,2019-11-02,1.0,77400.0,2019-04-01,ws,1
11466,0,710010015,2019-11-02,2020-05-02,1.0,78800.0,2019-10-01,ws,1
14099,0,710010015,2020-05-02,2022-05-02,1.0,76200.0,2020-04-01,ws,1
20765,0,710010015,2022-05-02,2024-07-02,1.0,76200.0,2022-04-01,ws,1
24853,0,710010015,2024-07-02,2025-06-30,1.0,75100.0,2024-06-01,ws,1
75,0,710010016,2010-01-01,2012-05-02,1.0,3130000.0,2012-04-01,bdm,0
1273,0,710010016,2012-05-02,2014-05-02,1.0,3130000.0,2012-04-01,ws,1
2580,5,710010016,2014-05-02,2015-09-02,1.0,3210000.0,2014-04-01,ws,1
3730,0,710010016,2015-09-02,2016-05-02,1.0,3210000.0,2015-08-01,ws,1
6327,0,710010016,2016-05-02,2018-05-02,1.0,3210000.0,2016-04-01,ws,1
8957,0,710010016,2018-05-02,2019-11-02,1.0,3210000.0,2018-04-01,ws,1
11467,0,710010016,2019-11-02,2020-05-02,1.0,3270000.0,2019-10-01,ws,1
14100,0,710010016,2020-05-02,2022-05-02,1.0,3270000.0,2020-04-01,ws,1
20766,0,710010016,2022-05-02,2024-07-02,1.0,3270000.0,2022-04-01,ws,1
24854,0,710010016,2024-07-02,2025-06-30,1.0,3270000.0,2024-06-01,ws,1
76,0,710010017,2010-01-01,2012-05-02,4.0,13900000.0,2012-04-01,bdm,0
1274,0,710010017,2012-05-02,2014-05-02,4.0,13900000.0,2012-04-01,ws,1
3731,0,710010017,2014-05-02,2016-05-02,4.0,14200000.0,2014-04-01,ws,1
5027,9,710010017,2016-05-02,2025-06-30,,0.0,2016-04-01,aes,2
77,5,710010018,2010-01-01,2012-05-02,1.0,221000.0,2012-04-01,bdm,0
77,5,710010018,2012-05-02,2013-02-02,1.0,221000.0,2012-04-01,ws,1
1044,5,710010018,2013-02-02,2013-05-02,,202000.0,2013-01-01,ws,1
1275,0,710010018,2013-05-02,2014-05-02,1.0,184000.0,2013-04-01,ws,1
3732,0,710010018,2014-05-02,2016-05-02,1.0,169000.0,2014-04-01,ws,1
5028,5,710010018,2016-05-02,2017-02-02,1.0,162000.0,2016-04-01,ws,1
4910,5,710010018,2017-02-02,2017-05-02,,149000.0,2017-01-01,ws,1
6328,0,710010018,2017-05-02,2018-05-02,1.0,136000.0,2017-04-01,ws,1
8958,0,710010018,2018-05-02,2019-11-02,1.0,125000.0,2018-04-01,ws,1
11468,0,710010018,2019-11-02,2020-05-02,1.0,119000.0,2019-10-01,ws,1
14101,0,710010018,2020-05-02,2022-05-02,1.0,113000.0,2020-04-01,ws,1
20767,0,710010018,2022-05-02,2024-07-02,1.0,97000.0,2022-04-01,ws,1
24855,0,710010018,2024-07-02,2025-06-30,1.0,97000.0,2024-06-01,ws,1
78,5,710010019,2010-01-01,2012-05-02,1.0,342000.0,2012-04-01,bdm,0
1276,0,710010019,2012-05-02,2014-05-02,1.0,342000.0,2012-04-01,ws,1
2583,5,710010019,2014-05-02,2015-02-02,1.0,343000.0,2014-04-01,ws,1
2343,5,710010019,2015-02-02,2015-05-02,,325000.0,2015-01-01,ws,1
3733,0,710010019,2015-05-02,2016-05-02,1.0,307000.0,2015-04-01,ws,1
6329,0,710010019,2016-05-02,2018-05-02,1.0,298000.0,2016-04-01,ws,1
8959,0,710010019,2018-05-02,2019-11-02,1.0,291000.0,2018-04-01,ws,1
11469,0,710010019,2019-11-02,2020-05-02,1.0,290000.0,2019-10-01,ws,1
14102,0,710010019,2020-05-02,2022-05-02,1.0,290000.0,2020-04-01,ws,1
20768,0,710010019,2022-05-02,2024-07-02,1.0,290000.0,2022-04-01,ws,1
24856,0,710010019,2024-07-02,2025-06-30,1.0,290000.0,2024-06-01,ws,1
79,5,710010020,2010-01-01,2012-05-02,1.0,162000.0,2012-04-01,bdm,0
79,5,710010020,2012-05-02,2013-02-02,1.0,162000.0,2012-04-01,ws,1
1045,5,710010020,2013-02-02,2013-05-02,,153000.0,2013-01-01,ws,1
1277,0,710010020,2013-05-02,2014-05-02,1.0,144000.0,2013-04-01,ws,1
3734,0,710010020,2014-05-02,2016-05-02,1.0,143000.0,2014-04-01,ws,1
6330,0,710010020,2016-05-02,2018-05-02,1.0,138000.0,2016-04-01,ws,1
8960,0,710010020,2018-05-02,2019-11-02,1.0,134000.0,2018-04-01,ws,1
11470,0,710010020,2019-11-02,2020-05-02,1.0,136000.0,2019-10-01,ws,1
12720,5,710010020,2020-05-02,2021-02-02,1.0,129000.0,2020-04-01,ws,1
13967,5,710010020,2021-02-02,2021-05-02,,116000.0,2021-01-01,ws,1
13986,5,710010020,2021-05-02,2022-02-02,,102000.0,2021-04-01,ws,1
14103,5,710010020,2022-02-02,2022-05-02,1.0,97200.0,2022-01-01,ws,1
20769,0,710010020,2022-05-02,2024-07-02,1.0,97200.0,2022-04-01,ws,1
22173,9,710010020,2024-07-02,2025-06-30,,97200.0,2024-06-01,aes,2
80,0,710010021,2010-01-01,2012-05-02,1.0,185000.0,2012-04-01,bdm,0
1278,0,710010021,2012-05-02,2014-05-02,1.0,185000.0,2012-04-01,ws,1
3735,0,710010021,2014-05-02,2016-05-02,1.0,190000.0,2014-04-01,ws,1
6331,0,710010021,2016-05-02,2018-05-02,1.0,190000.0,2016-04-01,ws,1
8961,0,710010021,2018-05-02,2019-11-02,1.0,190000.0,2018-04-01,ws,1
11471,0,710010021,2019-11-02,2020-05-02,1.0,194000.0,2019-10-01,ws,1
14104,0,710010021,2020-05-02,2022-05-02,1.0,194000.0,2020-04-01,ws,1
20770,0,710010021,2022-05-02,2024-07-02,1.0,194000.0,2022-04-01,ws,1
22174,9,710010021,2024-07-02,2025-06-30,,194000.0,2024-06-01,aes,2
81,5,710010022,2010-01-01,2012-05-02,1.0,43200.0,2012-04-01,bdm,0
1279,0,710010022,2012-05-02,2014-05-02,1.0,43200.0,2012-04-01,ws,1
3736,0,710010022,2014-05-02,2016-05-02,1.0,43300.0,2014-04-01,ws,1
6332,0,710010022,2016-05-02,2018-05-02,1.0,42500.0,2016-04-01,ws,1
8962,0,710010022,2018-05-02,2019-11-02,1.0,40700.0,2018-04-01,ws,1
11472,0,710010022,2019-11-02,2020-05-02,1.0,40300.0,2019-10-01,ws,1
14105,0,710010022,2020-05-02,2022-05-02,1.0,40100.0,2020-04-01,ws,1
20771,0,710010022,2022-05-02,2024-07-02,1.0,39000.0,2022-04-01,ws,1
24857,0,710010022,2024-07-02,2025-06-30,1.0,35000.0,2024-06-01,ws,1
82,5,710010023,2010-01-01,2012-05-02,1.0,43100.0,2012-04-01,bdm,0
1280,0,710010023,2012-05-02,2014-05-02,1.0,43100.0,2012-04-01,ws,1
3737,0,710010023,2014-05-02,2016-05-02,1.0,43100.0,2014-04-01,ws,1
6333,0,710010023,2016-05-02,2018-05-02,1.0,42400.0,2016-04-01,ws,1
8963,0,710010023,2018-05-02,2019-11-02,1.0,41500.0,2018-04-01,ws,1
11473,0,710010023,2019-11-02,2020-05-02,1.0,41600.0,2019-10-01,ws,1
14106,0,710010023,2020-05-02,2022-05-02,1.0,41400.0,2020-04-01,ws,1
20772,0,710010023,2022-05-02,2024-07-02,1.0,41400.0,2022-04-01,ws,1
24858,0,710010023,2024-07-02,2025-06-30,1.0,41000.0,2024-06-01,ws,1
83,5,710010024,2010-01-01,2012-05-02,1.0,39400.0,2012-04-01,bdm,0
1281,0,710010024,2012-05-02,2014-05-02,1.0,39400.0,2012-04-01,ws,1
3738,0,710010024,2014-05-02,2016-05-02,1.0,39200.0,2014-04-01,ws,1
6334,0,710010024,2016-05-02,2018-05-02,1.0,38700.0,2016-04-01,ws,1
7596,9,710010024,2018-05-02,2025-06-30,,0.0,2018-04-01,aes,2
84,5,710010025,2010-01-01,2012-05-02,1.0,3860.0,2012-04-01,bdm,0
1282,0,710010025,2012-05-02,2014-05-02,1.0,3860.0,2012-04-01,ws,1
3739,0,710010025,2014-05-02,2016-05-02,1.0,3660.0,2014-04-01,ws,1
6335,0,710010025,2016-05-02,2018-05-02,1.0,3410.0,2016-04-01,ws,1
8964,0,710010025,2018-05-02,2019-11-02,1.0,3040.0,2018-04-01,ws,1
11474,0,710010025,2019-11-02,2020-05-02,1.0,2900.0,2019-10-01,ws,1
14107,0,710010025,2020-05-02,2022-05-02,1.0,2850.0,2020-04-01,ws,1
20773,0,710010025,2022-05-02,2024-07-02,1.0,2760.0,2022-04-01,ws,1
24859,0,710010025,2024-07-02,2025-06-30,1.0,2700.0,2024-06-01,ws,1
85,5,710010026,2010-01-01,2012-05-02,1.0,295000.0,2012-04-01,bdm,0
1283,0,710010026,2012-05-02,2014-05-02,1.0,295000.0,2012-04-01,ws,1
3740,0,710010026,2014-05-02,2016-05-02,1.0,261000.0,2014-04-01,ws,1
6336,0,710010026,2016-05-02,2018-05-02,1.0,226000.0,2016-04-01,ws,1
8965,0,710010026,2018-05-02,2019-11-02,1.0,193000.0,2018-04-01,ws,1
11475,0,710010026,2019-11-02,2020-05-02,1.0,173000.0,2019-10-01,ws,1
14108,0,710010026,2020-05-02,2022-05-02,1.0,161000.0,2020-04-01,ws,1
20774,0,710010026,2022-05-02,2024-07-02,1.0,136000.0,2022-04-01,ws,1
24860,0,710010026,2024-07-02,2025-06-30,1.0,120000.0,2024-06-01,ws,1
86,5,710010027,2010-01-01,2012-05-02,1.0,122000.0,2012-04-01,bdm,0
1284,0,710010027,2012-05-02,2014-05-02,1.0,122000.0,2012-04-01,ws,1
3741,0,710010027,2014-05-02,2016-05-02,1.0,119000.0,2014-04-01,ws,1
6337,0,710010027,2016-05-02,2018-05-02,1.0,111000.0,2016-04-01,ws,1
8966,0,710010027,2018-05-02,2019-11-02,1.0,108000.0,2018-04-01,ws,1
11476,0,710010027,2019-11-02,2020-05-02,1.0,107000.0,2019-10-01,ws,1
14109,0,710010027,2020-05-02,2022-05-02,1.0,98800.0,2020-04-01,ws,1
19302,5,710010027,2022-05-02,2023-02-02,1.0,95600.0,2022-04-01,ws,1
20583,5,710010027,2023-02-02,2023-05-02,,89300.0,2023-01-01,ws,1
20775,0,710010027,2023-05-02,2024-07-02,1.0,82900.0,2023-04-01,ws,1
24861,0,710010027,2024-07-02,2025-06-30,1.0,82900.0,2024-06-01,ws,1
87,0,710010028,2010-01-01,2012-05-02,1.0,33400.0,2012-04-01,bdm,0
1285,0,710010028,2012-05-02,2014-05-02,1.0,33400.0,2012-04-01,ws,1
3742,0,710010028,2014-05-02,2016-05-02,1.0,34300.0,2014-04-01,ws,1
6338,0,710010028,2016-05-02,2018-05-02,1.0,34300.0,2016-04-01,ws,1
7600,5,710010028,2018-05-02,2019-02-02,1.0,32600.0,2018-04-01,ws,1
8839,5,710010028,2019-02-02,2019-05-02,,29100.0,2019-01-01,ws,1
8967,0,710010028,2019-05-02,2019-11-02,1.0,25700.0,2019-04-01,ws,1
11477,0,710010028,2019-11-02,2020-05-02,1.0,26200.0,2019-10-01,ws,1
14110,0,710010028,2020-05-02,2022-05-02,1.0,28300.0,2020-04-01,ws,1
20776,0,710010028,2022-05-02,2024-07-02,1.0,28300.0,2022-04-01,ws,1
24862,0,710010028,2024-07-02,2025-06-30,1.0,29500.0,2024-06-01,ws,1
88,0,710010029,2010-01-01,2012-05-02,1.0,1470.0,2012-04-01,bdm,0
1286,0,710010029,2012-05-02,2014-05-02,1.0,1470.0,2012-04-01,ws,1
3743,0,710010029,2014-05-02,2016-05-02,1.0,1510.0,2014-04-01,ws,1
5039,9,710010029,2016-05-02,2025-06-30,,0.0,2016-04-01,aes,2
89,0,710010030,2010-01-01,2012-05-02,1.0,1710.0,2012-04-01,bdm,0
1287,0,710010030,2012-05-02,2014-05-02,1.0,1710.0,2012-04-01,ws,1
3744,0,710010030,2014-05-02,2016-05-02,1.0,1750.0,2014-04-01,ws,1
5040,9,710010030,2016-05-02,2025-06-30,,0.0,2016-04-01,aes,2
90,5,710010031,2010-01-01,2012-05-02,1.0,1800.0,2012-04-01,bdm,0
1288,0,710010031,2012-05-02,2014-05-02,1.0,1800.0,2012-04-01,ws,1
3745,0,710010031,2014-05-02,2016-05-02,1.0,1830.0,2014-04-01,ws,1
5041,9,710010031,2016-05-02,2025-06-30,,0.0,2016-04-01,aes,2
91,0,710010032,2010-01-01,2012-05-02,1.0,1510.0,2012-04-01,bdm,0
1289,0,710010032,2012-05-02,2014-05-02,1.0,1510.0,2012-04-01,ws,1
3746,0,710010032,2014-05-02,2016-05-02,1.0,1550.0,2014-04-01,ws,1
5042,9,710010032,2016-05-02,2025-06-30,,0.0,2016-04-01,aes,2
92,5,710010033,2010-01-01,2012-05-02,1.0,1700.0,2012-04-01,bdm,0
1290,0,710010033,2012-05-02,2014-05-02,1.0,1700.0,2012-04-01,ws,1
3747,0,710010033,2014-05-02,2016-05-02,1.0,1740.0,2014-04-01,ws,1
5043,9,710010033,2016-05-02,2025-06-30,,0.0,2016-04-01,aes,2
93,5,710010034,2010-01-01,2012-05-02,1.0,1820.0,2012-04-01,bdm,0
1291,0,710010034,2012-05-02,2014-05-02,1.0,1820.0,2012-04-01,ws,1
3748,0,710010034,2014-05-02,2016-05-02,1.0,1750.0,2014-04-01,ws,1
5044,9,710010034,2016-05-02,2025-06-30,,0.0,2016-04-01,aes,2
94,0,710010035,2010-01-01,2012-05-02,1.0,36400.0,2012-04-01,bdm,0
1292,0,710010035,2012-05-02,2014-05-02,1.0,36400.0,2012-04-01,ws,1
3749,0,710010035,2014-05-02,2016-05-02,1.0,37000.0,2014-04-01,ws,1
6339,0,710010035,2016-05-02,2018-05-02,1.0,36900.0,2016-04-01,ws,1
8968,0,710010035,2018-05-02,2019-11-02,1.0,36500.0,2018-04-01,ws,1
11478,0,710010035,2019-11-02,2020-05-02,1.0,37200.0,2019-10-01,ws,1
14111,0,710010035,2020-05-02,2022-05-02,1.0,37200.0,2020-04-01,ws,1
20777,0,710010035,2022-05-02,2024-07-02,1.0,37200.0,2022-04-01,ws,1
24863,0,710010035,2024-07-02,2025-06-30,1.0,37200.0,2024-06-01,ws,1
95,0,710010036,2010-01-01,2012-05-02,1.0,1470.0,2012-04-01,bdm,0
1293,0,710010036,2012-05-02,2014-05-02,1.0,1470.0,2012-04-01,ws,1
3750,0,710010036,2014-05-02,2016-05-02,1.0,1510.0,2014-04-01,ws,1
5046,9,710010036,2016-05-02,2025-06-30,,0.0,2016-04-01,aes,2
96,0,710010037,2010-01-01,2012-05-02,1.0,1710.0,2012-04-01,bdm,0
1294,0,710010037,2012-05-02,2014-05-02,1.0,1710.0,2012-04-01,ws,1
3751,0,710010037,2014-05-02,2016-05-02,1.0,1750.0,2014-04-01,ws,1
5047,9,710010037,2016-05-02,2025-06-30,,0.0,2016-04-01,aes,2
97,5,710010038,2010-01-01,2012-05-02,1.0,1800.0,2012-04-01,bdm,0
1295,0,710010038,2012-05-02,2014-05-02,1.0,1800.0,2012-04-01,ws,1
3752,0,710010038,2014-05-02,2016-05-02,1.0,1830.0,2014-04-01,ws,1
5048,9,710010038,2016-05-02,2025-06-30,,0.0,2016-04-01,aes,2
98,0,710010039,2010-01-01,2012-05-02,1.0,1510.0,2012-04-01,bdm,0
1296,0,710010039,2012-05-02,2014-05-02,1.0,1510.0,2012-04-01,ws,1
3753,0,710010039,2014-05-02,2016-05-02,1.0,1550.0,2014-04-01,ws,1
5049,9,710010039,2016-05-02,2025-06-30,,0.0,2016-04-01,aes,2
99,5,710010040,2010-01-01,2012-05-02,1.0,1700.0,2012-04-01,bdm,0
1297,0,710010040,2012-05-02,2014-05-02,1.0,1700.0,2012-04-01,ws,1
3754,0,710010040,2014-05-02,2016-05-02,1.0,1740.0,2014-04-01,ws,1
5050,9,710010040,2016-05-02,2025-06-30,,0.0,2016-04-01,aes,2
100,5,710010041,2010-01-01,2012-05-02,1.0,1820.0,2012-04-01,bdm,0
1298,0,710010041,2012-05-02,2014-05-02,1.0,1820.0,2012-04-01,ws,1
3755,0,710010041,2014-05-02,2016-05-02,1.0,1750.0,2014-04-01,ws,1
5051,9,710010041,2016-05-02,2025-06-30,,0.0,2016-04-01,aes,2
101,5,710010043,2010-01-01,2012-05-02,1.0,818000.0,2012-04-01,bdm,0
1299,0,710010043,2012-05-02,2014-05-02,1.0,818000.0,2012-04-01,ws,1
3756,0,710010043,2014-05-02,2016-05-02,1.0,800000.0,2014-04-01,ws,1
6340,0,710010043,2016-05-02,2018-05-02,1.0,785000.0,2016-04-01,ws,1
8969,0,710010043,2018-05-02,2019-11-02,1.0,776000.0,2018-04-01,ws,1
11479,0,710010043,2019-11-02,2020-05-02,1.0,773000.0,2019-10-01,ws,1
14112,0,710010043,2020-05-02,2022-05-02,1.0,773000.0,2020-04-01,ws,1
20778,0,710010043,2022-05-02,2024-07-02,1.0,762000.0,2022-04-01,ws,1
24864,0,710010043,2024-07-02,2025-06-30,1.0,762000.0,2024-06-01,ws,1
102,5,710010044,2010-01-01,2012-05-02,1.0,924000.0,2012-04-01,bdm,0
1300,0,710010044,2012-05-02,2014-05-02,1.0,924000.0,2012-04-01,ws,1
3757,0,710010044,2014-05-02,2016-05-02,1.0,894000.0,2014-04-01,ws,1
6341,0,710010044,2016-05-02,2018-05-02,1.0,873000.0,2016-04-01,ws,1
8970,0,710010044,2018-05-02,2019-11-02,1.0,842000.0,2018-04-01,ws,1
11480,0,710010044,2019-11-02,2020-05-02,1.0,847000.0,2019-10-01,ws,1
14113,0,710010044,2020-05-02,2022-05-02,1.0,847000.0,2020-04-01,ws,1
20779,0,710010044,2022-05-02,2024-07-02,1.0,830000.0,2022-04-01,ws,1
24865,0,710010044,2024-07-02,2025-06-30,1.0,830000.0,2024-06-01,ws,1
103,5,710010045,2010-01-01,2012-05-02,1.0,947000.0,2012-04-01,bdm,0
1301,0,710010045,2012-05-02,2014-05-02,1.0,947000.0,2012-04-01,ws,1
3758,0,710010045,2014-05-02,2016-05-02,1.0,895000.0,2014-04-01,ws,1
6342,0,710010045,2016-05-02,2018-05-02,1.0,862000.0,2016-04-01,ws,1
7604,9,710010045,2018-05-02,2025-06-30,,0.0,2018-04-01,aes,2
104,5,710010046,2010-01-01,2012-05-02,1.0,75700.0,2012-04-01,bdm,0
1302,0,710010046,2012-05-02,2014-05-02,1.0,75700.0,2012-04-01,ws,1
3759,0,710010046,2014-05-02,2016-05-02,1.0,71300.0,2014-04-01,ws,1
6343,0,710010046,2016-05-02,2018-05-02,1.0,69500.0,2016-04-01,ws,1
8971,0,710010046,2018-05-02,2019-11-02,1.0,69500.0,2018-04-01,ws,1
11481,0,710010046,2019-11-02,2020-05-02,1.0,70500.0,2019-10-01,ws,1
14114,0,710010046,2020-05-02,2022-05-02,1.0,70500.0,2020-04-01,ws,1
20780,0,710010046,2022-05-02,2024-07-02,1.0,68700.0,2022-04-01,ws,1
24866,0,710010046,2024-07-02,2025-06-30,1.0,66000.0,2024-06-01,ws,1
105,5,710010047,2010-01-01,2012-05-02,1.0,1430000.0,2012-04-01,bdm,0
1303,0,710010047,2012-05-02,2014-05-02,1.0,1430000.0,2012-04-01,ws,1
3760,0,710010047,2014-05-02,2016-05-02,1.0,1470000.0,2014-04-01,ws,1
6344,0,710010047,2016-05-02,2018-05-02,1.0,1470000.0,2016-04-01,ws,1
8972,0,710010047,2018-05-02,2019-11-02,1.0,1470000.0,2018-04-01,ws,1
11482,0,710010047,2019-11-02,2020-05-02,1.0,1500000.0,2019-10-01,ws,1
14115,0,710010047,2020-05-02,2022-05-02,1.0,1500000.0,2020-04-01,ws,1
20781,0,710010047,2022-05-02,2024-07-02,1.0,1500000.0,2022-04-01,ws,1
22185,9,710010047,2024-07-02,2025-06-30,,1500000.0,2024-06-01,aes,2
106,0,710010048,2010-01-01,2012-05-02,1.0,38400.0,2012-04-01,bdm,0
1304,0,710010048,2012-05-02,2014-05-02,1.0,38400.0,2012-04-01,ws,1
3761,0,710010048,2014-05-02,2016-05-02,1.0,39400.0,2014-04-01,ws,1
6345,0,710010048,2016-05-02,2018-05-02,1.0,38400.0,2016-04-01,ws,1
8973,0,710010048,2018-05-02,2019-11-02,1.0,38400.0,2018-04-01,ws,1
11483,0,710010048,2019-11-02,2020-05-02,1.0,39000.0,2019-10-01,ws,1
14116,0,710010048,2020-05-02,2022-05-02,1.0,38700.0,2020-04-01,ws,1
20782,0,710010048,2022-05-02,2024-07-02,1.0,38700.0,2022-04-01,ws,1
24867,0,710010048,2024-07-02,2025-06-30,1.0,38700.0,2024-06-01,ws,1
107,0,710010049,2010-01-01,2012-05-02,1.0,10700.0,2012-04-01,bdm,0
1305,0,710010049,2012-05-02,2014-05-02,1.0,10700.0,2012-04-01,ws,1
3762,0,710010049,2014-05-02,2016-05-02,1.0,11000.0,2014-04-01,ws,1
6346,0,710010049,2016-05-02,2018-05-02,1.0,10700.0,2016-04-01,ws,1
8974,0,710010049,2018-05-02,2019-11-02,1.0,10600.0,2018-04-01,ws,1
11484,0,710010049,2019-11-02,2020-05-02,1.0,10700.0,2019-10-01,ws,1
14117,0,710010049,2020-05-02,2022-05-02,1.0,10700.0,2020-04-01,ws,1
20783,0,710010049,2022-05-02,2024-07-02,1.0,10700.0,2022-04-01,ws,1
24868,0,710010049,2024-07-02,2025-06-30,1.0,10300.0,2024-06-01,ws,1
108,0,710010050,2010-01-01,2012-05-02,1.0,2680.0,2012-04-01,bdm,0
1306,0,710010050,2012-05-02,2014-05-02,1.0,2680.0,2012-04-01,ws,1
3763,0,710010050,2014-05-02,2016-05-02,1.0,2750.0,2014-04-01,ws,1
6347,0,710010050,2016-05-02,2018-05-02,1.0,2730.0,2016-04-01,ws,1
8975,0,710010050,2018-05-02,2019-11-02,1.0,2700.0,2018-04-01,ws,1
11485,0,710010050,2019-11-02,2020-05-02,1.0,2740.0,2019-10-01,ws,1
14118,0,710010050,2020-05-02,2022-05-02,1.0,2740.0,2020-04-01,ws,1
20784,0,710010050,2022-05-02,2024-07-02,1.0,2740.0,2022-04-01,ws,1
24869,0,710010050,2024-07-02,2025-06-30,1.0,2660.0,2024-06-01,ws,1
109,0,710010051,2010-01-01,2012-05-02,1.0,7710.0,2012-04-01,bdm,0
1307,0,710010051,2012-05-02,2014-05-02,1.0,7710.0,2012-04-01,ws,1
3764,0,710010051,2014-05-02,2016-05-02,1.0,7930.0,2014-04-01,ws,1
6348,0,710010051,2016-05-02,2018-05-02,1.0,7880.0,2016-04-01,ws,1
8976,0,710010051,2018-05-02,2019-11-02,1.0,7790.0,2018-04-01,ws,1
11486,0,710010051,2019-11-02,2020-05-02,1.0,7870.0,2019-10-01,ws,1
14119,0,710010051,2020-05-02,2022-05-02,1.0,7840.0,2020-04-01,ws,1
20785,0,710010051,2022-05-02,2024-07-02,1.0,7840.0,2022-04-01,ws,1
24870,0,710010051,2024-07-02,2025-06-30,1.0,7530.0,2024-06-01,ws,1
110,0,710010052,2010-01-01,2012-05-02,1.0,4560.0,2012-04-01,bdm,0
1308,0,710010052,2012-05-02,2014-05-02,1.0,4560.0,2012-04-01,ws,1
3765,0,710010052,2014-05-02,2016-05-02,1.0,4690.0,2014-04-01,ws,1
6349,0,710010052,2016-05-02,2018-05-02,1.0,4400.0,2016-04-01,ws,1
8977,0,710010052,2018-05-02,2019-11-02,1.0,4400.0,2018-04-01,ws,1
11487,0,710010052,2019-11-02,2020-05-02,1.0,4480.0,2019-10-01,ws,1
14120,0,710010052,2020-05-02,2022-05-02,1.0,4480.0,2020-04-01,ws,1
20786,0,710010052,2022-05-02,2024-07-02,1.0,4480.0,2022-04-01,ws,1
24871,0,710010052,2024-07-02,2025-06-30,1.0,4480.0,2024-06-01,ws,1
111,5,710010053,2010-01-01,2012-05-02,1.0,1630000.0,2012-04-01,bdm,0
1309,0,710010053,2012-05-02,2014-05-02,1.0,1630000.0,2012-04-01,ws,1
2616,5,710010053,2014-05-02,2015-02-02,1.0,1620000.0,2014-04-01,ws,1
2344,5,710010053,2015-02-02,2015-05-02,,1500000.0,2015-01-01,ws,1
3766,0,710010053,2015-05-02,2016-05-02,1.0,1390000.0,2015-04-01,ws,1
6350,0,710010053,2016-05-02,2018-05-02,1.0,1390000.0,2016-04-01,ws,1
8978,0,710010053,2018-05-02,2019-11-02,1.0,1390000.0,2018-04-01,ws,1
11488,0,710010053,2019-11-02,2020-05-02,1.0,1420000.0,2019-10-01,ws,1
14121,0,710010053,2020-05-02,2022-05-02,1.0,1420000.0,2020-04-01,ws,1
20787,0,710010053,2022-05-02,2024-07-02,1.0,1420000.0,2022-04-01,ws,1
24872,0,710010053,2024-07-02,2025-06-30,1.0,1420000.0,2024-06-01,ws,1
112,5,710010054,2010-01-01,2012-05-02,1.0,69100.0,2012-04-01,bdm,0
1310,0,710010054,2012-05-02,2014-05-02,1.0,69100.0,2012-04-01,ws,1
3767,0,710010054,2014-05-02,2016-05-02,1.0,71000.0,2014-04-01,ws,1
6351,0,710010054,2016-05-02,2018-05-02,1.0,71000.0,2016-04-01,ws,1
8979,0,710010054,2018-05-02,2019-11-02,1.0,71000.0,2018-04-01,ws,1
11489,0,710010054,2019-11-02,2020-05-02,1.0,72300.0,2019-10-01,ws,1
14122,0,710010054,2020-05-02,2022-05-02,1.0,72300.0,2020-04-01,ws,1
20788,0,710010054,2022-05-02,2024-07-02,1.0,72300.0,2022-04-01,ws,1
22192,9,710010054,2024-07-02,2025-06-30,,72300.0,2024-06-01,aes,2
113,0,710010055,2010-01-01,2012-05-02,1.0,809000.0,2012-04-01,bdm,0
1311,0,710010055,2012-05-02,2014-05-02,1.0,809000.0,2012-04-01,ws,1
3768,0,710010055,2014-05-02,2016-05-02,1.0,791000.0,2014-04-01,ws,1
6352,0,710010055,2016-05-02,2018-05-02,1.0,791000.0,2016-04-01,ws,1
8980,0,710010055,2018-05-02,2019-11-02,1.0,772000.0,2018-04-01,ws,1
11490,0,710010055,2019-11-02,2020-05-02,1.0,786000.0,2019-10-01,ws,1
14123,0,710010055,2020-05-02,2022-05-02,1.0,786000.0,2020-04-01,ws,1
20789,0,710010055,2022-05-02,2024-07-02,1.0,772000.0,2022-04-01,ws,1
24873,0,710010055,2024-07-02,2025-06-30,1.0,772000.0,2024-06-01,ws,1
114,0,710010056,2010-01-01,2012-05-02,1.0,59490.0,2012-04-01,bdm,0
1312,0,710010056,2012-05-02,2014-05-02,1.0,59490.0,2012-04-01,ws,1
3769,0,710010056,2014-05-02,2016-05-02,1.0,61080.0,2014-04-01,ws,1
6353,0,710010056,2016-05-02,2018-05-02,1.0,59710.0,2016-04-01,ws,1
8981,0,710010056,2018-05-02,2019-11-02,1.0,59490.0,2018-04-01,ws,1
11491,0,710010056,2019-11-02,2020-05-02,1.0,60310.0,2019-10-01,ws,1
14124,0,710010056,2020-05-02,2022-05-02,1.0,59980.0,2020-04-01,ws,1
20790,0,710010056,2022-05-02,2024-07-02,1.0,59980.0,2022-04-01,ws,1
24874,0,710010056,2024-07-02,2025-06-30,1.0,59190.0,2024-06-01,ws,1
115,0,710010057,2010-01-01,2012-05-02,1.0,4560.0,2012-04-01,bdm,0
1313,0,710010057,2012-05-02,2014-05-02,1.0,4560.0,2012-04-01,ws,1
3770,0,710010057,2014-05-02,2016-05-02,1.0,4690.0,2014-04-01,ws,1
6354,0,710010057,2016-05-02,2018-05-02,1.0,4400.0,2016-04-01,ws,1
8982,0,710010057,2018-05-02,2019-11-02,1.0,4400.0,2018-04-01,ws,1
11492,0,710010057,2019-11-02,2020-05-02,1.0,4480.0,2019-10-01,ws,1
14125,0,710010057,2020-05-02,2022-05-02,1.0,4480.0,2020-04-01,ws,1
20791,0,710010057,2022-05-02,2024-07-02,1.0,4480.0,2022-04-01,ws,1
24875,0,710010057,2024-07-02,2025-06-30,1.0,4480.0,2024-06-01,ws,1
116,0,710010058,2010-01-01,2012-05-02,1.0,13380.0,2012-04-01,bdm,0
1314,0,710010058,2012-05-02,2014-05-02,1.0,13380.0,2012-04-01,ws,1
3771,0,710010058,2014-05-02,2016-05-02,1.0,13750.0,2014-04-01,ws,1
6355,0,710010058,2016-05-02,2018-05-02,1.0,13430.0,2016-04-01,ws,1
8983,0,710010058,2018-05-02,2019-11-02,1.0,13300.0,2018-04-01,ws,1
11493,0,710010058,2019-11-02,2020-05-02,1.0,13440.0,2019-10-01,ws,1
14126,0,710010058,2020-05-02,2022-05-02,1.0,13440.0,2020-04-01,ws,1
20792,0,710010058,2022-05-02,2024-07-02,1.0,13440.0,2022-04-01,ws,1
24876,0,710010058,2024-07-02,2025-06-30,1.0,12960.0,2024-06-01,ws,1
117,5,710010059,2010-01-01,2012-05-02,1.0,4090000.0,2012-04-01,bdm,0
117,5,710010059,2012-05-02,2012-08-02,1.0,4090000.0,2012-04-01,ws,1
1018,5,710010059,2012-08-02,2013-11-02,,4090000.0,2012-07-01,ws,1
1315,0,710010059,2013-11-02,2014-05-02,1.0,4090000.0,2013-10-01,ws,1
3772,0,710010059,2014-05-02,2016-05-02,1.0,4040000.0,2014-04-01,ws,1
6356,0,710010059,2016-05-02,2018-05-02,1.0,4000000.0,2016-04-01,ws,1
8984,0,710010059,2018-05-02,2019-11-02,1.0,3630000.0,2018-04-01,ws,1
11494,0,710010059,2019-11-02,2020-05-02,1.0,3680000.0,2019-10-01,ws,1
14127,0,710010059,2020-05-02,2022-05-02,1.0,3590000.0,2020-04-01,ws,1
20793,0,710010059,2022-05-02,2024-07-02,1.0,3540000.0,2022-04-01,ws,1
24877,0,710010059,2024-07-02,2025-06-30,1.0,3090000.0,2024-06-01,ws,1
118,0,710010060,2010-01-01,2012-05-02,1.0,14800.0,2012-04-01,bdm,0
1316,0,710010060,2012-05-02,2014-05-02,1.0,14800.0,2012-04-01,ws,1
3773,0,710010060,2014-05-02,2016-05-02,1.0,15200.0,2014-04-01,ws,1
6357,0,710010060,2016-05-02,2018-05-02,1.0,15200.0,2016-04-01,ws,1
8985,0,710010060,2018-05-02,2019-11-02,1.0,15200.0,2018-04-01,ws,1
11495,0,710010060,2019-11-02,2020-05-02,1.0,15400.0,2019-10-01,ws,1
14128,0,710010060,2020-05-02,2022-05-02,1.0,15400.0,2020-04-01,ws,1
20794,0,710010060,2022-05-02,2024-07-02,1.0,15400.0,2022-04-01,ws,1
24878,0,710010060,2024-07-02,2025-06-30,1.0,15400.0,2024-06-01,ws,1
119,5,710010061,2010-01-01,2012-05-02,1.0,1520000.0,2012-04-01,bdm,0
1317,0,710010061,2012-05-02,2014-05-02,1.0,1520000.0,2012-04-01,ws,1
2624,5,710010061,2014-05-02,2014-08-02,1.0,1510000.0,2014-04-01,ws,1
2289,5,710010061,2014-08-02,2015-02-02,,1510000.0,2014-07-01,ws,1
2345,5,710010061,2015-02-02,2015-05-02,,1410000.0,2015-01-01,ws,1
3774,0,710010061,2015-05-02,2016-05-02,1.0,1310000.0,2015-04-01,ws,1
6358,0,710010061,2016-05-02,2018-05-02,1.0,1310000.0,2016-04-01,ws,1
8986,0,710010061,2018-05-02,2019-11-02,1.0,1300000.0,2018-04-01,ws,1
11496,0,710010061,2019-11-02,2020-05-02,1.0,1320000.0,2019-10-01,ws,1
14129,0,710010061,2020-05-02,2022-05-02,1.0,1320000.0,2020-04-01,ws,1
20795,0,710010061,2022-05-02,2024-07-02,1.0,1320000.0,2022-04-01,ws,1
24879,0,710010061,2024-07-02,2025-06-30,1.0,1320000.0,2024-06-01,ws,1
120,0,710010062,2010-01-01,2012-05-02,1.0,286000.0,2012-04-01,bdm,0
1318,0,710010062,2012-05-02,2014-05-02,1.0,286000.0,2012-04-01,ws,1
3775,0,710010062,2014-05-02,2016-05-02,1.0,294000.0,2014-04-01,ws,1
6359,0,710010062,2016-05-02,2018-05-02,1.0,294000.0,2016-04-01,ws,1
8987,0,710010062,2018-05-02,2019-11-02,1.0,294000.0,2018-04-01,ws,1
11497,0,710010062,2019-11-02,2020-05-02,1.0,299000.0,2019-10-01,ws,1
14130,0,710010062,2020-05-02,2022-05-02,1.0,299000.0,2020-04-01,ws,1
20796,0,710010062,2022-05-02,2024-07-02,1.0,299000.0,2022-04-01,ws,1
24880,0,710010062,2024-07-02,2025-06-30,1.0,299000.0,2024-06-01,ws,1
121,5,710010063,2010-01-01,2012-05-02,1.0,36100.0,2012-04-01,bdm,0
1319,0,710010063,2012-05-02,2014-05-02,1.0,36100.0,2012-04-01,ws,1
3776,0,710010063,2014-05-02,2016-05-02,1.0,36200.0,2014-04-01,ws,1
6360,0,710010063,2016-05-02,2018-05-02,1.0,36000.0,2016-04-01,ws,1
8988,0,710010063,2018-05-02,2019-11-02,1.0,34900.0,2018-04-01,ws,1
11498,0,710010063,2019-11-02,2020-05-02,1.0,35500.0,2019-10-01,ws,1
14131,0,710010063,2020-05-02,2022-05-02,1.0,35200.0,2020-04-01,ws,1
20797,0,710010063,2022-05-02,2024-07-02,1.0,35200.0,2022-04-01,ws,1
24881,0,710010063,2024-07-02,2025-06-30,1.0,35100.0,2024-06-01,ws,1
122,0,710010064,2010-01-01,2012-05-02,1.0,7700.0,2012-04-01,bdm,0
1320,0,710010064,2012-05-02,2014-05-02,1.0,7700.0,2012-04-01,ws,1
3777,0,710010064,2014-05-02,2016-05-02,1.0,7790.0,2014-04-01,ws,1
6361,0,710010064,2016-05-02,2018-05-02,1.0,7740.0,2016-04-01,ws,1
8989,0,710010064,2018-05-02,2019-11-02,1.0,7680.0,2018-04-01,ws,1
11499,0,710010064,2019-11-02,2020-05-02,1.0,7820.0,2019-10-01,ws,1
14132,0,710010064,2020-05-02,2022-05-02,1.0,7230.0,2020-04-01,ws,1
20798,0,710010064,2022-05-02,2024-07-02,1.0,5880.0,2022-04-01,ws,1
24882,0,710010064,2024-07-02,2025-06-30,1.0,5270.0,2024-06-01,ws,1
123,5,710010065,2010-01-01,2012-05-02,1.0,1000000.0,2012-04-01,bdm,0
123,5,710010065,2012-05-02,2012-11-02,1.0,1000000.0,2012-04-01,ws,1
1321,0,710010065,2012-11-02,2014-05-02,1.0,1000000.0,2012-10-01,ws,1
3778,0,710010065,2014-05-02,2016-05-02,1.0,827000.0,2014-04-01,ws,1
6362,0,710010065,2016-05-02,2018-05-02,1.0,739000.0,2016-04-01,ws,1
8990,0,710010065,2018-05-02,2019-11-02,1.0,831000.0,2018-04-01,ws,1
11500,0,710010065,2019-11-02,2020-05-02,1.0,763000.0,2019-10-01,ws,1
14133,0,710010065,2020-05-02,2022-05-02,1.0,720000.0,2020-04-01,ws,1
20799,0,710010065,2022-05-02,2024-07-02,1.0,593000.0,2022-04-01,ws,1
24883,0,710010065,2024-07-02,2025-06-30,1.0,516000.0,2024-06-01,ws,1
124,5,710010066,2010-01-01,2012-05-02,1.0,70900.0,2012-04-01,bdm,0
1322,0,710010066,2012-05-02,2014-05-02,1.0,70900.0,2012-04-01,ws,1
3779,0,710010066,2014-05-02,2016-05-02,1.0,69000.0,2014-04-01,ws,1
6363,0,710010066,2016-05-02,2018-05-02,1.0,68300.0,2016-04-01,ws,1
8991,0,710010066,2018-05-02,2019-11-02,1.0,66900.0,2018-04-01,ws,1
11501,0,710010066,2019-11-02,2020-05-02,1.0,67400.0,2019-10-01,ws,1
14134,0,710010066,2020-05-02,2022-05-02,1.0,67400.0,2020-04-01,ws,1
20800,0,710010066,2022-05-02,2024-07-02,1.0,67300.0,2022-04-01,ws,1
24884,0,710010066,2024-07-02,2025-06-30,1.0,67300.0,2024-06-01,ws,1
125,5,710010067,2010-01-01,2012-05-02,1.0,110000.0,2012-04-01,bdm,0
1323,0,710010067,2012-05-02,2014-05-02,1.0,110000.0,2012-04-01,ws,1
3780,0,710010067,2014-05-02,2016-05-02,1.0,110000.0,2014-04-01,ws,1
6364,0,710010067,2016-05-02,2018-05-02,1.0,109000.0,2016-04-01,ws,1
8992,0,710010067,2018-05-02,2019-11-02,1.0,108000.0,2018-04-01,ws,1
11502,0,710010067,2019-11-02,2020-05-02,1.0,108000.0,2019-10-01,ws,1
14135,0,710010067,2020-05-02,2022-05-02,1.0,108000.0,2020-04-01,ws,1
20801,0,710010067,2022-05-02,2024-07-02,1.0,108000.0,2022-04-01,ws,1
24885,0,710010067,2024-07-02,2025-06-30,1.0,108000.0,2024-06-01,ws,1
126,0,710010068,2010-01-01,2012-05-02,1.0,77200.0,2012-04-01,bdm,0
126,0,710010068,2012-05-02,2014-02-02,1.0,77200.0,2012-04-01,ws,1
1324,5,710010068,2014-02-02,2014-05-02,1.0,77200.0,2014-01-01,ws,1
3781,0,710010068,2014-05-02,2016-05-02,1.0,79400.0,2014-04-01,ws,1
6365,0,710010068,2016-05-02,2018-05-02,1.0,79200.0,2016-04-01,ws,1
8993,0,710010068,2018-05-02,2019-11-02,1.0,75100.0,2018-04-01,ws,1
11503,0,710010068,2019-11-02,2020-05-02,1.0,76500.0,2019-10-01,ws,1
14136,0,710010068,2020-05-02,2022-05-02,1.0,76500.0,2020-04-01,ws,1
20802,0,710010068,2022-05-02,2024-07-02,1.0,76500.0,2022-04-01,ws,1
24886,0,710010068,2024-07-02,2025-06-30,1.0,76500.0,2024-06-01,ws,1
127,0,710010069,2010-01-01,2012-05-02,1.0,1930.0,2012-04-01,bdm,0
1325,0,710010069,2012-05-02,2014-05-02,1.0,1930.0,2012-04-01,ws,1
3782,0,710010069,2014-05-02,2016-05-02,1.0,1880.0,2014-04-01,ws,1
6366,0,710010069,2016-05-02,2018-05-02,1.0,1490.0,2016-04-01,ws,1
8994,0,710010069,2018-05-02,2019-11-02,1.0,1490.0,2018-04-01,ws,1
11504,0,710010069,2019-11-02,2020-05-02,1.0,1520.0,2019-10-01,ws,1
14137,0,710010069,2020-05-02,2022-05-02,1.0,1520.0,2020-04-01,ws,1
20803,0,710010069,2022-05-02,2024-07-02,1.0,1520.0,2022-04-01,ws,1
24887,0,710010069,2024-07-02,2025-06-30,1.0,1400.0,2024-06-01,ws,1
128,0,710010070,2010-01-01,2012-05-02,1.0,400.0,2012-04-01,bdm,0
1326,0,710010070,2012-05-02,2014-05-02,1.0,400.0,2012-04-01,ws,1
3783,0,710010070,2014-05-02,2016-05-02,1.0,411.0,2014-04-01,ws,1
6367,0,710010070,2016-05-02,2018-05-02,1.0,411.0,2016-04-01,ws,1
8995,0,710010070,2018-05-02,2019-11-02,1.0,411.0,2018-04-01,ws,1
11505,0,710010070,2019-11-02,2020-05-02,1.0,419.0,2019-10-01,ws,1
14138,0,710010070,2020-05-02,2022-05-02,1.0,419.0,2020-04-01,ws,1
20804,0,710010070,2022-05-02,2024-07-02,1.0,419.0,2022-04-01,ws,1
24888,0,710010070,2024-07-02,2025-06-30,1.0,419.0,2024-06-01,ws,1
129,0,710010071,2010-01-01,2012-05-02,1.0,400.0,2012-04-01,bdm,0
1327,0,710010071,2012-05-02,2014-05-02,1.0,400.0,2012-04-01,ws,1
3784,0,710010071,2014-05-02,2016-05-02,1.0,411.0,2014-04-01,ws,1
6368,0,710010071,2016-05-02,2018-05-02,1.0,406.0,2016-04-01,ws,1
8996,0,710010071,2018-05-02,2019-11-02,1.0,406.0,2018-04-01,ws,1
11506,0,710010071,2019-11-02,2020-05-02,1.0,414.0,2019-10-01,ws,1
14139,0,710010071,2020-05-02,2022-05-02,1.0,414.0,2020-04-01,ws,1
20805,0,710010071,2022-05-02,2024-07-02,1.0,414.0,2022-04-01,ws,1
24889,0,710010071,2024-07-02,2025-06-30,1.0,414.0,2024-06-01,ws,1
130,0,710010072,2010-01-01,2012-05-02,1.0,90.0,2012-04-01,bdm,0
1328,0,710010072,2012-05-02,2014-05-02,1.0,90.0,2012-04-01,ws,1
3785,0,710010072,2014-05-02,2016-05-02,1.0,92.0,2014-04-01,ws,1
6369,0,710010072,2016-05-02,2018-05-02,1.0,92.0,2016-04-01,ws,1
8997,0,710010072,2018-05-02,2019-11-02,1.0,92.0,2018-04-01,ws,1
11507,0,710010072,2019-11-02,2020-05-02,1.0,94.0,2019-10-01,ws,1
14140,0,710010072,2020-05-02,2022-05-02,1.0,94.0,2020-04-01,ws,1
20806,0,710010072,2022-05-02,2024-07-02,1.0,94.0,2022-04-01,ws,1
24890,0,710010072,2024-07-02,2025-06-30,1.0,94.0,2024-06-01,ws,1
131,0,710010073,2010-01-01,2012-05-02,1.0,140.0,2012-04-01,bdm,0
1329,0,710010073,2012-05-02,2014-05-02,1.0,140.0,2012-04-01,ws,1
3786,0,710010073,2014-05-02,2016-05-02,1.0,144.0,2014-04-01,ws,1
6370,0,710010073,2016-05-02,2018-05-02,1.0,144.0,2016-04-01,ws,1
8998,0,710010073,2018-05-02,2019-11-02,1.0,144.0,2018-04-01,ws,1
11508,0,710010073,2019-11-02,2020-05-02,1.0,147.0,2019-10-01,ws,1
14141,0,710010073,2020-05-02,2022-05-02,1.0,147.0,2020-04-01,ws,1
20807,0,710010073,2022-05-02,2024-07-02,1.0,147.0,2022-04-01,ws,1
24891,0,710010073,2024-07-02,2025-06-30,1.0,147.0,2024-06-01,ws,1
132,0,710010074,2010-01-01,2012-05-02,1.0,90.0,2012-04-01,bdm,0
1330,0,710010074,2012-05-02,2014-05-02,1.0,90.0,2012-04-01,ws,1
3787,0,710010074,2014-05-02,2016-05-02,1.0,92.0,2014-04-01,ws,1
6371,0,710010074,2016-05-02,2018-05-02,1.0,92.0,2016-04-01,ws,1
8999,0,710010074,2018-05-02,2019-11-02,1.0,92.0,2018-04-01,ws,1
11509,0,710010074,2019-11-02,2020-05-02,1.0,94.0,2019-10-01,ws,1
14142,0,710010074,2020-05-02,2022-05-02,1.0,94.0,2020-04-01,ws,1
20808,0,710010074,2022-05-02,2024-07-02,1.0,94.0,2022-04-01,ws,1
24892,0,710010074,2024-07-02,2025-06-30,1.0,94.0,2024-06-01,ws,1
133,0,710010075,2010-01-01,2012-05-02,1.0,140.0,2012-04-01,bdm,0
1331,0,710010075,2012-05-02,2014-05-02,1.0,140.0,2012-04-01,ws,1
3788,0,710010075,2014-05-02,2016-05-02,1.0,144.0,2014-04-01,ws,1
6372,0,710010075,2016-05-02,2018-05-02,1.0,144.0,2016-04-01,ws,1
9000,0,710010075,2018-05-02,2019-11-02,1.0,144.0,2018-04-01,ws,1
11510,0,710010075,2019-11-02,2020-05-02,1.0,147.0,2019-10-01,ws,1
14143,0,710010075,2020-05-02,2022-05-02,1.0,147.0,2020-04-01,ws,1
20809,0,710010075,2022-05-02,2024-07-02,1.0,147.0,2022-04-01,ws,1
24893,0,710010075,2024-07-02,2025-06-30,1.0,147.0,2024-06-01,ws,1
134,5,710010076,2010-01-01,2012-05-02,1.0,21700.0,2012-04-01,bdm,0
1332,0,710010076,2012-05-02,2014-05-02,1.0,21700.0,2012-04-01,ws,1
3789,0,710010076,2014-05-02,2016-05-02,1.0,22100.0,2014-04-01,ws,1
6373,0,710010076,2016-05-02,2018-05-02,1.0,22100.0,2016-04-01,ws,1
9001,0,710010076,2018-05-02,2019-11-02,1.0,21700.0,2018-04-01,ws,1
11511,0,710010076,2019-11-02,2020-05-02,1.0,21700.0,2019-10-01,ws,1
14144,0,710010076,2020-05-02,2022-05-02,1.0,21700.0,2020-04-01,ws,1
20810,0,710010076,2022-05-02,2024-07-02,1.0,21700.0,2022-04-01,ws,1
24894,0,710010076,2024-07-02,2025-06-30,1.0,21700.0,2024-06-01,ws,1
135,0,710010077,2010-01-01,2012-05-02,1.0,19600.0,2012-04-01,bdm,0
1333,0,710010077,2012-05-02,2014-05-02,1.0,19600.0,2012-04-01,ws,1
2640,5,710010077,2014-05-02,2015-02-02,1.0,19800.0,2014-04-01,ws,1
2346,5,710010077,2015-02-02,2015-05-02,,19000.0,2015-01-01,ws,1
3790,0,710010077,2015-05-02,2016-05-02,1.0,18300.0,2015-04-01,ws,1
6374,0,710010077,2016-05-02,2018-05-02,1.0,17300.0,2016-04-01,ws,1
9002,0,710010077,2018-05-02,2019-11-02,1.0,16300.0,2018-04-01,ws,1
11512,0,710010077,2019-11-02,2020-05-02,1.0,16600.0,2019-10-01,ws,1
14145,0,710010077,2020-05-02,2022-05-02,1.0,16500.0,2020-04-01,ws,1
20811,0,710010077,2022-05-02,2024-07-02,1.0,16500.0,2022-04-01,ws,1
24895,0,710010077,2024-07-02,2025-06-30,1.0,15500.0,2024-06-01,ws,1
136,0,710010078,2010-01-01,2012-05-02,1.0,2220.0,2012-04-01,bdm,0
1334,0,710010078,2012-05-02,2014-05-02,1.0,2220.0,2012-04-01,ws,1
3791,0,710010078,2014-05-02,2016-05-02,1.0,2280.0,2014-04-01,ws,1
6375,0,710010078,2016-05-02,2018-05-02,1.0,2280.0,2016-04-01,ws,1
7637,9,710010078,2018-05-02,2025-06-30,,0.0,2018-04-01,aes,2
137,0,710010079,2010-01-01,2012-05-02,1.0,6000.0,2012-04-01,bdm,0
1335,0,710010079,2012-05-02,2014-05-02,1.0,6000.0,2012-04-01,ws,1
3792,0,710010079,2014-05-02,2016-05-02,1.0,6170.0,2014-04-01,ws,1
6376,0,710010079,2016-05-02,2018-05-02,1.0,6170.0,2016-04-01,ws,1
9003,0,710010079,2018-05-02,2019-11-02,1.0,6170.0,2018-04-01,ws,1
11513,0,710010079,2019-11-02,2020-05-02,1.0,6280.0,2019-10-01,ws,1
14146,0,710010079,2020-05-02,2022-05-02,1.0,6280.0,2020-04-01,ws,1
20812,0,710010079,2022-05-02,2024-07-02,1.0,6280.0,2022-04-01,ws,1
24896,0,710010079,2024-07-02,2025-06-30,1.0,6280.0,2024-06-01,ws,1
138,5,710010080,2010-01-01,2012-05-02,1.0,865.0,2012-04-01,bdm,0
1336,0,710010080,2012-05-02,2014-05-02,1.0,865.0,2012-04-01,ws,1
3793,0,710010080,2014-05-02,2016-05-02,1.0,851.0,2014-04-01,ws,1
6377,0,710010080,2016-05-02,2018-05-02,1.0,839.0,2016-04-01,ws,1
9004,0,710010080,2018-05-02,2019-11-02,1.0,821.0,2018-04-01,ws,1
11514,0,710010080,2019-11-02,2020-05-02,1.0,828.0,2019-10-01,ws,1
14147,0,710010080,2020-05-02,2022-05-02,1.0,824.0,2020-04-01,ws,1
20813,0,710010080,2022-05-02,2024-07-02,1.0,824.0,2022-04-01,ws,1
24897,0,710010080,2024-07-02,2025-06-30,1.0,819.0,2024-06-01,ws,1
139,0,710010081,2010-01-01,2012-05-02,1.0,1240.0,2012-04-01,bdm,0
1337,0,710010081,2012-05-02,2014-05-02,1.0,1240.0,2012-04-01,ws,1
3794,0,710010081,2014-05-02,2016-05-02,1.0,1270.0,2014-04-01,ws,1
6378,0,710010081,2016-05-02,2018-05-02,1.0,1270.0,2016-04-01,ws,1
9005,0,710010081,2018-05-02,2019-11-02,1.0,1270.0,2018-04-01,ws,1
11515,0,710010081,2019-11-02,2020-05-02,1.0,1290.0,2019-10-01,ws,1
14148,0,710010081,2020-05-02,2022-05-02,1.0,1280.0,2020-04-01,ws,1
20814,0,710010081,2022-05-02,2024-07-02,1.0,1280.0,2022-04-01,ws,1
24898,0,710010081,2024-07-02,2025-06-30,1.0,1280.0,2024-06-01,ws,1
140,5,710010082,2010-01-01,2012-05-02,1.0,410000.0,2012-04-01,bdm,0
140,5,710010082,2012-05-02,2012-11-02,1.0,410000.0,2012-04-01,ws,1
1035,5,710010082,2012-11-02,2013-02-02,,410000.0,2012-10-01,ws,1
1046,5,710010082,2013-02-02,2013-05-02,,391000.0,2013-01-01,ws,1
1338,0,710010082,2013-05-02,2014-05-02,1.0,371000.0,2013-04-01,ws,1
2645,5,710010082,2014-05-02,2015-02-02,1.0,364000.0,2014-04-01,ws,1
2347,5,710010082,2015-02-02,2015-05-02,,328000.0,2015-01-01,ws,1
3795,0,710010082,2015-05-02,2016-05-02,1.0,292000.0,2015-04-01,ws,1
6379,0,710010082,2016-05-02,2018-05-02,1.0,292000.0,2016-04-01,ws,1
9006,0,710010082,2018-05-02,2019-11-02,1.0,292000.0,2018-04-01,ws,1
11516,0,710010082,2019-11-02,2020-05-02,1.0,293000.0,2019-10-01,ws,1
14149,0,710010082,2020-05-02,2022-05-02,1.0,293000.0,2020-04-01,ws,1
20815,0,710010082,2022-05-02,2024-07-02,1.0,293000.0,2022-04-01,ws,1
24899,0,710010082,2024-07-02,2025-06-30,1.0,293000.0,2024-06-01,ws,1
141,5,710010083,2010-01-01,2012-05-02,1.0,135000.0,2012-04-01,bdm,0
1339,0,710010083,2012-05-02,2014-05-02,1.0,135000.0,2012-04-01,ws,1
3796,0,710010083,2014-05-02,2016-05-02,1.0,128000.0,2014-04-01,ws,1
6380,0,710010083,2016-05-02,2018-05-02,1.0,119000.0,2016-04-01,ws,1
9007,0,710010083,2018-05-02,2019-11-02,1.0,110000.0,2018-04-01,ws,1
11517,0,710010083,2019-11-02,2020-05-02,1.0,105000.0,2019-10-01,ws,1
14150,0,710010083,2020-05-02,2022-05-02,1.0,102000.0,2020-04-01,ws,1
20816,0,710010083,2022-05-02,2024-07-02,1.0,95000.0,2022-04-01,ws,1
24900,0,710010083,2024-07-02,2025-06-30,1.0,95000.0,2024-06-01,ws,1
142,5,710010084,2010-01-01,2012-05-02,1.0,125000.0,2012-04-01,bdm,0
1340,0,710010084,2012-05-02,2014-05-02,1.0,125000.0,2012-04-01,ws,1
3797,0,710010084,2014-05-02,2016-05-02,1.0,124000.0,2014-04-01,ws,1
6381,0,710010084,2016-05-02,2018-05-02,1.0,124000.0,2016-04-01,ws,1
9008,0,710010084,2018-05-02,2019-11-02,1.0,119000.0,2018-04-01,ws,1
11518,0,710010084,2019-11-02,2020-05-02,1.0,116000.0,2019-10-01,ws,1
14151,0,710010084,2020-05-02,2022-05-02,1.0,116000.0,2020-04-01,ws,1
20817,0,710010084,2022-05-02,2024-07-02,1.0,115000.0,2022-04-01,ws,1
24901,0,710010084,2024-07-02,2025-06-30,1.0,115000.0,2024-06-01,ws,1
143,5,710010085,2010-01-01,2012-05-02,1.0,195000.0,2012-04-01,bdm,0
1341,0,710010085,2012-05-02,2014-05-02,1.0,195000.0,2012-04-01,ws,1
2648,5,710010085,2014-05-02,2015-02-02,1.0,197000.0,2014-04-01,ws,1
2348,5,710010085,2015-02-02,2015-05-02,,190000.0,2015-01-01,ws,1
3798,0,710010085,2015-05-02,2016-05-02,1.0,183000.0,2015-04-01,ws,1
6382,0,710010085,2016-05-02,2018-05-02,1.0,183000.0,2016-04-01,ws,1
9009,0,710010085,2018-05-02,2019-11-02,1.0,183000.0,2018-04-01,ws,1
11519,0,710010085,2019-11-02,2020-05-02,1.0,186000.0,2019-10-01,ws,1
14152,0,710010085,2020-05-02,2022-05-02,1.0,186000.0,2020-04-01,ws,1
20818,0,710010085,2022-05-02,2024-07-02,1.0,186000.0,2022-04-01,ws,1
24902,0,710010085,2024-07-02,2025-06-30,1.0,186000.0,2024-06-01,ws,1
144,5,710010086,2010-01-01,2012-05-02,1.0,274000.0,2012-04-01,bdm,0
144,5,710010086,2012-05-02,2013-02-02,1.0,274000.0,2012-04-01,ws,1
1047,5,710010086,2013-02-02,2013-05-02,,263000.0,2013-01-01,ws,1
1342,0,710010086,2013-05-02,2014-05-02,1.0,252000.0,2013-04-01,ws,1
2649,5,710010086,2014-05-02,2015-02-02,1.0,246000.0,2014-04-01,ws,1
2349,5,710010086,2015-02-02,2015-05-02,,221000.0,2015-01-01,ws,1
3799,0,710010086,2015-05-02,2016-05-02,1.0,195000.0,2015-04-01,ws,1
6383,0,710010086,2016-05-02,2018-05-02,1.0,195000.0,2016-04-01,ws,1
7645,5,710010086,2018-05-02,2019-02-02,1.0,194000.0,2018-04-01,ws,1
8840,5,710010086,2019-02-02,2019-05-02,,191000.0,2019-01-01,ws,1
9010,0,710010086,2019-05-02,2019-11-02,1.0,189000.0,2019-04-01,ws,1
11520,0,710010086,2019-11-02,2020-05-02,1.0,193000.0,2019-10-01,ws,1
12770,5,710010086,2020-05-02,2020-10-02,1.0,172000.0,2020-04-01,ws,1
14153,0,710010086,2020-10-02,2022-05-02,1.0,172000.0,2020-09-01,ws,1
20819,0,710010086,2022-05-02,2024-07-02,1.0,160000.0,2022-04-01,ws,1
24903,0,710010086,2024-07-02,2025-06-30,1.0,160000.0,2024-06-01,ws,1
145,0,710010087,2010-01-01,2012-05-02,1.0,11.0,2012-04-01,bdm,0
1343,0,710010087,2012-05-02,2014-05-02,1.0,11.0,2012-04-01,ws,1
3800,0,710010087,2014-05-02,2016-05-02,1.0,11.0,2014-04-01,ws,1
6384,0,710010087,2016-05-02,2018-05-02,1.0,11.0,2016-04-01,ws,1
9011,0,710010087,2018-05-02,2019-11-02,1.0,11.0,2018-04-01,ws,1
11521,0,710010087,2019-11-02,2020-05-02,1.0,11.0,2019-10-01,ws,1
14154,0,710010087,2020-05-02,2022-05-02,1.0,11.0,2020-04-01,ws,1
20820,0,710010087,2022-05-02,2024-07-02,1.0,11.0,2022-04-01,ws,1
24904,0,710010087,2024-07-02,2025-06-30,1.0,11.0,2024-06-01,ws,1
146,0,710010088,2010-01-01,2012-05-02,1.0,1930.0,2012-04-01,bdm,0
1344,0,710010088,2012-05-02,2014-05-02,1.0,1930.0,2012-04-01,ws,1
3801,0,710010088,2014-05-02,2016-05-02,1.0,1880.0,2014-04-01,ws,1
6385,0,710010088,2016-05-02,2018-05-02,1.0,1490.0,2016-04-01,ws,1
9012,0,710010088,2018-05-02,2019-11-02,1.0,1490.0,2018-04-01,ws,1
11522,0,710010088,2019-11-02,2020-05-02,1.0,1520.0,2019-10-01,ws,1
14155,0,710010088,2020-05-02,2022-05-02,1.0,1520.0,2020-04-01,ws,1
20821,0,710010088,2022-05-02,2024-07-02,1.0,1520.0,2022-04-01,ws,1
24905,0,710010088,2024-07-02,2025-06-30,1.0,1400.0,2024-06-01,ws,1
147,0,710010089,2010-01-01,2012-05-02,1.0,400.0,2012-04-01,bdm,0
1345,0,710010089,2012-05-02,2014-05-02,1.0,400.0,2012-04-01,ws,1
3802,0,710010089,2014-05-02,2016-05-02,1.0,411.0,2014-04-01,ws,1
6386,0,710010089,2016-05-02,2018-05-02,1.0,411.0,2016-04-01,ws,1
9013,0,710010089,2018-05-02,2019-11-02,1.0,411.0,2018-04-01,ws,1
11523,0,710010089,2019-11-02,2020-05-02,1.0,419.0,2019-10-01,ws,1
14156,0,710010089,2020-05-02,2022-05-02,1.0,419.0,2020-04-01,ws,1
20822,0,710010089,2022-05-02,2024-07-02,1.0,419.0,2022-04-01,ws,1
24906,0,710010089,2024-07-02,2025-06-30,1.0,419.0,2024-06-01,ws,1
148,0,710010090,2010-01-01,2012-05-02,1.0,400.0,2012-04-01,bdm,0
1346,0,710010090,2012-05-02,2014-05-02,1.0,400.0,2012-04-01,ws,1
3803,0,710010090,2014-05-02,2016-05-02,1.0,411.0,2014-04-01,ws,1
6387,0,710010090,2016-05-02,2018-05-02,1.0,406.0,2016-04-01,ws,1
9014,0,710010090,2018-05-02,2019-11-02,1.0,406.0,2018-04-01,ws,1
11524,0,710010090,2019-11-02,2020-05-02,1.0,414.0,2019-10-01,ws,1
14157,0,710010090,2020-05-02,2022-05-02,1.0,414.0,2020-04-01,ws,1
20823,0,710010090,2022-05-02,2024-07-02,1.0,414.0,2022-04-01,ws,1
24907,0,710010090,2024-07-02,2025-06-30,1.0,414.0,2024-06-01,ws,1
149,0,710010091,2010-01-01,2012-05-02,1.0,90.0,2012-04-01,bdm,0
1347,0,710010091,2012-05-02,2014-05-02,1.0,90.0,2012-04-01,ws,1
3804,0,710010091,2014-05-02,2016-05-02,1.0,92.0,2014-04-01,ws,1
6388,0,710010091,2016-05-02,2018-05-02,1.0,92.0,2016-04-01,ws,1
9015,0,710010091,2018-05-02,2019-11-02,1.0,92.0,2018-04-01,ws,1
11525,0,710010091,2019-11-02,2020-05-02,1.0,94.0,2019-10-01,ws,1
14158,0,710010091,2020-05-02,2022-05-02,1.0,94.0,2020-04-01,ws,1
20824,0,710010091,2022-05-02,2024-07-02,1.0,94.0,2022-04-01,ws,1
24908,0,710010091,2024-07-02,2025-06-30,1.0,94.0,2024-06-01,ws,1
150,0,710010092,2010-01-01,2012-05-02,1.0,140.0,2012-04-01,bdm,0
1348,0,710010092,2012-05-02,2014-05-02,1.0,140.0,2012-04-01,ws,1
3805,0,710010092,2014-05-02,2016-05-02,1.0,144.0,2014-04-01,ws,1
6389,0,710010092,2016-05-02,2018-05-02,1.0,144.0,2016-04-01,ws,1
9016,0,710010092,2018-05-02,2019-11-02,1.0,144.0,2018-04-01,ws,1
11526,0,710010092,2019-11-02,2020-05-02,1.0,147.0,2019-10-01,ws,1
14159,0,710010092,2020-05-02,2022-05-02,1.0,147.0,2020-04-01,ws,1
20825,0,710010092,2022-05-02,2024-07-02,1.0,147.0,2022-04-01,ws,1
24909,0,710010092,2024-07-02,2025-06-30,1.0,147.0,2024-06-01,ws,1
151,0,710010093,2010-01-01,2012-05-02,1.0,15.0,2012-04-01,bdm,0
1349,0,710010093,2012-05-02,2014-05-02,1.0,15.0,2012-04-01,ws,1
3806,0,710010093,2014-05-02,2016-05-02,1.0,15.0,2014-04-01,ws,1
6390,0,710010093,2016-05-02,2018-05-02,1.0,15.0,2016-04-01,ws,1
9017,0,710010093,2018-05-02,2019-11-02,1.0,17.0,2018-04-01,ws,1
11527,0,710010093,2019-11-02,2020-05-02,1.0,17.0,2019-10-01,ws,1
14160,0,710010093,2020-05-02,2022-05-02,1.0,17.0,2020-04-01,ws,1
20826,0,710010093,2022-05-02,2024-07-02,1.0,17.0,2022-04-01,ws,1
24910,0,710010093,2024-07-02,2025-06-30,1.0,17.0,2024-06-01,ws,1
152,0,710010094,2010-01-01,2012-05-02,1.0,17.0,2012-04-01,bdm,0
1350,0,710010094,2012-05-02,2014-05-02,1.0,17.0,2012-04-01,ws,1
3807,0,710010094,2014-05-02,2016-05-02,1.0,17.0,2014-04-01,ws,1
6391,0,710010094,2016-05-02,2018-05-02,1.0,17.0,2016-04-01,ws,1
7653,9,710010094,2018-05-02,2025-06-30,,0.0,2018-04-01,aes,2
153,0,710010095,2010-01-01,2012-05-02,1.0,18.0,2012-04-01,bdm,0
1351,0,710010095,2012-05-02,2014-05-02,1.0,18.0,2012-04-01,ws,1
3808,0,710010095,2014-05-02,2016-05-02,1.0,18.0,2014-04-01,ws,1
6392,0,710010095,2016-05-02,2018-05-02,1.0,18.0,2016-04-01,ws,1
9018,0,710010095,2018-05-02,2019-11-02,1.0,18.0,2018-04-01,ws,1
11528,0,710010095,2019-11-02,2020-05-02,1.0,18.0,2019-10-01,ws,1
14161,0,710010095,2020-05-02,2022-05-02,1.0,18.0,2020-04-01,ws,1
20827,0,710010095,2022-05-02,2024-07-02,1.0,18.0,2022-04-01,ws,1
24911,0,710010095,2024-07-02,2025-06-30,1.0,18.0,2024-06-01,ws,1
154,5,710010096,2010-01-01,2012-05-02,1.0,3590.0,2012-04-01,bdm,0
1352,0,710010096,2012-05-02,2014-05-02,1.0,3590.0,2012-04-01,ws,1
3809,0,710010096,2014-05-02,2016-05-02,1.0,3550.0,2014-04-01,ws,1
6393,0,710010096,2016-05-02,2018-05-02,1.0,3420.0,2016-04-01,ws,1
9019,0,710010096,2018-05-02,2019-11-02,1.0,3210.0,2018-04-01,ws,1
11529,0,710010096,2019-11-02,2020-05-02,1.0,3180.0,2019-10-01,ws,1
14162,0,710010096,2020-05-02,2022-05-02,1.0,3150.0,2020-04-01,ws,1
20828,0,710010096,2022-05-02,2024-07-02,1.0,3090.0,2022-04-01,ws,1
24912,0,710010096,2024-07-02,2025-06-30,1.0,3080.0,2024-06-01,ws,1
155,5,710010097,2010-01-01,2012-05-02,1.0,87.0,2012-04-01,bdm,0
1353,0,710010097,2012-05-02,2014-05-02,1.0,87.0,2012-04-01,ws,1
3810,0,710010097,2014-05-02,2016-05-02,1.0,89.0,2014-04-01,ws,1
6394,0,710010097,2016-05-02,2018-05-02,1.0,89.0,2016-04-01,ws,1
9020,0,710010097,2018-05-02,2019-11-02,1.0,89.0,2018-04-01,ws,1
11530,0,710010097,2019-11-02,2020-05-02,1.0,91.0,2019-10-01,ws,1
12780,9,710010097,2020-05-02,2025-06-30,,0.0,2020-04-01,aes,2
156,5,710010098,2010-01-01,2012-05-02,1.0,100.0,2012-04-01,bdm,0
1354,0,710010098,2012-05-02,2014-05-02,1.0,100.0,2012-04-01,ws,1
3811,0,710010098,2014-05-02,2016-05-02,1.0,98.0,2014-04-01,ws,1
6395,0,710010098,2016-05-02,2018-05-02,1.0,95.0,2016-04-01,ws,1
9021,0,710010098,2018-05-02,2019-11-02,1.0,95.0,2018-04-01,ws,1
11531,0,710010098,2019-11-02,2020-05-02,1.0,96.0,2019-10-01,ws,1
12781,9,710010098,2020-05-02,2025-06-30,,0.0,2020-04-01,aes,2
157,5,710010099,2010-01-01,2012-05-02,1.0,1670.0,2012-04-01,bdm,0
1355,0,710010099,2012-05-02,2014-05-02,1.0,1670.0,2012-04-01,ws,1
3812,0,710010099,2014-05-02,2016-05-02,1.0,1660.0,2014-04-01,ws,1
6396,0,710010099,2016-05-02,2018-05-02,1.0,1660.0,2016-04-01,ws,1
9022,0,710010099,2018-05-02,2019-11-02,1.0,1820.0,2018-04-01,ws,1
11532,0,710010099,2019-11-02,2020-05-02,1.0,1790.0,2019-10-01,ws,1
14163,0,710010099,2020-05-02,2022-05-02,1.0,1790.0,2020-04-01,ws,1
20829,0,710010099,2022-05-02,2024-07-02,1.0,1790.0,2022-04-01,ws,1
24913,0,710010099,2024-07-02,2025-06-30,1.0,1790.0,2024-06-01,ws,1
158,0,710010100,2010-01-01,2012-05-02,1.0,1910.0,2012-04-01,bdm,0
1356,0,710010100,2012-05-02,2014-05-02,1.0,1910.0,2012-04-01,ws,1
3813,0,710010100,2014-05-02,2016-05-02,1.0,1930.0,2014-04-01,ws,1
6397,0,710010100,2016-05-02,2018-05-02,1.0,1930.0,2016-04-01,ws,1
7659,9,710010100,2018-05-02,2025-06-30,,0.0,2018-04-01,aes,2
159,5,710010101,2010-01-01,2012-05-02,1.0,2700.0,2012-04-01,bdm,0
1357,0,710010101,2012-05-02,2014-05-02,1.0,2700.0,2012-04-01,ws,1
3814,0,710010101,2014-05-02,2016-05-02,1.0,2720.0,2014-04-01,ws,1
6398,0,710010101,2016-05-02,2018-05-02,1.0,2720.0,2016-04-01,ws,1
9023,0,710010101,2018-05-02,2019-11-02,1.0,7080.0,2018-04-01,ws,1
11533,0,710010101,2019-11-02,2020-05-02,1.0,7210.0,2019-10-01,ws,1
14164,0,710010101,2020-05-02,2022-05-02,1.0,7210.0,2020-04-01,ws,1
20830,0,710010101,2022-05-02,2024-07-02,1.0,7210.0,2022-04-01,ws,1
24914,0,710010101,2024-07-02,2025-06-30,1.0,7210.0,2024-06-01,ws,1
160,5,710010102,2010-01-01,2012-05-02,1.0,7080.0,2012-04-01,bdm,0
1358,0,710010102,2012-05-02,2014-05-02,1.0,7080.0,2012-04-01,ws,1
3815,0,710010102,2014-05-02,2016-05-02,1.0,7190.0,2014-04-01,ws,1
6399,0,710010102,2016-05-02,2018-05-02,1.0,7190.0,2016-04-01,ws,1
7661,9,710010102,2018-05-02,2025-06-30,,0.0,2018-04-01,aes,2
161,5,710010103,2010-01-01,2012-05-02,1.0,2190.0,2012-04-01,bdm,0
1359,0,710010103,2012-05-02,2014-05-02,1.0,2190.0,2012-04-01,ws,1
3816,0,710010103,2014-05-02,2016-05-02,1.0,2250.0,2014-04-01,ws,1
6400,0,710010103,2016-05-02,2018-05-02,1.0,2250.0,2016-04-01,ws,1
9024,0,710010103,2018-05-02,2019-11-02,1.0,2250.0,2018-04-01,ws,1
11534,0,710010103,2019-11-02,2020-05-02,1.0,2290.0,2019-10-01,ws,1
14165,0,710010103,2020-05-02,2022-05-02,1.0,2290.0,2020-04-01,ws,1
20831,0,710010103,2022-05-02,2024-07-02,1.0,2290.0,2022-04-01,ws,1
24915,0,710010103,2024-07-02,2025-06-30,1.0,2290.0,2024-06-01,ws,1
162,5,710010104,2010-01-01,2012-05-02,1.0,7150.0,2012-04-01,bdm,0
1360,0,710010104,2012-05-02,2014-05-02,1.0,7150.0,2012-04-01,ws,1
3817,0,710010104,2014-05-02,2016-05-02,1.0,7350.0,2014-04-01,ws,1
6401,0,710010104,2016-05-02,2018-05-02,1.0,7350.0,2016-04-01,ws,1
9025,0,710010104,2018-05-02,2019-11-02,1.0,7350.0,2018-04-01,ws,1
11535,0,710010104,2019-11-02,2020-05-02,1.0,7490.0,2019-10-01,ws,1
14166,0,710010104,2020-05-02,2022-05-02,1.0,7490.0,2020-04-01,ws,1
20832,0,710010104,2022-05-02,2024-07-02,1.0,7490.0,2022-04-01,ws,1
24916,0,710010104,2024-07-02,2025-06-30,1.0,7490.0,2024-06-01,ws,1
163,5,710010105,2010-01-01,2012-05-02,1.0,19100.0,2012-04-01,bdm,0
1361,0,710010105,2012-05-02,2014-05-02,1.0,19100.0,2012-04-01,ws,1
3818,0,710010105,2014-05-02,2016-05-02,1.0,19600.0,2014-04-01,ws,1
6402,0,710010105,2016-05-02,2018-05-02,1.0,19600.0,2016-04-01,ws,1
9026,0,710010105,2018-05-02,2019-11-02,1.0,19600.0,2018-04-01,ws,1
11536,0,710010105,2019-11-02,2020-05-02,1.0,20000.0,2019-10-01,ws,1
14167,0,710010105,2020-05-02,2022-05-02,1.0,20000.0,2020-04-01,ws,1
20833,0,710010105,2022-05-02,2024-07-02,1.0,20000.0,2022-04-01,ws,1
24917,0,710010105,2024-07-02,2025-06-30,1.0,20000.0,2024-06-01,ws,1
164,5,710010106,2010-01-01,2012-05-02,1.0,36100.0,2012-04-01,bdm,0
1362,0,710010106,2012-05-02,2014-05-02,1.0,36100.0,2012-04-01,ws,1
3819,0,710010106,2014-05-02,2016-05-02,1.0,36200.0,2014-04-01,ws,1
6403,0,710010106,2016-05-02,2018-05-02,1.0,36000.0,2016-04-01,ws,1
9027,0,710010106,2018-05-02,2019-11-02,1.0,34900.0,2018-04-01,ws,1
11537,0,710010106,2019-11-02,2020-05-02,1.0,35500.0,2019-10-01,ws,1
14168,0,710010106,2020-05-02,2022-05-02,1.0,35200.0,2020-04-01,ws,1
20834,0,710010106,2022-05-02,2024-07-02,1.0,35200.0,2022-04-01,ws,1
24918,0,710010106,2024-07-02,2025-06-30,1.0,35100.0,2024-06-01,ws,1
165,5,710010107,2010-01-01,2012-05-02,1.0,6100.0,2012-04-01,bdm,0
1363,0,710010107,2012-05-02,2014-05-02,1.0,6100.0,2012-04-01,ws,1
3820,0,710010107,2014-05-02,2016-05-02,1.0,6270.0,2014-04-01,ws,1
6404,0,710010107,2016-05-02,2018-05-02,1.0,6270.0,2016-04-01,ws,1
9028,0,710010107,2018-05-02,2019-11-02,1.0,6270.0,2018-04-01,ws,1
11538,0,710010107,2019-11-02,2020-05-02,1.0,6390.0,2019-10-01,ws,1
14169,0,710010107,2020-05-02,2022-05-02,1.0,6390.0,2020-04-01,ws,1
20835,0,710010107,2022-05-02,2024-07-02,1.0,6390.0,2022-04-01,ws,1
24919,0,710010107,2024-07-02,2025-06-30,1.0,6390.0,2024-06-01,ws,1
166,5,710010108,2010-01-01,2012-05-02,1.0,14700.0,2012-04-01,bdm,0
1364,0,710010108,2012-05-02,2014-05-02,1.0,14700.0,2012-04-01,ws,1
3821,0,710010108,2014-05-02,2016-05-02,1.0,14200.0,2014-04-01,ws,1
6405,0,710010108,2016-05-02,2018-05-02,1.0,13500.0,2016-04-01,ws,1
9029,0,710010108,2018-05-02,2019-11-02,1.0,13500.0,2018-04-01,ws,1
11539,0,710010108,2019-11-02,2020-05-02,1.0,13700.0,2019-10-01,ws,1
14170,0,710010108,2020-05-02,2022-05-02,1.0,13200.0,2020-04-01,ws,1
20836,0,710010108,2022-05-02,2024-07-02,1.0,12400.0,2022-04-01,ws,1
24920,0,710010108,2024-07-02,2025-06-30,1.0,12400.0,2024-06-01,ws,1
167,0,710010109,2010-01-01,2012-05-02,1.0,45800.0,2012-04-01,bdm,0
1365,0,710010109,2012-05-02,2014-05-02,1.0,45800.0,2012-04-01,ws,1
3822,0,710010109,2014-05-02,2016-05-02,1.0,47100.0,2014-04-01,ws,1
6406,0,710010109,2016-05-02,2018-05-02,1.0,47100.0,2016-04-01,ws,1
9030,0,710010109,2018-05-02,2019-11-02,1.0,47100.0,2018-04-01,ws,1
11540,0,710010109,2019-11-02,2020-05-02,1.0,48000.0,2019-10-01,ws,1
12790,9,710010109,2020-05-02,2025-06-30,,0.0,2020-04-01,aes,2
168,5,710010110,2010-01-01,2012-05-02,1.0,18300.0,2012-04-01,bdm,0
1366,0,710010110,2012-05-02,2014-05-02,1.0,18300.0,2012-04-01,ws,1
3823,0,710010110,2014-05-02,2016-05-02,1.0,17500.0,2014-04-01,ws,1
6407,0,710010110,2016-05-02,2018-05-02,1.0,16500.0,2016-04-01,ws,1
9031,0,710010110,2018-05-02,2019-11-02,1.0,15500.0,2018-04-01,ws,1
11541,0,710010110,2019-11-02,2020-05-02,1.0,15100.0,2019-10-01,ws,1
14171,0,710010110,2020-05-02,2022-05-02,1.0,15000.0,2020-04-01,ws,1
20837,0,710010110,2022-05-02,2024-07-02,1.0,14600.0,2022-04-01,ws,1
24921,0,710010110,2024-07-02,2025-06-30,1.0,14600.0,2024-06-01,ws,1
169,5,710010111,2010-01-01,2012-05-02,1.0,14300.0,2012-04-01,bdm,0
1367,0,710010111,2012-05-02,2014-05-02,1.0,14300.0,2012-04-01,ws,1
3824,0,710010111,2014-05-02,2016-05-02,1.0,13800.0,2014-04-01,ws,1
6408,0,710010111,2016-05-02,2018-05-02,1.0,13300.0,2016-04-01,ws,1
9032,0,710010111,2018-05-02,2019-11-02,1.0,13300.0,2018-04-01,ws,1
11542,0,710010111,2019-11-02,2020-05-02,1.0,12900.0,2019-10-01,ws,1
14172,0,710010111,2020-05-02,2022-05-02,1.0,12900.0,2020-04-01,ws,1
20838,0,710010111,2022-05-02,2024-07-02,1.0,12000.0,2022-04-01,ws,1
24922,0,710010111,2024-07-02,2025-06-30,1.0,12000.0,2024-06-01,ws,1
170,5,710010112,2010-01-01,2012-05-02,1.0,14900.0,2012-04-01,bdm,0
170,5,710010112,2012-05-02,2013-02-02,1.0,14900.0,2012-04-01,ws,1
1368,0,710010112,2013-02-02,2014-05-02,1.0,14900.0,2013-01-01,ws,1
3825,0,710010112,2014-05-02,2016-05-02,1.0,15000.0,2014-04-01,ws,1
6409,0,710010112,2016-05-02,2018-05-02,1.0,14400.0,2016-04-01,ws,1
9033,0,710010112,2018-05-02,2019-11-02,1.0,14400.0,2018-04-01,ws,1
11543,0,710010112,2019-11-02,2020-05-02,1.0,14300.0,2019-10-01,ws,1
14173,0,710010112,2020-05-02,2022-05-02,1.0,14300.0,2020-04-01,ws,1
20839,0,710010112,2022-05-02,2024-07-02,1.0,14000.0,2022-04-01,ws,1
24923,0,710010112,2024-07-02,2025-06-30,1.0,14000.0,2024-06-01,ws,1
171,0,710010113,2010-01-01,2012-05-02,2.0,0.0,2012-04-01,bdm,0
1369,0,710010113,2012-05-02,2014-05-02,2.0,0.0,2012-04-01,ws,1
3826,0,710010113,2014-05-02,2016-05-02,2.0,0.0,2014-04-01,ws,1
6410,0,710010113,2016-05-02,2018-05-02,2.0,0.0,2016-04-01,ws,1
9034,0,710010113,2018-05-02,2019-11-02,2.0,0.0,2018-04-01,ws,1
11544,0,710010113,2019-11-02,2020-05-02,2.0,0.0,2019-10-01,ws,1
14174,0,710010113,2020-05-02,2022-05-02,2.0,0.0,2020-04-01,ws,1
20840,0,710010113,2022-05-02,2024-07-02,2.0,0.0,2022-04-01,ws,1
24924,0,710010113,2024-07-02,2025-06-30,2.0,0.0,2024-06-01,ws,1
172,5,710010114,2010-01-01,2012-05-02,1.0,818000.0,2012-04-01,bdm,0
1370,0,710010114,2012-05-02,2014-05-02,1.0,818000.0,2012-04-01,ws,1
3827,0,710010114,2014-05-02,2016-05-02,1.0,800000.0,2014-04-01,ws,1
6411,0,710010114,2016-05-02,2018-05-02,1.0,785000.0,2016-04-01,ws,1
9035,0,710010114,2018-05-02,2019-11-02,1.0,776000.0,2018-04-01,ws,1
11545,0,710010114,2019-11-02,2020-05-02,1.0,773000.0,2019-10-01,ws,1
14175,0,710010114,2020-05-02,2022-05-02,1.0,773000.0,2020-04-01,ws,1
20841,0,710010114,2022-05-02,2024-07-02,1.0,762000.0,2022-04-01,ws,1
24925,0,710010114,2024-07-02,2025-06-30,1.0,762000.0,2024-06-01,ws,1
173,5,710010115,2010-01-01,2012-05-02,1.0,924000.0,2012-04-01,bdm,0
1371,0,710010115,2012-05-02,2014-05-02,1.0,924000.0,2012-04-01,ws,1
3828,0,710010115,2014-05-02,2016-05-02,1.0,894000.0,2014-04-01,ws,1
6412,0,710010115,2016-05-02,2018-05-02,1.0,873000.0,2016-04-01,ws,1
9036,0,710010115,2018-05-02,2019-11-02,1.0,842000.0,2018-04-01,ws,1
11546,0,710010115,2019-11-02,2020-05-02,1.0,847000.0,2019-10-01,ws,1
14176,0,710010115,2020-05-02,2022-05-02,1.0,847000.0,2020-04-01,ws,1
20842,0,710010115,2022-05-02,2024-07-02,1.0,830000.0,2022-04-01,ws,1
24926,0,710010115,2024-07-02,2025-06-30,1.0,830000.0,2024-06-01,ws,1
174,5,710010116,2010-01-01,2012-05-02,1.0,947000.0,2012-04-01,bdm,0
1372,0,710010116,2012-05-02,2014-05-02,1.0,947000.0,2012-04-01,ws,1
3829,0,710010116,2014-05-02,2016-05-02,1.0,895000.0,2014-04-01,ws,1
6413,0,710010116,2016-05-02,2018-05-02,1.0,862000.0,2016-04-01,ws,1
7675,9,710010116,2018-05-02,2025-06-30,,0.0,2018-04-01,aes,2
175,5,710010117,2010-01-01,2012-05-02,1.0,33700.0,2012-04-01,bdm,0
1373,0,710010117,2012-05-02,2014-05-02,1.0,33700.0,2012-04-01,ws,1
3830,0,710010117,2014-05-02,2016-05-02,1.0,33900.0,2014-04-01,ws,1
6414,0,710010117,2016-05-02,2018-05-02,1.0,33700.0,2016-04-01,ws,1
9037,0,710010117,2018-05-02,2019-11-02,1.0,32700.0,2018-04-01,ws,1
11547,0,710010117,2019-11-02,2020-05-02,1.0,33000.0,2019-10-01,ws,1
14177,0,710010117,2020-05-02,2022-05-02,1.0,33000.0,2020-04-01,ws,1
20843,0,710010117,2022-05-02,2024-07-02,1.0,33000.0,2022-04-01,ws,1
24927,0,710010117,2024-07-02,2025-06-30,1.0,33000.0,2024-06-01,ws,1
176,5,710010118,2010-01-01,2012-05-02,1.0,38200.0,2012-04-01,bdm,0
1374,0,710010118,2012-05-02,2014-05-02,1.0,38200.0,2012-04-01,ws,1
3831,0,710010118,2014-05-02,2016-05-02,1.0,38600.0,2014-04-01,ws,1
6415,0,710010118,2016-05-02,2018-05-02,1.0,38500.0,2016-04-01,ws,1
9038,0,710010118,2018-05-02,2019-11-02,1.0,37900.0,2018-04-01,ws,1
11548,0,710010118,2019-11-02,2020-05-02,1.0,38300.0,2019-10-01,ws,1
14178,0,710010118,2020-05-02,2022-05-02,1.0,38200.0,2020-04-01,ws,1
20844,0,710010118,2022-05-02,2024-07-02,1.0,38200.0,2022-04-01,ws,1
24928,0,710010118,2024-07-02,2025-06-30,1.0,38200.0,2024-06-01,ws,1
177,5,710010119,2010-01-01,2012-05-02,1.0,53500.0,2012-04-01,bdm,0
1375,0,710010119,2012-05-02,2014-05-02,1.0,53500.0,2012-04-01,ws,1
3832,0,710010119,2014-05-02,2016-05-02,1.0,54100.0,2014-04-01,ws,1
6416,0,710010119,2016-05-02,2018-05-02,1.0,53900.0,2016-04-01,ws,1
9039,0,710010119,2018-05-02,2019-11-02,1.0,53600.0,2018-04-01,ws,1
11549,0,710010119,2019-11-02,2020-05-02,1.0,54200.0,2019-10-01,ws,1
14179,0,710010119,2020-05-02,2022-05-02,1.0,54200.0,2020-04-01,ws,1
20845,0,710010119,2022-05-02,2024-07-02,1.0,54200.0,2022-04-01,ws,1
24929,0,710010119,2024-07-02,2025-06-30,1.0,54200.0,2024-06-01,ws,1
178,5,710010120,2010-01-01,2012-05-02,1.0,18600.0,2012-04-01,bdm,0
1376,0,710010120,2012-05-02,2014-05-02,1.0,18600.0,2012-04-01,ws,1
3833,0,710010120,2014-05-02,2016-05-02,1.0,17900.0,2014-04-01,ws,1
6417,0,710010120,2016-05-02,2018-05-02,1.0,17000.0,2016-04-01,ws,1
9040,0,710010120,2018-05-02,2019-11-02,1.0,16900.0,2018-04-01,ws,1
11550,0,710010120,2019-11-02,2020-05-02,1.0,17000.0,2019-10-01,ws,1
14180,0,710010120,2020-05-02,2022-05-02,1.0,17000.0,2020-04-01,ws,1
20846,0,710010120,2022-05-02,2024-07-02,1.0,16700.0,2022-04-01,ws,1
24930,0,710010120,2024-07-02,2025-06-30,1.0,16700.0,2024-06-01,ws,1
179,5,710010121,2010-01-01,2012-05-02,1.0,42200.0,2012-04-01,bdm,0
1377,0,710010121,2012-05-02,2014-05-02,1.0,42200.0,2012-04-01,ws,1
3834,0,710010121,2014-05-02,2016-05-02,1.0,41000.0,2014-04-01,ws,1
6418,0,710010121,2016-05-02,2018-05-02,1.0,39800.0,2016-04-01,ws,1
9041,0,710010121,2018-05-02,2019-11-02,1.0,38900.0,2018-04-01,ws,1
11551,0,710010121,2019-11-02,2020-05-02,1.0,39500.0,2019-10-01,ws,1
14181,0,710010121,2020-05-02,2022-05-02,1.0,39500.0,2020-04-01,ws,1
20847,0,710010121,2022-05-02,2024-07-02,1.0,39500.0,2022-04-01,ws,1
24931,0,710010121,2024-07-02,2025-06-30,1.0,39500.0,2024-06-01,ws,1
180,5,710010122,2010-01-01,2012-05-02,1.0,3610.0,2012-04-01,bdm,0
1378,0,710010122,2012-05-02,2014-05-02,1.0,3610.0,2012-04-01,ws,1
3835,0,710010122,2014-05-02,2016-05-02,1.0,3390.0,2014-04-01,ws,1
6419,0,710010122,2016-05-02,2018-05-02,1.0,3170.0,2016-04-01,ws,1
9042,0,710010122,2018-05-02,2019-11-02,1.0,3010.0,2018-04-01,ws,1
11552,0,710010122,2019-11-02,2020-05-02,1.0,2970.0,2019-10-01,ws,1
14182,0,710010122,2020-05-02,2022-05-02,1.0,2930.0,2020-04-01,ws,1
20848,0,710010122,2022-05-02,2024-07-02,1.0,2930.0,2022-04-01,ws,1
24932,0,710010122,2024-07-02,2025-06-30,1.0,2930.0,2024-06-01,ws,1
181,5,710010123,2010-01-01,2012-05-02,1.0,13900.0,2012-04-01,bdm,0
1379,0,710010123,2012-05-02,2014-05-02,1.0,13900.0,2012-04-01,ws,1
3836,0,710010123,2014-05-02,2016-05-02,1.0,13300.0,2014-04-01,ws,1
6420,0,710010123,2016-05-02,2018-05-02,1.0,12700.0,2016-04-01,ws,1
9043,0,710010123,2018-05-02,2019-11-02,1.0,12000.0,2018-04-01,ws,1
11553,0,710010123,2019-11-02,2020-05-02,1.0,11800.0,2019-10-01,ws,1
14183,0,710010123,2020-05-02,2022-05-02,1.0,11700.0,2020-04-01,ws,1
20849,0,710010123,2022-05-02,2024-07-02,1.0,11700.0,2022-04-01,ws,1
24933,0,710010123,2024-07-02,2025-06-30,1.0,11700.0,2024-06-01,ws,1
182,5,710010124,2010-01-01,2012-05-02,1.0,81900.0,2012-04-01,bdm,0
1380,0,710010124,2012-05-02,2014-05-02,1.0,81900.0,2012-04-01,ws,1
3837,0,710010124,2014-05-02,2016-05-02,1.0,75600.0,2014-04-01,ws,1
6421,0,710010124,2016-05-02,2018-05-02,1.0,69500.0,2016-04-01,ws,1
9044,0,710010124,2018-05-02,2019-11-02,1.0,64200.0,2018-04-01,ws,1
11554,0,710010124,2019-11-02,2020-05-02,1.0,62800.0,2019-10-01,ws,1
14184,0,710010124,2020-05-02,2022-05-02,1.0,60800.0,2020-04-01,ws,1
20850,0,710010124,2022-05-02,2024-07-02,1.0,58200.0,2022-04-01,ws,1
24934,0,710010124,2024-07-02,2025-06-30,1.0,55600.0,2024-06-01,ws,1
183,5,710010125,2010-01-01,2012-05-02,1.0,69500.0,2012-04-01,bdm,0
183,5,710010125,2012-05-02,2013-11-02,1.0,69500.0,2012-04-01,ws,1
1381,0,710010125,2013-11-02,2014-05-02,1.0,69500.0,2013-10-01,ws,1
3838,0,710010125,2014-05-02,2016-05-02,1.0,65600.0,2014-04-01,ws,1
6422,0,710010125,2016-05-02,2018-05-02,1.0,62200.0,2016-04-01,ws,1
9045,0,710010125,2018-05-02,2019-11-02,1.0,61400.0,2018-04-01,ws,1
11555,0,710010125,2019-11-02,2020-05-02,1.0,62300.0,2019-10-01,ws,1
14185,0,710010125,2020-05-02,2022-05-02,1.0,62300.0,2020-04-01,ws,1
20851,0,710010125,2022-05-02,2024-07-02,1.0,62300.0,2022-04-01,ws,1
24935,0,710010125,2024-07-02,2025-06-30,1.0,62300.0,2024-06-01,ws,1
184,5,710010126,2010-01-01,2012-05-02,1.0,113000.0,2012-04-01,bdm,0
1382,0,710010126,2012-05-02,2014-05-02,1.0,113000.0,2012-04-01,ws,1
3839,0,710010126,2014-05-02,2016-05-02,1.0,116000.0,2014-04-01,ws,1
6423,0,710010126,2016-05-02,2018-05-02,1.0,113000.0,2016-04-01,ws,1
9046,0,710010126,2018-05-02,2019-11-02,1.0,113000.0,2018-04-01,ws,1
11556,0,710010126,2019-11-02,2020-05-02,1.0,115000.0,2019-10-01,ws,1
14186,0,710010126,2020-05-02,2022-05-02,1.0,115000.0,2020-04-01,ws,1
20852,0,710010126,2022-05-02,2024-07-02,1.0,115000.0,2022-04-01,ws,1
24936,0,710010126,2024-07-02,2025-06-30,1.0,115000.0,2024-06-01,ws,1
185,0,710010127,2010-01-01,2012-05-02,1.0,118000.0,2012-04-01,bdm,0
1383,0,710010127,2012-05-02,2014-05-02,1.0,118000.0,2012-04-01,ws,1
3840,0,710010127,2014-05-02,2016-05-02,1.0,119000.0,2014-04-01,ws,1
6424,0,710010127,2016-05-02,2018-05-02,1.0,118000.0,2016-04-01,ws,1
9047,0,710010127,2018-05-02,2019-11-02,1.0,114000.0,2018-04-01,ws,1
11557,0,710010127,2019-11-02,2020-05-02,1.0,116000.0,2019-10-01,ws,1
14187,0,710010127,2020-05-02,2022-05-02,1.0,116000.0,2020-04-01,ws,1
20853,0,710010127,2022-05-02,2024-07-02,1.0,116000.0,2022-04-01,ws,1
24937,0,710010127,2024-07-02,2025-06-30,1.0,116000.0,2024-06-01,ws,1
186,5,710010128,2010-01-01,2012-05-02,1.0,175000.0,2012-04-01,bdm,0
1384,0,710010128,2012-05-02,2014-05-02,1.0,175000.0,2012-04-01,ws,1
3841,0,710010128,2014-05-02,2016-05-02,1.0,173000.0,2014-04-01,ws,1
6425,0,710010128,2016-05-02,2018-05-02,1.0,173000.0,2016-04-01,ws,1
9048,0,710010128,2018-05-02,2019-11-02,1.0,173000.0,2018-04-01,ws,1
11558,0,710010128,2019-11-02,2020-05-02,1.0,176000.0,2019-10-01,ws,1
14188,0,710010128,2020-05-02,2022-05-02,1.0,176000.0,2020-04-01,ws,1
20854,0,710010128,2022-05-02,2024-07-02,1.0,176000.0,2022-04-01,ws,1
24938,0,710010128,2024-07-02,2025-06-30,1.0,176000.0,2024-06-01,ws,1
187,5,710010129,2010-01-01,2012-05-02,1.0,17500.0,2012-04-01,bdm,0
1385,0,710010129,2012-05-02,2014-05-02,1.0,17500.0,2012-04-01,ws,1
3842,0,710010129,2014-05-02,2016-05-02,1.0,17200.0,2014-04-01,ws,1
6426,0,710010129,2016-05-02,2018-05-02,1.0,16800.0,2016-04-01,ws,1
9049,0,710010129,2018-05-02,2019-11-02,1.0,16100.0,2018-04-01,ws,1
11559,0,710010129,2019-11-02,2020-05-02,1.0,16400.0,2019-10-01,ws,1
14189,0,710010129,2020-05-02,2022-05-02,1.0,16300.0,2020-04-01,ws,1
20855,0,710010129,2022-05-02,2024-07-02,1.0,16100.0,2022-04-01,ws,1
24939,0,710010129,2024-07-02,2025-06-30,1.0,16100.0,2024-06-01,ws,1
188,5,710010130,2010-01-01,2012-05-02,1.0,29600.0,2012-04-01,bdm,0
1386,0,710010130,2012-05-02,2014-05-02,1.0,29600.0,2012-04-01,ws,1
3843,0,710010130,2014-05-02,2016-05-02,1.0,30200.0,2014-04-01,ws,1
6427,0,710010130,2016-05-02,2018-05-02,1.0,30100.0,2016-04-01,ws,1
9050,0,710010130,2018-05-02,2019-11-02,1.0,30100.0,2018-04-01,ws,1
11560,0,710010130,2019-11-02,2020-05-02,1.0,30700.0,2019-10-01,ws,1
14190,0,710010130,2020-05-02,2022-05-02,1.0,30700.0,2020-04-01,ws,1
20856,0,710010130,2022-05-02,2024-07-02,1.0,30700.0,2022-04-01,ws,1
24940,0,710010130,2024-07-02,2025-06-30,1.0,30700.0,2024-06-01,ws,1
189,5,710010131,2010-01-01,2012-05-02,1.0,17.0,2012-04-01,bdm,0
1387,0,710010131,2012-05-02,2014-05-02,1.0,17.0,2012-04-01,ws,1
3844,0,710010131,2014-05-02,2016-05-02,1.0,17.0,2014-04-01,ws,1
6428,0,710010131,2016-05-02,2018-05-02,1.0,17.0,2016-04-01,ws,1
9051,0,710010131,2018-05-02,2019-11-02,1.0,16.0,2018-04-01,ws,1
11561,0,710010131,2019-11-02,2020-05-02,1.0,16.0,2019-10-01,ws,1
14191,0,710010131,2020-05-02,2022-05-02,1.0,16.0,2020-04-01,ws,1
20857,0,710010131,2022-05-02,2024-07-02,1.0,16.0,2022-04-01,ws,1
24941,0,710010131,2024-07-02,2025-06-30,1.0,16.0,2024-06-01,ws,1
190,5,710010132,2010-01-01,2012-05-02,1.0,58200.0,2012-04-01,bdm,0
190,5,710010132,2012-05-02,2013-02-02,1.0,58200.0,2012-04-01,ws,1
1049,5,710010132,2013-02-02,2013-05-02,,55000.0,2013-01-01,ws,1
1388,0,710010132,2013-05-02,2014-05-02,1.0,51800.0,2013-04-01,ws,1
2695,5,710010132,2014-05-02,2015-02-02,1.0,50600.0,2014-04-01,ws,1
2350,5,710010132,2015-02-02,2015-05-02,,45300.0,2015-01-01,ws,1
3845,0,710010132,2015-05-02,2016-05-02,1.0,40000.0,2015-04-01,ws,1
6429,0,710010132,2016-05-02,2018-05-02,1.0,40000.0,2016-04-01,ws,1
9052,0,710010132,2018-05-02,2019-11-02,1.0,40000.0,2018-04-01,ws,1
11562,0,710010132,2019-11-02,2020-05-02,1.0,40700.0,2019-10-01,ws,1
14192,0,710010132,2020-05-02,2022-05-02,1.0,40700.0,2020-04-01,ws,1
20858,0,710010132,2022-05-02,2024-07-02,1.0,40700.0,2022-04-01,ws,1
24942,0,710010132,2024-07-02,2025-06-30,1.0,40700.0,2024-06-01,ws,1
191,5,710010133,2010-01-01,2012-05-02,1.0,516.0,2012-04-01,bdm,0
1389,0,710010133,2012-05-02,2014-05-02,1.0,516.0,2012-04-01,ws,1
3846,0,710010133,2014-05-02,2016-05-02,1.0,496.0,2014-04-01,ws,1
6430,0,710010133,2016-05-02,2018-05-02,1.0,496.0,2016-04-01,ws,1
9053,0,710010133,2018-05-02,2019-11-02,1.0,496.0,2018-04-01,ws,1
11563,0,710010133,2019-11-02,2020-05-02,1.0,505.0,2019-10-01,ws,1
14193,0,710010133,2020-05-02,2022-05-02,1.0,505.0,2020-04-01,ws,1
20859,0,710010133,2022-05-02,2024-07-02,1.0,505.0,2022-04-01,ws,1
24943,0,710010133,2024-07-02,2025-06-30,1.0,505.0,2024-06-01,ws,1
192,5,710010135,2010-01-01,2012-05-02,1.0,3770.0,2012-04-01,bdm,0
1390,0,710010135,2012-05-02,2014-05-02,1.0,3770.0,2012-04-01,ws,1
3847,0,710010135,2014-05-02,2016-05-02,1.0,3870.0,2014-04-01,ws,1
6431,0,710010135,2016-05-02,2018-05-02,1.0,3870.0,2016-04-01,ws,1
9054,0,710010135,2018-05-02,2019-11-02,1.0,3850.0,2018-04-01,ws,1
11564,0,710010135,2019-11-02,2020-05-02,1.0,3900.0,2019-10-01,ws,1
14194,0,710010135,2020-05-02,2022-05-02,1.0,3850.0,2020-04-01,ws,1
20860,0,710010135,2022-05-02,2024-07-02,1.0,3850.0,2022-04-01,ws,1
24944,0,710010135,2024-07-02,2025-06-30,1.0,3850.0,2024-06-01,ws,1
193,5,710010136,2010-01-01,2012-05-02,1.0,7.0,2012-04-01,bdm,0
1391,0,710010136,2012-05-02,2014-05-02,1.0,7.0,2012-04-01,ws,1
3848,0,710010136,2014-05-02,2016-05-02,1.0,7.0,2014-04-01,ws,1
6432,0,710010136,2016-05-02,2018-05-02,1.0,6.0,2016-04-01,ws,1
9055,0,710010136,2018-05-02,2019-11-02,1.0,6.0,2018-04-01,ws,1
11565,0,710010136,2019-11-02,2020-05-02,1.0,6.0,2019-10-01,ws,1
14195,0,710010136,2020-05-02,2022-05-02,1.0,6.0,2020-04-01,ws,1
20861,0,710010136,2022-05-02,2024-07-02,1.0,6.0,2022-04-01,ws,1
24945,0,710010136,2024-07-02,2025-06-30,1.0,6.0,2024-06-01,ws,1
194,5,710010137,2010-01-01,2012-05-02,1.0,12.0,2012-04-01,bdm,0
1392,0,710010137,2012-05-02,2014-05-02,1.0,12.0,2012-04-01,ws,1
2699,5,710010137,2014-05-02,2015-02-02,1.0,12.0,2014-04-01,ws,1
2351,5,710010137,2015-02-02,2015-05-02,,11.0,2015-01-01,ws,1
3849,0,710010137,2015-05-02,2016-05-02,1.0,10.0,2015-04-01,ws,1
6433,0,710010137,2016-05-02,2018-05-02,1.0,10.0,2016-04-01,ws,1
9056,0,710010137,2018-05-02,2019-11-02,1.0,10.0,2018-04-01,ws,1
11566,0,710010137,2019-11-02,2020-05-02,1.0,10.0,2019-10-01,ws,1
14196,0,710010137,2020-05-02,2022-05-02,1.0,10.0,2020-04-01,ws,1
20862,0,710010137,2022-05-02,2024-07-02,1.0,10.0,2022-04-01,ws,1
24946,0,710010137,2024-07-02,2025-06-30,1.0,10.0,2024-06-01,ws,1
195,5,710010138,2010-01-01,2012-05-02,1.0,36.0,2012-04-01,bdm,0
1393,0,710010138,2012-05-02,2014-05-02,1.0,36.0,2012-04-01,ws,1
3850,0,710010138,2014-05-02,2016-05-02,1.0,37.0,2014-04-01,ws,1
6434,0,710010138,2016-05-02,2018-05-02,1.0,37.0,2016-04-01,ws,1
9057,0,710010138,2018-05-02,2019-11-02,1.0,37.0,2018-04-01,ws,1
11567,0,710010138,2019-11-02,2020-05-02,1.0,35.0,2019-10-01,ws,1
14197,0,710010138,2020-05-02,2022-05-02,1.0,35.0,2020-04-01,ws,1
20863,0,710010138,2022-05-02,2024-07-02,1.0,35.0,2022-04-01,ws,1
24947,0,710010138,2024-07-02,2025-06-30,1.0,35.0,2024-06-01,ws,1
196,0,710010139,2010-01-01,2012-05-02,1.0,25.0,2012-04-01,bdm,0
1394,0,710010139,2012-05-02,2014-05-02,1.0,25.0,2012-04-01,ws,1
3851,0,710010139,2014-05-02,2016-05-02,1.0,25.0,2014-04-01,ws,1
6435,0,710010139,2016-05-02,2018-05-02,1.0,25.0,2016-04-01,ws,1
9058,0,710010139,2018-05-02,2019-11-02,1.0,25.0,2018-04-01,ws,1
11568,0,710010139,2019-11-02,2020-05-02,1.0,25.0,2019-10-01,ws,1
14198,0,710010139,2020-05-02,2022-05-02,1.0,25.0,2020-04-01,ws,1
20864,0,710010139,2022-05-02,2024-07-02,1.0,25.0,2022-04-01,ws,1
24948,0,710010139,2024-07-02,2025-06-30,1.0,25.0,2024-06-01,ws,1
197,5,710010140,2010-01-01,2012-05-02,1.0,440.0,2012-04-01,bdm,0
1395,0,710010140,2012-05-02,2014-05-02,1.0,440.0,2012-04-01,ws,1
3852,0,710010140,2014-05-02,2016-05-02,1.0,452.0,2014-04-01,ws,1
6436,0,710010140,2016-05-02,2018-05-02,1.0,452.0,2016-04-01,ws,1
9059,0,710010140,2018-05-02,2019-11-02,1.0,451.0,2018-04-01,ws,1
11569,0,710010140,2019-11-02,2020-05-02,1.0,453.0,2019-10-01,ws,1
14199,0,710010140,2020-05-02,2022-05-02,1.0,452.0,2020-04-01,ws,1
20865,0,710010140,2022-05-02,2024-07-02,1.0,452.0,2022-04-01,ws,1
24949,0,710010140,2024-07-02,2025-06-30,1.0,452.0,2024-06-01,ws,1
198,5,710010141,2010-01-01,2012-05-02,1.0,139.0,2012-04-01,bdm,0
1396,0,710010141,2012-05-02,2014-05-02,1.0,139.0,2012-04-01,ws,1
3853,0,710010141,2014-05-02,2016-05-02,1.0,139.0,2014-04-01,ws,1
6437,0,710010141,2016-05-02,2018-05-02,1.0,139.0,2016-04-01,ws,1
9060,0,710010141,2018-05-02,2019-11-02,1.0,139.0,2018-04-01,ws,1
11570,0,710010141,2019-11-02,2020-05-02,1.0,142.0,2019-10-01,ws,1
14200,0,710010141,2020-05-02,2022-05-02,1.0,142.0,2020-04-01,ws,1
20866,0,710010141,2022-05-02,2024-07-02,1.0,142.0,2022-04-01,ws,1
24950,0,710010141,2024-07-02,2025-06-30,1.0,142.0,2024-06-01,ws,1
199,5,710010142,2010-01-01,2012-05-02,1.0,317.0,2012-04-01,bdm,0
1397,0,710010142,2012-05-02,2014-05-02,1.0,317.0,2012-04-01,ws,1
3854,0,710010142,2014-05-02,2016-05-02,1.0,326.0,2014-04-01,ws,1
6438,0,710010142,2016-05-02,2018-05-02,1.0,326.0,2016-04-01,ws,1
9061,0,710010142,2018-05-02,2019-11-02,1.0,303.0,2018-04-01,ws,1
11571,0,710010142,2019-11-02,2020-05-02,1.0,309.0,2019-10-01,ws,1
14201,0,710010142,2020-05-02,2022-05-02,1.0,309.0,2020-04-01,ws,1
20867,0,710010142,2022-05-02,2024-07-02,1.0,309.0,2022-04-01,ws,1
24951,0,710010142,2024-07-02,2025-06-30,1.0,309.0,2024-06-01,ws,1
200,0,710010143,2010-01-01,2012-05-02,1.0,175.0,2012-04-01,bdm,0
1398,0,710010143,2012-05-02,2014-05-02,1.0,175.0,2012-04-01,ws,1
3855,0,710010143,2014-05-02,2016-05-02,1.0,180.0,2014-04-01,ws,1
6439,0,710010143,2016-05-02,2018-05-02,1.0,180.0,2016-04-01,ws,1
9062,0,710010143,2018-05-02,2019-11-02,1.0,180.0,2018-04-01,ws,1
11572,0,710010143,2019-11-02,2020-05-02,1.0,183.0,2019-10-01,ws,1
14202,0,710010143,2020-05-02,2022-05-02,1.0,183.0,2020-04-01,ws,1
20868,0,710010143,2022-05-02,2024-07-02,1.0,183.0,2022-04-01,ws,1
24952,0,710010143,2024-07-02,2025-06-30,1.0,183.0,2024-06-01,ws,1
201,0,710010144,2010-01-01,2012-05-02,1.0,90.0,2012-04-01,bdm,0
1399,0,710010144,2012-05-02,2014-05-02,1.0,90.0,2012-04-01,ws,1
3856,0,710010144,2014-05-02,2016-05-02,1.0,92.0,2014-04-01,ws,1
6440,0,710010144,2016-05-02,2018-05-02,1.0,92.0,2016-04-01,ws,1
9063,0,710010144,2018-05-02,2019-11-02,1.0,92.0,2018-04-01,ws,1
11573,0,710010144,2019-11-02,2020-05-02,1.0,94.0,2019-10-01,ws,1
14203,0,710010144,2020-05-02,2022-05-02,1.0,94.0,2020-04-01,ws,1
20869,0,710010144,2022-05-02,2024-07-02,1.0,94.0,2022-04-01,ws,1
24953,0,710010144,2024-07-02,2025-06-30,1.0,94.0,2024-06-01,ws,1
202,0,710010145,2010-01-01,2012-05-02,1.0,140.0,2012-04-01,bdm,0
1400,0,710010145,2012-05-02,2014-05-02,1.0,140.0,2012-04-01,ws,1
3857,0,710010145,2014-05-02,2016-05-02,1.0,144.0,2014-04-01,ws,1
6441,0,710010145,2016-05-02,2018-05-02,1.0,144.0,2016-04-01,ws,1
9064,0,710010145,2018-05-02,2019-11-02,1.0,144.0,2018-04-01,ws,1
11574,0,710010145,2019-11-02,2020-05-02,1.0,147.0,2019-10-01,ws,1
14204,0,710010145,2020-05-02,2022-05-02,1.0,147.0,2020-04-01,ws,1
20870,0,710010145,2022-05-02,2024-07-02,1.0,147.0,2022-04-01,ws,1
24954,0,710010145,2024-07-02,2025-06-30,1.0,147.0,2024-06-01,ws,1
203,5,710010146,2010-01-01,2012-05-02,1.0,1630.0,2012-04-01,bdm,0
1401,0,710010146,2012-05-02,2014-05-02,1.0,1630.0,2012-04-01,ws,1
3858,0,710010146,2014-05-02,2016-05-02,1.0,1600.0,2014-04-01,ws,1
6442,0,710010146,2016-05-02,2018-05-02,1.0,1600.0,2016-04-01,ws,1
9065,0,710010146,2018-05-02,2019-11-02,1.0,1600.0,2018-04-01,ws,1
11575,0,710010146,2019-11-02,2020-05-02,1.0,1630.0,2019-10-01,ws,1
14205,0,710010146,2020-05-02,2022-05-02,1.0,1630.0,2020-04-01,ws,1
20871,0,710010146,2022-05-02,2024-07-02,1.0,1630.0,2022-04-01,ws,1
24955,0,710010146,2024-07-02,2025-06-30,1.0,1600.0,2024-06-01,ws,1
204,0,710010147,2010-01-01,2012-05-02,1.0,2020.0,2012-04-01,bdm,0
1402,0,710010147,2012-05-02,2014-05-02,1.0,2020.0,2012-04-01,ws,1
3859,0,710010147,2014-05-02,2016-05-02,1.0,2070.0,2014-04-01,ws,1
6443,0,710010147,2016-05-02,2018-05-02,1.0,2070.0,2016-04-01,ws,1
9066,0,710010147,2018-05-02,2019-11-02,1.0,2070.0,2018-04-01,ws,1
11576,0,710010147,2019-11-02,2020-05-02,1.0,2110.0,2019-10-01,ws,1
14206,0,710010147,2020-05-02,2022-05-02,1.0,2110.0,2020-04-01,ws,1
20872,0,710010147,2022-05-02,2024-07-02,1.0,2110.0,2022-04-01,ws,1
24956,0,710010147,2024-07-02,2025-06-30,1.0,2110.0,2024-06-01,ws,1
205,0,710010148,2010-01-01,2012-05-02,1.0,2640.0,2012-04-01,bdm,0
1403,0,710010148,2012-05-02,2014-05-02,1.0,2640.0,2012-04-01,ws,1
3860,0,710010148,2014-05-02,2016-05-02,1.0,2710.0,2014-04-01,ws,1
6444,0,710010148,2016-05-02,2018-05-02,1.0,2710.0,2016-04-01,ws,1
9067,0,710010148,2018-05-02,2019-11-02,1.0,2560.0,2018-04-01,ws,1
11577,0,710010148,2019-11-02,2020-05-02,1.0,2610.0,2019-10-01,ws,1
14207,0,710010148,2020-05-02,2022-05-02,1.0,2610.0,2020-04-01,ws,1
20873,0,710010148,2022-05-02,2024-07-02,1.0,2610.0,2022-04-01,ws,1
24957,0,710010148,2024-07-02,2025-06-30,1.0,2610.0,2024-06-01,ws,1
206,5,710010149,2010-01-01,2012-05-02,1.0,694.0,2012-04-01,bdm,0
1404,0,710010149,2012-05-02,2014-05-02,1.0,694.0,2012-04-01,ws,1
3861,0,710010149,2014-05-02,2016-05-02,1.0,645.0,2014-04-01,ws,1
6445,0,710010149,2016-05-02,2018-05-02,1.0,587.0,2016-04-01,ws,1
9068,0,710010149,2018-05-02,2019-11-02,1.0,562.0,2018-04-01,ws,1
11578,0,710010149,2019-11-02,2020-05-02,1.0,569.0,2019-10-01,ws,1
14208,0,710010149,2020-05-02,2022-05-02,1.0,569.0,2020-04-01,ws,1
20874,0,710010149,2022-05-02,2024-07-02,1.0,569.0,2022-04-01,ws,1
24958,0,710010149,2024-07-02,2025-06-30,1.0,569.0,2024-06-01,ws,1
207,5,710010150,2010-01-01,2012-05-02,1.0,618.0,2012-04-01,bdm,0
1405,0,710010150,2012-05-02,2014-05-02,1.0,618.0,2012-04-01,ws,1
3862,0,710010150,2014-05-02,2016-05-02,1.0,635.0,2014-04-01,ws,1
6446,0,710010150,2016-05-02,2018-05-02,1.0,605.0,2016-04-01,ws,1
9069,0,710010150,2018-05-02,2019-11-02,1.0,605.0,2018-04-01,ws,1
11579,0,710010150,2019-11-02,2020-05-02,1.0,616.0,2019-10-01,ws,1
14209,0,710010150,2020-05-02,2022-05-02,1.0,616.0,2020-04-01,ws,1
20875,0,710010150,2022-05-02,2024-07-02,1.0,616.0,2022-04-01,ws,1
24959,0,710010150,2024-07-02,2025-06-30,1.0,606.0,2024-06-01,ws,1
208,0,710010151,2010-01-01,2012-05-02,1.0,87.0,2012-04-01,bdm,0
1406,0,710010151,2012-05-02,2014-05-02,1.0,87.0,2012-04-01,ws,1
3863,0,710010151,2014-05-02,2016-05-02,1.0,89.0,2014-04-01,ws,1
6447,0,710010151,2016-05-02,2018-05-02,1.0,89.0,2016-04-01,ws,1
9070,0,710010151,2018-05-02,2019-11-02,1.0,87.0,2018-04-01,ws,1
11580,0,710010151,2019-11-02,2020-05-02,1.0,89.0,2019-10-01,ws,1
14210,0,710010151,2020-05-02,2022-05-02,1.0,88.0,2020-04-01,ws,1
20876,0,710010151,2022-05-02,2024-07-02,1.0,88.0,2022-04-01,ws,1
24960,0,710010151,2024-07-02,2025-06-30,1.0,88.0,2024-06-01,ws,1
209,0,710010152,2010-01-01,2012-05-02,1.0,495.0,2012-04-01,bdm,0
1407,0,710010152,2012-05-02,2014-05-02,1.0,495.0,2012-04-01,ws,1
3864,0,710010152,2014-05-02,2016-05-02,1.0,502.0,2014-04-01,ws,1
6448,0,710010152,2016-05-02,2018-05-02,1.0,496.0,2016-04-01,ws,1
9071,0,710010152,2018-05-02,2019-11-02,1.0,496.0,2018-04-01,ws,1
11581,0,710010152,2019-11-02,2020-05-02,1.0,447.0,2019-10-01,ws,1
14211,0,710010152,2020-05-02,2022-05-02,1.0,447.0,2020-04-01,ws,1
20877,0,710010152,2022-05-02,2024-07-02,1.0,447.0,2022-04-01,ws,1
24961,0,710010152,2024-07-02,2025-06-30,1.0,447.0,2024-06-01,ws,1
210,0,710010153,2010-01-01,2012-05-02,1.0,1460.0,2012-04-01,bdm,0
1408,0,710010153,2012-05-02,2014-05-02,1.0,1460.0,2012-04-01,ws,1
3865,0,710010153,2014-05-02,2016-05-02,1.0,1480.0,2014-04-01,ws,1
6449,0,710010153,2016-05-02,2018-05-02,1.0,1480.0,2016-04-01,ws,1
9072,0,710010153,2018-05-02,2019-11-02,1.0,1480.0,2018-04-01,ws,1
11582,0,710010153,2019-11-02,2020-05-02,1.0,1510.0,2019-10-01,ws,1
14212,0,710010153,2020-05-02,2022-05-02,1.0,1510.0,2020-04-01,ws,1
20878,0,710010153,2022-05-02,2024-07-02,1.0,1510.0,2022-04-01,ws,1
24962,0,710010153,2024-07-02,2025-06-30,1.0,1510.0,2024-06-01,ws,1
211,5,710010154,2010-01-01,2012-05-02,1.0,6340.0,2012-04-01,bdm,0
1409,0,710010154,2012-05-02,2014-05-02,1.0,6340.0,2012-04-01,ws,1
2716,5,710010154,2014-05-02,2015-02-02,1.0,6230.0,2014-04-01,ws,1
2352,5,710010154,2015-02-02,2015-05-02,,5650.0,2015-01-01,ws,1
3866,0,710010154,2015-05-02,2016-05-02,1.0,5070.0,2015-04-01,ws,1
6450,0,710010154,2016-05-02,2018-05-02,1.0,5050.0,2016-04-01,ws,1
9073,0,710010154,2018-05-02,2019-11-02,1.0,4570.0,2018-04-01,ws,1
11583,0,710010154,2019-11-02,2020-05-02,1.0,4650.0,2019-10-01,ws,1
14213,0,710010154,2020-05-02,2022-05-02,1.0,4630.0,2020-04-01,ws,1
20879,0,710010154,2022-05-02,2024-07-02,1.0,4380.0,2022-04-01,ws,1
24963,0,710010154,2024-07-02,2025-06-30,1.0,4360.0,2024-06-01,ws,1
212,0,710010155,2010-01-01,2012-05-02,1.0,3880.0,2012-04-01,bdm,0
1410,0,710010155,2012-05-02,2014-05-02,1.0,3880.0,2012-04-01,ws,1
3867,0,710010155,2014-05-02,2016-05-02,1.0,3990.0,2014-04-01,ws,1
6451,0,710010155,2016-05-02,2018-05-02,1.0,3990.0,2016-04-01,ws,1
9074,0,710010155,2018-05-02,2019-11-02,1.0,3990.0,2018-04-01,ws,1
11584,0,710010155,2019-11-02,2020-05-02,1.0,4060.0,2019-10-01,ws,1
14214,0,710010155,2020-05-02,2022-05-02,1.0,4060.0,2020-04-01,ws,1
20880,0,710010155,2022-05-02,2024-07-02,1.0,4060.0,2022-04-01,ws,1
24964,0,710010155,2024-07-02,2025-06-30,1.0,4060.0,2024-06-01,ws,1
213,0,710010156,2010-01-01,2012-05-02,1.0,263.0,2012-04-01,bdm,0
1411,0,710010156,2012-05-02,2014-05-02,1.0,263.0,2012-04-01,ws,1
3868,0,710010156,2014-05-02,2016-05-02,1.0,264.0,2014-04-01,ws,1
6452,0,710010156,2016-05-02,2018-05-02,1.0,262.0,2016-04-01,ws,1
9075,0,710010156,2018-05-02,2019-11-02,1.0,261.0,2018-04-01,ws,1
11585,0,710010156,2019-11-02,2020-05-02,1.0,264.0,2019-10-01,ws,1
14215,0,710010156,2020-05-02,2022-05-02,1.0,264.0,2020-04-01,ws,1
20881,0,710010156,2022-05-02,2024-07-02,1.0,264.0,2022-04-01,ws,1
24965,0,710010156,2024-07-02,2025-06-30,1.0,264.0,2024-06-01,ws,1
214,5,710010157,2010-01-01,2012-05-02,1.0,917.0,2012-04-01,bdm,0
1412,0,710010157,2012-05-02,2014-05-02,1.0,917.0,2012-04-01,ws,1
3869,0,710010157,2014-05-02,2016-05-02,1.0,932.0,2014-04-01,ws,1
6453,0,710010157,2016-05-02,2018-05-02,1.0,920.0,2016-04-01,ws,1
9076,0,710010157,2018-05-02,2019-11-02,1.0,896.0,2018-04-01,ws,1
11586,0,710010157,2019-11-02,2020-05-02,1.0,907.0,2019-10-01,ws,1
14216,0,710010157,2020-05-02,2022-05-02,1.0,897.0,2020-04-01,ws,1
20882,0,710010157,2022-05-02,2024-07-02,1.0,897.0,2022-04-01,ws,1
24966,0,710010157,2024-07-02,2025-06-30,1.0,897.0,2024-06-01,ws,1
215,5,710010158,2010-01-01,2012-05-02,1.0,227.0,2012-04-01,bdm,0
1413,0,710010158,2012-05-02,2014-05-02,1.0,227.0,2012-04-01,ws,1
3870,0,710010158,2014-05-02,2016-05-02,1.0,229.0,2014-04-01,ws,1
6454,0,710010158,2016-05-02,2018-05-02,1.0,229.0,2016-04-01,ws,1
9077,0,710010158,2018-05-02,2019-11-02,1.0,229.0,2018-04-01,ws,1
11587,0,710010158,2019-11-02,2020-05-02,1.0,233.0,2019-10-01,ws,1
14217,0,710010158,2020-05-02,2022-05-02,1.0,233.0,2020-04-01,ws,1
20883,0,710010158,2022-05-02,2024-07-02,1.0,233.0,2022-04-01,ws,1
24967,0,710010158,2024-07-02,2025-06-30,1.0,233.0,2024-06-01,ws,1
216,5,710010159,2010-01-01,2012-05-02,1.0,650.0,2012-04-01,bdm,0
1414,0,710010159,2012-05-02,2014-05-02,1.0,650.0,2012-04-01,ws,1
3871,0,710010159,2014-05-02,2016-05-02,1.0,664.0,2014-04-01,ws,1
6455,0,710010159,2016-05-02,2018-05-02,1.0,594.0,2016-04-01,ws,1
9078,0,710010159,2018-05-02,2019-11-02,1.0,564.0,2018-04-01,ws,1
11588,0,710010159,2019-11-02,2020-05-02,1.0,574.0,2019-10-01,ws,1
14218,0,710010159,2020-05-02,2022-05-02,1.0,561.0,2020-04-01,ws,1
20884,0,710010159,2022-05-02,2024-07-02,1.0,561.0,2022-04-01,ws,1
24968,0,710010159,2024-07-02,2025-06-30,1.0,561.0,2024-06-01,ws,1
217,0,710010160,2010-01-01,2012-05-02,1.0,1650.0,2012-04-01,bdm,0
1415,0,710010160,2012-05-02,2014-05-02,1.0,1650.0,2012-04-01,ws,1
3872,0,710010160,2014-05-02,2016-05-02,1.0,1690.0,2014-04-01,ws,1
6456,0,710010160,2016-05-02,2018-05-02,1.0,1620.0,2016-04-01,ws,1
9079,0,710010160,2018-05-02,2019-11-02,1.0,1620.0,2018-04-01,ws,1
11589,0,710010160,2019-11-02,2020-05-02,1.0,1650.0,2019-10-01,ws,1
14219,0,710010160,2020-05-02,2022-05-02,1.0,1650.0,2020-04-01,ws,1
20885,0,710010160,2022-05-02,2024-07-02,1.0,1650.0,2022-04-01,ws,1
24969,0,710010160,2024-07-02,2025-06-30,1.0,1650.0,2024-06-01,ws,1
218,5,710010161,2010-01-01,2012-05-02,1.0,766.0,2012-04-01,bdm,0
1416,0,710010161,2012-05-02,2014-05-02,1.0,766.0,2012-04-01,ws,1
3873,0,710010161,2014-05-02,2016-05-02,1.0,772.0,2014-04-01,ws,1
6457,0,710010161,2016-05-02,2018-05-02,1.0,772.0,2016-04-01,ws,1
9080,0,710010161,2018-05-02,2019-11-02,1.0,748.0,2018-04-01,ws,1
11590,0,710010161,2019-11-02,2020-05-02,1.0,756.0,2019-10-01,ws,1
14220,0,710010161,2020-05-02,2022-05-02,1.0,741.0,2020-04-01,ws,1
20886,0,710010161,2022-05-02,2024-07-02,1.0,741.0,2022-04-01,ws,1
24970,0,710010161,2024-07-02,2025-06-30,1.0,741.0,2024-06-01,ws,1
219,0,710010162,2010-01-01,2012-05-02,1.0,2110.0,2012-04-01,bdm,0
1417,0,710010162,2012-05-02,2014-05-02,1.0,2110.0,2012-04-01,ws,1
3874,0,710010162,2014-05-02,2016-05-02,1.0,2130.0,2014-04-01,ws,1
6458,0,710010162,2016-05-02,2018-05-02,1.0,2090.0,2016-04-01,ws,1
9081,0,710010162,2018-05-02,2019-11-02,1.0,2050.0,2018-04-01,ws,1
11591,0,710010162,2019-11-02,2020-05-02,1.0,2090.0,2019-10-01,ws,1
14221,0,710010162,2020-05-02,2022-05-02,1.0,2090.0,2020-04-01,ws,1
20887,0,710010162,2022-05-02,2024-07-02,1.0,2090.0,2022-04-01,ws,1
24971,0,710010162,2024-07-02,2025-06-30,1.0,2060.0,2024-06-01,ws,1
220,0,710010163,2010-01-01,2012-05-02,1.0,4530.0,2012-04-01,bdm,0
1418,0,710010163,2012-05-02,2014-05-02,1.0,4530.0,2012-04-01,ws,1
3875,0,710010163,2014-05-02,2016-05-02,1.0,4630.0,2014-04-01,ws,1
6459,0,710010163,2016-05-02,2018-05-02,1.0,4600.0,2016-04-01,ws,1
9082,0,710010163,2018-05-02,2019-11-02,1.0,4600.0,2018-04-01,ws,1
11592,0,710010163,2019-11-02,2020-05-02,1.0,4680.0,2019-10-01,ws,1
14222,0,710010163,2020-05-02,2022-05-02,1.0,4610.0,2020-04-01,ws,1
20888,0,710010163,2022-05-02,2024-07-02,1.0,4610.0,2022-04-01,ws,1
24972,0,710010163,2024-07-02,2025-06-30,1.0,4610.0,2024-06-01,ws,1
221,5,710010164,2010-01-01,2012-05-02,1.0,3070.0,2012-04-01,bdm,0
1419,0,710010164,2012-05-02,2014-05-02,1.0,3070.0,2012-04-01,ws,1
3876,0,710010164,2014-05-02,2016-05-02,1.0,2990.0,2014-04-01,ws,1
6460,0,710010164,2016-05-02,2018-05-02,1.0,2920.0,2016-04-01,ws,1
9083,0,710010164,2018-05-02,2019-11-02,1.0,2540.0,2018-04-01,ws,1
11593,0,710010164,2019-11-02,2020-05-02,1.0,2590.0,2019-10-01,ws,1
14223,0,710010164,2020-05-02,2022-05-02,1.0,2560.0,2020-04-01,ws,1
20889,0,710010164,2022-05-02,2024-07-02,1.0,2560.0,2022-04-01,ws,1
24973,0,710010164,2024-07-02,2025-06-30,1.0,2560.0,2024-06-01,ws,1
222,5,710010165,2010-01-01,2012-05-02,1.0,2250.0,2012-04-01,bdm,0
1420,0,710010165,2012-05-02,2014-05-02,1.0,2250.0,2012-04-01,ws,1
3877,0,710010165,2014-05-02,2016-05-02,1.0,1990.0,2014-04-01,ws,1
6461,0,710010165,2016-05-02,2018-05-02,1.0,1950.0,2016-04-01,ws,1
9084,0,710010165,2018-05-02,2019-11-02,1.0,1930.0,2018-04-01,ws,1
11594,0,710010165,2019-11-02,2020-05-02,1.0,1960.0,2019-10-01,ws,1
14224,0,710010165,2020-05-02,2022-05-02,1.0,1940.0,2020-04-01,ws,1
20890,0,710010165,2022-05-02,2024-07-02,1.0,1920.0,2022-04-01,ws,1
24974,0,710010165,2024-07-02,2025-06-30,1.0,1870.0,2024-06-01,ws,1
223,0,710010166,2010-01-01,2012-05-02,1.0,2390.0,2012-04-01,bdm,0
1421,0,710010166,2012-05-02,2014-05-02,1.0,2390.0,2012-04-01,ws,1
3878,0,710010166,2014-05-02,2016-05-02,1.0,2450.0,2014-04-01,ws,1
6462,0,710010166,2016-05-02,2018-05-02,1.0,2450.0,2016-04-01,ws,1
9085,0,710010166,2018-05-02,2019-11-02,1.0,2450.0,2018-04-01,ws,1
11595,0,710010166,2019-11-02,2020-05-02,1.0,2500.0,2019-10-01,ws,1
14225,0,710010166,2020-05-02,2022-05-02,1.0,2500.0,2020-04-01,ws,1
20891,0,710010166,2022-05-02,2024-07-02,1.0,2500.0,2022-04-01,ws,1
24975,0,710010166,2024-07-02,2025-06-30,1.0,2500.0,2024-06-01,ws,1
224,0,710010167,2010-01-01,2012-05-02,1.0,2730.0,2012-04-01,bdm,0
1422,0,710010167,2012-05-02,2014-05-02,1.0,2730.0,2012-04-01,ws,1
3879,0,710010167,2014-05-02,2016-05-02,1.0,2800.0,2014-04-01,ws,1
6463,0,710010167,2016-05-02,2018-05-02,1.0,2800.0,2016-04-01,ws,1
9086,0,710010167,2018-05-02,2019-11-02,1.0,2800.0,2018-04-01,ws,1
11596,0,710010167,2019-11-02,2020-05-02,1.0,2850.0,2019-10-01,ws,1
14226,0,710010167,2020-05-02,2022-05-02,1.0,2850.0,2020-04-01,ws,1
20892,0,710010167,2022-05-02,2024-07-02,1.0,2850.0,2022-04-01,ws,1
24976,0,710010167,2024-07-02,2025-06-30,1.0,2850.0,2024-06-01,ws,1
225,0,710010168,2010-01-01,2012-05-02,1.0,3190.0,2012-04-01,bdm,0
1423,0,710010168,2012-05-02,2014-05-02,1.0,3190.0,2012-04-01,ws,1
3880,0,710010168,2014-05-02,2016-05-02,1.0,3280.0,2014-04-01,ws,1
6464,0,710010168,2016-05-02,2018-05-02,1.0,3280.0,2016-04-01,ws,1
9087,0,710010168,2018-05-02,2019-11-02,1.0,3280.0,2018-04-01,ws,1
11597,0,710010168,2019-11-02,2020-05-02,1.0,3340.0,2019-10-01,ws,1
14227,0,710010168,2020-05-02,2022-05-02,1.0,3340.0,2020-04-01,ws,1
20893,0,710010168,2022-05-02,2024-07-02,1.0,3340.0,2022-04-01,ws,1
24977,0,710010168,2024-07-02,2025-06-30,1.0,3340.0,2024-06-01,ws,1
226,0,710010169,2010-01-01,2012-05-02,1.0,9000.0,2012-04-01,bdm,0
1424,0,710010169,2012-05-02,2014-05-02,1.0,9000.0,2012-04-01,ws,1
3881,0,710010169,2014-05-02,2016-05-02,1.0,9250.0,2014-04-01,ws,1
6465,0,710010169,2016-05-02,2018-05-02,1.0,9250.0,2016-04-01,ws,1
9088,0,710010169,2018-05-02,2019-11-02,1.0,9250.0,2018-04-01,ws,1
11598,0,710010169,2019-11-02,2020-05-02,1.0,9420.0,2019-10-01,ws,1
14228,0,710010169,2020-05-02,2022-05-02,1.0,9420.0,2020-04-01,ws,1
20894,0,710010169,2022-05-02,2024-07-02,1.0,9420.0,2022-04-01,ws,1
24978,0,710010169,2024-07-02,2025-06-30,1.0,9420.0,2024-06-01,ws,1
227,5,710010171,2010-01-01,2012-05-02,1.0,4806.0,2012-04-01,bdm,0
1425,0,710010171,2012-05-02,2014-05-02,1.0,4806.0,2012-04-01,ws,1
3882,0,710010171,2014-05-02,2016-05-02,1.0,5821.0,2014-04-01,ws,1
6466,0,710010171,2016-05-02,2018-05-02,1.0,5412.0,2016-04-01,ws,1
7728,9,710010171,2018-05-02,2025-06-30,,0.0,2018-04-01,aes,2
228,5,710010172,2010-01-01,2012-05-02,1.0,3565.0,2012-04-01,bdm,0
1426,0,710010172,2012-05-02,2014-05-02,1.0,3565.0,2012-04-01,ws,1
3883,0,710010172,2014-05-02,2016-05-02,1.0,3736.0,2014-04-01,ws,1
6467,0,710010172,2016-05-02,2018-05-02,1.0,3906.0,2016-04-01,ws,1
9089,0,710010172,2018-05-02,2019-11-02,1.0,4102.0,2018-04-01,ws,1
11599,0,710010172,2019-11-02,2020-05-02,1.0,4552.0,2019-10-01,ws,1
12849,5,710010172,2020-05-02,2020-11-02,1.0,4374.0,2020-04-01,ws,1
13975,5,710010172,2020-11-02,2021-05-02,,4766.0,2020-10-01,ws,1
14229,0,710010172,2021-05-02,2022-05-02,1.0,5204.0,2021-04-01,ws,1
19422,5,710010172,2022-05-02,2022-06-02,1.0,5607.0,2022-04-01,ws,1
20526,5,710010172,2022-06-02,2022-08-02,,6019.0,2022-05-01,ws,1
20535,5,710010172,2022-08-02,2022-11-02,,6569.0,2022-07-01,ws,1
20558,5,710010172,2022-11-02,2023-02-02,,6493.0,2022-10-01,ws,1
20593,5,710010172,2023-02-02,2023-05-02,,6512.0,2023-01-01,ws,1
20629,5,710010172,2023-05-02,2023-08-02,,6596.0,2023-04-01,ws,1
20641,5,710010172,2023-08-02,2023-11-02,,6817.0,2023-07-01,ws,1
20650,5,710010172,2023-11-02,2024-02-02,,7183.0,2023-10-01,ws,1
20673,5,710010172,2024-02-02,2024-05-02,,7358.0,2024-01-01,ws,1
20895,5,710010172,2024-05-02,2024-07-02,1.0,7641.0,2024-04-01,ws,1
23645,5,710010172,2024-07-02,2024-10-02,1.0,7641.0,2024-06-01,ws,1
22032,5,710010172,2024-10-02,2025-01-02,,10300.0,2024-09-01,ws,1
22049,5,710010172,2025-01-02,2025-04-02,,10390.0,2024-12-01,ws,1
22066,5,710010172,2025-04-02,2025-07-02,,11136.0,2025-03-01,ws,1
229,0,710010173,2010-01-01,2012-05-02,1.0,3239.0,2012-04-01,bdm,0
1427,0,710010173,2012-05-02,2014-05-02,1.0,3239.0,2012-04-01,ws,1
3884,0,710010173,2014-05-02,2016-05-02,1.0,3401.0,2014-04-01,ws,1
6468,0,710010173,2016-05-02,2018-05-02,1.0,4159.0,2016-04-01,ws,1
9090,0,710010173,2018-05-02,2019-11-02,1.0,4169.0,2018-04-01,ws,1
11600,0,710010173,2019-11-02,2020-05-02,1.0,4637.0,2019-10-01,ws,1
12850,5,710010173,2020-05-02,2020-11-02,1.0,4658.0,2020-04-01,ws,1
13976,5,710010173,2020-11-02,2021-05-02,,5050.0,2020-10-01,ws,1
14230,0,710010173,2021-05-02,2022-05-02,1.0,5488.0,2021-04-01,ws,1
19423,5,710010173,2022-05-02,2022-06-02,1.0,5590.0,2022-04-01,ws,1
20527,5,710010173,2022-06-02,2022-08-02,,6002.0,2022-05-01,ws,1
20536,5,710010173,2022-08-02,2022-11-02,,6552.0,2022-07-01,ws,1
20559,5,710010173,2022-11-02,2023-02-02,,6476.0,2022-10-01,ws,1
20594,5,710010173,2023-02-02,2023-05-02,,6495.0,2023-01-01,ws,1
20630,5,710010173,2023-05-02,2023-08-02,,6579.0,2023-04-01,ws,1
20642,5,710010173,2023-08-02,2023-11-02,,6800.0,2023-07-01,ws,1
20651,5,710010173,2023-11-02,2024-02-02,,7166.0,2023-10-01,ws,1
20674,5,710010173,2024-02-02,2024-05-02,,7341.0,2024-01-01,ws,1
20896,5,710010173,2024-05-02,2024-07-02,1.0,7624.0,2024-04-01,ws,1
23646,5,710010173,2024-07-02,2024-10-02,1.0,7624.0,2024-06-01,ws,1
22033,5,710010173,2024-10-02,2025-01-02,,8991.0,2024-09-01,ws,1
22050,5,710010173,2025-01-02,2025-04-02,,9081.0,2024-12-01,ws,1
22067,5,710010173,2025-04-02,2025-07-02,,9827.0,2025-03-01,ws,1
230,5,710010174,2010-01-01,2012-05-02,1.0,3541.0,2012-04-01,bdm,0
230,5,710010174,2012-05-02,2012-11-02,1.0,3541.0,2012-04-01,ws,1
1428,0,710010174,2012-11-02,2014-05-02,1.0,3788.0,2012-10-01,ws,1
3885,0,710010174,2014-05-02,2016-05-02,1.0,4004.0,2014-04-01,ws,1
6469,0,710010174,2016-05-02,2018-05-02,1.0,4411.0,2016-04-01,ws,1
9091,0,710010174,2018-05-02,2019-11-02,1.0,4556.0,2018-04-01,ws,1
11601,0,710010174,2019-11-02,2020-05-02,1.0,4834.0,2019-10-01,ws,1
12851,5,710010174,2020-05-02,2020-11-02,1.0,5030.0,2020-04-01,ws,1
13977,5,710010174,2020-11-02,2021-05-02,,5422.0,2020-10-01,ws,1
14231,0,710010174,2021-05-02,2022-05-02,1.0,5860.0,2021-04-01,ws,1
19424,5,710010174,2022-05-02,2022-06-02,1.0,5740.0,2022-04-01,ws,1
20528,5,710010174,2022-06-02,2022-08-02,,6152.0,2022-05-01,ws,1
20537,5,710010174,2022-08-02,2022-11-02,,6702.0,2022-07-01,ws,1
20560,5,710010174,2022-11-02,2023-02-02,,6626.0,2022-10-01,ws,1
20595,5,710010174,2023-02-02,2023-05-02,,6645.0,2023-01-01,ws,1
20631,5,710010174,2023-05-02,2023-08-02,,6729.0,2023-04-01,ws,1
20643,5,710010174,2023-08-02,2023-11-02,,6950.0,2023-07-01,ws,1
20652,5,710010174,2023-11-02,2024-02-02,,7316.0,2023-10-01,ws,1
20675,5,710010174,2024-02-02,2024-05-02,,7491.0,2024-01-01,ws,1
20897,5,710010174,2024-05-02,2024-07-02,1.0,7774.0,2024-04-01,ws,1
23647,5,710010174,2024-07-02,2024-10-02,1.0,7774.0,2024-06-01,ws,1
22034,5,710010174,2024-10-02,2025-01-02,,9086.0,2024-09-01,ws,1
22051,5,710010174,2025-01-02,2025-04-02,,9176.0,2024-12-01,ws,1
22068,5,710010174,2025-04-02,2025-07-02,,9922.0,2025-03-01,ws,1
231,5,710010175,2010-01-01,2012-05-02,1.0,3568.0,2012-04-01,bdm,0
1429,0,710010175,2012-05-02,2014-05-02,1.0,3568.0,2012-04-01,ws,1
3886,0,710010175,2014-05-02,2016-05-02,1.0,3739.0,2014-04-01,ws,1
6470,0,710010175,2016-05-02,2018-05-02,1.0,4335.0,2016-04-01,ws,1
9092,0,710010175,2018-05-02,2019-11-02,1.0,4180.0,2018-04-01,ws,1
11602,0,710010175,2019-11-02,2020-05-02,1.0,4317.0,2019-10-01,ws,1
12852,5,710010175,2020-05-02,2020-11-02,1.0,4590.0,2020-04-01,ws,1
13978,5,710010175,2020-11-02,2021-05-02,,4982.0,2020-10-01,ws,1
14232,0,710010175,2021-05-02,2022-05-02,1.0,5420.0,2021-04-01,ws,1
19425,5,710010175,2022-05-02,2022-06-02,1.0,5567.0,2022-04-01,ws,1
20529,5,710010175,2022-06-02,2022-08-02,,5979.0,2022-05-01,ws,1
20538,5,710010175,2022-08-02,2022-11-02,,6529.0,2022-07-01,ws,1
20561,5,710010175,2022-11-02,2023-02-02,,6453.0,2022-10-01,ws,1
20596,5,710010175,2023-02-02,2023-05-02,,6472.0,2023-01-01,ws,1
20632,5,710010175,2023-05-02,2023-08-02,,6556.0,2023-04-01,ws,1
20644,5,710010175,2023-08-02,2023-11-02,,6777.0,2023-07-01,ws,1
20653,5,710010175,2023-11-02,2024-02-02,,7143.0,2023-10-01,ws,1
20676,5,710010175,2024-02-02,2024-05-02,,7318.0,2024-01-01,ws,1
20898,5,710010175,2024-05-02,2024-07-02,1.0,7601.0,2024-04-01,ws,1
23648,5,710010175,2024-07-02,2024-10-02,1.0,7601.0,2024-06-01,ws,1
22035,5,710010175,2024-10-02,2025-01-02,,9075.0,2024-09-01,ws,1
22052,5,710010175,2025-01-02,2025-04-02,,9165.0,2024-12-01,ws,1
22069,5,710010175,2025-04-02,2025-07-02,,9911.0,2025-03-01,ws,1
232,5,710010176,2010-01-01,2012-05-02,1.0,1052.0,2012-04-01,bdm,0
1430,0,710010176,2012-05-02,2014-05-02,1.0,1052.0,2012-04-01,ws,1
2737,5,710010176,2014-05-02,2014-11-02,1.0,1078.0,2014-04-01,ws,1
2325,5,710010176,2014-11-02,2015-05-02,,1190.0,2014-10-01,ws,1
3887,0,710010176,2015-05-02,2016-05-02,1.0,1279.0,2015-04-01,ws,1
5183,5,710010176,2016-05-02,2016-11-02,1.0,1400.0,2016-04-01,ws,1
4901,5,710010176,2016-11-02,2017-05-02,,1206.0,2016-10-01,ws,1
4922,5,710010176,2017-05-02,2017-11-02,,1279.0,2017-04-01,ws,1
6471,0,710010176,2017-11-02,2018-05-02,1.0,1414.0,2017-10-01,ws,1
9093,0,710010176,2018-05-02,2019-11-02,1.0,1458.0,2018-04-01,ws,1
11603,0,710010176,2019-11-02,2020-05-02,1.0,1675.0,2019-10-01,ws,1
12853,5,710010176,2020-05-02,2020-08-02,1.0,2083.0,2020-04-01,ws,1
13924,5,710010176,2020-08-02,2020-11-02,,2662.0,2020-07-01,ws,1
13949,5,710010176,2020-11-02,2021-05-02,,2450.0,2020-10-01,ws,1
13991,5,710010176,2021-05-02,2021-11-02,,2668.0,2021-04-01,ws,1
14233,0,710010176,2021-11-02,2022-05-02,1.0,2951.0,2021-10-01,ws,1
19426,5,710010176,2022-05-02,2022-06-02,1.0,3149.0,2022-04-01,ws,1
20530,5,710010176,2022-06-02,2022-08-02,,3413.0,2022-05-01,ws,1
20539,5,710010176,2022-08-02,2022-11-02,,3715.0,2022-07-01,ws,1
20562,5,710010176,2022-11-02,2023-02-02,,3481.0,2022-10-01,ws,1
20597,5,710010176,2023-02-02,2023-05-02,,3711.0,2023-01-01,ws,1
20633,5,710010176,2023-05-02,2023-08-02,,3391.0,2023-04-01,ws,1
20645,5,710010176,2023-08-02,2023-11-02,,3077.0,2023-07-01,ws,1
20654,5,710010176,2023-11-02,2024-02-02,,3095.0,2023-10-01,ws,1
20677,5,710010176,2024-02-02,2024-05-02,,3037.0,2024-01-01,ws,1
20899,5,710010176,2024-05-02,2024-07-02,1.0,2909.0,2024-04-01,ws,1
23649,5,710010176,2024-07-02,2024-10-02,1.0,2909.0,2024-06-01,ws,1
22036,5,710010176,2024-10-02,2025-01-02,,3045.0,2024-09-01,ws,1
22053,5,710010176,2025-01-02,2025-04-02,,3010.0,2024-12-01,ws,1
22070,5,710010176,2025-04-02,2025-07-02,,3230.0,2025-03-01,ws,1
233,5,710010177,2010-01-01,2012-05-02,1.0,1007.0,2012-04-01,bdm,0
1431,0,710010177,2012-05-02,2014-05-02,1.0,1007.0,2012-04-01,ws,1
2738,5,710010177,2014-05-02,2014-11-02,1.0,1094.0,2014-04-01,ws,1
2326,5,710010177,2014-11-02,2015-05-02,,1239.0,2014-10-01,ws,1
2388,5,710010177,2015-05-02,2015-11-02,,1346.0,2015-04-01,ws,1
3888,0,710010177,2015-11-02,2016-05-02,1.0,1415.0,2015-10-01,ws,1
5184,5,710010177,2016-05-02,2016-11-02,1.0,1231.0,2016-04-01,ws,1
4902,5,710010177,2016-11-02,2017-05-02,,1096.0,2016-10-01,ws,1
4923,5,710010177,2017-05-02,2017-11-02,,1186.0,2017-04-01,ws,1
6472,0,710010177,2017-11-02,2018-05-02,1.0,1350.0,2017-10-01,ws,1
7734,9,710010177,2018-05-02,2025-06-30,,0.0,2018-04-01,aes,2
234,5,710010178,2010-01-01,2012-05-02,1.0,758.0,2012-04-01,bdm,0
234,5,710010178,2012-05-02,2013-11-02,1.0,758.0,2012-04-01,ws,1
1432,0,710010178,2013-11-02,2014-05-02,1.0,796.0,2013-10-01,ws,1
2739,5,710010178,2014-05-02,2014-11-02,1.0,913.0,2014-04-01,ws,1
2327,5,710010178,2014-11-02,2015-05-02,,983.0,2014-10-01,ws,1
2389,5,710010178,2015-05-02,2015-11-02,,1090.0,2015-04-01,ws,1
3889,0,710010178,2015-11-02,2016-05-02,1.0,1158.0,2015-10-01,ws,1
5185,9,710010178,2016-05-02,2025-06-30,,0.0,2016-04-01,aes,2
235,5,710010179,2010-01-01,2012-05-02,1.0,862.0,2012-04-01,bdm,0
1433,0,710010179,2012-05-02,2014-05-02,1.0,862.0,2012-04-01,ws,1
2740,5,710010179,2014-05-02,2014-11-02,1.0,944.0,2014-04-01,ws,1
2328,5,710010179,2014-11-02,2015-05-02,,1090.0,2014-10-01,ws,1
2390,5,710010179,2015-05-02,2015-11-02,,1197.0,2015-04-01,ws,1
3890,0,710010179,2015-11-02,2016-05-02,1.0,1265.0,2015-10-01,ws,1
5186,9,710010179,2016-05-02,2025-06-30,,0.0,2016-04-01,aes,2
236,5,710010180,2010-01-01,2012-05-02,1.0,1655.0,2012-04-01,bdm,0
1434,0,710010180,2012-05-02,2014-05-02,1.0,1655.0,2012-04-01,ws,1
2741,5,710010180,2014-05-02,2015-05-02,1.0,2104.0,2014-04-01,ws,1
3891,0,710010180,2015-05-02,2016-05-02,1.0,2214.0,2015-04-01,ws,1
5187,5,710010180,2016-05-02,2016-11-02,1.0,2525.0,2016-04-01,ws,1
6473,0,710010180,2016-11-02,2018-05-02,1.0,2366.0,2016-10-01,ws,1
7735,5,710010180,2018-05-02,2018-11-02,1.0,2227.0,2018-04-01,ws,1
9094,0,710010180,2018-11-02,2019-11-02,1.0,2356.0,2018-10-01,ws,1
11604,0,710010180,2019-11-02,2020-05-02,1.0,2581.0,2019-10-01,ws,1
12854,5,710010180,2020-05-02,2020-08-02,1.0,2765.0,2020-04-01,ws,1
14234,0,710010180,2020-08-02,2022-05-02,1.0,3227.0,2020-07-01,ws,1
19427,5,710010180,2022-05-02,2022-06-02,1.0,3706.0,2022-04-01,ws,1
20531,5,710010180,2022-06-02,2022-08-02,,3952.0,2022-05-01,ws,1
20540,5,710010180,2022-08-02,2022-11-02,,4235.0,2022-07-01,ws,1
20563,5,710010180,2022-11-02,2023-02-02,,4052.0,2022-10-01,ws,1
20598,5,710010180,2023-02-02,2023-05-02,,4226.0,2023-01-01,ws,1
20634,5,710010180,2023-05-02,2023-08-02,,3994.0,2023-04-01,ws,1
20646,5,710010180,2023-08-02,2023-11-02,,3781.0,2023-07-01,ws,1
20655,5,710010180,2023-11-02,2024-02-02,,3832.0,2023-10-01,ws,1
20678,5,710010180,2024-02-02,2024-05-02,,3807.0,2024-01-01,ws,1
20900,5,710010180,2024-05-02,2024-07-02,1.0,3740.0,2024-04-01,ws,1
23650,5,710010180,2024-07-02,2024-10-02,1.0,3740.0,2024-06-01,ws,1
22037,5,710010180,2024-10-02,2025-01-02,,4560.0,2024-09-01,ws,1
22054,5,710010180,2025-01-02,2025-04-02,,4543.0,2024-12-01,ws,1
22071,5,710010180,2025-04-02,2025-07-02,,4785.0,2025-03-01,ws,1
237,5,710010181,2010-01-01,2012-05-02,1.0,116.0,2012-04-01,bdm,0
237,5,710010181,2012-05-02,2012-11-02,1.0,116.0,2012-04-01,ws,1
1435,0,710010181,2012-11-02,2014-05-02,1.0,109.0,2012-10-01,ws,1
2742,5,710010181,2014-05-02,2014-11-02,1.0,142.0,2014-04-01,ws,1
3892,0,710010181,2014-11-02,2016-05-02,1.0,135.0,2014-10-01,ws,1
6474,0,710010181,2016-05-02,2018-05-02,1.0,122.0,2016-04-01,ws,1
9095,0,710010181,2018-05-02,2019-11-02,1.0,125.0,2018-04-01,ws,1
11605,0,710010181,2019-11-02,2020-05-02,1.0,132.0,2019-10-01,ws,1
12855,5,710010181,2020-05-02,2021-05-02,1.0,123.0,2020-04-01,ws,1
13992,5,710010181,2021-05-02,2021-11-02,,130.0,2021-04-01,ws,1
14235,0,710010181,2021-11-02,2022-05-02,1.0,145.0,2021-10-01,ws,1
19428,5,710010181,2022-05-02,2022-06-02,1.0,143.0,2022-04-01,ws,1
20532,5,710010181,2022-06-02,2022-08-02,,145.0,2022-05-01,ws,1
20541,5,710010181,2022-08-02,2022-11-02,,152.0,2022-07-01,ws,1
20564,5,710010181,2022-11-02,2023-02-02,,145.0,2022-10-01,ws,1
20599,5,710010181,2023-02-02,2023-05-02,,144.0,2023-01-01,ws,1
20635,5,710010181,2023-05-02,2023-11-02,,151.0,2023-04-01,ws,1
20656,5,710010181,2023-11-02,2024-02-02,,157.0,2023-10-01,ws,1
20679,5,710010181,2024-02-02,2024-05-02,,158.0,2024-01-01,ws,1
20901,5,710010181,2024-05-02,2024-07-02,1.0,159.0,2024-04-01,ws,1
23651,5,710010181,2024-07-02,2024-10-02,1.0,159.0,2024-06-01,ws,1
22038,5,710010181,2024-10-02,2025-01-02,,179.0,2024-09-01,ws,1
22055,5,710010181,2025-01-02,2025-04-02,,177.0,2024-12-01,ws,1
22072,5,710010181,2025-04-02,2025-07-02,,185.0,2025-03-01,ws,1
238,5,710010182,2010-01-01,2012-05-02,1.0,145.0,2012-04-01,bdm,0
1436,0,710010182,2012-05-02,2014-05-02,1.0,145.0,2012-04-01,ws,1
2743,5,710010182,2014-05-02,2014-11-02,1.0,151.0,2014-04-01,ws,1
3893,0,710010182,2014-11-02,2016-05-02,1.0,143.0,2014-10-01,ws,1
6475,0,710010182,2016-05-02,2018-05-02,1.0,137.0,2016-04-01,ws,1
9096,0,710010182,2018-05-02,2019-11-02,1.0,141.0,2018-04-01,ws,1
11606,0,710010182,2019-11-02,2020-05-02,1.0,157.0,2019-10-01,ws,1
12856,5,710010182,2020-05-02,2021-11-02,1.0,151.0,2020-04-01,ws,1
14236,0,710010182,2021-11-02,2022-05-02,1.0,163.0,2021-10-01,ws,1
19429,5,710010182,2022-05-02,2022-06-02,1.0,176.0,2022-04-01,ws,1
20533,5,710010182,2022-06-02,2022-08-02,,178.0,2022-05-01,ws,1
20542,5,710010182,2022-08-02,2022-11-02,,185.0,2022-07-01,ws,1
20565,5,710010182,2022-11-02,2023-02-02,,178.0,2022-10-01,ws,1
20600,5,710010182,2023-02-02,2023-05-02,,177.0,2023-01-01,ws,1
20636,5,710010182,2023-05-02,2023-11-02,,184.0,2023-04-01,ws,1
20657,5,710010182,2023-11-02,2024-02-02,,190.0,2023-10-01,ws,1
20680,5,710010182,2024-02-02,2024-05-02,,191.0,2024-01-01,ws,1
20902,5,710010182,2024-05-02,2024-07-02,1.0,192.0,2024-04-01,ws,1
23652,5,710010182,2024-07-02,2024-10-02,1.0,192.0,2024-06-01,ws,1
22039,5,710010182,2024-10-02,2025-01-02,,204.0,2024-09-01,ws,1
22056,5,710010182,2025-01-02,2025-04-02,,202.0,2024-12-01,ws,1
22073,5,710010182,2025-04-02,2025-07-02,,210.0,2025-03-01,ws,1
239,5,710010183,2010-01-01,2012-05-02,1.0,185.0,2012-04-01,bdm,0
1437,0,710010183,2012-05-02,2014-05-02,1.0,185.0,2012-04-01,ws,1
3894,0,710010183,2014-05-02,2016-05-02,1.0,182.0,2014-04-01,ws,1
6476,0,710010183,2016-05-02,2018-05-02,1.0,243.0,2016-04-01,ws,1
9097,0,710010183,2018-05-02,2019-11-02,1.0,242.0,2018-04-01,ws,1
11607,0,710010183,2019-11-02,2020-05-02,1.0,252.0,2019-10-01,ws,1
14237,0,710010183,2020-05-02,2022-05-02,1.0,255.0,2020-04-01,ws,1
19430,5,710010183,2022-05-02,2022-06-02,1.0,261.0,2022-04-01,ws,1
20534,5,710010183,2022-06-02,2022-08-02,,265.0,2022-05-01,ws,1
20543,5,710010183,2022-08-02,2022-11-02,,269.0,2022-07-01,ws,1
20566,5,710010183,2022-11-02,2023-05-02,,265.0,2022-10-01,ws,1
20637,5,710010183,2023-05-02,2023-11-02,,269.0,2023-04-01,ws,1
20658,5,710010183,2023-11-02,2024-02-02,,272.0,2023-10-01,ws,1
20681,5,710010183,2024-02-02,2024-05-02,,273.0,2024-01-01,ws,1
20903,5,710010183,2024-05-02,2024-07-02,1.0,274.0,2024-04-01,ws,1
23653,5,710010183,2024-07-02,2024-10-02,1.0,274.0,2024-06-01,ws,1
22040,5,710010183,2024-10-02,2025-01-02,,245.0,2024-09-01,ws,1
22057,5,710010183,2025-01-02,2025-04-02,,244.0,2024-12-01,ws,1
22074,5,710010183,2025-04-02,2025-07-02,,249.0,2025-03-01,ws,1
240,5,710010184,2010-01-01,2012-05-02,1.0,839.0,2012-04-01,bdm,0
1438,0,710010184,2012-05-02,2014-05-02,1.0,839.0,2012-04-01,ws,1
3895,0,710010184,2014-05-02,2016-05-02,1.0,869.0,2014-04-01,ws,1
6477,0,710010184,2016-05-02,2018-05-02,1.0,864.0,2016-04-01,ws,1
7739,9,710010184,2018-05-02,2025-06-30,,0.0,2018-04-01,aes,2
241,5,710010185,2010-01-01,2012-05-02,1.0,285.0,2012-04-01,bdm,0
1439,0,710010185,2012-05-02,2014-05-02,1.0,285.0,2012-04-01,ws,1
3896,0,710010185,2014-05-02,2016-05-02,1.0,294.0,2014-04-01,ws,1
6478,0,710010185,2016-05-02,2018-05-02,1.0,341.0,2016-04-01,ws,1
7740,9,710010185,2018-05-02,2025-06-30,,0.0,2018-04-01,aes,2
242,0,710010186,2010-01-01,2012-05-02,1.0,20.0,2012-04-01,bdm,0
1440,0,710010186,2012-05-02,2014-05-02,1.0,20.0,2012-04-01,ws,1
3897,0,710010186,2014-05-02,2016-05-02,1.0,20.0,2014-04-01,ws,1
6479,0,710010186,2016-05-02,2018-05-02,1.0,20.0,2016-04-01,ws,1
9098,0,710010186,2018-05-02,2019-11-02,1.0,20.0,2018-04-01,ws,1
11608,0,710010186,2019-11-02,2020-05-02,1.0,20.0,2019-10-01,ws,1
12858,9,710010186,2020-05-02,2025-06-30,,0.0,2020-04-01,aes,2
243,5,710010187,2010-01-01,2012-05-02,1.0,25.0,2012-04-01,bdm,0
1441,0,710010187,2012-05-02,2014-05-02,1.0,25.0,2012-04-01,ws,1
3898,0,710010187,2014-05-02,2016-05-02,1.0,25.0,2014-04-01,ws,1
6480,0,710010187,2016-05-02,2018-05-02,1.0,25.0,2016-04-01,ws,1
9099,0,710010187,2018-05-02,2019-11-02,1.0,25.0,2018-04-01,ws,1
11609,0,710010187,2019-11-02,2020-05-02,1.0,25.0,2019-10-01,ws,1
12859,9,710010187,2020-05-02,2025-06-30,,0.0,2020-04-01,aes,2
244,0,710010188,2010-01-01,2012-05-02,1.0,130.0,2012-04-01,bdm,0
1442,0,710010188,2012-05-02,2014-05-02,1.0,130.0,2012-04-01,ws,1
3899,0,710010188,2014-05-02,2016-05-02,1.0,133.0,2014-04-01,ws,1
6481,0,710010188,2016-05-02,2018-05-02,1.0,133.0,2016-04-01,ws,1
7743,9,710010188,2018-05-02,2025-06-30,,0.0,2018-04-01,aes,2
245,0,710010189,2010-01-01,2012-05-02,1.0,22.0,2012-04-01,bdm,0
1443,0,710010189,2012-05-02,2014-05-02,1.0,22.0,2012-04-01,ws,1
3900,0,710010189,2014-05-02,2016-05-02,1.0,22.0,2014-04-01,ws,1
6482,0,710010189,2016-05-02,2018-05-02,1.0,22.0,2016-04-01,ws,1
9100,0,710010189,2018-05-02,2019-11-02,1.0,22.0,2018-04-01,ws,1
11610,0,710010189,2019-11-02,2020-05-02,1.0,22.0,2019-10-01,ws,1
12860,9,710010189,2020-05-02,2025-06-30,,0.0,2020-04-01,aes,2
246,5,710010190,2010-01-01,2012-05-02,1.0,25.0,2012-04-01,bdm,0
1444,0,710010190,2012-05-02,2014-05-02,1.0,25.0,2012-04-01,ws,1
3901,0,710010190,2014-05-02,2016-05-02,1.0,25.0,2014-04-01,ws,1
6483,0,710010190,2016-05-02,2018-05-02,1.0,25.0,2016-04-01,ws,1
9101,0,710010190,2018-05-02,2019-11-02,1.0,25.0,2018-04-01,ws,1
11611,0,710010190,2019-11-02,2020-05-02,1.0,25.0,2019-10-01,ws,1
14238,0,710010190,2020-05-02,2022-05-02,1.0,25.0,2020-04-01,ws,1
20904,0,710010190,2022-05-02,2024-07-02,1.0,25.0,2022-04-01,ws,1
24988,0,710010190,2024-07-02,2025-06-30,1.0,25.0,2024-06-01,ws,1
247,0,710010191,2010-01-01,2012-05-02,1.0,13.0,2012-04-01,bdm,0
1445,0,710010191,2012-05-02,2014-05-02,1.0,13.0,2012-04-01,ws,1
3902,0,710010191,2014-05-02,2016-05-02,1.0,13.0,2014-04-01,ws,1
6484,0,710010191,2016-05-02,2018-05-02,1.0,13.0,2016-04-01,ws,1
9102,0,710010191,2018-05-02,2019-11-02,1.0,13.0,2018-04-01,ws,1
11612,0,710010191,2019-11-02,2020-05-02,1.0,13.0,2019-10-01,ws,1
14239,0,710010191,2020-05-02,2022-05-02,1.0,13.0,2020-04-01,ws,1
20905,0,710010191,2022-05-02,2024-07-02,1.0,10.0,2022-04-01,ws,1
24989,0,710010191,2024-07-02,2025-06-30,1.0,10.0,2024-06-01,ws,1
248,0,710010192,2010-01-01,2012-05-02,1.0,63.0,2012-04-01,bdm,0
1446,0,710010192,2012-05-02,2014-05-02,1.0,63.0,2012-04-01,ws,1
3903,0,710010192,2014-05-02,2016-05-02,1.0,64.0,2014-04-01,ws,1
6485,0,710010192,2016-05-02,2018-05-02,1.0,64.0,2016-04-01,ws,1
9103,0,710010192,2018-05-02,2019-11-02,1.0,64.0,2018-04-01,ws,1
11613,0,710010192,2019-11-02,2020-05-02,1.0,65.0,2019-10-01,ws,1
14240,0,710010192,2020-05-02,2022-05-02,1.0,65.0,2020-04-01,ws,1
20906,0,710010192,2022-05-02,2024-07-02,1.0,52.0,2022-04-01,ws,1
24990,0,710010192,2024-07-02,2025-06-30,1.0,52.0,2024-06-01,ws,1
249,0,710010193,2010-01-01,2012-05-02,1.0,9.0,2012-04-01,bdm,0
1447,0,710010193,2012-05-02,2014-05-02,1.0,9.0,2012-04-01,ws,1
3904,0,710010193,2014-05-02,2016-05-02,1.0,9.0,2014-04-01,ws,1
6486,0,710010193,2016-05-02,2018-05-02,1.0,9.0,2016-04-01,ws,1
9104,0,710010193,2018-05-02,2019-11-02,1.0,9.0,2018-04-01,ws,1
11614,0,710010193,2019-11-02,2020-05-02,1.0,9.0,2019-10-01,ws,1
14241,0,710010193,2020-05-02,2022-05-02,1.0,9.0,2020-04-01,ws,1
20907,0,710010193,2022-05-02,2024-07-02,1.0,8.0,2022-04-01,ws,1
24991,0,710010193,2024-07-02,2025-06-30,1.0,4.0,2024-06-01,ws,1
250,5,710010194,2010-01-01,2012-05-02,1.0,9.0,2012-04-01,bdm,0
1448,0,710010194,2012-05-02,2014-05-02,1.0,9.0,2012-04-01,ws,1
3905,0,710010194,2014-05-02,2016-05-02,1.0,9.0,2014-04-01,ws,1
6487,0,710010194,2016-05-02,2018-05-02,1.0,8.0,2016-04-01,ws,1
9105,0,710010194,2018-05-02,2019-11-02,1.0,8.0,2018-04-01,ws,1
11615,0,710010194,2019-11-02,2020-05-02,1.0,8.0,2019-10-01,ws,1
14242,0,710010194,2020-05-02,2022-05-02,1.0,7.0,2020-04-01,ws,1
20908,0,710010194,2022-05-02,2024-07-02,1.0,4.0,2022-04-01,ws,1
24992,0,710010194,2024-07-02,2025-06-30,1.0,4.0,2024-06-01,ws,1
251,0,710010195,2010-01-01,2012-05-02,1.0,113.0,2012-04-01,bdm,0
1449,0,710010195,2012-05-02,2014-05-02,1.0,113.0,2012-04-01,ws,1
3906,0,710010195,2014-05-02,2016-05-02,1.0,116.0,2014-04-01,ws,1
5202,9,710010195,2016-05-02,2025-06-30,,0.0,2016-04-01,aes,2
252,0,710010196,2010-01-01,2012-05-02,1.0,19.0,2012-04-01,bdm,0
1450,0,710010196,2012-05-02,2014-05-02,1.0,19.0,2012-04-01,ws,1
3907,0,710010196,2014-05-02,2016-05-02,1.0,19.0,2014-04-01,ws,1
5203,9,710010196,2016-05-02,2025-06-30,,0.0,2016-04-01,aes,2
253,0,710010197,2010-01-01,2012-05-02,1.0,1793.0,2012-04-01,bdm,0
1451,0,710010197,2012-05-02,2014-05-02,1.0,1793.0,2012-04-01,ws,1
3908,0,710010197,2014-05-02,2016-05-02,1.0,1840.0,2014-04-01,ws,1
6488,0,710010197,2016-05-02,2018-05-02,1.0,1840.0,2016-04-01,ws,1
9106,0,710010197,2018-05-02,2019-11-02,1.0,1840.0,2018-04-01,ws,1
11616,0,710010197,2019-11-02,2020-05-02,1.0,1870.0,2019-10-01,ws,1
14243,0,710010197,2020-05-02,2022-05-02,1.0,1870.0,2020-04-01,ws,1
20909,0,710010197,2022-05-02,2024-07-02,1.0,1870.0,2022-04-01,ws,1
24993,0,710010197,2024-07-02,2025-06-30,1.0,1870.0,2024-06-01,ws,1
254,0,710010198,2010-01-01,2012-05-02,1.0,966.0,2012-04-01,bdm,0
1452,0,710010198,2012-05-02,2014-05-02,1.0,966.0,2012-04-01,ws,1
3909,0,710010198,2014-05-02,2016-05-02,1.0,993.0,2014-04-01,ws,1
6489,0,710010198,2016-05-02,2018-05-02,1.0,993.0,2016-04-01,ws,1
9107,0,710010198,2018-05-02,2019-11-02,1.0,993.0,2018-04-01,ws,1
11617,0,710010198,2019-11-02,2020-05-02,1.0,1010.0,2019-10-01,ws,1
14244,0,710010198,2020-05-02,2022-05-02,1.0,1010.0,2020-04-01,ws,1
20910,0,710010198,2022-05-02,2024-07-02,1.0,1010.0,2022-04-01,ws,1
24994,0,710010198,2024-07-02,2025-06-30,1.0,1010.0,2024-06-01,ws,1
255,0,710010199,2010-01-01,2012-05-02,1.0,1312.0,2012-04-01,bdm,0
1453,0,710010199,2012-05-02,2014-05-02,1.0,1312.0,2012-04-01,ws,1
3910,0,710010199,2014-05-02,2016-05-02,1.0,1340.0,2014-04-01,ws,1
6490,0,710010199,2016-05-02,2018-05-02,1.0,1340.0,2016-04-01,ws,1
7752,9,710010199,2018-05-02,2025-06-30,,0.0,2018-04-01,aes,2
256,0,710010200,2010-01-01,2012-05-02,1.0,1920.0,2012-04-01,bdm,0
1454,0,710010200,2012-05-02,2014-05-02,1.0,1920.0,2012-04-01,ws,1
3911,0,710010200,2014-05-02,2016-05-02,1.0,1970.0,2014-04-01,ws,1
6491,0,710010200,2016-05-02,2018-05-02,1.0,1970.0,2016-04-01,ws,1
7753,9,710010200,2018-05-02,2025-06-30,,0.0,2018-04-01,aes,2
257,0,710010201,2010-01-01,2012-05-02,1.0,251.0,2012-04-01,bdm,0
1455,0,710010201,2012-05-02,2014-05-02,1.0,251.0,2012-04-01,ws,1
3912,0,710010201,2014-05-02,2016-05-02,1.0,258.0,2014-04-01,ws,1
6492,0,710010201,2016-05-02,2018-05-02,1.0,258.0,2016-04-01,ws,1
9108,0,710010201,2018-05-02,2019-11-02,1.0,257.0,2018-04-01,ws,1
11618,0,710010201,2019-11-02,2020-05-02,1.0,262.0,2019-10-01,ws,1
14245,0,710010201,2020-05-02,2022-05-02,1.0,252.0,2020-04-01,ws,1
20911,0,710010201,2022-05-02,2024-07-02,1.0,241.0,2022-04-01,ws,1
24995,0,710010201,2024-07-02,2025-06-30,1.0,241.0,2024-06-01,ws,1
258,5,710010202,2010-01-01,2012-05-02,1.0,263.0,2012-04-01,bdm,0
1456,0,710010202,2012-05-02,2014-05-02,1.0,263.0,2012-04-01,ws,1
3913,0,710010202,2014-05-02,2016-05-02,1.0,270.0,2014-04-01,ws,1
6493,0,710010202,2016-05-02,2018-05-02,1.0,270.0,2016-04-01,ws,1
9109,0,710010202,2018-05-02,2019-11-02,1.0,270.0,2018-04-01,ws,1
11619,0,710010202,2019-11-02,2020-05-02,1.0,275.0,2019-10-01,ws,1
14246,0,710010202,2020-05-02,2022-05-02,1.0,267.0,2020-04-01,ws,1
20912,0,710010202,2022-05-02,2024-07-02,1.0,235.0,2022-04-01,ws,1
24996,0,710010202,2024-07-02,2025-06-30,1.0,235.0,2024-06-01,ws,1
259,0,710010203,2010-01-01,2012-05-02,1.0,631.0,2012-04-01,bdm,0
1457,0,710010203,2012-05-02,2014-05-02,1.0,631.0,2012-04-01,ws,1
3914,0,710010203,2014-05-02,2016-05-02,1.0,649.0,2014-04-01,ws,1
6494,0,710010203,2016-05-02,2018-05-02,1.0,609.0,2016-04-01,ws,1
9110,0,710010203,2018-05-02,2019-11-02,1.0,609.0,2018-04-01,ws,1
11620,0,710010203,2019-11-02,2020-05-02,1.0,620.0,2019-10-01,ws,1
14247,0,710010203,2020-05-02,2022-05-02,1.0,620.0,2020-04-01,ws,1
20913,0,710010203,2022-05-02,2024-07-02,1.0,620.0,2022-04-01,ws,1
24997,0,710010203,2024-07-02,2025-06-30,1.0,620.0,2024-06-01,ws,1
260,0,710010204,2010-01-01,2012-05-02,1.0,827.0,2012-04-01,bdm,0
1458,0,710010204,2012-05-02,2014-05-02,1.0,827.0,2012-04-01,ws,1
3915,0,710010204,2014-05-02,2016-05-02,1.0,850.0,2014-04-01,ws,1
6495,0,710010204,2016-05-02,2018-05-02,1.0,850.0,2016-04-01,ws,1
9111,0,710010204,2018-05-02,2019-11-02,1.0,850.0,2018-04-01,ws,1
11621,0,710010204,2019-11-02,2020-05-02,1.0,866.0,2019-10-01,ws,1
14248,0,710010204,2020-05-02,2022-05-02,1.0,866.0,2020-04-01,ws,1
20914,0,710010204,2022-05-02,2024-07-02,1.0,866.0,2022-04-01,ws,1
24998,0,710010204,2024-07-02,2025-06-30,1.0,866.0,2024-06-01,ws,1
261,0,710010205,2010-01-01,2012-05-02,1.0,593.0,2012-04-01,bdm,0
1459,0,710010205,2012-05-02,2014-05-02,1.0,593.0,2012-04-01,ws,1
3916,0,710010205,2014-05-02,2016-05-02,1.0,609.0,2014-04-01,ws,1
6496,0,710010205,2016-05-02,2018-05-02,1.0,609.0,2016-04-01,ws,1
9112,0,710010205,2018-05-02,2019-11-02,1.0,609.0,2018-04-01,ws,1
11622,0,710010205,2019-11-02,2020-05-02,1.0,620.0,2019-10-01,ws,1
14249,0,710010205,2020-05-02,2022-05-02,1.0,582.0,2020-04-01,ws,1
20915,0,710010205,2022-05-02,2024-07-02,1.0,582.0,2022-04-01,ws,1
24999,0,710010205,2024-07-02,2025-06-30,1.0,582.0,2024-06-01,ws,1
262,0,710010206,2010-01-01,2012-05-02,1.0,773.0,2012-04-01,bdm,0
1460,0,710010206,2012-05-02,2014-05-02,1.0,773.0,2012-04-01,ws,1
3917,0,710010206,2014-05-02,2016-05-02,1.0,795.0,2014-04-01,ws,1
6497,0,710010206,2016-05-02,2018-05-02,1.0,795.0,2016-04-01,ws,1
9113,0,710010206,2018-05-02,2019-11-02,1.0,795.0,2018-04-01,ws,1
11623,0,710010206,2019-11-02,2020-05-02,1.0,810.0,2019-10-01,ws,1
14250,0,710010206,2020-05-02,2022-05-02,1.0,757.0,2020-04-01,ws,1
20916,0,710010206,2022-05-02,2024-07-02,1.0,733.0,2022-04-01,ws,1
25000,0,710010206,2024-07-02,2025-06-30,1.0,733.0,2024-06-01,ws,1
263,0,710010207,2010-01-01,2012-05-02,1.0,21.0,2012-04-01,bdm,0
1461,0,710010207,2012-05-02,2014-05-02,1.0,21.0,2012-04-01,ws,1
3918,0,710010207,2014-05-02,2016-05-02,1.0,21.0,2014-04-01,ws,1
6498,0,710010207,2016-05-02,2018-05-02,1.0,18.0,2016-04-01,ws,1
9114,0,710010207,2018-05-02,2019-11-02,1.0,18.0,2018-04-01,ws,1
11624,0,710010207,2019-11-02,2020-05-02,1.0,18.0,2019-10-01,ws,1
14251,0,710010207,2020-05-02,2022-05-02,1.0,18.0,2020-04-01,ws,1
20917,0,710010207,2022-05-02,2024-07-02,1.0,18.0,2022-04-01,ws,1
25001,0,710010207,2024-07-02,2025-06-30,1.0,12.0,2024-06-01,ws,1
264,0,710010208,2010-01-01,2012-05-02,1.0,4.0,2012-04-01,bdm,0
1462,0,710010208,2012-05-02,2014-05-02,1.0,4.0,2012-04-01,ws,1
3919,0,710010208,2014-05-02,2016-05-02,1.0,4.0,2014-04-01,ws,1
6499,0,710010208,2016-05-02,2018-05-02,1.0,4.0,2016-04-01,ws,1
9115,0,710010208,2018-05-02,2019-11-02,1.0,4.0,2018-04-01,ws,1
11625,0,710010208,2019-11-02,2020-05-02,1.0,4.0,2019-10-01,ws,1
14252,0,710010208,2020-05-02,2022-05-02,1.0,4.0,2020-04-01,ws,1
20918,0,710010208,2022-05-02,2024-07-02,1.0,4.0,2022-04-01,ws,1
25002,0,710010208,2024-07-02,2025-06-30,1.0,4.0,2024-06-01,ws,1
265,0,710010209,2010-01-01,2012-05-02,1.0,26.0,2012-04-01,bdm,0
1463,0,710010209,2012-05-02,2014-05-02,1.0,26.0,2012-04-01,ws,1
3920,0,710010209,2014-05-02,2016-05-02,1.0,26.0,2014-04-01,ws,1
6500,0,710010209,2016-05-02,2018-05-02,1.0,26.0,2016-04-01,ws,1
9116,0,710010209,2018-05-02,2019-11-02,1.0,26.0,2018-04-01,ws,1
11626,0,710010209,2019-11-02,2020-05-02,1.0,26.0,2019-10-01,ws,1
14253,0,710010209,2020-05-02,2022-05-02,1.0,26.0,2020-04-01,ws,1
20919,0,710010209,2022-05-02,2024-07-02,1.0,26.0,2022-04-01,ws,1
25003,0,710010209,2024-07-02,2025-06-30,1.0,26.0,2024-06-01,ws,1
266,0,710010210,2010-01-01,2012-05-02,1.0,694.0,2012-04-01,bdm,0
1464,0,710010210,2012-05-02,2014-05-02,1.0,694.0,2012-04-01,ws,1
3921,0,710010210,2014-05-02,2016-05-02,1.0,713.0,2014-04-01,ws,1
6501,0,710010210,2016-05-02,2018-05-02,1.0,640.0,2016-04-01,ws,1
9117,0,710010210,2018-05-02,2019-11-02,1.0,640.0,2018-04-01,ws,1
11627,0,710010210,2019-11-02,2020-05-02,1.0,652.0,2019-10-01,ws,1
14254,0,710010210,2020-05-02,2022-05-02,1.0,595.0,2020-04-01,ws,1
20920,0,710010210,2022-05-02,2024-07-02,1.0,595.0,2022-04-01,ws,1
25004,0,710010210,2024-07-02,2025-06-30,1.0,595.0,2024-06-01,ws,1
267,0,710010211,2010-01-01,2012-05-02,1.0,5.0,2012-04-01,bdm,0
1465,0,710010211,2012-05-02,2014-05-02,1.0,5.0,2012-04-01,ws,1
3922,0,710010211,2014-05-02,2016-05-02,1.0,5.0,2014-04-01,ws,1
6502,0,710010211,2016-05-02,2018-05-02,1.0,5.0,2016-04-01,ws,1
9118,0,710010211,2018-05-02,2019-11-02,1.0,5.0,2018-04-01,ws,1
11628,0,710010211,2019-11-02,2020-05-02,1.0,5.0,2019-10-01,ws,1
14255,0,710010211,2020-05-02,2022-05-02,1.0,5.0,2020-04-01,ws,1
20921,0,710010211,2022-05-02,2024-07-02,1.0,5.0,2022-04-01,ws,1
25005,0,710010211,2024-07-02,2025-06-30,1.0,5.0,2024-06-01,ws,1
268,0,710010212,2010-01-01,2012-05-02,1.0,4.0,2012-04-01,bdm,0
1466,0,710010212,2012-05-02,2014-05-02,1.0,4.0,2012-04-01,ws,1
3923,0,710010212,2014-05-02,2016-05-02,1.0,4.0,2014-04-01,ws,1
6503,0,710010212,2016-05-02,2018-05-02,1.0,4.0,2016-04-01,ws,1
9119,0,710010212,2018-05-02,2019-11-02,1.0,4.0,2018-04-01,ws,1
11629,0,710010212,2019-11-02,2020-05-02,1.0,4.0,2019-10-01,ws,1
14256,0,710010212,2020-05-02,2022-05-02,1.0,4.0,2020-04-01,ws,1
20922,0,710010212,2022-05-02,2024-07-02,1.0,3.0,2022-04-01,ws,1
25006,0,710010212,2024-07-02,2025-06-30,1.0,3.0,2024-06-01,ws,1
269,0,710010213,2010-01-01,2012-05-02,1.0,28.0,2012-04-01,bdm,0
1467,0,710010213,2012-05-02,2014-05-02,1.0,28.0,2012-04-01,ws,1
3924,0,710010213,2014-05-02,2016-05-02,1.0,28.0,2014-04-01,ws,1
6504,0,710010213,2016-05-02,2018-05-02,1.0,28.0,2016-04-01,ws,1
9120,0,710010213,2018-05-02,2019-11-02,1.0,28.0,2018-04-01,ws,1
11630,0,710010213,2019-11-02,2020-05-02,1.0,29.0,2019-10-01,ws,1
14257,0,710010213,2020-05-02,2022-05-02,1.0,28.0,2020-04-01,ws,1
20923,0,710010213,2022-05-02,2024-07-02,1.0,28.0,2022-04-01,ws,1
25007,0,710010213,2024-07-02,2025-06-30,1.0,28.0,2024-06-01,ws,1
270,0,710010214,2010-01-01,2012-05-02,1.0,19.0,2012-04-01,bdm,0
1468,0,710010214,2012-05-02,2014-05-02,1.0,19.0,2012-04-01,ws,1
3925,0,710010214,2014-05-02,2016-05-02,1.0,19.0,2014-04-01,ws,1
6505,0,710010214,2016-05-02,2018-05-02,1.0,19.0,2016-04-01,ws,1
9121,0,710010214,2018-05-02,2019-11-02,1.0,19.0,2018-04-01,ws,1
11631,0,710010214,2019-11-02,2020-05-02,1.0,19.0,2019-10-01,ws,1
14258,0,710010214,2020-05-02,2022-05-02,1.0,18.0,2020-04-01,ws,1
20924,0,710010214,2022-05-02,2024-07-02,1.0,18.0,2022-04-01,ws,1
25008,0,710010214,2024-07-02,2025-06-30,1.0,18.0,2024-06-01,ws,1
271,5,710010215,2010-01-01,2012-05-02,1.0,21.0,2012-04-01,bdm,0
1469,0,710010215,2012-05-02,2014-05-02,1.0,21.0,2012-04-01,ws,1
3926,0,710010215,2014-05-02,2016-05-02,1.0,21.0,2014-04-01,ws,1
6506,0,710010215,2016-05-02,2018-05-02,1.0,18.0,2016-04-01,ws,1
9122,0,710010215,2018-05-02,2019-11-02,1.0,18.0,2018-04-01,ws,1
11632,0,710010215,2019-11-02,2020-05-02,1.0,18.0,2019-10-01,ws,1
14259,0,710010215,2020-05-02,2022-05-02,1.0,18.0,2020-04-01,ws,1
20925,0,710010215,2022-05-02,2024-07-02,1.0,17.0,2022-04-01,ws,1
25009,0,710010215,2024-07-02,2025-06-30,1.0,17.0,2024-06-01,ws,1
272,0,710010216,2010-01-01,2012-05-02,1.0,441.0,2012-04-01,bdm,0
1470,0,710010216,2012-05-02,2014-05-02,1.0,441.0,2012-04-01,ws,1
3927,0,710010216,2014-05-02,2016-05-02,1.0,453.0,2014-04-01,ws,1
6507,0,710010216,2016-05-02,2018-05-02,1.0,453.0,2016-04-01,ws,1
9123,0,710010216,2018-05-02,2019-11-02,1.0,453.0,2018-04-01,ws,1
11633,0,710010216,2019-11-02,2020-05-02,1.0,461.0,2019-10-01,ws,1
14260,0,710010216,2020-05-02,2022-05-02,1.0,461.0,2020-04-01,ws,1
20926,0,710010216,2022-05-02,2024-07-02,1.0,461.0,2022-04-01,ws,1
25010,0,710010216,2024-07-02,2025-06-30,1.0,461.0,2024-06-01,ws,1
273,0,710010217,2010-01-01,2012-05-02,1.0,103.0,2012-04-01,bdm,0
1471,0,710010217,2012-05-02,2014-05-02,1.0,103.0,2012-04-01,ws,1
3928,0,710010217,2014-05-02,2016-05-02,1.0,105.0,2014-04-01,ws,1
6508,0,710010217,2016-05-02,2018-05-02,1.0,101.0,2016-04-01,ws,1
9124,0,710010217,2018-05-02,2019-11-02,1.0,101.0,2018-04-01,ws,1
11634,0,710010217,2019-11-02,2020-05-02,1.0,103.0,2019-10-01,ws,1
14261,0,710010217,2020-05-02,2022-05-02,1.0,103.0,2020-04-01,ws,1
20927,0,710010217,2022-05-02,2024-07-02,1.0,103.0,2022-04-01,ws,1
25011,0,710010217,2024-07-02,2025-06-30,1.0,103.0,2024-06-01,ws,1
274,0,710010218,2010-01-01,2012-05-02,1.0,23.0,2012-04-01,bdm,0
1472,0,710010218,2012-05-02,2014-05-02,1.0,23.0,2012-04-01,ws,1
3929,0,710010218,2014-05-02,2016-05-02,1.0,23.0,2014-04-01,ws,1
6509,0,710010218,2016-05-02,2018-05-02,1.0,23.0,2016-04-01,ws,1
9125,0,710010218,2018-05-02,2019-11-02,1.0,23.0,2018-04-01,ws,1
11635,0,710010218,2019-11-02,2020-05-02,1.0,23.0,2019-10-01,ws,1
14262,0,710010218,2020-05-02,2022-05-02,1.0,23.0,2020-04-01,ws,1
20928,0,710010218,2022-05-02,2024-07-02,1.0,23.0,2022-04-01,ws,1
25012,0,710010218,2024-07-02,2025-06-30,1.0,23.0,2024-06-01,ws,1
275,0,710010219,2010-01-01,2012-05-02,1.0,704.0,2012-04-01,bdm,0
1473,0,710010219,2012-05-02,2014-05-02,1.0,704.0,2012-04-01,ws,1
3930,0,710010219,2014-05-02,2016-05-02,1.0,724.0,2014-04-01,ws,1
6510,0,710010219,2016-05-02,2018-05-02,1.0,724.0,2016-04-01,ws,1
9126,0,710010219,2018-05-02,2019-11-02,1.0,724.0,2018-04-01,ws,1
11636,0,710010219,2019-11-02,2020-05-02,1.0,737.0,2019-10-01,ws,1
14263,0,710010219,2020-05-02,2022-05-02,1.0,737.0,2020-04-01,ws,1
20929,0,710010219,2022-05-02,2024-07-02,1.0,737.0,2022-04-01,ws,1
25013,0,710010219,2024-07-02,2025-06-30,1.0,737.0,2024-06-01,ws,1
276,0,710010220,2010-01-01,2012-05-02,1.0,270.0,2012-04-01,bdm,0
1474,0,710010220,2012-05-02,2014-05-02,1.0,270.0,2012-04-01,ws,1
3931,0,710010220,2014-05-02,2016-05-02,1.0,277.0,2014-04-01,ws,1
6511,0,710010220,2016-05-02,2018-05-02,1.0,277.0,2016-04-01,ws,1
9127,0,710010220,2018-05-02,2019-11-02,1.0,277.0,2018-04-01,ws,1
11637,0,710010220,2019-11-02,2020-05-02,1.0,282.0,2019-10-01,ws,1
14264,0,710010220,2020-05-02,2022-05-02,1.0,282.0,2020-04-01,ws,1
20930,0,710010220,2022-05-02,2024-07-02,1.0,282.0,2022-04-01,ws,1
25014,0,710010220,2024-07-02,2025-06-30,1.0,282.0,2024-06-01,ws,1
277,0,710010221,2010-01-01,2012-05-02,1.0,16.0,2012-04-01,bdm,0
1475,0,710010221,2012-05-02,2014-05-02,1.0,16.0,2012-04-01,ws,1
3932,0,710010221,2014-05-02,2016-05-02,1.0,16.0,2014-04-01,ws,1
6512,0,710010221,2016-05-02,2018-05-02,1.0,16.0,2016-04-01,ws,1
9128,0,710010221,2018-05-02,2019-11-02,1.0,16.0,2018-04-01,ws,1
11638,0,710010221,2019-11-02,2020-05-02,1.0,16.0,2019-10-01,ws,1
14265,0,710010221,2020-05-02,2022-05-02,1.0,16.0,2020-04-01,ws,1
19458,5,710010221,2022-05-02,2022-11-02,1.0,16.0,2022-04-01,ws,1
20567,9,710010221,2022-11-02,2025-06-30,,16.0,2022-10-01,aes,2
278,0,710010222,2010-01-01,2012-05-02,1.0,268.0,2012-04-01,bdm,0
1476,0,710010222,2012-05-02,2014-05-02,1.0,268.0,2012-04-01,ws,1
3933,0,710010222,2014-05-02,2016-05-02,1.0,275.0,2014-04-01,ws,1
6513,0,710010222,2016-05-02,2018-05-02,1.0,275.0,2016-04-01,ws,1
9129,0,710010222,2018-05-02,2019-11-02,1.0,275.0,2018-04-01,ws,1
11639,0,710010222,2019-11-02,2020-05-02,1.0,280.0,2019-10-01,ws,1
14266,0,710010222,2020-05-02,2022-05-02,1.0,280.0,2020-04-01,ws,1
20931,0,710010222,2022-05-02,2024-07-02,1.0,280.0,2022-04-01,ws,1
25015,0,710010222,2024-07-02,2025-06-30,1.0,280.0,2024-06-01,ws,1
279,5,710010223,2010-01-01,2012-05-02,1.0,64.0,2012-04-01,bdm,0
1477,0,710010223,2012-05-02,2014-05-02,1.0,64.0,2012-04-01,ws,1
3934,0,710010223,2014-05-02,2016-05-02,1.0,65.0,2014-04-01,ws,1
6514,0,710010223,2016-05-02,2018-05-02,1.0,65.0,2016-04-01,ws,1
9130,0,710010223,2018-05-02,2019-11-02,1.0,65.0,2018-04-01,ws,1
11640,0,710010223,2019-11-02,2020-05-02,1.0,66.0,2019-10-01,ws,1
14267,0,710010223,2020-05-02,2022-05-02,1.0,66.0,2020-04-01,ws,1
20932,0,710010223,2022-05-02,2024-07-02,1.0,66.0,2022-04-01,ws,1
25016,0,710010223,2024-07-02,2025-06-30,1.0,66.0,2024-06-01,ws,1
280,5,710010224,2010-01-01,2012-05-02,1.0,48.0,2012-04-01,bdm,0
1478,0,710010224,2012-05-02,2014-05-02,1.0,48.0,2012-04-01,ws,1
3935,0,710010224,2014-05-02,2016-05-02,1.0,49.0,2014-04-01,ws,1
6515,0,710010224,2016-05-02,2018-05-02,1.0,49.0,2016-04-01,ws,1
9131,0,710010224,2018-05-02,2019-11-02,1.0,49.0,2018-04-01,ws,1
11641,0,710010224,2019-11-02,2020-05-02,1.0,50.0,2019-10-01,ws,1
14268,0,710010224,2020-05-02,2022-05-02,1.0,50.0,2020-04-01,ws,1
20933,0,710010224,2022-05-02,2024-07-02,1.0,50.0,2022-04-01,ws,1
25017,0,710010224,2024-07-02,2025-06-30,1.0,50.0,2024-06-01,ws,1
281,5,710010225,2010-01-01,2012-05-02,1.0,106.0,2012-04-01,bdm,0
1479,0,710010225,2012-05-02,2014-05-02,1.0,106.0,2012-04-01,ws,1
3936,0,710010225,2014-05-02,2016-05-02,1.0,109.0,2014-04-01,ws,1
6516,0,710010225,2016-05-02,2018-05-02,1.0,109.0,2016-04-01,ws,1
9132,0,710010225,2018-05-02,2019-11-02,1.0,109.0,2018-04-01,ws,1
11642,0,710010225,2019-11-02,2020-05-02,1.0,111.0,2019-10-01,ws,1
14269,0,710010225,2020-05-02,2022-05-02,1.0,111.0,2020-04-01,ws,1
20934,0,710010225,2022-05-02,2024-07-02,1.0,111.0,2022-04-01,ws,1
25018,0,710010225,2024-07-02,2025-06-30,1.0,111.0,2024-06-01,ws,1
282,0,710010226,2010-01-01,2012-05-02,1.0,289.0,2012-04-01,bdm,0
1480,0,710010226,2012-05-02,2014-05-02,1.0,289.0,2012-04-01,ws,1
3937,0,710010226,2014-05-02,2016-05-02,1.0,297.0,2014-04-01,ws,1
6517,0,710010226,2016-05-02,2018-05-02,1.0,297.0,2016-04-01,ws,1
9133,0,710010226,2018-05-02,2019-11-02,1.0,297.0,2018-04-01,ws,1
11643,0,710010226,2019-11-02,2020-05-02,1.0,303.0,2019-10-01,ws,1
14270,0,710010226,2020-05-02,2022-05-02,1.0,303.0,2020-04-01,ws,1
20935,0,710010226,2022-05-02,2024-07-02,1.0,303.0,2022-04-01,ws,1
25019,0,710010226,2024-07-02,2025-06-30,1.0,303.0,2024-06-01,ws,1
283,0,710010227,2010-01-01,2012-05-02,1.0,61.0,2012-04-01,bdm,0
1481,0,710010227,2012-05-02,2014-05-02,1.0,61.0,2012-04-01,ws,1
3938,0,710010227,2014-05-02,2016-05-02,1.0,62.0,2014-04-01,ws,1
6518,0,710010227,2016-05-02,2018-05-02,1.0,62.0,2016-04-01,ws,1
9134,0,710010227,2018-05-02,2019-11-02,1.0,62.0,2018-04-01,ws,1
11644,0,710010227,2019-11-02,2020-05-02,1.0,63.0,2019-10-01,ws,1
14271,0,710010227,2020-05-02,2022-05-02,1.0,63.0,2020-04-01,ws,1
20936,0,710010227,2022-05-02,2024-07-02,1.0,63.0,2022-04-01,ws,1
25020,0,710010227,2024-07-02,2025-06-30,1.0,63.0,2024-06-01,ws,1
284,5,710010228,2010-01-01,2012-05-02,1.0,171.0,2012-04-01,bdm,0
1482,0,710010228,2012-05-02,2014-05-02,1.0,171.0,2012-04-01,ws,1
3939,0,710010228,2014-05-02,2016-05-02,1.0,175.0,2014-04-01,ws,1
6519,0,710010228,2016-05-02,2018-05-02,1.0,158.0,2016-04-01,ws,1
9135,0,710010228,2018-05-02,2019-11-02,1.0,158.0,2018-04-01,ws,1
11645,0,710010228,2019-11-02,2020-05-02,1.0,161.0,2019-10-01,ws,1
14272,0,710010228,2020-05-02,2022-05-02,1.0,161.0,2020-04-01,ws,1
20937,0,710010228,2022-05-02,2024-07-02,1.0,161.0,2022-04-01,ws,1
25021,0,710010228,2024-07-02,2025-06-30,1.0,161.0,2024-06-01,ws,1
285,0,710010229,2010-01-01,2012-05-02,1.0,182.0,2012-04-01,bdm,0
1483,0,710010229,2012-05-02,2014-05-02,1.0,182.0,2012-04-01,ws,1
3940,0,710010229,2014-05-02,2016-05-02,1.0,187.0,2014-04-01,ws,1
6520,0,710010229,2016-05-02,2018-05-02,1.0,177.0,2016-04-01,ws,1
9136,0,710010229,2018-05-02,2019-11-02,1.0,177.0,2018-04-01,ws,1
11646,0,710010229,2019-11-02,2020-05-02,1.0,180.0,2019-10-01,ws,1
14273,0,710010229,2020-05-02,2022-05-02,1.0,163.0,2020-04-01,ws,1
20938,0,710010229,2022-05-02,2024-07-02,1.0,163.0,2022-04-01,ws,1
25022,0,710010229,2024-07-02,2025-06-30,1.0,163.0,2024-06-01,ws,1
286,0,710010230,2010-01-01,2012-05-02,1.0,179.0,2012-04-01,bdm,0
1484,0,710010230,2012-05-02,2014-05-02,1.0,179.0,2012-04-01,ws,1
3941,0,710010230,2014-05-02,2016-05-02,1.0,184.0,2014-04-01,ws,1
6521,0,710010230,2016-05-02,2018-05-02,1.0,184.0,2016-04-01,ws,1
9137,0,710010230,2018-05-02,2019-11-02,1.0,184.0,2018-04-01,ws,1
11647,0,710010230,2019-11-02,2020-05-02,1.0,187.0,2019-10-01,ws,1
14274,0,710010230,2020-05-02,2022-05-02,1.0,147.0,2020-04-01,ws,1
20939,0,710010230,2022-05-02,2024-07-02,1.0,147.0,2022-04-01,ws,1
25023,0,710010230,2024-07-02,2025-06-30,1.0,147.0,2024-06-01,ws,1
287,0,710010231,2010-01-01,2012-05-02,1.0,286.0,2012-04-01,bdm,0
1485,0,710010231,2012-05-02,2014-05-02,1.0,286.0,2012-04-01,ws,1
3942,0,710010231,2014-05-02,2016-05-02,1.0,294.0,2014-04-01,ws,1
6522,0,710010231,2016-05-02,2018-05-02,1.0,294.0,2016-04-01,ws,1
9138,0,710010231,2018-05-02,2019-11-02,1.0,294.0,2018-04-01,ws,1
11648,0,710010231,2019-11-02,2020-05-02,1.0,299.0,2019-10-01,ws,1
14275,0,710010231,2020-05-02,2022-05-02,1.0,299.0,2020-04-01,ws,1
20940,0,710010231,2022-05-02,2024-07-02,1.0,299.0,2022-04-01,ws,1
25024,0,710010231,2024-07-02,2025-06-30,1.0,299.0,2024-06-01,ws,1
288,0,710010232,2010-01-01,2012-05-02,1.0,422.0,2012-04-01,bdm,0
1486,0,710010232,2012-05-02,2014-05-02,1.0,422.0,2012-04-01,ws,1
3943,0,710010232,2014-05-02,2016-05-02,1.0,434.0,2014-04-01,ws,1
6523,0,710010232,2016-05-02,2018-05-02,1.0,434.0,2016-04-01,ws,1
9139,0,710010232,2018-05-02,2019-11-02,1.0,434.0,2018-04-01,ws,1
11649,0,710010232,2019-11-02,2020-05-02,1.0,442.0,2019-10-01,ws,1
14276,0,710010232,2020-05-02,2022-05-02,1.0,442.0,2020-04-01,ws,1
20941,0,710010232,2022-05-02,2024-07-02,1.0,431.0,2022-04-01,ws,1
25025,0,710010232,2024-07-02,2025-06-30,1.0,422.0,2024-06-01,ws,1
289,5,710010233,2010-01-01,2012-05-02,1.0,1953.0,2012-04-01,bdm,0
1487,0,710010233,2012-05-02,2014-05-02,1.0,1953.0,2012-04-01,ws,1
3944,0,710010233,2014-05-02,2016-05-02,1.0,2000.0,2014-04-01,ws,1
6524,0,710010233,2016-05-02,2018-05-02,1.0,2000.0,2016-04-01,ws,1
9140,0,710010233,2018-05-02,2019-11-02,1.0,2000.0,2018-04-01,ws,1
11650,0,710010233,2019-11-02,2020-05-02,1.0,2040.0,2019-10-01,ws,1
14277,0,710010233,2020-05-02,2022-05-02,1.0,2040.0,2020-04-01,ws,1
20942,0,710010233,2022-05-02,2024-07-02,1.0,2040.0,2022-04-01,ws,1
25026,0,710010233,2024-07-02,2025-06-30,1.0,2040.0,2024-06-01,ws,1
290,0,710010234,2010-01-01,2012-05-02,1.0,1210.0,2012-04-01,bdm,0
1488,0,710010234,2012-05-02,2014-05-02,1.0,1210.0,2012-04-01,ws,1
3945,0,710010234,2014-05-02,2016-05-02,1.0,1240.0,2014-04-01,ws,1
6525,0,710010234,2016-05-02,2018-05-02,1.0,1240.0,2016-04-01,ws,1
9141,0,710010234,2018-05-02,2019-11-02,1.0,1240.0,2018-04-01,ws,1
11651,0,710010234,2019-11-02,2020-05-02,1.0,1260.0,2019-10-01,ws,1
14278,0,710010234,2020-05-02,2022-05-02,1.0,1250.0,2020-04-01,ws,1
20943,0,710010234,2022-05-02,2024-07-02,1.0,757.0,2022-04-01,ws,1
25027,0,710010234,2024-07-02,2025-06-30,1.0,757.0,2024-06-01,ws,1
291,0,710010235,2010-01-01,2012-05-02,1.0,2228.0,2012-04-01,bdm,0
1489,0,710010235,2012-05-02,2014-05-02,1.0,2228.0,2012-04-01,ws,1
3946,0,710010235,2014-05-02,2016-05-02,1.0,2290.0,2014-04-01,ws,1
6526,0,710010235,2016-05-02,2018-05-02,1.0,2290.0,2016-04-01,ws,1
9142,0,710010235,2018-05-02,2019-11-02,1.0,2290.0,2018-04-01,ws,1
11652,0,710010235,2019-11-02,2020-05-02,1.0,2330.0,2019-10-01,ws,1
14279,0,710010235,2020-05-02,2022-05-02,1.0,2330.0,2020-04-01,ws,1
20944,0,710010235,2022-05-02,2024-07-02,1.0,2330.0,2022-04-01,ws,1
25028,0,710010235,2024-07-02,2025-06-30,1.0,2330.0,2024-06-01,ws,1
292,0,710010236,2010-01-01,2012-05-02,1.0,309.0,2012-04-01,bdm,0
1490,0,710010236,2012-05-02,2014-05-02,1.0,309.0,2012-04-01,ws,1
3947,0,710010236,2014-05-02,2016-05-02,1.0,317.0,2014-04-01,ws,1
6527,0,710010236,2016-05-02,2018-05-02,1.0,317.0,2016-04-01,ws,1
9143,0,710010236,2018-05-02,2019-11-02,1.0,317.0,2018-04-01,ws,1
11653,0,710010236,2019-11-02,2020-05-02,1.0,323.0,2019-10-01,ws,1
14280,0,710010236,2020-05-02,2022-05-02,1.0,323.0,2020-04-01,ws,1
20945,0,710010236,2022-05-02,2024-07-02,1.0,323.0,2022-04-01,ws,1
25029,0,710010236,2024-07-02,2025-06-30,1.0,323.0,2024-06-01,ws,1
293,0,710010237,2010-01-01,2012-05-02,1.0,200.0,2012-04-01,bdm,0
1491,0,710010237,2012-05-02,2014-05-02,1.0,200.0,2012-04-01,ws,1
3948,0,710010237,2014-05-02,2016-05-02,1.0,205.0,2014-04-01,ws,1
6528,0,710010237,2016-05-02,2018-05-02,1.0,205.0,2016-04-01,ws,1
9144,0,710010237,2018-05-02,2019-11-02,1.0,205.0,2018-04-01,ws,1
11654,0,710010237,2019-11-02,2020-05-02,1.0,209.0,2019-10-01,ws,1
14281,0,710010237,2020-05-02,2022-05-02,1.0,209.0,2020-04-01,ws,1
20946,0,710010237,2022-05-02,2024-07-02,1.0,209.0,2022-04-01,ws,1
25030,0,710010237,2024-07-02,2025-06-30,1.0,209.0,2024-06-01,ws,1
294,0,710010238,2010-01-01,2012-05-02,1.0,7432.0,2012-04-01,bdm,0
1492,0,710010238,2012-05-02,2014-05-02,1.0,7432.0,2012-04-01,ws,1
3949,0,710010238,2014-05-02,2016-05-02,1.0,7640.0,2014-04-01,ws,1
6529,0,710010238,2016-05-02,2018-05-02,1.0,4170.0,2016-04-01,ws,1
9145,0,710010238,2018-05-02,2019-11-02,1.0,3840.0,2018-04-01,ws,1
11655,0,710010238,2019-11-02,2020-05-02,1.0,3910.0,2019-10-01,ws,1
14282,0,710010238,2020-05-02,2022-05-02,1.0,3910.0,2020-04-01,ws,1
20947,0,710010238,2022-05-02,2024-07-02,1.0,3910.0,2022-04-01,ws,1
25031,0,710010238,2024-07-02,2025-06-30,1.0,3910.0,2024-06-01,ws,1
295,0,710010239,2010-01-01,2012-05-02,1.0,9782.0,2012-04-01,bdm,0
1493,0,710010239,2012-05-02,2014-05-02,1.0,9782.0,2012-04-01,ws,1
3950,0,710010239,2014-05-02,2016-05-02,1.0,10000.0,2014-04-01,ws,1
6530,0,710010239,2016-05-02,2018-05-02,1.0,10000.0,2016-04-01,ws,1
9146,0,710010239,2018-05-02,2019-11-02,1.0,10000.0,2018-04-01,ws,1
11656,0,710010239,2019-11-02,2020-05-02,1.0,10200.0,2019-10-01,ws,1
14283,0,710010239,2020-05-02,2022-05-02,1.0,10200.0,2020-04-01,ws,1
20948,0,710010239,2022-05-02,2024-07-02,1.0,10200.0,2022-04-01,ws,1
25032,0,710010239,2024-07-02,2025-06-30,1.0,10200.0,2024-06-01,ws,1
296,0,710010240,2010-01-01,2012-05-02,1.0,3195.0,2012-04-01,bdm,0
1494,0,710010240,2012-05-02,2014-05-02,1.0,3195.0,2012-04-01,ws,1
3951,0,710010240,2014-05-02,2016-05-02,1.0,3280.0,2014-04-01,ws,1
6531,0,710010240,2016-05-02,2018-05-02,1.0,3280.0,2016-04-01,ws,1
9147,0,710010240,2018-05-02,2019-11-02,1.0,1820.0,2018-04-01,ws,1
11657,0,710010240,2019-11-02,2020-05-02,1.0,1360.0,2019-10-01,ws,1
14284,0,710010240,2020-05-02,2022-05-02,1.0,1360.0,2020-04-01,ws,1
20949,0,710010240,2022-05-02,2024-07-02,1.0,959.0,2022-04-01,ws,1
25033,0,710010240,2024-07-02,2025-06-30,1.0,959.0,2024-06-01,ws,1
297,0,710010241,2010-01-01,2012-05-02,1.0,1954.0,2012-04-01,bdm,0
1495,0,710010241,2012-05-02,2014-05-02,1.0,1954.0,2012-04-01,ws,1
3952,0,710010241,2014-05-02,2016-05-02,1.0,2000.0,2014-04-01,ws,1
6532,0,710010241,2016-05-02,2018-05-02,1.0,2000.0,2016-04-01,ws,1
9148,0,710010241,2018-05-02,2019-11-02,1.0,2000.0,2018-04-01,ws,1
11658,0,710010241,2019-11-02,2020-05-02,1.0,2040.0,2019-10-01,ws,1
14285,0,710010241,2020-05-02,2022-05-02,1.0,2040.0,2020-04-01,ws,1
20950,0,710010241,2022-05-02,2024-07-02,1.0,2040.0,2022-04-01,ws,1
25034,0,710010241,2024-07-02,2025-06-30,1.0,2040.0,2024-06-01,ws,1
298,0,710010242,2010-01-01,2012-05-02,1.0,738.0,2012-04-01,bdm,0
1496,0,710010242,2012-05-02,2014-05-02,1.0,738.0,2012-04-01,ws,1
3953,0,710010242,2014-05-02,2016-05-02,1.0,759.0,2014-04-01,ws,1
6533,0,710010242,2016-05-02,2018-05-02,1.0,750.0,2016-04-01,ws,1
9149,0,710010242,2018-05-02,2019-11-02,1.0,750.0,2018-04-01,ws,1
11659,0,710010242,2019-11-02,2020-05-02,1.0,764.0,2019-10-01,ws,1
14286,0,710010242,2020-05-02,2022-05-02,1.0,764.0,2020-04-01,ws,1
20951,0,710010242,2022-05-02,2024-07-02,1.0,764.0,2022-04-01,ws,1
25035,0,710010242,2024-07-02,2025-06-30,1.0,764.0,2024-06-01,ws,1
299,5,710010243,2010-01-01,2012-05-02,1.0,355.0,2012-04-01,bdm,0
1497,0,710010243,2012-05-02,2014-05-02,1.0,355.0,2012-04-01,ws,1
3954,0,710010243,2014-05-02,2016-05-02,1.0,365.0,2014-04-01,ws,1
6534,0,710010243,2016-05-02,2018-05-02,1.0,341.0,2016-04-01,ws,1
9150,0,710010243,2018-05-02,2019-11-02,1.0,341.0,2018-04-01,ws,1
11660,0,710010243,2019-11-02,2020-05-02,1.0,347.0,2019-10-01,ws,1
14287,0,710010243,2020-05-02,2022-05-02,1.0,263.0,2020-04-01,ws,1
20952,0,710010243,2022-05-02,2024-07-02,1.0,232.0,2022-04-01,ws,1
25036,0,710010243,2024-07-02,2025-06-30,1.0,218.0,2024-06-01,ws,1
300,0,710010244,2010-01-01,2012-05-02,1.0,261.0,2012-04-01,bdm,0
1498,0,710010244,2012-05-02,2014-05-02,1.0,261.0,2012-04-01,ws,1
3955,0,710010244,2014-05-02,2016-05-02,1.0,268.0,2014-04-01,ws,1
6535,0,710010244,2016-05-02,2018-05-02,1.0,242.0,2016-04-01,ws,1
9151,0,710010244,2018-05-02,2019-11-02,1.0,242.0,2018-04-01,ws,1
11661,0,710010244,2019-11-02,2020-05-02,1.0,246.0,2019-10-01,ws,1
14288,0,710010244,2020-05-02,2022-05-02,1.0,246.0,2020-04-01,ws,1
20953,0,710010244,2022-05-02,2024-07-02,1.0,246.0,2022-04-01,ws,1
25037,0,710010244,2024-07-02,2025-06-30,1.0,246.0,2024-06-01,ws,1
301,0,710010245,2010-01-01,2012-05-02,1.0,370.0,2012-04-01,bdm,0
1499,0,710010245,2012-05-02,2014-05-02,1.0,370.0,2012-04-01,ws,1
3956,0,710010245,2014-05-02,2016-05-02,1.0,380.0,2014-04-01,ws,1
6536,0,710010245,2016-05-02,2018-05-02,1.0,380.0,2016-04-01,ws,1
9152,0,710010245,2018-05-02,2019-11-02,1.0,380.0,2018-04-01,ws,1
11662,0,710010245,2019-11-02,2020-05-02,1.0,387.0,2019-10-01,ws,1
14289,0,710010245,2020-05-02,2022-05-02,1.0,387.0,2020-04-01,ws,1
20954,0,710010245,2022-05-02,2024-07-02,1.0,387.0,2022-04-01,ws,1
25038,0,710010245,2024-07-02,2025-06-30,1.0,387.0,2024-06-01,ws,1
302,0,710010246,2010-01-01,2012-05-02,1.0,432.0,2012-04-01,bdm,0
1500,0,710010246,2012-05-02,2014-05-02,1.0,432.0,2012-04-01,ws,1
3957,0,710010246,2014-05-02,2016-05-02,1.0,444.0,2014-04-01,ws,1
6537,0,710010246,2016-05-02,2018-05-02,1.0,444.0,2016-04-01,ws,1
9153,0,710010246,2018-05-02,2019-11-02,1.0,444.0,2018-04-01,ws,1
11663,0,710010246,2019-11-02,2020-05-02,1.0,452.0,2019-10-01,ws,1
14290,0,710010246,2020-05-02,2022-05-02,1.0,452.0,2020-04-01,ws,1
20955,0,710010246,2022-05-02,2024-07-02,1.0,452.0,2022-04-01,ws,1
25039,0,710010246,2024-07-02,2025-06-30,1.0,452.0,2024-06-01,ws,1
303,0,710010247,2010-01-01,2012-05-02,1.0,527.0,2012-04-01,bdm,0
1501,0,710010247,2012-05-02,2014-05-02,1.0,527.0,2012-04-01,ws,1
3958,0,710010247,2014-05-02,2016-05-02,1.0,542.0,2014-04-01,ws,1
6538,0,710010247,2016-05-02,2018-05-02,1.0,523.0,2016-04-01,ws,1
9154,0,710010247,2018-05-02,2019-11-02,1.0,523.0,2018-04-01,ws,1
11664,0,710010247,2019-11-02,2020-05-02,1.0,533.0,2019-10-01,ws,1
14291,0,710010247,2020-05-02,2022-05-02,1.0,533.0,2020-04-01,ws,1
20956,0,710010247,2022-05-02,2024-07-02,1.0,533.0,2022-04-01,ws,1
25040,0,710010247,2024-07-02,2025-06-30,1.0,533.0,2024-06-01,ws,1
304,0,710010248,2010-01-01,2012-05-02,1.0,22.0,2012-04-01,bdm,0
1502,0,710010248,2012-05-02,2014-05-02,1.0,22.0,2012-04-01,ws,1
3959,0,710010248,2014-05-02,2016-05-02,1.0,22.0,2014-04-01,ws,1
6539,0,710010248,2016-05-02,2018-05-02,1.0,22.0,2016-04-01,ws,1
9155,0,710010248,2018-05-02,2019-11-02,1.0,22.0,2018-04-01,ws,1
11665,0,710010248,2019-11-02,2020-05-02,1.0,22.0,2019-10-01,ws,1
12915,9,710010248,2020-05-02,2025-06-30,,0.0,2020-04-01,aes,2
305,0,710010249,2010-01-01,2012-05-02,1.0,38.0,2012-04-01,bdm,0
1503,0,710010249,2012-05-02,2014-05-02,1.0,38.0,2012-04-01,ws,1
3960,0,710010249,2014-05-02,2016-05-02,1.0,39.0,2014-04-01,ws,1
6540,0,710010249,2016-05-02,2018-05-02,1.0,39.0,2016-04-01,ws,1
9156,0,710010249,2018-05-02,2019-11-02,1.0,39.0,2018-04-01,ws,1
11666,0,710010249,2019-11-02,2020-05-02,1.0,40.0,2019-10-01,ws,1
12916,9,710010249,2020-05-02,2025-06-30,,0.0,2020-04-01,aes,2
306,0,710010250,2010-01-01,2012-05-02,1.0,13.0,2012-04-01,bdm,0
1504,0,710010250,2012-05-02,2014-05-02,1.0,13.0,2012-04-01,ws,1
3961,0,710010250,2014-05-02,2016-05-02,1.0,13.0,2014-04-01,ws,1
6541,0,710010250,2016-05-02,2018-05-02,1.0,13.0,2016-04-01,ws,1
9157,0,710010250,2018-05-02,2019-11-02,1.0,13.0,2018-04-01,ws,1
11667,0,710010250,2019-11-02,2020-05-02,1.0,13.0,2019-10-01,ws,1
14292,0,710010250,2020-05-02,2022-05-02,1.0,13.0,2020-04-01,ws,1
20957,0,710010250,2022-05-02,2024-07-02,1.0,10.0,2022-04-01,ws,1
25041,0,710010250,2024-07-02,2025-06-30,1.0,10.0,2024-06-01,ws,1
307,0,710010251,2010-01-01,2012-05-02,1.0,63.0,2012-04-01,bdm,0
1505,0,710010251,2012-05-02,2014-05-02,1.0,63.0,2012-04-01,ws,1
3962,0,710010251,2014-05-02,2016-05-02,1.0,64.0,2014-04-01,ws,1
6542,0,710010251,2016-05-02,2018-05-02,1.0,64.0,2016-04-01,ws,1
9158,0,710010251,2018-05-02,2019-11-02,1.0,64.0,2018-04-01,ws,1
11668,0,710010251,2019-11-02,2020-05-02,1.0,65.0,2019-10-01,ws,1
14293,0,710010251,2020-05-02,2022-05-02,1.0,65.0,2020-04-01,ws,1
20958,0,710010251,2022-05-02,2024-07-02,1.0,52.0,2022-04-01,ws,1
25042,0,710010251,2024-07-02,2025-06-30,1.0,52.0,2024-06-01,ws,1
308,0,710010252,2010-01-01,2012-05-02,1.0,28.0,2012-04-01,bdm,0
1506,0,710010252,2012-05-02,2014-05-02,1.0,28.0,2012-04-01,ws,1
3963,0,710010252,2014-05-02,2016-05-02,1.0,28.0,2014-04-01,ws,1
6543,0,710010252,2016-05-02,2018-05-02,1.0,28.0,2016-04-01,ws,1
9159,0,710010252,2018-05-02,2019-11-02,1.0,28.0,2018-04-01,ws,1
11669,0,710010252,2019-11-02,2020-05-02,1.0,29.0,2019-10-01,ws,1
14294,0,710010252,2020-05-02,2022-05-02,1.0,29.0,2020-04-01,ws,1
20959,0,710010252,2022-05-02,2024-07-02,1.0,29.0,2022-04-01,ws,1
25043,0,710010252,2024-07-02,2025-06-30,1.0,29.0,2024-06-01,ws,1
309,0,710010253,2010-01-01,2012-05-02,1.0,9.0,2012-04-01,bdm,0
1507,0,710010253,2012-05-02,2014-05-02,1.0,9.0,2012-04-01,ws,1
3964,0,710010253,2014-05-02,2016-05-02,1.0,9.0,2014-04-01,ws,1
6544,0,710010253,2016-05-02,2018-05-02,1.0,9.0,2016-04-01,ws,1
9160,0,710010253,2018-05-02,2019-11-02,1.0,9.0,2018-04-01,ws,1
11670,0,710010253,2019-11-02,2020-05-02,1.0,9.0,2019-10-01,ws,1
14295,0,710010253,2020-05-02,2022-05-02,1.0,9.0,2020-04-01,ws,1
20960,0,710010253,2022-05-02,2024-07-02,1.0,8.0,2022-04-01,ws,1
25044,0,710010253,2024-07-02,2025-06-30,1.0,4.0,2024-06-01,ws,1
310,5,710010254,2010-01-01,2012-05-02,1.0,9.0,2012-04-01,bdm,0
1508,0,710010254,2012-05-02,2014-05-02,1.0,9.0,2012-04-01,ws,1
3965,0,710010254,2014-05-02,2016-05-02,1.0,9.0,2014-04-01,ws,1
6545,0,710010254,2016-05-02,2018-05-02,1.0,8.0,2016-04-01,ws,1
9161,0,710010254,2018-05-02,2019-11-02,1.0,8.0,2018-04-01,ws,1
11671,0,710010254,2019-11-02,2020-05-02,1.0,8.0,2019-10-01,ws,1
14296,0,710010254,2020-05-02,2022-05-02,1.0,7.0,2020-04-01,ws,1
20961,0,710010254,2022-05-02,2024-07-02,1.0,4.0,2022-04-01,ws,1
25045,0,710010254,2024-07-02,2025-06-30,1.0,4.0,2024-06-01,ws,1
311,0,710010255,2010-01-01,2012-05-02,1.0,1793.0,2012-04-01,bdm,0
1509,0,710010255,2012-05-02,2014-05-02,1.0,1793.0,2012-04-01,ws,1
3966,0,710010255,2014-05-02,2016-05-02,1.0,1840.0,2014-04-01,ws,1
6546,0,710010255,2016-05-02,2018-05-02,1.0,1840.0,2016-04-01,ws,1
9162,0,710010255,2018-05-02,2019-11-02,1.0,1840.0,2018-04-01,ws,1
11672,0,710010255,2019-11-02,2020-05-02,1.0,1870.0,2019-10-01,ws,1
14297,0,710010255,2020-05-02,2022-05-02,1.0,1870.0,2020-04-01,ws,1
20962,0,710010255,2022-05-02,2024-07-02,1.0,1870.0,2022-04-01,ws,1
25046,0,710010255,2024-07-02,2025-06-30,1.0,1870.0,2024-06-01,ws,1
312,0,710010256,2010-01-01,2012-05-02,1.0,966.0,2012-04-01,bdm,0
1510,0,710010256,2012-05-02,2014-05-02,1.0,966.0,2012-04-01,ws,1
3967,0,710010256,2014-05-02,2016-05-02,1.0,993.0,2014-04-01,ws,1
6547,0,710010256,2016-05-02,2018-05-02,1.0,993.0,2016-04-01,ws,1
9163,0,710010256,2018-05-02,2019-11-02,1.0,993.0,2018-04-01,ws,1
11673,0,710010256,2019-11-02,2020-05-02,1.0,1010.0,2019-10-01,ws,1
14298,0,710010256,2020-05-02,2022-05-02,1.0,1010.0,2020-04-01,ws,1
20963,0,710010256,2022-05-02,2024-07-02,1.0,1010.0,2022-04-01,ws,1
25047,0,710010256,2024-07-02,2025-06-30,1.0,1010.0,2024-06-01,ws,1
313,0,710010257,2010-01-01,2012-05-02,1.0,251.0,2012-04-01,bdm,0
1511,0,710010257,2012-05-02,2014-05-02,1.0,251.0,2012-04-01,ws,1
3968,0,710010257,2014-05-02,2016-05-02,1.0,258.0,2014-04-01,ws,1
6548,0,710010257,2016-05-02,2018-05-02,1.0,258.0,2016-04-01,ws,1
9164,0,710010257,2018-05-02,2019-11-02,1.0,257.0,2018-04-01,ws,1
11674,0,710010257,2019-11-02,2020-05-02,1.0,262.0,2019-10-01,ws,1
14299,0,710010257,2020-05-02,2022-05-02,1.0,252.0,2020-04-01,ws,1
20964,0,710010257,2022-05-02,2024-07-02,1.0,241.0,2022-04-01,ws,1
25048,0,710010257,2024-07-02,2025-06-30,1.0,241.0,2024-06-01,ws,1
314,5,710010258,2010-01-01,2012-05-02,1.0,263.0,2012-04-01,bdm,0
1512,0,710010258,2012-05-02,2014-05-02,1.0,263.0,2012-04-01,ws,1
3969,0,710010258,2014-05-02,2016-05-02,1.0,270.0,2014-04-01,ws,1
6549,0,710010258,2016-05-02,2018-05-02,1.0,270.0,2016-04-01,ws,1
9165,0,710010258,2018-05-02,2019-11-02,1.0,270.0,2018-04-01,ws,1
11675,0,710010258,2019-11-02,2020-05-02,1.0,275.0,2019-10-01,ws,1
14300,0,710010258,2020-05-02,2022-05-02,1.0,267.0,2020-04-01,ws,1
20965,0,710010258,2022-05-02,2024-07-02,1.0,235.0,2022-04-01,ws,1
25049,0,710010258,2024-07-02,2025-06-30,1.0,235.0,2024-06-01,ws,1
315,0,710010259,2010-01-01,2012-05-02,1.0,5.0,2012-04-01,bdm,0
1513,0,710010259,2012-05-02,2014-05-02,1.0,5.0,2012-04-01,ws,1
3970,0,710010259,2014-05-02,2016-05-02,1.0,5.0,2014-04-01,ws,1
6550,0,710010259,2016-05-02,2018-05-02,1.0,5.0,2016-04-01,ws,1
9166,0,710010259,2018-05-02,2019-11-02,1.0,5.0,2018-04-01,ws,1
11676,0,710010259,2019-11-02,2020-05-02,1.0,5.0,2019-10-01,ws,1
14301,0,710010259,2020-05-02,2022-05-02,1.0,5.0,2020-04-01,ws,1
20966,0,710010259,2022-05-02,2024-07-02,1.0,5.0,2022-04-01,ws,1
25050,0,710010259,2024-07-02,2025-06-30,1.0,5.0,2024-06-01,ws,1
316,0,710010260,2010-01-01,2012-05-02,1.0,4.0,2012-04-01,bdm,0
1514,0,710010260,2012-05-02,2014-05-02,1.0,4.0,2012-04-01,ws,1
3971,0,710010260,2014-05-02,2016-05-02,1.0,4.0,2014-04-01,ws,1
6551,0,710010260,2016-05-02,2018-05-02,1.0,4.0,2016-04-01,ws,1
9167,0,710010260,2018-05-02,2019-11-02,1.0,4.0,2018-04-01,ws,1
11677,0,710010260,2019-11-02,2020-05-02,1.0,4.0,2019-10-01,ws,1
14302,0,710010260,2020-05-02,2022-05-02,1.0,4.0,2020-04-01,ws,1
20967,0,710010260,2022-05-02,2024-07-02,1.0,3.0,2022-04-01,ws,1
25051,0,710010260,2024-07-02,2025-06-30,1.0,3.0,2024-06-01,ws,1
317,0,710010261,2010-01-01,2012-05-02,1.0,441.0,2012-04-01,bdm,0
1515,0,710010261,2012-05-02,2014-05-02,1.0,441.0,2012-04-01,ws,1
3972,0,710010261,2014-05-02,2016-05-02,1.0,453.0,2014-04-01,ws,1
6552,0,710010261,2016-05-02,2018-05-02,1.0,453.0,2016-04-01,ws,1
9168,0,710010261,2018-05-02,2019-11-02,1.0,453.0,2018-04-01,ws,1
11678,0,710010261,2019-11-02,2020-05-02,1.0,461.0,2019-10-01,ws,1
14303,0,710010261,2020-05-02,2022-05-02,1.0,461.0,2020-04-01,ws,1
20968,0,710010261,2022-05-02,2024-07-02,1.0,461.0,2022-04-01,ws,1
25052,0,710010261,2024-07-02,2025-06-30,1.0,461.0,2024-06-01,ws,1
318,0,710010262,2010-01-01,2012-05-02,1.0,103.0,2012-04-01,bdm,0
1516,0,710010262,2012-05-02,2014-05-02,1.0,103.0,2012-04-01,ws,1
3973,0,710010262,2014-05-02,2016-05-02,1.0,105.0,2014-04-01,ws,1
6553,0,710010262,2016-05-02,2018-05-02,1.0,101.0,2016-04-01,ws,1
9169,0,710010262,2018-05-02,2019-11-02,1.0,101.0,2018-04-01,ws,1
11679,0,710010262,2019-11-02,2020-05-02,1.0,103.0,2019-10-01,ws,1
14304,0,710010262,2020-05-02,2022-05-02,1.0,103.0,2020-04-01,ws,1
20969,0,710010262,2022-05-02,2024-07-02,1.0,103.0,2022-04-01,ws,1
25053,0,710010262,2024-07-02,2025-06-30,1.0,103.0,2024-06-01,ws,1
319,0,710010263,2010-01-01,2012-05-02,1.0,23.0,2012-04-01,bdm,0
1517,0,710010263,2012-05-02,2014-05-02,1.0,23.0,2012-04-01,ws,1
3974,0,710010263,2014-05-02,2016-05-02,1.0,23.0,2014-04-01,ws,1
6554,0,710010263,2016-05-02,2018-05-02,1.0,23.0,2016-04-01,ws,1
9170,0,710010263,2018-05-02,2019-11-02,1.0,23.0,2018-04-01,ws,1
11680,0,710010263,2019-11-02,2020-05-02,1.0,23.0,2019-10-01,ws,1
14305,0,710010263,2020-05-02,2022-05-02,1.0,23.0,2020-04-01,ws,1
20970,0,710010263,2022-05-02,2024-07-02,1.0,23.0,2022-04-01,ws,1
25054,0,710010263,2024-07-02,2025-06-30,1.0,23.0,2024-06-01,ws,1
320,5,710010264,2010-01-01,2012-05-02,1.0,834.0,2012-04-01,bdm,0
1518,0,710010264,2012-05-02,2014-05-02,1.0,834.0,2012-04-01,ws,1
3975,0,710010264,2014-05-02,2016-05-02,1.0,774.0,2014-04-01,ws,1
6555,0,710010264,2016-05-02,2018-05-02,1.0,690.0,2016-04-01,ws,1
9171,0,710010264,2018-05-02,2019-11-02,1.0,690.0,2018-04-01,ws,1
11681,0,710010264,2019-11-02,2020-05-02,1.0,703.0,2019-10-01,ws,1
14306,0,710010264,2020-05-02,2022-05-02,1.0,703.0,2020-04-01,ws,1
20971,0,710010264,2022-05-02,2024-07-02,1.0,703.0,2022-04-01,ws,1
25055,0,710010264,2024-07-02,2025-06-30,1.0,703.0,2024-06-01,ws,1
321,0,710010265,2010-01-01,2012-05-02,1.0,16.0,2012-04-01,bdm,0
1519,0,710010265,2012-05-02,2014-05-02,1.0,16.0,2012-04-01,ws,1
3976,0,710010265,2014-05-02,2016-05-02,1.0,16.0,2014-04-01,ws,1
6556,0,710010265,2016-05-02,2018-05-02,1.0,16.0,2016-04-01,ws,1
9172,0,710010265,2018-05-02,2019-11-02,1.0,16.0,2018-04-01,ws,1
11682,0,710010265,2019-11-02,2020-05-02,1.0,16.0,2019-10-01,ws,1
14307,0,710010265,2020-05-02,2022-05-02,1.0,16.0,2020-04-01,ws,1
20972,0,710010265,2022-05-02,2024-07-02,1.0,16.0,2022-04-01,ws,1
25056,0,710010265,2024-07-02,2025-06-30,1.0,16.0,2024-06-01,ws,1
322,0,710010266,2010-01-01,2012-05-02,1.0,450.0,2012-04-01,bdm,0
1520,0,710010266,2012-05-02,2014-05-02,1.0,450.0,2012-04-01,ws,1
3977,0,710010266,2014-05-02,2016-05-02,1.0,462.0,2014-04-01,ws,1
6557,0,710010266,2016-05-02,2018-05-02,1.0,412.0,2016-04-01,ws,1
9173,0,710010266,2018-05-02,2019-11-02,1.0,412.0,2018-04-01,ws,1
11683,0,710010266,2019-11-02,2020-05-02,1.0,420.0,2019-10-01,ws,1
14308,0,710010266,2020-05-02,2022-05-02,1.0,420.0,2020-04-01,ws,1
20973,0,710010266,2022-05-02,2024-07-02,1.0,420.0,2022-04-01,ws,1
25057,0,710010266,2024-07-02,2025-06-30,1.0,420.0,2024-06-01,ws,1
323,5,710010267,2010-01-01,2012-05-02,1.0,346000.0,2012-04-01,bdm,0
1521,0,710010267,2012-05-02,2014-05-02,1.0,346000.0,2012-04-01,ws,1
3978,0,710010267,2014-05-02,2016-05-02,1.0,351000.0,2014-04-01,ws,1
6558,0,710010267,2016-05-02,2018-05-02,1.0,351000.0,2016-04-01,ws,1
9174,0,710010267,2018-05-02,2019-11-02,1.0,351000.0,2018-04-01,ws,1
11684,0,710010267,2019-11-02,2020-05-02,1.0,358000.0,2019-10-01,ws,1
14309,0,710010267,2020-05-02,2022-05-02,1.0,358000.0,2020-04-01,ws,1
20974,0,710010267,2022-05-02,2024-07-02,1.0,358000.0,2022-04-01,ws,1
25058,0,710010267,2024-07-02,2025-06-30,1.0,358000.0,2024-06-01,ws,1
324,0,710010268,2010-01-01,2012-05-02,1.0,1620000.0,2012-04-01,bdm,0
324,0,710010268,2012-05-02,2013-08-02,1.0,1620000.0,2012-04-01,ws,1
1522,0,710010268,2013-08-02,2014-05-02,1.0,1620000.0,2013-07-01,ws,1
2829,5,710010268,2014-05-02,2015-02-02,1.0,1610000.0,2014-04-01,ws,1
2353,5,710010268,2015-02-02,2015-05-02,,1510000.0,2015-01-01,ws,1
3979,0,710010268,2015-05-02,2016-05-02,1.0,1400000.0,2015-04-01,ws,1
6559,0,710010268,2016-05-02,2018-05-02,1.0,1400000.0,2016-04-01,ws,1
9175,0,710010268,2018-05-02,2019-11-02,1.0,1400000.0,2018-04-01,ws,1
11685,0,710010268,2019-11-02,2020-05-02,1.0,1430000.0,2019-10-01,ws,1
14310,0,710010268,2020-05-02,2022-05-02,1.0,1430000.0,2020-04-01,ws,1
20975,0,710010268,2022-05-02,2024-07-02,1.0,1430000.0,2022-04-01,ws,1
25059,0,710010268,2024-07-02,2025-06-30,1.0,1430000.0,2024-06-01,ws,1
325,5,710010269,2010-01-01,2012-05-02,1.0,146000.0,2012-04-01,bdm,0
1523,0,710010269,2012-05-02,2014-05-02,1.0,146000.0,2012-04-01,ws,1
3980,0,710010269,2014-05-02,2016-05-02,1.0,145000.0,2014-04-01,ws,1
6560,0,710010269,2016-05-02,2018-05-02,1.0,143000.0,2016-04-01,ws,1
9176,0,710010269,2018-05-02,2019-11-02,1.0,141000.0,2018-04-01,ws,1
11686,0,710010269,2019-11-02,2020-05-02,1.0,140000.0,2019-10-01,ws,1
14311,0,710010269,2020-05-02,2022-05-02,1.0,139000.0,2020-04-01,ws,1
20976,0,710010269,2022-05-02,2024-07-02,1.0,136000.0,2022-04-01,ws,1
25060,0,710010269,2024-07-02,2025-06-30,1.0,132000.0,2024-06-01,ws,1
326,5,710010270,2010-01-01,2012-05-02,1.0,28600.0,2012-04-01,bdm,0
326,5,710010270,2012-05-02,2012-08-02,1.0,28600.0,2012-04-01,ws,1
1524,0,710010270,2012-08-02,2014-05-02,1.0,28600.0,2012-07-01,ws,1
3981,0,710010270,2014-05-02,2016-05-02,1.0,29400.0,2014-04-01,ws,1
6561,0,710010270,2016-05-02,2018-05-02,1.0,29400.0,2016-04-01,ws,1
9177,0,710010270,2018-05-02,2019-11-02,1.0,29400.0,2018-04-01,ws,1
11687,0,710010270,2019-11-02,2020-05-02,1.0,29900.0,2019-10-01,ws,1
14312,0,710010270,2020-05-02,2022-05-02,1.0,29900.0,2020-04-01,ws,1
20977,0,710010270,2022-05-02,2024-07-02,1.0,29900.0,2022-04-01,ws,1
25061,0,710010270,2024-07-02,2025-06-30,1.0,29900.0,2024-06-01,ws,1
327,5,710010271,2010-01-01,2012-05-02,1.0,80500.0,2012-04-01,bdm,0
1525,0,710010271,2012-05-02,2014-05-02,1.0,80500.0,2012-04-01,ws,1
2832,5,710010271,2014-05-02,2015-02-02,1.0,79400.0,2014-04-01,ws,1
2354,5,710010271,2015-02-02,2015-05-02,,72500.0,2015-01-01,ws,1
3982,0,710010271,2015-05-02,2016-05-02,1.0,65700.0,2015-04-01,ws,1
6562,0,710010271,2016-05-02,2018-05-02,1.0,65700.0,2016-04-01,ws,1
9178,0,710010271,2018-05-02,2019-11-02,1.0,65700.0,2018-04-01,ws,1
11688,0,710010271,2019-11-02,2020-05-02,1.0,66900.0,2019-10-01,ws,1
14313,0,710010271,2020-05-02,2022-05-02,1.0,66900.0,2020-04-01,ws,1
20978,0,710010271,2022-05-02,2024-07-02,1.0,66900.0,2022-04-01,ws,1
25062,0,710010271,2024-07-02,2025-06-30,1.0,66900.0,2024-06-01,ws,1
328,0,710010272,2010-01-01,2012-05-02,1.0,306000.0,2012-04-01,bdm,0
328,0,710010272,2012-05-02,2013-05-02,1.0,306000.0,2012-04-01,ws,1
1526,0,710010272,2013-05-02,2014-05-02,1.0,306000.0,2013-04-01,ws,1
3983,0,710010272,2014-05-02,2016-05-02,1.0,314000.0,2014-04-01,ws,1
6563,0,710010272,2016-05-02,2018-05-02,1.0,4380000.0,2016-04-01,ws,1
9179,0,710010272,2018-05-02,2019-11-02,1.0,4380000.0,2018-04-01,ws,1
11689,0,710010272,2019-11-02,2020-05-02,1.0,4460000.0,2019-10-01,ws,1
14314,0,710010272,2020-05-02,2022-05-02,1.0,4460000.0,2020-04-01,ws,1
20979,0,710010272,2022-05-02,2024-07-02,1.0,4460000.0,2022-04-01,ws,1
25063,0,710010272,2024-07-02,2025-06-30,1.0,4460000.0,2024-06-01,ws,1
329,5,710010273,2010-01-01,2012-05-02,1.0,13100.0,2012-04-01,bdm,0
1527,0,710010273,2012-05-02,2014-05-02,1.0,13100.0,2012-04-01,ws,1
3984,0,710010273,2014-05-02,2016-05-02,1.0,12900.0,2014-04-01,ws,1
6564,0,710010273,2016-05-02,2018-05-02,1.0,12800.0,2016-04-01,ws,1
9180,0,710010273,2018-05-02,2019-11-02,1.0,12600.0,2018-04-01,ws,1
11690,0,710010273,2019-11-02,2020-05-02,1.0,12700.0,2019-10-01,ws,1
14315,0,710010273,2020-05-02,2022-05-02,1.0,12700.0,2020-04-01,ws,1
19508,0,710010273,2022-05-02,2023-01-02,1.0,12700.0,2022-04-01,ws,1
20980,0,710010273,2023-01-02,2024-07-02,1.0,12700.0,2022-12-01,ws,1
25064,0,710010273,2024-07-02,2025-06-30,1.0,12700.0,2024-06-01,ws,1
330,5,710010274,2010-01-01,2012-05-02,1.0,136000.0,2012-04-01,bdm,0
1528,0,710010274,2012-05-02,2014-05-02,1.0,136000.0,2012-04-01,ws,1
3985,0,710010274,2014-05-02,2016-05-02,1.0,134000.0,2014-04-01,ws,1
6565,0,710010274,2016-05-02,2018-05-02,1.0,130000.0,2016-04-01,ws,1
9181,0,710010274,2018-05-02,2019-11-02,1.0,125000.0,2018-04-01,ws,1
11691,0,710010274,2019-11-02,2020-05-02,1.0,122000.0,2019-10-01,ws,1
14316,0,710010274,2020-05-02,2022-05-02,1.0,121000.0,2020-04-01,ws,1
20981,0,710010274,2022-05-02,2024-07-02,1.0,118000.0,2022-04-01,ws,1
25065,0,710010274,2024-07-02,2025-06-30,1.0,116000.0,2024-06-01,ws,1
331,5,710010275,2010-01-01,2012-05-02,1.0,1510000.0,2012-04-01,bdm,0
1529,0,710010275,2012-05-02,2014-05-02,1.0,1510000.0,2012-04-01,ws,1
3986,0,710010275,2014-05-02,2016-05-02,1.0,1550000.0,2014-04-01,ws,1
6566,0,710010275,2016-05-02,2018-05-02,1.0,1550000.0,2016-04-01,ws,1
9182,0,710010275,2018-05-02,2019-11-02,1.0,1550000.0,2018-04-01,ws,1
11692,0,710010275,2019-11-02,2020-05-02,1.0,1580000.0,2019-10-01,ws,1
14317,0,710010275,2020-05-02,2022-05-02,1.0,1580000.0,2020-04-01,ws,1
20982,0,710010275,2022-05-02,2024-07-02,1.0,1580000.0,2022-04-01,ws,1
25066,0,710010275,2024-07-02,2025-06-30,1.0,1580000.0,2024-06-01,ws,1
332,5,710010276,2010-01-01,2012-05-02,1.0,1470000.0,2012-04-01,bdm,0
1530,0,710010276,2012-05-02,2014-05-02,1.0,1470000.0,2012-04-01,ws,1
3987,0,710010276,2014-05-02,2016-05-02,1.0,1510000.0,2014-04-01,ws,1
6567,0,710010276,2016-05-02,2018-05-02,1.0,1510000.0,2016-04-01,ws,1
9183,0,710010276,2018-05-02,2019-11-02,1.0,1510000.0,2018-04-01,ws,1
11693,0,710010276,2019-11-02,2020-05-02,1.0,1540000.0,2019-10-01,ws,1
14318,0,710010276,2020-05-02,2022-05-02,1.0,1540000.0,2020-04-01,ws,1
20983,0,710010276,2022-05-02,2024-07-02,1.0,1540000.0,2022-04-01,ws,1
25067,0,710010276,2024-07-02,2025-06-30,1.0,1540000.0,2024-06-01,ws,1
333,5,710010277,2010-01-01,2012-05-02,1.0,1500000.0,2012-04-01,bdm,0
1531,0,710010277,2012-05-02,2014-05-02,1.0,1500000.0,2012-04-01,ws,1
3988,0,710010277,2014-05-02,2016-05-02,1.0,1540000.0,2014-04-01,ws,1
6568,0,710010277,2016-05-02,2018-05-02,1.0,1440000.0,2016-04-01,ws,1
9184,0,710010277,2018-05-02,2019-11-02,1.0,1440000.0,2018-04-01,ws,1
11694,0,710010277,2019-11-02,2020-05-02,1.0,1470000.0,2019-10-01,ws,1
14319,0,710010277,2020-05-02,2022-05-02,1.0,1470000.0,2020-04-01,ws,1
20984,0,710010277,2022-05-02,2024-07-02,1.0,1470000.0,2022-04-01,ws,1
25068,0,710010277,2024-07-02,2025-06-30,1.0,1470000.0,2024-06-01,ws,1
334,0,710010278,2010-01-01,2012-05-02,1.0,68300.0,2012-04-01,bdm,0
1532,0,710010278,2012-05-02,2014-05-02,1.0,68300.0,2012-04-01,ws,1
3989,0,710010278,2014-05-02,2016-05-02,1.0,70200.0,2014-04-01,ws,1
6569,0,710010278,2016-05-02,2018-05-02,1.0,70200.0,2016-04-01,ws,1
9185,0,710010278,2018-05-02,2019-11-02,1.0,70200.0,2018-04-01,ws,1
11695,0,710010278,2019-11-02,2020-05-02,1.0,71500.0,2019-10-01,ws,1
14320,0,710010278,2020-05-02,2022-05-02,1.0,71500.0,2020-04-01,ws,1
20985,0,710010278,2022-05-02,2024-07-02,1.0,71500.0,2022-04-01,ws,1
25069,0,710010278,2024-07-02,2025-06-30,1.0,71500.0,2024-06-01,ws,1
335,0,710010279,2010-01-01,2012-05-02,1.0,332000.0,2012-04-01,bdm,0
1533,0,710010279,2012-05-02,2014-05-02,1.0,332000.0,2012-04-01,ws,1
3990,0,710010279,2014-05-02,2016-05-02,1.0,341000.0,2014-04-01,ws,1
6570,0,710010279,2016-05-02,2018-05-02,1.0,341000.0,2016-04-01,ws,1
9186,0,710010279,2018-05-02,2019-11-02,1.0,341000.0,2018-04-01,ws,1
11696,0,710010279,2019-11-02,2020-05-02,1.0,347000.0,2019-10-01,ws,1
14321,0,710010279,2020-05-02,2022-05-02,1.0,347000.0,2020-04-01,ws,1
20986,0,710010279,2022-05-02,2024-07-02,1.0,347000.0,2022-04-01,ws,1
25070,0,710010279,2024-07-02,2025-06-30,1.0,347000.0,2024-06-01,ws,1
336,0,710010280,2010-01-01,2012-05-02,1.0,134000.0,2012-04-01,bdm,0
1534,0,710010280,2012-05-02,2014-05-02,1.0,134000.0,2012-04-01,ws,1
3991,0,710010280,2014-05-02,2016-05-02,1.0,136000.0,2014-04-01,ws,1
6571,0,710010280,2016-05-02,2018-05-02,1.0,136000.0,2016-04-01,ws,1
9187,0,710010280,2018-05-02,2019-11-02,1.0,135000.0,2018-04-01,ws,1
11697,0,710010280,2019-11-02,2020-05-02,1.0,138000.0,2019-10-01,ws,1
14322,0,710010280,2020-05-02,2022-05-02,1.0,138000.0,2020-04-01,ws,1
19515,9,710010280,2022-05-02,2025-06-30,,138000.0,2022-04-01,aes,2
337,5,710010281,2010-01-01,2012-05-02,1.0,115000.0,2012-04-01,bdm,0
1535,0,710010281,2012-05-02,2014-05-02,1.0,115000.0,2012-04-01,ws,1
3992,0,710010281,2014-05-02,2016-05-02,1.0,111000.0,2014-04-01,ws,1
6572,0,710010281,2016-05-02,2018-05-02,1.0,108000.0,2016-04-01,ws,1
9188,0,710010281,2018-05-02,2019-11-02,1.0,102000.0,2018-04-01,ws,1
11698,0,710010281,2019-11-02,2020-05-02,1.0,99000.0,2019-10-01,ws,1
14323,0,710010281,2020-05-02,2022-05-02,1.0,97100.0,2020-04-01,ws,1
20987,0,710010281,2022-05-02,2024-07-02,1.0,88700.0,2022-04-01,ws,1
25071,0,710010281,2024-07-02,2025-06-30,1.0,80600.0,2024-06-01,ws,1
338,0,710010282,2010-01-01,2012-05-02,1.0,286000.0,2012-04-01,bdm,0
1536,0,710010282,2012-05-02,2014-05-02,1.0,286000.0,2012-04-01,ws,1
3993,0,710010282,2014-05-02,2016-05-02,1.0,294000.0,2014-04-01,ws,1
6573,0,710010282,2016-05-02,2018-05-02,1.0,294000.0,2016-04-01,ws,1
9189,0,710010282,2018-05-02,2019-11-02,1.0,294000.0,2018-04-01,ws,1
11699,0,710010282,2019-11-02,2020-05-02,1.0,299000.0,2019-10-01,ws,1
14324,0,710010282,2020-05-02,2022-05-02,1.0,299000.0,2020-04-01,ws,1
20988,0,710010282,2022-05-02,2024-07-02,1.0,299000.0,2022-04-01,ws,1
25072,0,710010282,2024-07-02,2025-06-30,1.0,344000.0,2024-06-01,ws,1
339,5,710010283,2010-01-01,2012-05-02,1.0,415000.0,2012-04-01,bdm,0
1537,0,710010283,2012-05-02,2014-05-02,1.0,415000.0,2012-04-01,ws,1
3994,0,710010283,2014-05-02,2016-05-02,1.0,422000.0,2014-04-01,ws,1
5290,0,710010283,2016-05-02,2016-10-02,1.0,422000.0,2016-04-01,ws,1
6574,0,710010283,2016-10-02,2018-05-02,1.0,422000.0,2016-09-01,ws,1
9190,0,710010283,2018-05-02,2019-11-02,1.0,387000.0,2018-04-01,ws,1
11700,0,710010283,2019-11-02,2020-05-02,1.0,394000.0,2019-10-01,ws,1
14325,0,710010283,2020-05-02,2022-05-02,1.0,394000.0,2020-04-01,ws,1
20989,0,710010283,2022-05-02,2024-07-02,1.0,394000.0,2022-04-01,ws,1
22393,9,710010283,2024-07-02,2025-06-30,,394000.0,2024-06-01,aes,2
340,5,710010284,2010-01-01,2012-05-02,1.0,65900.0,2012-04-01,bdm,0
1538,0,710010284,2012-05-02,2014-05-02,1.0,65900.0,2012-04-01,ws,1
3995,0,710010284,2014-05-02,2016-05-02,1.0,65400.0,2014-04-01,ws,1
6575,0,710010284,2016-05-02,2018-05-02,1.0,64000.0,2016-04-01,ws,1
9191,0,710010284,2018-05-02,2019-11-02,1.0,61800.0,2018-04-01,ws,1
11701,0,710010284,2019-11-02,2020-05-02,1.0,61900.0,2019-10-01,ws,1
14326,0,710010284,2020-05-02,2022-05-02,1.0,61600.0,2020-04-01,ws,1
20990,0,710010284,2022-05-02,2024-07-02,1.0,61000.0,2022-04-01,ws,1
25073,0,710010284,2024-07-02,2025-06-30,1.0,61000.0,2024-06-01,ws,1
341,5,710010285,2010-01-01,2012-05-02,1.0,73700.0,2012-04-01,bdm,0
1539,0,710010285,2012-05-02,2014-05-02,1.0,73700.0,2012-04-01,ws,1
3996,0,710010285,2014-05-02,2016-05-02,1.0,70000.0,2014-04-01,ws,1
6576,0,710010285,2016-05-02,2018-05-02,1.0,71700.0,2016-04-01,ws,1
9192,0,710010285,2018-05-02,2019-11-02,1.0,71700.0,2018-04-01,ws,1
11702,0,710010285,2019-11-02,2020-05-02,1.0,73000.0,2019-10-01,ws,1
14327,0,710010285,2020-05-02,2022-05-02,1.0,73000.0,2020-04-01,ws,1
20991,0,710010285,2022-05-02,2024-07-02,1.0,73000.0,2022-04-01,ws,1
25074,0,710010285,2024-07-02,2025-06-30,1.0,72300.0,2024-06-01,ws,1
342,5,710010286,2010-01-01,2012-05-02,1.0,52700.0,2012-04-01,bdm,0
1540,0,710010286,2012-05-02,2014-05-02,1.0,52700.0,2012-04-01,ws,1
3997,0,710010286,2014-05-02,2016-05-02,1.0,49700.0,2014-04-01,ws,1
6577,0,710010286,2016-05-02,2018-05-02,1.0,47300.0,2016-04-01,ws,1
9193,0,710010286,2018-05-02,2019-11-02,1.0,47300.0,2018-04-01,ws,1
11703,0,710010286,2019-11-02,2020-05-02,1.0,47600.0,2019-10-01,ws,1
14328,0,710010286,2020-05-02,2022-05-02,1.0,47600.0,2020-04-01,ws,1
20992,0,710010286,2022-05-02,2024-07-02,1.0,47600.0,2022-04-01,ws,1
25075,0,710010286,2024-07-02,2025-06-30,1.0,47600.0,2024-06-01,ws,1
343,5,710010288,2010-01-01,2012-05-02,1.0,77400.0,2012-04-01,bdm,0
1541,0,710010288,2012-05-02,2014-05-02,1.0,77400.0,2012-04-01,ws,1
3998,0,710010288,2014-05-02,2016-05-02,1.0,73800.0,2014-04-01,ws,1
6578,0,710010288,2016-05-02,2018-05-02,1.0,71700.0,2016-04-01,ws,1
9194,0,710010288,2018-05-02,2019-11-02,1.0,70700.0,2018-04-01,ws,1
11704,0,710010288,2019-11-02,2020-05-02,1.0,71500.0,2019-10-01,ws,1
14329,0,710010288,2020-05-02,2022-05-02,1.0,71500.0,2020-04-01,ws,1
20993,0,710010288,2022-05-02,2024-07-02,1.0,71500.0,2022-04-01,ws,1
25076,0,710010288,2024-07-02,2025-06-30,1.0,71500.0,2024-06-01,ws,1
344,5,710010289,2010-01-01,2012-05-02,1.0,140000.0,2012-04-01,bdm,0
1542,0,710010289,2012-05-02,2014-05-02,1.0,140000.0,2012-04-01,ws,1
3999,0,710010289,2014-05-02,2016-05-02,1.0,144000.0,2014-04-01,ws,1
6579,0,710010289,2016-05-02,2018-05-02,1.0,144000.0,2016-04-01,ws,1
9195,0,710010289,2018-05-02,2019-11-02,1.0,144000.0,2018-04-01,ws,1
11705,0,710010289,2019-11-02,2020-05-02,1.0,146000.0,2019-10-01,ws,1
14330,0,710010289,2020-05-02,2022-05-02,1.0,145000.0,2020-04-01,ws,1
20994,0,710010289,2022-05-02,2024-07-02,1.0,145000.0,2022-04-01,ws,1
25077,0,710010289,2024-07-02,2025-06-30,1.0,145000.0,2024-06-01,ws,1
7842,3,710010290,2010-01-01,2018-05-02,1.0,11100.0,2018-04-01,bsl,0
7842,3,710010290,2018-05-02,2019-02-02,1.0,11100.0,2018-04-01,ws,1
8841,5,710010290,2019-02-02,2019-05-02,,9360.0,2019-01-01,ws,1
9196,0,710010290,2019-05-02,2019-11-02,1.0,7600.0,2019-04-01,ws,1
11706,0,710010290,2019-11-02,2020-05-02,1.0,7740.0,2019-10-01,ws,1
12956,9,710010290,2020-05-02,2025-06-30,,0.0,2020-04-01,aes,2
7843,3,710010291,2010-01-01,2018-05-02,1.0,18200.0,2018-04-01,bsl,0
7843,3,710010291,2018-05-02,2019-02-02,1.0,18200.0,2018-04-01,ws,1
8842,5,710010291,2019-02-02,2019-05-02,,14900.0,2019-01-01,ws,1
9197,0,710010291,2019-05-02,2019-11-02,1.0,11600.0,2019-04-01,ws,1
11707,0,710010291,2019-11-02,2020-05-02,1.0,11800.0,2019-10-01,ws,1
12957,9,710010291,2020-05-02,2025-06-30,,0.0,2020-04-01,aes,2
20569,3,710010292,2010-01-01,2023-01-02,1.0,48.0,2022-12-01,bsl,0
20995,0,710010292,2023-01-02,2024-07-02,1.0,48.0,2022-12-01,ws,1
25078,0,710010292,2024-07-02,2025-06-30,1.0,48.0,2024-06-01,ws,1
7844,3,710010294,2010-01-01,2018-05-02,1.0,453.0,2018-04-01,bsl,0
9198,0,710010294,2018-05-02,2019-11-02,1.0,453.0,2018-04-01,ws,1
11708,0,710010294,2019-11-02,2020-05-02,1.0,461.0,2019-10-01,ws,1
14331,0,710010294,2020-05-02,2022-05-02,1.0,461.0,2020-04-01,ws,1
20996,0,710010294,2022-05-02,2024-07-02,1.0,461.0,2022-04-01,ws,1
25079,0,710010294,2024-07-02,2025-06-30,1.0,1020.0,2024-06-01,ws,1
7845,3,710010295,2010-01-01,2018-05-02,1.0,453.0,2018-04-01,bsl,0
9199,0,710010295,2018-05-02,2019-11-02,1.0,453.0,2018-04-01,ws,1
11709,0,710010295,2019-11-02,2020-05-02,1.0,461.0,2019-10-01,ws,1
14332,0,710010295,2020-05-02,2022-05-02,1.0,461.0,2020-04-01,ws,1
20997,0,710010295,2022-05-02,2024-07-02,1.0,461.0,2022-04-01,ws,1
25080,0,710010295,2024-07-02,2025-06-30,1.0,1020.0,2024-06-01,ws,1
345,5,710010300,2010-01-01,2012-05-02,1.0,3500.0,2012-04-01,bdm,0
1543,0,710010300,2012-05-02,2014-05-02,1.0,3500.0,2012-04-01,ws,1
4000,0,710010300,2014-05-02,2016-05-02,1.0,3600.0,2014-04-01,ws,1
6580,0,710010300,2016-05-02,2018-05-02,1.0,3420.0,2016-04-01,ws,1
9200,0,710010300,2018-05-02,2019-11-02,1.0,3210.0,2018-04-01,ws,1
11710,0,710010300,2019-11-02,2020-05-02,1.0,3180.0,2019-10-01,ws,1
14333,0,710010300,2020-05-02,2022-05-02,1.0,3150.0,2020-04-01,ws,1
20998,0,710010300,2022-05-02,2024-07-02,1.0,3090.0,2022-04-01,ws,1
25081,0,710010300,2024-07-02,2025-06-30,1.0,3080.0,2024-06-01,ws,1
346,5,710010301,2010-01-01,2012-05-02,1.0,7.0,2012-04-01,bdm,0
1544,0,710010301,2012-05-02,2014-05-02,1.0,7.0,2012-04-01,ws,1
4001,0,710010301,2014-05-02,2016-05-02,1.0,7.0,2014-04-01,ws,1
6581,0,710010301,2016-05-02,2018-05-02,1.0,6.0,2016-04-01,ws,1
9201,0,710010301,2018-05-02,2019-11-02,1.0,6.0,2018-04-01,ws,1
11711,0,710010301,2019-11-02,2020-05-02,1.0,6.0,2019-10-01,ws,1
14334,0,710010301,2020-05-02,2022-05-02,1.0,6.0,2020-04-01,ws,1
20999,0,710010301,2022-05-02,2024-07-02,1.0,6.0,2022-04-01,ws,1
25082,0,710010301,2024-07-02,2025-06-30,1.0,6.0,2024-06-01,ws,1
347,5,710010302,2010-01-01,2012-05-02,1.0,12.0,2012-04-01,bdm,0
1545,0,710010302,2012-05-02,2014-05-02,1.0,12.0,2012-04-01,ws,1
2852,5,710010302,2014-05-02,2015-02-02,1.0,12.0,2014-04-01,ws,1
2355,5,710010302,2015-02-02,2015-05-02,,11.0,2015-01-01,ws,1
4002,0,710010302,2015-05-02,2016-05-02,1.0,10.0,2015-04-01,ws,1
6582,0,710010302,2016-05-02,2018-05-02,1.0,10.0,2016-04-01,ws,1
9202,0,710010302,2018-05-02,2019-11-02,1.0,10.0,2018-04-01,ws,1
11712,0,710010302,2019-11-02,2020-05-02,1.0,10.0,2019-10-01,ws,1
14335,0,710010302,2020-05-02,2022-05-02,1.0,10.0,2020-04-01,ws,1
21000,0,710010302,2022-05-02,2024-07-02,1.0,10.0,2022-04-01,ws,1
25083,0,710010302,2024-07-02,2025-06-30,1.0,10.0,2024-06-01,ws,1
348,5,710010303,2010-01-01,2012-05-02,1.0,36.0,2012-04-01,bdm,0
1546,0,710010303,2012-05-02,2014-05-02,1.0,36.0,2012-04-01,ws,1
4003,0,710010303,2014-05-02,2016-05-02,1.0,37.0,2014-04-01,ws,1
6583,0,710010303,2016-05-02,2018-05-02,1.0,37.0,2016-04-01,ws,1
9203,0,710010303,2018-05-02,2019-11-02,1.0,37.0,2018-04-01,ws,1
11713,0,710010303,2019-11-02,2020-05-02,1.0,35.0,2019-10-01,ws,1
14336,0,710010303,2020-05-02,2022-05-02,1.0,35.0,2020-04-01,ws,1
21001,0,710010303,2022-05-02,2024-07-02,1.0,35.0,2022-04-01,ws,1
25084,0,710010303,2024-07-02,2025-06-30,1.0,35.0,2024-06-01,ws,1
349,0,710010304,2010-01-01,2012-05-02,1.0,25.0,2012-04-01,bdm,0
1547,0,710010304,2012-05-02,2014-05-02,1.0,25.0,2012-04-01,ws,1
4004,0,710010304,2014-05-02,2016-05-02,1.0,25.0,2014-04-01,ws,1
6584,0,710010304,2016-05-02,2018-05-02,1.0,25.0,2016-04-01,ws,1
9204,0,710010304,2018-05-02,2019-11-02,1.0,25.0,2018-04-01,ws,1
11714,0,710010304,2019-11-02,2020-05-02,1.0,25.0,2019-10-01,ws,1
14337,0,710010304,2020-05-02,2022-05-02,1.0,25.0,2020-04-01,ws,1
21002,0,710010304,2022-05-02,2024-07-02,1.0,25.0,2022-04-01,ws,1
25085,0,710010304,2024-07-02,2025-06-30,1.0,25.0,2024-06-01,ws,1
350,5,710010305,2010-01-01,2012-05-02,1.0,1040.0,2012-04-01,bdm,0
1548,0,710010305,2012-05-02,2014-05-02,1.0,1040.0,2012-04-01,ws,1
4005,0,710010305,2014-05-02,2016-05-02,1.0,1060.0,2014-04-01,ws,1
6585,0,710010305,2016-05-02,2018-05-02,1.0,1060.0,2016-04-01,ws,1
9205,0,710010305,2018-05-02,2019-11-02,1.0,1060.0,2018-04-01,ws,1
11715,0,710010305,2019-11-02,2020-05-02,1.0,1080.0,2019-10-01,ws,1
14338,0,710010305,2020-05-02,2022-05-02,1.0,1080.0,2020-04-01,ws,1
21003,0,710010305,2022-05-02,2024-07-02,1.0,1080.0,2022-04-01,ws,1
25086,0,710010305,2024-07-02,2025-06-30,1.0,1080.0,2024-06-01,ws,1
351,5,710010306,2010-01-01,2012-05-02,1.0,139.0,2012-04-01,bdm,0
1549,0,710010306,2012-05-02,2014-05-02,1.0,139.0,2012-04-01,ws,1
4006,0,710010306,2014-05-02,2016-05-02,1.0,139.0,2014-04-01,ws,1
6586,0,710010306,2016-05-02,2018-05-02,1.0,139.0,2016-04-01,ws,1
9206,0,710010306,2018-05-02,2019-11-02,1.0,139.0,2018-04-01,ws,1
11716,0,710010306,2019-11-02,2020-05-02,1.0,142.0,2019-10-01,ws,1
14339,0,710010306,2020-05-02,2022-05-02,1.0,142.0,2020-04-01,ws,1
21004,0,710010306,2022-05-02,2024-07-02,1.0,142.0,2022-04-01,ws,1
25087,0,710010306,2024-07-02,2025-06-30,1.0,142.0,2024-06-01,ws,1
352,5,710010307,2010-01-01,2012-05-02,1.0,317.0,2012-04-01,bdm,0
1550,0,710010307,2012-05-02,2014-05-02,1.0,317.0,2012-04-01,ws,1
4007,0,710010307,2014-05-02,2016-05-02,1.0,326.0,2014-04-01,ws,1
6587,0,710010307,2016-05-02,2018-05-02,1.0,326.0,2016-04-01,ws,1
9207,0,710010307,2018-05-02,2019-11-02,1.0,303.0,2018-04-01,ws,1
11717,0,710010307,2019-11-02,2020-05-02,1.0,309.0,2019-10-01,ws,1
14340,0,710010307,2020-05-02,2022-05-02,1.0,309.0,2020-04-01,ws,1
21005,0,710010307,2022-05-02,2024-07-02,1.0,309.0,2022-04-01,ws,1
25088,0,710010307,2024-07-02,2025-06-30,1.0,309.0,2024-06-01,ws,1
353,0,710010350,2010-01-01,2012-05-02,1.0,4100.0,2012-04-01,bdm,0
1551,0,710010350,2012-05-02,2014-05-02,1.0,4100.0,2012-04-01,ws,1
4008,0,710010350,2014-05-02,2016-05-02,1.0,4210.0,2014-04-01,ws,1
6588,0,710010350,2016-05-02,2018-05-02,1.0,4210.0,2016-04-01,ws,1
9208,0,710010350,2018-05-02,2019-11-02,1.0,4210.0,2018-04-01,ws,1
11718,0,710010350,2019-11-02,2020-05-02,1.0,3230.0,2019-10-01,ws,1
14341,0,710010350,2020-05-02,2022-05-02,1.0,3230.0,2020-04-01,ws,1
21006,0,710010350,2022-05-02,2024-07-02,1.0,3230.0,2022-04-01,ws,1
25089,0,710010350,2024-07-02,2025-06-30,1.0,3230.0,2024-06-01,ws,1
354,5,710010400,2010-01-01,2012-05-02,1.0,12900.0,2012-04-01,bdm,0
1552,0,710010400,2012-05-02,2014-05-02,1.0,12900.0,2012-04-01,ws,1
4009,0,710010400,2014-05-02,2016-05-02,1.0,13200.0,2014-04-01,ws,1
6589,0,710010400,2016-05-02,2018-05-02,1.0,13200.0,2016-04-01,ws,1
7855,9,710010400,2018-05-02,2025-06-30,,0.0,2018-04-01,aes,2
355,5,710010500,2010-01-01,2012-05-02,1.0,87900.0,2012-04-01,bdm,0
1553,0,710010500,2012-05-02,2014-05-02,1.0,87900.0,2012-04-01,ws,1
4010,0,710010500,2014-05-02,2016-05-02,1.0,82500.0,2014-04-01,ws,1
6590,0,710010500,2016-05-02,2018-05-02,1.0,77800.0,2016-04-01,ws,1
9209,0,710010500,2018-05-02,2019-11-02,1.0,75600.0,2018-04-01,ws,1
11719,0,710010500,2019-11-02,2020-05-02,1.0,77000.0,2019-10-01,ws,1
14342,0,710010500,2020-05-02,2022-05-02,1.0,77000.0,2020-04-01,ws,1
21007,0,710010500,2022-05-02,2024-07-02,1.0,77000.0,2022-04-01,ws,1
25090,0,710010500,2024-07-02,2025-06-30,1.0,77000.0,2024-06-01,ws,1
356,0,710010550,2010-01-01,2012-05-02,1.0,62200.0,2012-04-01,bdm,0
1554,0,710010550,2012-05-02,2014-05-02,1.0,62200.0,2012-04-01,ws,1
4011,0,710010550,2014-05-02,2016-05-02,1.0,63900.0,2014-04-01,ws,1
6591,0,710010550,2016-05-02,2018-05-02,1.0,63900.0,2016-04-01,ws,1
9210,0,710010550,2018-05-02,2019-11-02,1.0,63900.0,2018-04-01,ws,1
11720,0,710010550,2019-11-02,2020-05-02,1.0,65100.0,2019-10-01,ws,1
14343,0,710010550,2020-05-02,2022-05-02,1.0,65100.0,2020-04-01,ws,1
21008,0,710010550,2022-05-02,2024-07-02,1.0,65100.0,2022-04-01,ws,1
25091,0,710010550,2024-07-02,2025-06-30,1.0,65100.0,2024-06-01,ws,1
357,0,710010551,2010-01-01,2012-05-02,1.0,258000.0,2012-04-01,bdm,0
357,0,710010551,2012-05-02,2014-02-02,1.0,258000.0,2012-04-01,ws,1
1555,5,710010551,2014-02-02,2014-05-02,1.0,258000.0,2014-01-01,ws,1
4012,0,710010551,2014-05-02,2016-05-02,1.0,256000.0,2014-04-01,ws,1
6592,0,710010551,2016-05-02,2018-05-02,1.0,252000.0,2016-04-01,ws,1
7858,5,710010551,2018-05-02,2019-02-02,1.0,244000.0,2018-04-01,ws,1
8843,5,710010551,2019-02-02,2019-05-02,,228000.0,2019-01-01,ws,1
9211,0,710010551,2019-05-02,2019-11-02,1.0,212000.0,2019-04-01,ws,1
11721,0,710010551,2019-11-02,2020-05-02,1.0,216000.0,2019-10-01,ws,1
14344,0,710010551,2020-05-02,2022-05-02,1.0,216000.0,2020-04-01,ws,1
21009,0,710010551,2022-05-02,2024-07-02,1.0,216000.0,2022-04-01,ws,1
25092,0,710010551,2024-07-02,2025-06-30,1.0,212000.0,2024-06-01,ws,1
358,0,710010552,2010-01-01,2012-05-02,1.0,6070.0,2012-04-01,bdm,0
358,0,710010552,2012-05-02,2013-02-02,1.0,6070.0,2012-04-01,ws,1
1556,0,710010552,2013-02-02,2014-05-02,1.0,6070.0,2013-01-01,ws,1
4013,0,710010552,2014-05-02,2016-05-02,1.0,6240.0,2014-04-01,ws,1
6593,0,710010552,2016-05-02,2018-05-02,1.0,6240.0,2016-04-01,ws,1
9212,0,710010552,2018-05-02,2019-11-02,1.0,6240.0,2018-04-01,ws,1
11722,0,710010552,2019-11-02,2020-05-02,1.0,6360.0,2019-10-01,ws,1
12972,9,710010552,2020-05-02,2025-06-30,,0.0,2020-04-01,aes,2
359,0,710010553,2010-01-01,2012-05-02,1.0,25.0,2012-04-01,bdm,0
1557,0,710010553,2012-05-02,2014-05-02,1.0,25.0,2012-04-01,ws,1
4014,0,710010553,2014-05-02,2016-05-02,1.0,25.0,2014-04-01,ws,1
6594,0,710010553,2016-05-02,2018-05-02,1.0,25.0,2016-04-01,ws,1
9213,0,710010553,2018-05-02,2019-11-02,1.0,22.0,2018-04-01,ws,1
11723,0,710010553,2019-11-02,2020-05-02,1.0,20.0,2019-10-01,ws,1
14345,0,710010553,2020-05-02,2022-05-02,1.0,20.0,2020-04-01,ws,1
21010,0,710010553,2022-05-02,2024-07-02,1.0,18.0,2022-04-01,ws,1
25093,0,710010553,2024-07-02,2025-06-30,1.0,18.0,2024-06-01,ws,1
360,5,710010600,2010-01-01,2012-05-02,1.0,12900.0,2012-04-01,bdm,0
1558,0,710010600,2012-05-02,2014-05-02,1.0,12900.0,2012-04-01,ws,1
4015,0,710010600,2014-05-02,2016-05-02,1.0,13200.0,2014-04-01,ws,1
6595,0,710010600,2016-05-02,2018-05-02,1.0,13200.0,2016-04-01,ws,1
7861,9,710010600,2018-05-02,2025-06-30,,0.0,2018-04-01,aes,2
361,0,710010601,2010-01-01,2012-05-02,1.0,35000.0,2012-04-01,bdm,0
361,0,710010601,2012-05-02,2012-08-02,1.0,35000.0,2012-04-01,ws,1
1559,0,710010601,2012-08-02,2014-05-02,1.0,35000.0,2012-07-01,ws,1
4016,0,710010601,2014-05-02,2016-05-02,1.0,34800.0,2014-04-01,ws,1
6596,0,710010601,2016-05-02,2018-05-02,1.0,34800.0,2016-04-01,ws,1
9214,0,710010601,2018-05-02,2019-11-02,1.0,34800.0,2018-04-01,ws,1
11724,0,710010601,2019-11-02,2020-05-02,1.0,35400.0,2019-10-01,ws,1
14346,0,710010601,2020-05-02,2022-05-02,1.0,35400.0,2020-04-01,ws,1
21011,0,710010601,2022-05-02,2024-07-02,1.0,35400.0,2022-04-01,ws,1
25094,0,710010601,2024-07-02,2025-06-30,1.0,114000.0,2024-06-01,ws,1
362,5,710010602,2010-01-01,2012-05-02,1.0,1600000.0,2012-04-01,bdm,0
362,5,710010602,2012-05-02,2014-02-02,1.0,1600000.0,2012-04-01,ws,1
1560,5,710010602,2014-02-02,2014-05-02,1.0,1600000.0,2014-01-01,ws,1
4017,0,710010602,2014-05-02,2016-05-02,1.0,1640000.0,2014-04-01,ws,1
6597,0,710010602,2016-05-02,2018-05-02,1.0,1640000.0,2016-04-01,ws,1
9215,0,710010602,2018-05-02,2019-11-02,1.0,1710000.0,2018-04-01,ws,1
11725,0,710010602,2019-11-02,2020-05-02,1.0,1740000.0,2019-10-01,ws,1
14347,0,710010602,2020-05-02,2022-05-02,1.0,1740000.0,2020-04-01,ws,1
21012,0,710010602,2022-05-02,2024-07-02,1.0,1740000.0,2022-04-01,ws,1
25095,0,710010602,2024-07-02,2025-06-30,1.0,1740000.0,2024-06-01,ws,1
363,5,710010603,2010-01-01,2012-05-02,1.0,148000.0,2012-04-01,bdm,0
1561,0,710010603,2012-05-02,2014-05-02,1.0,148000.0,2012-04-01,ws,1
4018,0,710010603,2014-05-02,2016-05-02,1.0,134000.0,2014-04-01,ws,1
6598,0,710010603,2016-05-02,2018-05-02,1.0,124000.0,2016-04-01,ws,1
9216,0,710010603,2018-05-02,2019-11-02,1.0,124000.0,2018-04-01,ws,1
11726,0,710010603,2019-11-02,2020-05-02,1.0,126000.0,2019-10-01,ws,1
14348,0,710010603,2020-05-02,2022-05-02,1.0,126000.0,2020-04-01,ws,1
21013,0,710010603,2022-05-02,2024-07-02,1.0,126000.0,2022-04-01,ws,1
25096,0,710010603,2024-07-02,2025-06-30,1.0,126000.0,2024-06-01,ws,1
364,5,710010604,2010-01-01,2012-05-02,1.0,176000.0,2012-04-01,bdm,0
1562,0,710010604,2012-05-02,2014-05-02,1.0,176000.0,2012-04-01,ws,1
4019,0,710010604,2014-05-02,2016-05-02,1.0,175000.0,2014-04-01,ws,1
6599,0,710010604,2016-05-02,2018-05-02,1.0,168000.0,2016-04-01,ws,1
9217,0,710010604,2018-05-02,2019-11-02,1.0,159000.0,2018-04-01,ws,1
11727,0,710010604,2019-11-02,2020-05-02,1.0,157000.0,2019-10-01,ws,1
14349,0,710010604,2020-05-02,2022-05-02,1.0,146000.0,2020-04-01,ws,1
21014,0,710010604,2022-05-02,2024-07-02,1.0,140000.0,2022-04-01,ws,1
25097,0,710010604,2024-07-02,2025-06-30,1.0,140000.0,2024-06-01,ws,1
365,0,710010605,2010-01-01,2012-05-02,1.0,446000.0,2012-04-01,bdm,0
1563,0,710010605,2012-05-02,2014-05-02,1.0,446000.0,2012-04-01,ws,1
4020,0,710010605,2014-05-02,2016-05-02,1.0,458000.0,2014-04-01,ws,1
6600,0,710010605,2016-05-02,2018-05-02,1.0,458000.0,2016-04-01,ws,1
9218,0,710010605,2018-05-02,2019-11-02,1.0,458000.0,2018-04-01,ws,1
11728,0,710010605,2019-11-02,2020-05-02,1.0,466000.0,2019-10-01,ws,1
14350,0,710010605,2020-05-02,2022-05-02,1.0,466000.0,2020-04-01,ws,1
21015,0,710010605,2022-05-02,2024-07-02,1.0,466000.0,2022-04-01,ws,1
25098,0,710010605,2024-07-02,2025-06-30,1.0,466000.0,2024-06-01,ws,1
366,5,710010606,2010-01-01,2012-05-02,1.0,1640000.0,2012-04-01,bdm,0
1564,0,710010606,2012-05-02,2014-05-02,1.0,1640000.0,2012-04-01,ws,1
4021,0,710010606,2014-05-02,2016-05-02,1.0,1680000.0,2014-04-01,ws,1
6601,0,710010606,2016-05-02,2018-05-02,1.0,1680000.0,2016-04-01,ws,1
9219,0,710010606,2018-05-02,2019-11-02,1.0,1680000.0,2018-04-01,ws,1
11729,0,710010606,2019-11-02,2020-05-02,1.0,1710000.0,2019-10-01,ws,1
14351,0,710010606,2020-05-02,2022-05-02,1.0,1710000.0,2020-04-01,ws,1
21016,0,710010606,2022-05-02,2024-07-02,1.0,1710000.0,2022-04-01,ws,1
25099,0,710010606,2024-07-02,2025-06-30,1.0,1710000.0,2024-06-01,ws,1
367,0,710010607,2010-01-01,2012-05-02,1.0,179000.0,2012-04-01,bdm,0
1565,0,710010607,2012-05-02,2014-05-02,1.0,179000.0,2012-04-01,ws,1
4022,0,710010607,2014-05-02,2016-05-02,1.0,184000.0,2014-04-01,ws,1
6602,0,710010607,2016-05-02,2018-05-02,1.0,184000.0,2016-04-01,ws,1
9220,0,710010607,2018-05-02,2019-11-02,1.0,184000.0,2018-04-01,ws,1
11730,0,710010607,2019-11-02,2020-05-02,1.0,187000.0,2019-10-01,ws,1
14352,0,710010607,2020-05-02,2022-05-02,1.0,187000.0,2020-04-01,ws,1
21017,0,710010607,2022-05-02,2024-07-02,1.0,187000.0,2022-04-01,ws,1
25100,0,710010607,2024-07-02,2025-06-30,1.0,187000.0,2024-06-01,ws,1
368,0,710010608,2010-01-01,2012-05-02,1.0,297000.0,2012-04-01,bdm,0
1566,0,710010608,2012-05-02,2014-05-02,1.0,297000.0,2012-04-01,ws,1
4023,0,710010608,2014-05-02,2016-05-02,1.0,305000.0,2014-04-01,ws,1
6603,0,710010608,2016-05-02,2018-05-02,1.0,305000.0,2016-04-01,ws,1
9221,0,710010608,2018-05-02,2019-11-02,1.0,305000.0,2018-04-01,ws,1
11731,0,710010608,2019-11-02,2020-05-02,1.0,311000.0,2019-10-01,ws,1
14353,0,710010608,2020-05-02,2022-05-02,1.0,311000.0,2020-04-01,ws,1
21018,0,710010608,2022-05-02,2024-07-02,1.0,311000.0,2022-04-01,ws,1
25101,0,710010608,2024-07-02,2025-06-30,1.0,311000.0,2024-06-01,ws,1
369,5,710010609,2010-01-01,2012-05-02,1.0,125000.0,2012-04-01,bdm,0
1567,0,710010609,2012-05-02,2014-05-02,1.0,125000.0,2012-04-01,ws,1
4024,0,710010609,2014-05-02,2016-05-02,1.0,128000.0,2014-04-01,ws,1
6604,0,710010609,2016-05-02,2018-05-02,1.0,126000.0,2016-04-01,ws,1
9222,0,710010609,2018-05-02,2019-11-02,1.0,126000.0,2018-04-01,ws,1
11732,0,710010609,2019-11-02,2020-05-02,1.0,128000.0,2019-10-01,ws,1
14354,0,710010609,2020-05-02,2022-05-02,1.0,128000.0,2020-04-01,ws,1
21019,0,710010609,2022-05-02,2024-07-02,1.0,128000.0,2022-04-01,ws,1
25102,0,710010609,2024-07-02,2025-06-30,1.0,128000.0,2024-06-01,ws,1
370,5,710010610,2010-01-01,2012-05-02,1.0,520.0,2012-04-01,bdm,0
1568,0,710010610,2012-05-02,2014-05-02,1.0,520.0,2012-04-01,ws,1
4025,0,710010610,2014-05-02,2016-05-02,1.0,531.0,2014-04-01,ws,1
6605,0,710010610,2016-05-02,2018-05-02,1.0,531.0,2016-04-01,ws,1
9223,0,710010610,2018-05-02,2019-11-02,1.0,531.0,2018-04-01,ws,1
11733,0,710010610,2019-11-02,2020-05-02,1.0,535.0,2019-10-01,ws,1
14355,0,710010610,2020-05-02,2022-05-02,1.0,535.0,2020-04-01,ws,1
21020,0,710010610,2022-05-02,2024-07-02,1.0,535.0,2022-04-01,ws,1
25103,0,710010610,2024-07-02,2025-06-30,1.0,535.0,2024-06-01,ws,1
371,0,710010611,2010-01-01,2012-05-02,1.0,357000.0,2012-04-01,bdm,0
371,0,710010611,2012-05-02,2012-08-02,1.0,357000.0,2012-04-01,ws,1
1569,0,710010611,2012-08-02,2014-05-02,1.0,357000.0,2012-07-01,ws,1
4026,0,710010611,2014-05-02,2016-05-02,1.0,367000.0,2014-04-01,ws,1
6606,0,710010611,2016-05-02,2018-05-02,1.0,367000.0,2016-04-01,ws,1
9224,0,710010611,2018-05-02,2019-11-02,1.0,367000.0,2018-04-01,ws,1
11734,0,710010611,2019-11-02,2020-05-02,1.0,363000.0,2019-10-01,ws,1
14356,0,710010611,2020-05-02,2022-05-02,1.0,363000.0,2020-04-01,ws,1
21021,0,710010611,2022-05-02,2024-07-02,1.0,363000.0,2022-04-01,ws,1
25104,0,710010611,2024-07-02,2025-06-30,1.0,363000.0,2024-06-01,ws,1
372,5,710010612,2010-01-01,2012-05-02,1.0,1820000.0,2012-04-01,bdm,0
1570,0,710010612,2012-05-02,2014-05-02,1.0,1820000.0,2012-04-01,ws,1
2877,5,710010612,2014-05-02,2016-02-02,1.0,1870000.0,2014-04-01,ws,1
4027,5,710010612,2016-02-02,2016-05-02,1.0,1870000.0,2016-01-01,ws,1
6607,0,710010612,2016-05-02,2018-05-02,1.0,1870000.0,2016-04-01,ws,1
9225,0,710010612,2018-05-02,2019-11-02,1.0,1870000.0,2018-04-01,ws,1
11735,0,710010612,2019-11-02,2020-05-02,1.0,1900000.0,2019-10-01,ws,1
14357,0,710010612,2020-05-02,2022-05-02,1.0,1900000.0,2020-04-01,ws,1
21022,0,710010612,2022-05-02,2024-07-02,1.0,1900000.0,2022-04-01,ws,1
25105,0,710010612,2024-07-02,2025-06-30,1.0,1900000.0,2024-06-01,ws,1
373,5,710010613,2010-01-01,2012-05-02,1.0,4300.0,2012-04-01,bdm,0
1571,0,710010613,2012-05-02,2014-05-02,1.0,4300.0,2012-04-01,ws,1
4028,0,710010613,2014-05-02,2016-05-02,1.0,4420.0,2014-04-01,ws,1
6608,0,710010613,2016-05-02,2018-05-02,1.0,4420.0,2016-04-01,ws,1
9226,0,710010613,2018-05-02,2019-11-02,1.0,4420.0,2018-04-01,ws,1
11736,0,710010613,2019-11-02,2020-05-02,1.0,4500.0,2019-10-01,ws,1
14358,0,710010613,2020-05-02,2022-05-02,1.0,4500.0,2020-04-01,ws,1
21023,0,710010613,2022-05-02,2024-07-02,1.0,4500.0,2022-04-01,ws,1
25106,0,710010613,2024-07-02,2025-06-30,1.0,4500.0,2024-06-01,ws,1
374,0,710010614,2010-01-01,2012-05-02,1.0,274000.0,2012-04-01,bdm,0
1572,0,710010614,2012-05-02,2014-05-02,1.0,274000.0,2012-04-01,ws,1
4029,0,710010614,2014-05-02,2016-05-02,1.0,281000.0,2014-04-01,ws,1
6609,0,710010614,2016-05-02,2018-05-02,1.0,281000.0,2016-04-01,ws,1
9227,0,710010614,2018-05-02,2019-11-02,1.0,281000.0,2018-04-01,ws,1
11737,0,710010614,2019-11-02,2020-05-02,1.0,286000.0,2019-10-01,ws,1
14359,0,710010614,2020-05-02,2022-05-02,1.0,286000.0,2020-04-01,ws,1
21024,0,710010614,2022-05-02,2024-07-02,1.0,286000.0,2022-04-01,ws,1
25107,0,710010614,2024-07-02,2025-06-30,1.0,286000.0,2024-06-01,ws,1
375,5,710010615,2010-01-01,2012-05-02,1.0,49200.0,2012-04-01,bdm,0
1573,0,710010615,2012-05-02,2014-05-02,1.0,49200.0,2012-04-01,ws,1
4030,0,710010615,2014-05-02,2016-05-02,1.0,48000.0,2014-04-01,ws,1
6610,0,710010615,2016-05-02,2018-05-02,1.0,47000.0,2016-04-01,ws,1
9228,0,710010615,2018-05-02,2019-11-02,1.0,45300.0,2018-04-01,ws,1
11738,0,710010615,2019-11-02,2020-05-02,1.0,44700.0,2019-10-01,ws,1
14360,0,710010615,2020-05-02,2022-05-02,1.0,44300.0,2020-04-01,ws,1
21025,0,710010615,2022-05-02,2024-07-02,1.0,43200.0,2022-04-01,ws,1
25108,0,710010615,2024-07-02,2025-06-30,1.0,42100.0,2024-06-01,ws,1
376,0,710010616,2010-01-01,2012-05-02,1.0,72100.0,2012-04-01,bdm,0
1574,0,710010616,2012-05-02,2014-05-02,1.0,72100.0,2012-04-01,ws,1
4031,0,710010616,2014-05-02,2016-05-02,1.0,74100.0,2014-04-01,ws,1
6611,0,710010616,2016-05-02,2018-05-02,1.0,74100.0,2016-04-01,ws,1
9229,0,710010616,2018-05-02,2019-11-02,1.0,72100.0,2018-04-01,ws,1
11739,0,710010616,2019-11-02,2020-05-02,1.0,73400.0,2019-10-01,ws,1
14361,0,710010616,2020-05-02,2022-05-02,1.0,73400.0,2020-04-01,ws,1
21026,0,710010616,2022-05-02,2024-07-02,1.0,73400.0,2022-04-01,ws,1
25109,0,710010616,2024-07-02,2025-06-30,1.0,73400.0,2024-06-01,ws,1
377,5,710010617,2010-01-01,2012-05-02,1.0,180000.0,2012-04-01,bdm,0
377,5,710010617,2012-05-02,2012-08-02,1.0,180000.0,2012-04-01,ws,1
1575,0,710010617,2012-08-02,2014-05-02,1.0,180000.0,2012-07-01,ws,1
4032,0,710010617,2014-05-02,2016-05-02,1.0,184000.0,2014-04-01,ws,1
6612,0,710010617,2016-05-02,2018-05-02,1.0,184000.0,2016-04-01,ws,1
9230,0,710010617,2018-05-02,2019-11-02,1.0,182000.0,2018-04-01,ws,1
11740,0,710010617,2019-11-02,2020-05-02,1.0,185000.0,2019-10-01,ws,1
14362,0,710010617,2020-05-02,2022-05-02,1.0,185000.0,2020-04-01,ws,1
21027,0,710010617,2022-05-02,2024-07-02,1.0,185000.0,2022-04-01,ws,1
25110,0,710010617,2024-07-02,2025-06-30,1.0,184000.0,2024-06-01,ws,1
378,0,710010618,2010-01-01,2012-05-02,1.0,125000.0,2012-04-01,bdm,0
1576,0,710010618,2012-05-02,2014-05-02,1.0,125000.0,2012-04-01,ws,1
4033,0,710010618,2014-05-02,2016-05-02,1.0,119000.0,2014-04-01,ws,1
6613,0,710010618,2016-05-02,2018-05-02,1.0,116000.0,2016-04-01,ws,1
9231,0,710010618,2018-05-02,2019-11-02,1.0,115000.0,2018-04-01,ws,1
11741,0,710010618,2019-11-02,2020-05-02,1.0,117000.0,2019-10-01,ws,1
14363,0,710010618,2020-05-02,2022-05-02,1.0,113000.0,2020-04-01,ws,1
19556,5,710010618,2022-05-02,2023-02-02,1.0,107000.0,2022-04-01,ws,1
20584,5,710010618,2023-02-02,2023-05-02,,96300.0,2023-01-01,ws,1
21028,0,710010618,2023-05-02,2024-07-02,1.0,85100.0,2023-04-01,ws,1
25111,0,710010618,2024-07-02,2025-06-30,1.0,85100.0,2024-06-01,ws,1
379,0,710010619,2010-01-01,2012-05-02,1.0,195000.0,2012-04-01,bdm,0
1577,0,710010619,2012-05-02,2014-05-02,1.0,195000.0,2012-04-01,ws,1
2884,5,710010619,2014-05-02,2014-08-02,1.0,200000.0,2014-04-01,ws,1
4034,0,710010619,2014-08-02,2016-05-02,1.0,200000.0,2014-07-01,ws,1
6614,0,710010619,2016-05-02,2018-05-02,1.0,200000.0,2016-04-01,ws,1
9232,0,710010619,2018-05-02,2019-11-02,1.0,200000.0,2018-04-01,ws,1
11742,0,710010619,2019-11-02,2020-05-02,1.0,204000.0,2019-10-01,ws,1
14364,0,710010619,2020-05-02,2022-05-02,1.0,204000.0,2020-04-01,ws,1
21029,0,710010619,2022-05-02,2024-07-02,1.0,204000.0,2022-04-01,ws,1
25112,0,710010619,2024-07-02,2025-06-30,1.0,204000.0,2024-06-01,ws,1
380,9,710010620,2010-01-01,2012-05-02,0.0,0.0,2012-04-01,bdm,0
380,9,710010620,2012-05-02,2025-06-30,,0.0,2012-04-01,aes,2
381,5,710010621,2010-01-01,2012-05-02,1.0,187000.0,2012-04-01,bdm,0
381,5,710010621,2012-05-02,2013-02-02,1.0,187000.0,2012-04-01,ws,1
1578,0,710010621,2013-02-02,2014-05-02,1.0,187000.0,2013-01-01,ws,1
4035,0,710010621,2014-05-02,2016-05-02,1.0,189000.0,2014-04-01,ws,1
6615,0,710010621,2016-05-02,2018-05-02,1.0,189000.0,2016-04-01,ws,1
9233,0,710010621,2018-05-02,2019-11-02,1.0,188000.0,2018-04-01,ws,1
11743,0,710010621,2019-11-02,2020-05-02,1.0,190000.0,2019-10-01,ws,1
14365,0,710010621,2020-05-02,2022-05-02,1.0,190000.0,2020-04-01,ws,1
21030,0,710010621,2022-05-02,2024-07-02,1.0,190000.0,2022-04-01,ws,1
25113,0,710010621,2024-07-02,2025-06-30,1.0,190000.0,2024-06-01,ws,1
382,5,710010622,2010-01-01,2012-05-02,1.0,370000.0,2012-04-01,bdm,0
1579,0,710010622,2012-05-02,2014-05-02,1.0,370000.0,2012-04-01,ws,1
4036,0,710010622,2014-05-02,2016-05-02,1.0,379000.0,2014-04-01,ws,1
6616,0,710010622,2016-05-02,2018-05-02,1.0,379000.0,2016-04-01,ws,1
9234,0,710010622,2018-05-02,2019-11-02,1.0,379000.0,2018-04-01,ws,1
11744,0,710010622,2019-11-02,2020-05-02,1.0,386000.0,2019-10-01,ws,1
14366,0,710010622,2020-05-02,2022-05-02,1.0,386000.0,2020-04-01,ws,1
21031,0,710010622,2022-05-02,2024-07-02,1.0,386000.0,2022-04-01,ws,1
25114,0,710010622,2024-07-02,2025-06-30,1.0,386000.0,2024-06-01,ws,1
383,0,710010623,2010-01-01,2012-05-02,1.0,223000.0,2012-04-01,bdm,0
1580,0,710010623,2012-05-02,2014-05-02,1.0,223000.0,2012-04-01,ws,1
4037,0,710010623,2014-05-02,2016-05-02,1.0,225000.0,2014-04-01,ws,1
6617,0,710010623,2016-05-02,2018-05-02,1.0,225000.0,2016-04-01,ws,1
9235,0,710010623,2018-05-02,2019-11-02,1.0,225000.0,2018-04-01,ws,1
11745,0,710010623,2019-11-02,2020-05-02,1.0,229000.0,2019-10-01,ws,1
14367,0,710010623,2020-05-02,2022-05-02,1.0,229000.0,2020-04-01,ws,1
21032,0,710010623,2022-05-02,2024-07-02,1.0,229000.0,2022-04-01,ws,1
25115,0,710010623,2024-07-02,2025-06-30,1.0,229000.0,2024-06-01,ws,1
384,0,710010624,2010-01-01,2012-05-02,1.0,2640.0,2012-04-01,bdm,0
1581,0,710010624,2012-05-02,2014-05-02,1.0,2640.0,2012-04-01,ws,1
4038,0,710010624,2014-05-02,2016-05-02,1.0,2710.0,2014-04-01,ws,1
5334,9,710010624,2016-05-02,2025-06-30,,0.0,2016-04-01,aes,2
385,0,710010625,2010-01-01,2012-05-02,1.0,613000.0,2012-04-01,bdm,0
1582,0,710010625,2012-05-02,2014-05-02,1.0,613000.0,2012-04-01,ws,1
4039,0,710010625,2014-05-02,2016-05-02,1.0,614000.0,2014-04-01,ws,1
6618,0,710010625,2016-05-02,2018-05-02,1.0,518000.0,2016-04-01,ws,1
9236,0,710010625,2018-05-02,2019-11-02,1.0,490000.0,2018-04-01,ws,1
11746,0,710010625,2019-11-02,2020-05-02,1.0,499000.0,2019-10-01,ws,1
14368,0,710010625,2020-05-02,2022-05-02,1.0,499000.0,2020-04-01,ws,1
21033,0,710010625,2022-05-02,2024-07-02,1.0,499000.0,2022-04-01,ws,1
25116,0,710010625,2024-07-02,2025-06-30,1.0,499000.0,2024-06-01,ws,1
386,0,710010626,2010-01-01,2012-05-02,1.0,201000.0,2012-04-01,bdm,0
1583,0,710010626,2012-05-02,2014-05-02,1.0,201000.0,2012-04-01,ws,1
4040,0,710010626,2014-05-02,2016-05-02,1.0,200000.0,2014-04-01,ws,1
6619,0,710010626,2016-05-02,2018-05-02,1.0,200000.0,2016-04-01,ws,1
9237,0,710010626,2018-05-02,2019-11-02,1.0,200000.0,2018-04-01,ws,1
11747,0,710010626,2019-11-02,2020-05-02,1.0,204000.0,2019-10-01,ws,1
14369,0,710010626,2020-05-02,2022-05-02,1.0,204000.0,2020-04-01,ws,1
21034,0,710010626,2022-05-02,2024-07-02,1.0,204000.0,2022-04-01,ws,1
25117,0,710010626,2024-07-02,2025-06-30,1.0,194000.0,2024-06-01,ws,1
387,0,710010627,2010-01-01,2012-05-02,1.0,16000.0,2012-04-01,bdm,0
1584,0,710010627,2012-05-02,2014-05-02,1.0,16000.0,2012-04-01,ws,1
4041,0,710010627,2014-05-02,2016-05-02,1.0,16400.0,2014-04-01,ws,1
6620,0,710010627,2016-05-02,2018-05-02,1.0,15800.0,2016-04-01,ws,1
9238,0,710010627,2018-05-02,2019-11-02,1.0,15800.0,2018-04-01,ws,1
11748,0,710010627,2019-11-02,2020-05-02,1.0,14600.0,2019-10-01,ws,1
14370,0,710010627,2020-05-02,2022-05-02,1.0,14600.0,2020-04-01,ws,1
21035,0,710010627,2022-05-02,2024-07-02,1.0,14500.0,2022-04-01,ws,1
25118,0,710010627,2024-07-02,2025-06-30,1.0,12100.0,2024-06-01,ws,1
388,0,710010628,2010-01-01,2012-05-02,1.0,16000.0,2012-04-01,bdm,0
1585,0,710010628,2012-05-02,2014-05-02,1.0,16000.0,2012-04-01,ws,1
4042,0,710010628,2014-05-02,2016-05-02,1.0,15000.0,2014-04-01,ws,1
6621,0,710010628,2016-05-02,2018-05-02,1.0,14000.0,2016-04-01,ws,1
9239,0,710010628,2018-05-02,2019-11-02,1.0,14000.0,2018-04-01,ws,1
11749,0,710010628,2019-11-02,2020-05-02,1.0,14300.0,2019-10-01,ws,1
14371,0,710010628,2020-05-02,2022-05-02,1.0,14200.0,2020-04-01,ws,1
21036,0,710010628,2022-05-02,2024-07-02,1.0,14200.0,2022-04-01,ws,1
25119,0,710010628,2024-07-02,2025-06-30,1.0,13600.0,2024-06-01,ws,1
389,0,710010629,2010-01-01,2012-05-02,1.0,1600000.0,2012-04-01,bdm,0
389,0,710010629,2012-05-02,2014-02-02,1.0,1600000.0,2012-04-01,ws,1
1586,5,710010629,2014-02-02,2014-05-02,1.0,1600000.0,2014-01-01,ws,1
2893,5,710010629,2014-05-02,2014-08-02,1.0,1630000.0,2014-04-01,ws,1
4043,0,710010629,2014-08-02,2016-05-02,1.0,1630000.0,2014-07-01,ws,1
6622,0,710010629,2016-05-02,2018-05-02,1.0,1630000.0,2016-04-01,ws,1
9240,0,710010629,2018-05-02,2019-11-02,1.0,1600000.0,2018-04-01,ws,1
11750,0,710010629,2019-11-02,2020-05-02,1.0,1630000.0,2019-10-01,ws,1
14372,0,710010629,2020-05-02,2022-05-02,1.0,1540000.0,2020-04-01,ws,1
21037,0,710010629,2022-05-02,2024-07-02,1.0,1430000.0,2022-04-01,ws,1
25120,0,710010629,2024-07-02,2025-06-30,1.0,1350000.0,2024-06-01,ws,1
390,5,710010630,2010-01-01,2012-05-02,1.0,946000.0,2012-04-01,bdm,0
1587,0,710010630,2012-05-02,2014-05-02,1.0,946000.0,2012-04-01,ws,1
4044,0,710010630,2014-05-02,2016-05-02,1.0,953000.0,2014-04-01,ws,1
6623,0,710010630,2016-05-02,2018-05-02,1.0,953000.0,2016-04-01,ws,1
9241,0,710010630,2018-05-02,2019-11-02,1.0,943000.0,2018-04-01,ws,1
11751,0,710010630,2019-11-02,2020-05-02,1.0,953000.0,2019-10-01,ws,1
14373,0,710010630,2020-05-02,2022-05-02,1.0,953000.0,2020-04-01,ws,1
21038,0,710010630,2022-05-02,2024-07-02,1.0,953000.0,2022-04-01,ws,1
25121,0,710010630,2024-07-02,2025-06-30,1.0,953000.0,2024-06-01,ws,1
391,0,710010631,2010-01-01,2012-05-02,4.0,18100000.0,2012-04-01,bdm,0
1588,0,710010631,2012-05-02,2014-05-02,4.0,18100000.0,2012-04-01,ws,1
4045,0,710010631,2014-05-02,2016-05-02,4.0,18600000.0,2014-04-01,ws,1
6624,0,710010631,2016-05-02,2018-05-02,4.0,18000000.0,2016-04-01,ws,1
9242,0,710010631,2018-05-02,2019-11-02,4.0,18000000.0,2018-04-01,ws,1
11752,0,710010631,2019-11-02,2020-05-02,4.0,18300000.0,2019-10-01,ws,1
14374,0,710010631,2020-05-02,2022-05-02,1.0,18300000.0,2020-04-01,ws,1
21039,0,710010631,2022-05-02,2024-07-02,1.0,18300000.0,2022-04-01,ws,1
25122,0,710010631,2024-07-02,2025-06-30,1.0,18300000.0,2024-06-01,ws,1
392,0,710010632,2010-01-01,2012-05-02,4.0,18100000.0,2012-04-01,bdm,0
1589,0,710010632,2012-05-02,2014-05-02,4.0,18100000.0,2012-04-01,ws,1
4046,0,710010632,2014-05-02,2016-05-02,4.0,18600000.0,2014-04-01,ws,1
6625,0,710010632,2016-05-02,2018-05-02,4.0,18600000.0,2016-04-01,ws,1
9243,0,710010632,2018-05-02,2019-11-02,4.0,18600000.0,2018-04-01,ws,1
11753,0,710010632,2019-11-02,2020-05-02,4.0,18900000.0,2019-10-01,ws,1
14375,0,710010632,2020-05-02,2022-05-02,1.0,18900000.0,2020-04-01,ws,1
21040,0,710010632,2022-05-02,2024-07-02,1.0,18900000.0,2022-04-01,ws,1
25123,0,710010632,2024-07-02,2025-06-30,1.0,18900000.0,2024-06-01,ws,1
393,0,710010633,2010-01-01,2012-05-02,1.0,1050000.0,2012-04-01,bdm,0
1590,0,710010633,2012-05-02,2014-05-02,1.0,1050000.0,2012-04-01,ws,1
4047,0,710010633,2014-05-02,2016-05-02,1.0,1080000.0,2014-04-01,ws,1
6626,0,710010633,2016-05-02,2018-05-02,1.0,1080000.0,2016-04-01,ws,1
9244,0,710010633,2018-05-02,2019-11-02,1.0,1080000.0,2018-04-01,ws,1
11754,0,710010633,2019-11-02,2020-05-02,1.0,1100000.0,2019-10-01,ws,1
14376,0,710010633,2020-05-02,2022-05-02,1.0,1100000.0,2020-04-01,ws,1
21041,0,710010633,2022-05-02,2024-07-02,1.0,1100000.0,2022-04-01,ws,1
25124,0,710010633,2024-07-02,2025-06-30,1.0,1100000.0,2024-06-01,ws,1
394,0,710010634,2010-01-01,2012-05-02,1.0,13300.0,2012-04-01,bdm,0
1591,0,710010634,2012-05-02,2014-05-02,1.0,13300.0,2012-04-01,ws,1
4048,0,710010634,2014-05-02,2016-05-02,1.0,13500.0,2014-04-01,ws,1
6627,0,710010634,2016-05-02,2018-05-02,1.0,13500.0,2016-04-01,ws,1
9245,0,710010634,2018-05-02,2019-11-02,1.0,13400.0,2018-04-01,ws,1
11755,0,710010634,2019-11-02,2020-05-02,1.0,13600.0,2019-10-01,ws,1
14377,0,710010634,2020-05-02,2022-05-02,1.0,12100.0,2020-04-01,ws,1
21042,0,710010634,2022-05-02,2024-07-02,1.0,11200.0,2022-04-01,ws,1
25125,0,710010634,2024-07-02,2025-06-30,1.0,11200.0,2024-06-01,ws,1
395,0,710010635,2010-01-01,2012-05-02,1.0,16500.0,2012-04-01,bdm,0
1592,0,710010635,2012-05-02,2014-05-02,1.0,16500.0,2012-04-01,ws,1
4049,0,710010635,2014-05-02,2016-05-02,1.0,16900.0,2014-04-01,ws,1
6628,0,710010635,2016-05-02,2018-05-02,1.0,16900.0,2016-04-01,ws,1
9246,0,710010635,2018-05-02,2019-11-02,1.0,16900.0,2018-04-01,ws,1
11756,0,710010635,2019-11-02,2020-05-02,1.0,17200.0,2019-10-01,ws,1
14378,0,710010635,2020-05-02,2022-05-02,1.0,17200.0,2020-04-01,ws,1
21043,0,710010635,2022-05-02,2024-07-02,1.0,17200.0,2022-04-01,ws,1
25126,0,710010635,2024-07-02,2025-06-30,1.0,17200.0,2024-06-01,ws,1
396,0,710010636,2010-01-01,2012-05-02,1.0,2640.0,2012-04-01,bdm,0
1593,0,710010636,2012-05-02,2014-05-02,1.0,2640.0,2012-04-01,ws,1
4050,0,710010636,2014-05-02,2016-05-02,1.0,2710.0,2014-04-01,ws,1
5346,9,710010636,2016-05-02,2025-06-30,,0.0,2016-04-01,aes,2
397,0,710010637,2010-01-01,2012-05-02,1.0,1600000.0,2012-04-01,bdm,0
1594,0,710010637,2012-05-02,2014-05-02,1.0,1600000.0,2012-04-01,ws,1
2901,5,710010637,2014-05-02,2015-02-02,1.0,1620000.0,2014-04-01,ws,1
4051,0,710010637,2015-02-02,2016-05-02,1.0,1620000.0,2015-01-01,ws,1
6629,0,710010637,2016-05-02,2018-05-02,1.0,1620000.0,2016-04-01,ws,1
9247,0,710010637,2018-05-02,2019-11-02,1.0,1620000.0,2018-04-01,ws,1
11757,0,710010637,2019-11-02,2020-05-02,1.0,1650000.0,2019-10-01,ws,1
13007,9,710010637,2020-05-02,2025-06-30,,0.0,2020-04-01,aes,2
398,0,710010638,2010-01-01,2012-05-02,1.0,77500.0,2012-04-01,bdm,0
1595,0,710010638,2012-05-02,2014-05-02,1.0,77500.0,2012-04-01,ws,1
4052,0,710010638,2014-05-02,2016-05-02,1.0,79700.0,2014-04-01,ws,1
5348,9,710010638,2016-05-02,2025-06-30,,0.0,2016-04-01,aes,2
399,0,710010639,2010-01-01,2012-05-02,1.0,15400.0,2012-04-01,bdm,0
1596,0,710010639,2012-05-02,2014-05-02,1.0,15400.0,2012-04-01,ws,1
4053,0,710010639,2014-05-02,2016-05-02,1.0,15400.0,2014-04-01,ws,1
6630,0,710010639,2016-05-02,2018-05-02,1.0,15400.0,2016-04-01,ws,1
9248,0,710010639,2018-05-02,2019-11-02,1.0,15400.0,2018-04-01,ws,1
11758,0,710010639,2019-11-02,2020-05-02,1.0,15700.0,2019-10-01,ws,1
14379,0,710010639,2020-05-02,2022-05-02,1.0,15700.0,2020-04-01,ws,1
21044,0,710010639,2022-05-02,2024-07-02,1.0,15700.0,2022-04-01,ws,1
25127,0,710010639,2024-07-02,2025-06-30,1.0,15700.0,2024-06-01,ws,1
400,0,710010640,2010-01-01,2012-05-02,1.0,430000.0,2012-04-01,bdm,0
1597,0,710010640,2012-05-02,2014-05-02,1.0,430000.0,2012-04-01,ws,1
4054,0,710010640,2014-05-02,2016-05-02,1.0,442000.0,2014-04-01,ws,1
6631,0,710010640,2016-05-02,2018-05-02,1.0,442000.0,2016-04-01,ws,1
9249,0,710010640,2018-05-02,2019-11-02,1.0,442000.0,2018-04-01,ws,1
11759,0,710010640,2019-11-02,2020-05-02,1.0,450000.0,2019-10-01,ws,1
14380,0,710010640,2020-05-02,2022-05-02,1.0,450000.0,2020-04-01,ws,1
21045,0,710010640,2022-05-02,2024-07-02,1.0,448000.0,2022-04-01,ws,1
25128,0,710010640,2024-07-02,2025-06-30,1.0,448000.0,2024-06-01,ws,1
401,0,710010641,2010-01-01,2012-05-02,1.0,293000.0,2012-04-01,bdm,0
1598,0,710010641,2012-05-02,2014-05-02,1.0,293000.0,2012-04-01,ws,1
4055,0,710010641,2014-05-02,2016-05-02,1.0,298000.0,2014-04-01,ws,1
6632,0,710010641,2016-05-02,2018-05-02,1.0,298000.0,2016-04-01,ws,1
9250,0,710010641,2018-05-02,2019-11-02,1.0,296000.0,2018-04-01,ws,1
11760,0,710010641,2019-11-02,2020-05-02,1.0,299000.0,2019-10-01,ws,1
14381,0,710010641,2020-05-02,2022-05-02,1.0,299000.0,2020-04-01,ws,1
21046,0,710010641,2022-05-02,2024-07-02,1.0,299000.0,2022-04-01,ws,1
25129,0,710010641,2024-07-02,2025-06-30,1.0,299000.0,2024-06-01,ws,1
402,0,710010642,2010-01-01,2012-05-02,1.0,320000.0,2012-04-01,bdm,0
1599,0,710010642,2012-05-02,2014-05-02,1.0,320000.0,2012-04-01,ws,1
4056,0,710010642,2014-05-02,2016-05-02,1.0,328000.0,2014-04-01,ws,1
6633,0,710010642,2016-05-02,2018-05-02,1.0,328000.0,2016-04-01,ws,1
9251,0,710010642,2018-05-02,2019-11-02,1.0,328000.0,2018-04-01,ws,1
11761,0,710010642,2019-11-02,2020-05-02,1.0,327000.0,2019-10-01,ws,1
14382,0,710010642,2020-05-02,2022-05-02,1.0,327000.0,2020-04-01,ws,1
21047,0,710010642,2022-05-02,2024-07-02,1.0,327000.0,2022-04-01,ws,1
25130,0,710010642,2024-07-02,2025-06-30,1.0,327000.0,2024-06-01,ws,1
403,5,710010643,2010-01-01,2012-05-02,1.0,1980000.0,2012-04-01,bdm,0
403,5,710010643,2012-05-02,2014-02-02,1.0,1980000.0,2012-04-01,ws,1
1600,5,710010643,2014-02-02,2014-05-02,1.0,1980000.0,2014-01-01,ws,1
4057,0,710010643,2014-05-02,2016-05-02,1.0,2030000.0,2014-04-01,ws,1
6634,0,710010643,2016-05-02,2018-05-02,1.0,2030000.0,2016-04-01,ws,1
9252,0,710010643,2018-05-02,2019-11-02,1.0,2120000.0,2018-04-01,ws,1
11762,0,710010643,2019-11-02,2020-05-02,1.0,2160000.0,2019-10-01,ws,1
14383,0,710010643,2020-05-02,2022-05-02,1.0,2160000.0,2020-04-01,ws,1
21048,0,710010643,2022-05-02,2024-07-02,1.0,2160000.0,2022-04-01,ws,1
25131,0,710010643,2024-07-02,2025-06-30,1.0,2160000.0,2024-06-01,ws,1
404,5,710010644,2010-01-01,2012-05-02,1.0,85000.0,2012-04-01,bdm,0
1601,0,710010644,2012-05-02,2014-05-02,1.0,85000.0,2012-04-01,ws,1
4058,0,710010644,2014-05-02,2016-05-02,1.0,87400.0,2014-04-01,ws,1
6635,0,710010644,2016-05-02,2018-05-02,1.0,87400.0,2016-04-01,ws,1
9253,0,710010644,2018-05-02,2019-11-02,1.0,87400.0,2018-04-01,ws,1
11763,0,710010644,2019-11-02,2020-05-02,1.0,89000.0,2019-10-01,ws,1
14384,0,710010644,2020-05-02,2022-05-02,1.0,89000.0,2020-04-01,ws,1
21049,0,710010644,2022-05-02,2024-07-02,1.0,89000.0,2022-04-01,ws,1
22453,9,710010644,2024-07-02,2025-06-30,,89000.0,2024-06-01,aes,2
405,0,710010645,2010-01-01,2012-05-02,1.0,88000.0,2012-04-01,bdm,0
1602,0,710010645,2012-05-02,2014-05-02,1.0,88000.0,2012-04-01,ws,1
4059,0,710010645,2014-05-02,2016-05-02,1.0,90200.0,2014-04-01,ws,1
6636,0,710010645,2016-05-02,2018-05-02,1.0,90200.0,2016-04-01,ws,1
9254,0,710010645,2018-05-02,2019-11-02,1.0,89300.0,2018-04-01,ws,1
11764,0,710010645,2019-11-02,2020-05-02,1.0,88200.0,2019-10-01,ws,1
14385,0,710010645,2020-05-02,2022-05-02,1.0,87700.0,2020-04-01,ws,1
21050,0,710010645,2022-05-02,2024-07-02,1.0,85400.0,2022-04-01,ws,1
25132,0,710010645,2024-07-02,2025-06-30,1.0,81700.0,2024-06-01,ws,1
406,0,710010646,2010-01-01,2012-05-02,1.0,171000.0,2012-04-01,bdm,0
1603,0,710010646,2012-05-02,2014-05-02,1.0,171000.0,2012-04-01,ws,1
4060,0,710010646,2014-05-02,2016-05-02,1.0,168000.0,2014-04-01,ws,1
6637,0,710010646,2016-05-02,2018-05-02,1.0,162000.0,2016-04-01,ws,1
9255,0,710010646,2018-05-02,2019-11-02,1.0,151000.0,2018-04-01,ws,1
11765,0,710010646,2019-11-02,2020-05-02,1.0,147000.0,2019-10-01,ws,1
14386,0,710010646,2020-05-02,2022-05-02,1.0,143000.0,2020-04-01,ws,1
21051,0,710010646,2022-05-02,2024-07-02,1.0,135000.0,2022-04-01,ws,1
25133,0,710010646,2024-07-02,2025-06-30,1.0,128000.0,2024-06-01,ws,1
407,3,710010647,2010-01-01,2012-05-02,1.0,1730.0,2012-04-01,bsl,0
1604,0,710010647,2012-05-02,2014-05-02,1.0,1730.0,2012-04-01,ws,1
4061,0,710010647,2014-05-02,2016-05-02,1.0,1770.0,2014-04-01,ws,1
5357,9,710010647,2016-05-02,2025-06-30,,0.0,2016-04-01,aes,2
408,3,710010648,2010-01-01,2012-05-02,1.0,1870.0,2012-04-01,bsl,0
1605,0,710010648,2012-05-02,2014-05-02,1.0,1870.0,2012-04-01,ws,1
4062,0,710010648,2014-05-02,2016-05-02,1.0,1830.0,2014-04-01,ws,1
5358,9,710010648,2016-05-02,2025-06-30,,0.0,2016-04-01,aes,2
409,3,710010649,2010-01-01,2012-05-02,1.0,3590.0,2012-04-01,bsl,0
1606,0,710010649,2012-05-02,2014-05-02,1.0,3590.0,2012-04-01,ws,1
4063,0,710010649,2014-05-02,2016-05-02,1.0,3610.0,2014-04-01,ws,1
6638,0,710010649,2016-05-02,2018-05-02,1.0,3500.0,2016-04-01,ws,1
9256,0,710010649,2018-05-02,2019-11-02,1.0,3490.0,2018-04-01,ws,1
11766,0,710010649,2019-11-02,2020-05-02,1.0,3300.0,2019-10-01,ws,1
14387,0,710010649,2020-05-02,2022-05-02,1.0,3240.0,2020-04-01,ws,1
21052,0,710010649,2022-05-02,2024-07-02,1.0,3180.0,2022-04-01,ws,1
25134,0,710010649,2024-07-02,2025-06-30,1.0,3180.0,2024-06-01,ws,1
410,3,710010650,2010-01-01,2012-05-02,1.0,1050000.0,2012-04-01,bsl,0
1607,0,710010650,2012-05-02,2014-05-02,1.0,1050000.0,2012-04-01,ws,1
4064,0,710010650,2014-05-02,2016-05-02,1.0,1080000.0,2014-04-01,ws,1
6639,0,710010650,2016-05-02,2018-05-02,1.0,1080000.0,2016-04-01,ws,1
9257,0,710010650,2018-05-02,2019-11-02,1.0,1080000.0,2018-04-01,ws,1
11767,0,710010650,2019-11-02,2020-05-02,1.0,1100000.0,2019-10-01,ws,1
14388,0,710010650,2020-05-02,2022-05-02,1.0,1100000.0,2020-04-01,ws,1
21053,0,710010650,2022-05-02,2024-07-02,1.0,1100000.0,2022-04-01,ws,1
25135,0,710010650,2024-07-02,2025-06-30,1.0,1100000.0,2024-06-01,ws,1
411,3,710010651,2010-01-01,2012-05-02,1.0,3510.0,2012-04-01,bsl,0
1608,0,710010651,2012-05-02,2014-05-02,1.0,3510.0,2012-04-01,ws,1
4065,0,710010651,2014-05-02,2016-05-02,1.0,3610.0,2014-04-01,ws,1
6640,0,710010651,2016-05-02,2018-05-02,1.0,3500.0,2016-04-01,ws,1
9258,0,710010651,2018-05-02,2019-11-02,1.0,3490.0,2018-04-01,ws,1
11768,0,710010651,2019-11-02,2020-05-02,1.0,3300.0,2019-10-01,ws,1
14389,0,710010651,2020-05-02,2022-05-02,1.0,3240.0,2020-04-01,ws,1
21054,0,710010651,2022-05-02,2024-07-02,1.0,3180.0,2022-04-01,ws,1
25136,0,710010651,2024-07-02,2025-06-30,1.0,3180.0,2024-06-01,ws,1
412,3,710010652,2010-01-01,2012-05-02,1.0,1730.0,2012-04-01,bsl,0
1609,0,710010652,2012-05-02,2014-05-02,1.0,1730.0,2012-04-01,ws,1
4066,0,710010652,2014-05-02,2016-05-02,1.0,1770.0,2014-04-01,ws,1
5362,9,710010652,2016-05-02,2025-06-30,,0.0,2016-04-01,aes,2
413,3,710010653,2010-01-01,2012-05-02,1.0,1870.0,2012-04-01,bsl,0
1610,0,710010653,2012-05-02,2014-05-02,1.0,1870.0,2012-04-01,ws,1
4067,0,710010653,2014-05-02,2016-05-02,1.0,1830.0,2014-04-01,ws,1
5363,9,710010653,2016-05-02,2025-06-30,,0.0,2016-04-01,aes,2
414,3,710010654,2010-01-01,2012-05-02,1.0,538.0,2012-04-01,bsl,0
1611,0,710010654,2012-05-02,2014-05-02,1.0,538.0,2012-04-01,ws,1
4068,0,710010654,2014-05-02,2016-05-02,1.0,544.0,2014-04-01,ws,1
6641,0,710010654,2016-05-02,2018-05-02,1.0,544.0,2016-04-01,ws,1
9259,0,710010654,2018-05-02,2019-11-02,1.0,544.0,2018-04-01,ws,1
11769,0,710010654,2019-11-02,2020-05-02,1.0,554.0,2019-10-01,ws,1
14390,0,710010654,2020-05-02,2022-05-02,1.0,554.0,2020-04-01,ws,1
21055,0,710010654,2022-05-02,2024-07-02,1.0,554.0,2022-04-01,ws,1
25137,0,710010654,2024-07-02,2025-06-30,1.0,554.0,2024-06-01,ws,1
415,3,710010655,2010-01-01,2012-05-02,1.0,25500.0,2012-04-01,bsl,0
1612,0,710010655,2012-05-02,2014-05-02,1.0,25500.0,2012-04-01,ws,1
2919,5,710010655,2014-05-02,2014-11-02,1.0,26200.0,2014-04-01,ws,1
4069,0,710010655,2014-11-02,2016-05-02,1.0,26200.0,2014-10-01,ws,1
6642,0,710010655,2016-05-02,2018-05-02,1.0,26200.0,2016-04-01,ws,1
9260,0,710010655,2018-05-02,2019-11-02,1.0,26200.0,2018-04-01,ws,1
11770,0,710010655,2019-11-02,2020-05-02,1.0,26700.0,2019-10-01,ws,1
14391,0,710010655,2020-05-02,2022-05-02,1.0,26700.0,2020-04-01,ws,1
21056,0,710010655,2022-05-02,2024-07-02,1.0,80500.0,2022-04-01,ws,1
25138,0,710010655,2024-07-02,2025-06-30,1.0,80500.0,2024-06-01,ws,1
416,3,710010656,2010-01-01,2012-05-02,1.0,34300.0,2012-04-01,bsl,0
1613,0,710010656,2012-05-02,2014-05-02,1.0,34300.0,2012-04-01,ws,1
4070,0,710010656,2014-05-02,2016-05-02,1.0,34000.0,2014-04-01,ws,1
6643,0,710010656,2016-05-02,2018-05-02,1.0,34500.0,2016-04-01,ws,1
9261,0,710010656,2018-05-02,2019-11-02,1.0,34100.0,2018-04-01,ws,1
11771,0,710010656,2019-11-02,2020-05-02,1.0,33500.0,2019-10-01,ws,1
14392,0,710010656,2020-05-02,2022-05-02,1.0,29600.0,2020-04-01,ws,1
21057,0,710010656,2022-05-02,2024-07-02,1.0,29600.0,2022-04-01,ws,1
25139,0,710010656,2024-07-02,2025-06-30,1.0,29600.0,2024-06-01,ws,1
417,3,710010657,2010-01-01,2012-05-02,1.0,531.0,2012-04-01,bsl,0
1614,0,710010657,2012-05-02,2014-05-02,1.0,531.0,2012-04-01,ws,1
4071,0,710010657,2014-05-02,2016-05-02,1.0,505.0,2014-04-01,ws,1
6644,0,710010657,2016-05-02,2018-05-02,1.0,496.0,2016-04-01,ws,1
9262,0,710010657,2018-05-02,2019-11-02,1.0,21000.0,2018-04-01,ws,1
11772,0,710010657,2019-11-02,2020-05-02,1.0,21100.0,2019-10-01,ws,1
14393,0,710010657,2020-05-02,2022-05-02,1.0,21100.0,2020-04-01,ws,1
21058,0,710010657,2022-05-02,2024-07-02,1.0,21100.0,2022-04-01,ws,1
25140,0,710010657,2024-07-02,2025-06-30,1.0,21100.0,2024-06-01,ws,1
418,3,710010658,2010-01-01,2012-05-02,1.0,3060000.0,2012-04-01,bsl,0
418,3,710010658,2012-05-02,2013-11-02,1.0,3060000.0,2012-04-01,ws,1
1615,0,710010658,2013-11-02,2014-05-02,1.0,3060000.0,2013-10-01,ws,1
4072,0,710010658,2014-05-02,2016-05-02,1.0,2940000.0,2014-04-01,ws,1
6645,0,710010658,2016-05-02,2018-05-02,1.0,2890000.0,2016-04-01,ws,1
9263,0,710010658,2018-05-02,2019-11-02,1.0,3040000.0,2018-04-01,ws,1
11773,0,710010658,2019-11-02,2020-05-02,1.0,2950000.0,2019-10-01,ws,1
14394,0,710010658,2020-05-02,2022-05-02,1.0,2950000.0,2020-04-01,ws,1
21059,0,710010658,2022-05-02,2024-07-02,1.0,2820000.0,2022-04-01,ws,1
25141,0,710010658,2024-07-02,2025-06-30,1.0,2660000.0,2024-06-01,ws,1
419,3,710010659,2010-01-01,2012-05-02,1.0,275000.0,2012-04-01,bsl,0
1616,0,710010659,2012-05-02,2014-05-02,1.0,275000.0,2012-04-01,ws,1
4073,0,710010659,2014-05-02,2016-05-02,1.0,273000.0,2014-04-01,ws,1
6646,0,710010659,2016-05-02,2018-05-02,1.0,273000.0,2016-04-01,ws,1
9264,0,710010659,2018-05-02,2019-11-02,1.0,272000.0,2018-04-01,ws,1
11774,0,710010659,2019-11-02,2020-05-02,1.0,272000.0,2019-10-01,ws,1
14395,0,710010659,2020-05-02,2022-05-02,1.0,272000.0,2020-04-01,ws,1
21060,0,710010659,2022-05-02,2024-07-02,1.0,272000.0,2022-04-01,ws,1
25142,0,710010659,2024-07-02,2025-06-30,1.0,268000.0,2024-06-01,ws,1
420,3,710010660,2010-01-01,2012-05-02,1.0,276000.0,2012-04-01,bsl,0
1617,0,710010660,2012-05-02,2014-05-02,1.0,276000.0,2012-04-01,ws,1
4074,0,710010660,2014-05-02,2016-05-02,1.0,274000.0,2014-04-01,ws,1
6647,0,710010660,2016-05-02,2018-05-02,1.0,274000.0,2016-04-01,ws,1
7913,5,710010660,2018-05-02,2019-02-02,1.0,260000.0,2018-04-01,ws,1
8844,5,710010660,2019-02-02,2019-05-02,,233000.0,2019-01-01,ws,1
9265,0,710010660,2019-05-02,2019-11-02,1.0,206000.0,2019-04-01,ws,1
11775,0,710010660,2019-11-02,2020-05-02,1.0,210000.0,2019-10-01,ws,1
14396,0,710010660,2020-05-02,2022-05-02,1.0,210000.0,2020-04-01,ws,1
21061,0,710010660,2022-05-02,2024-07-02,1.0,210000.0,2022-04-01,ws,1
25143,0,710010660,2024-07-02,2025-06-30,1.0,210000.0,2024-06-01,ws,1
421,3,710010661,2010-01-01,2012-05-02,1.0,142000.0,2012-04-01,bsl,0
1618,0,710010661,2012-05-02,2014-05-02,1.0,142000.0,2012-04-01,ws,1
4075,0,710010661,2014-05-02,2016-05-02,1.0,143000.0,2014-04-01,ws,1
6648,0,710010661,2016-05-02,2018-05-02,1.0,132000.0,2016-04-01,ws,1
9266,0,710010661,2018-05-02,2019-11-02,1.0,129000.0,2018-04-01,ws,1
11776,0,710010661,2019-11-02,2020-05-02,1.0,125000.0,2019-10-01,ws,1
14397,0,710010661,2020-05-02,2022-05-02,1.0,125000.0,2020-04-01,ws,1
21062,0,710010661,2022-05-02,2024-07-02,1.0,122000.0,2022-04-01,ws,1
25144,0,710010661,2024-07-02,2025-06-30,1.0,122000.0,2024-06-01,ws,1
422,3,710010662,2010-01-01,2012-05-02,1.0,132000.0,2012-04-01,bsl,0
1619,0,710010662,2012-05-02,2014-05-02,1.0,132000.0,2012-04-01,ws,1
4076,0,710010662,2014-05-02,2016-05-02,1.0,128000.0,2014-04-01,ws,1
6649,0,710010662,2016-05-02,2018-05-02,1.0,126000.0,2016-04-01,ws,1
9267,0,710010662,2018-05-02,2019-11-02,1.0,123000.0,2018-04-01,ws,1
11777,0,710010662,2019-11-02,2020-05-02,1.0,125000.0,2019-10-01,ws,1
14398,0,710010662,2020-05-02,2022-05-02,1.0,121000.0,2020-04-01,ws,1
21063,0,710010662,2022-05-02,2024-07-02,1.0,121000.0,2022-04-01,ws,1
25145,0,710010662,2024-07-02,2025-06-30,1.0,121000.0,2024-06-01,ws,1
423,3,710010663,2010-01-01,2012-05-02,1.0,155000.0,2012-04-01,bsl,0
1620,0,710010663,2012-05-02,2014-05-02,1.0,155000.0,2012-04-01,ws,1
4077,0,710010663,2014-05-02,2016-05-02,1.0,155000.0,2014-04-01,ws,1
6650,0,710010663,2016-05-02,2018-05-02,1.0,152000.0,2016-04-01,ws,1
9268,0,710010663,2018-05-02,2019-11-02,1.0,152000.0,2018-04-01,ws,1
11778,0,710010663,2019-11-02,2020-05-02,1.0,153000.0,2019-10-01,ws,1
14399,0,710010663,2020-05-02,2022-05-02,1.0,153000.0,2020-04-01,ws,1
21064,0,710010663,2022-05-02,2024-07-02,1.0,153000.0,2022-04-01,ws,1
25146,0,710010663,2024-07-02,2025-06-30,1.0,153000.0,2024-06-01,ws,1
424,3,710010664,2010-01-01,2012-05-02,1.0,5060.0,2012-04-01,bsl,0
1621,0,710010664,2012-05-02,2014-05-02,1.0,5060.0,2012-04-01,ws,1
4078,0,710010664,2014-05-02,2016-05-02,1.0,5200.0,2014-04-01,ws,1
6651,0,710010664,2016-05-02,2018-05-02,1.0,5200.0,2016-04-01,ws,1
9269,0,710010664,2018-05-02,2019-11-02,1.0,5010.0,2018-04-01,ws,1
11779,0,710010664,2019-11-02,2020-05-02,1.0,5100.0,2019-10-01,ws,1
14400,0,710010664,2020-05-02,2022-05-02,1.0,5100.0,2020-04-01,ws,1
21065,0,710010664,2022-05-02,2024-07-02,1.0,5100.0,2022-04-01,ws,1
25147,0,710010664,2024-07-02,2025-06-30,1.0,5100.0,2024-06-01,ws,1
425,3,710010665,2010-01-01,2012-05-02,1.0,70300.0,2012-04-01,bsl,0
1622,0,710010665,2012-05-02,2014-05-02,1.0,70300.0,2012-04-01,ws,1
4079,0,710010665,2014-05-02,2016-05-02,1.0,72300.0,2014-04-01,ws,1
6652,0,710010665,2016-05-02,2018-05-02,1.0,72300.0,2016-04-01,ws,1
9270,0,710010665,2018-05-02,2019-11-02,1.0,70500.0,2018-04-01,ws,1
11780,0,710010665,2019-11-02,2020-05-02,1.0,71800.0,2019-10-01,ws,1
14401,0,710010665,2020-05-02,2022-05-02,1.0,70700.0,2020-04-01,ws,1
21066,0,710010665,2022-05-02,2024-07-02,1.0,130000.0,2022-04-01,ws,1
25148,0,710010665,2024-07-02,2025-06-30,1.0,130000.0,2024-06-01,ws,1
426,3,710010666,2010-01-01,2012-05-02,1.0,163000.0,2012-04-01,bsl,0
1623,0,710010666,2012-05-02,2014-05-02,1.0,163000.0,2012-04-01,ws,1
4080,0,710010666,2014-05-02,2016-05-02,1.0,167000.0,2014-04-01,ws,1
6653,0,710010666,2016-05-02,2018-05-02,1.0,167000.0,2016-04-01,ws,1
9271,0,710010666,2018-05-02,2019-11-02,1.0,167000.0,2018-04-01,ws,1
11781,0,710010666,2019-11-02,2020-05-02,1.0,170000.0,2019-10-01,ws,1
14402,0,710010666,2020-05-02,2022-05-02,1.0,170000.0,2020-04-01,ws,1
21067,0,710010666,2022-05-02,2024-07-02,1.0,170000.0,2022-04-01,ws,1
25149,0,710010666,2024-07-02,2025-06-30,1.0,170000.0,2024-06-01,ws,1
427,3,710010667,2010-01-01,2012-05-02,1.0,149000.0,2012-04-01,bsl,0
1624,0,710010667,2012-05-02,2014-05-02,1.0,149000.0,2012-04-01,ws,1
4081,0,710010667,2014-05-02,2016-05-02,1.0,153000.0,2014-04-01,ws,1
6654,0,710010667,2016-05-02,2018-05-02,1.0,153000.0,2016-04-01,ws,1
9272,0,710010667,2018-05-02,2019-11-02,1.0,153000.0,2018-04-01,ws,1
11782,0,710010667,2019-11-02,2020-05-02,1.0,156000.0,2019-10-01,ws,1
14403,0,710010667,2020-05-02,2022-05-02,1.0,156000.0,2020-04-01,ws,1
21068,0,710010667,2022-05-02,2024-07-02,1.0,156000.0,2022-04-01,ws,1
25150,0,710010667,2024-07-02,2025-06-30,1.0,156000.0,2024-06-01,ws,1
428,3,710010668,2010-01-01,2012-05-02,1.0,408000.0,2012-04-01,bsl,0
1625,0,710010668,2012-05-02,2014-05-02,1.0,408000.0,2012-04-01,ws,1
4082,0,710010668,2014-05-02,2016-05-02,1.0,419000.0,2014-04-01,ws,1
6655,0,710010668,2016-05-02,2018-05-02,1.0,419000.0,2016-04-01,ws,1
9273,0,710010668,2018-05-02,2019-11-02,1.0,419000.0,2018-04-01,ws,1
11783,0,710010668,2019-11-02,2020-05-02,1.0,427000.0,2019-10-01,ws,1
14404,0,710010668,2020-05-02,2022-05-02,1.0,427000.0,2020-04-01,ws,1
21069,0,710010668,2022-05-02,2024-07-02,1.0,427000.0,2022-04-01,ws,1
25151,0,710010668,2024-07-02,2025-06-30,1.0,427000.0,2024-06-01,ws,1
429,3,710010669,2010-01-01,2012-05-02,1.0,19300.0,2012-04-01,bsl,0
1626,0,710010669,2012-05-02,2014-05-02,1.0,19300.0,2012-04-01,ws,1
4083,0,710010669,2014-05-02,2016-05-02,1.0,19800.0,2014-04-01,ws,1
6656,0,710010669,2016-05-02,2018-05-02,1.0,19800.0,2016-04-01,ws,1
9274,0,710010669,2018-05-02,2019-11-02,1.0,19800.0,2018-04-01,ws,1
11784,0,710010669,2019-11-02,2020-05-02,1.0,20200.0,2019-10-01,ws,1
14405,0,710010669,2020-05-02,2022-05-02,1.0,20200.0,2020-04-01,ws,1
21070,0,710010669,2022-05-02,2024-07-02,1.0,20200.0,2022-04-01,ws,1
25152,0,710010669,2024-07-02,2025-06-30,1.0,20200.0,2024-06-01,ws,1
430,3,710010670,2010-01-01,2012-05-02,1.0,35300.0,2012-04-01,bsl,0
1627,0,710010670,2012-05-02,2014-05-02,1.0,35300.0,2012-04-01,ws,1
4084,0,710010670,2014-05-02,2016-05-02,1.0,36300.0,2014-04-01,ws,1
6657,0,710010670,2016-05-02,2018-05-02,1.0,36100.0,2016-04-01,ws,1
9275,0,710010670,2018-05-02,2019-11-02,1.0,34400.0,2018-04-01,ws,1
11785,0,710010670,2019-11-02,2020-05-02,1.0,35000.0,2019-10-01,ws,1
14406,0,710010670,2020-05-02,2022-05-02,1.0,35000.0,2020-04-01,ws,1
21071,0,710010670,2022-05-02,2024-07-02,1.0,35000.0,2022-04-01,ws,1
25153,0,710010670,2024-07-02,2025-06-30,1.0,35000.0,2024-06-01,ws,1
431,3,710010671,2010-01-01,2012-05-02,1.0,22700.0,2012-04-01,bsl,0
1628,0,710010671,2012-05-02,2014-05-02,1.0,22700.0,2012-04-01,ws,1
4085,0,710010671,2014-05-02,2016-05-02,1.0,23300.0,2014-04-01,ws,1
6658,0,710010671,2016-05-02,2018-05-02,1.0,23300.0,2016-04-01,ws,1
9276,0,710010671,2018-05-02,2019-11-02,1.0,23300.0,2018-04-01,ws,1
11786,0,710010671,2019-11-02,2020-05-02,1.0,23700.0,2019-10-01,ws,1
14407,0,710010671,2020-05-02,2022-05-02,1.0,23700.0,2020-04-01,ws,1
21072,0,710010671,2022-05-02,2024-07-02,1.0,23700.0,2022-04-01,ws,1
25154,0,710010671,2024-07-02,2025-06-30,1.0,23700.0,2024-06-01,ws,1
432,3,710010672,2010-01-01,2012-05-02,1.0,85900.0,2012-04-01,bsl,0
1629,0,710010672,2012-05-02,2014-05-02,1.0,85900.0,2012-04-01,ws,1
4086,0,710010672,2014-05-02,2016-05-02,1.0,88300.0,2014-04-01,ws,1
6659,0,710010672,2016-05-02,2018-05-02,1.0,88300.0,2016-04-01,ws,1
9277,0,710010672,2018-05-02,2019-11-02,1.0,77400.0,2018-04-01,ws,1
11787,0,710010672,2019-11-02,2020-05-02,1.0,78800.0,2019-10-01,ws,1
14408,0,710010672,2020-05-02,2022-05-02,1.0,78800.0,2020-04-01,ws,1
21073,0,710010672,2022-05-02,2024-07-02,1.0,58200.0,2022-04-01,ws,1
25155,0,710010672,2024-07-02,2025-06-30,1.0,58200.0,2024-06-01,ws,1
433,3,710010673,2010-01-01,2012-05-02,1.0,6730.0,2012-04-01,bsl,0
1630,0,710010673,2012-05-02,2014-05-02,1.0,6730.0,2012-04-01,ws,1
4087,0,710010673,2014-05-02,2016-05-02,1.0,6920.0,2014-04-01,ws,1
6660,0,710010673,2016-05-02,2018-05-02,1.0,6210.0,2016-04-01,ws,1
9278,0,710010673,2018-05-02,2019-11-02,1.0,6090.0,2018-04-01,ws,1
11788,0,710010673,2019-11-02,2020-05-02,1.0,6200.0,2019-10-01,ws,1
14409,0,710010673,2020-05-02,2022-05-02,1.0,6200.0,2020-04-01,ws,1
21074,0,710010673,2022-05-02,2024-07-02,1.0,6200.0,2022-04-01,ws,1
25156,0,710010673,2024-07-02,2025-06-30,1.0,6200.0,2024-06-01,ws,1
434,3,710010674,2010-01-01,2012-05-02,1.0,3450.0,2012-04-01,bsl,0
1631,0,710010674,2012-05-02,2014-05-02,1.0,3450.0,2012-04-01,ws,1
4088,0,710010674,2014-05-02,2016-05-02,1.0,3540.0,2014-04-01,ws,1
6661,0,710010674,2016-05-02,2018-05-02,1.0,3540.0,2016-04-01,ws,1
9279,0,710010674,2018-05-02,2019-11-02,1.0,3540.0,2018-04-01,ws,1
11789,0,710010674,2019-11-02,2020-05-02,1.0,3610.0,2019-10-01,ws,1
14410,0,710010674,2020-05-02,2022-05-02,1.0,3610.0,2020-04-01,ws,1
21075,0,710010674,2022-05-02,2024-07-02,1.0,3610.0,2022-04-01,ws,1
25157,0,710010674,2024-07-02,2025-06-30,1.0,3610.0,2024-06-01,ws,1
435,3,710010675,2010-01-01,2012-05-02,1.0,5260.0,2012-04-01,bsl,0
1632,0,710010675,2012-05-02,2014-05-02,1.0,5260.0,2012-04-01,ws,1
4089,0,710010675,2014-05-02,2016-05-02,1.0,5410.0,2014-04-01,ws,1
6662,0,710010675,2016-05-02,2018-05-02,1.0,5410.0,2016-04-01,ws,1
9280,0,710010675,2018-05-02,2019-11-02,1.0,5410.0,2018-04-01,ws,1
11790,0,710010675,2019-11-02,2020-05-02,1.0,5510.0,2019-10-01,ws,1
14411,0,710010675,2020-05-02,2022-05-02,1.0,5190.0,2020-04-01,ws,1
21076,0,710010675,2022-05-02,2024-07-02,1.0,4090.0,2022-04-01,ws,1
25158,0,710010675,2024-07-02,2025-06-30,1.0,3540.0,2024-06-01,ws,1
436,3,710010676,2010-01-01,2012-05-02,1.0,2500.0,2012-04-01,bsl,0
1633,0,710010676,2012-05-02,2014-05-02,1.0,2500.0,2012-04-01,ws,1
4090,0,710010676,2014-05-02,2016-05-02,1.0,2570.0,2014-04-01,ws,1
6663,0,710010676,2016-05-02,2018-05-02,1.0,2570.0,2016-04-01,ws,1
9281,0,710010676,2018-05-02,2019-11-02,1.0,1610.0,2018-04-01,ws,1
11791,0,710010676,2019-11-02,2020-05-02,1.0,1640.0,2019-10-01,ws,1
14412,0,710010676,2020-05-02,2022-05-02,1.0,1640.0,2020-04-01,ws,1
21077,0,710010676,2022-05-02,2024-07-02,1.0,1260.0,2022-04-01,ws,1
25159,0,710010676,2024-07-02,2025-06-30,1.0,1260.0,2024-06-01,ws,1
437,3,710010677,2010-01-01,2012-05-02,1.0,2680.0,2012-04-01,bsl,0
1634,0,710010677,2012-05-02,2014-05-02,1.0,2680.0,2012-04-01,ws,1
4091,0,710010677,2014-05-02,2016-05-02,1.0,2750.0,2014-04-01,ws,1
6664,0,710010677,2016-05-02,2018-05-02,1.0,2750.0,2016-04-01,ws,1
9282,0,710010677,2018-05-02,2019-11-02,1.0,2750.0,2018-04-01,ws,1
11792,0,710010677,2019-11-02,2020-05-02,1.0,2800.0,2019-10-01,ws,1
14413,0,710010677,2020-05-02,2022-05-02,1.0,2800.0,2020-04-01,ws,1
21078,0,710010677,2022-05-02,2024-07-02,1.0,2800.0,2022-04-01,ws,1
25160,0,710010677,2024-07-02,2025-06-30,1.0,2800.0,2024-06-01,ws,1
438,3,710010678,2010-01-01,2012-05-02,1.0,13500.0,2012-04-01,bsl,0
1635,0,710010678,2012-05-02,2014-05-02,1.0,13500.0,2012-04-01,ws,1
4092,0,710010678,2014-05-02,2016-05-02,1.0,13800.0,2014-04-01,ws,1
6665,0,710010678,2016-05-02,2018-05-02,1.0,13800.0,2016-04-01,ws,1
9283,0,710010678,2018-05-02,2019-11-02,1.0,13800.0,2018-04-01,ws,1
11793,0,710010678,2019-11-02,2020-05-02,1.0,14100.0,2019-10-01,ws,1
14414,0,710010678,2020-05-02,2022-05-02,1.0,14100.0,2020-04-01,ws,1
21079,0,710010678,2022-05-02,2024-07-02,1.0,14100.0,2022-04-01,ws,1
25161,0,710010678,2024-07-02,2025-06-30,1.0,14100.0,2024-06-01,ws,1
439,3,710010679,2010-01-01,2012-05-02,1.0,13400.0,2012-04-01,bsl,0
1636,0,710010679,2012-05-02,2014-05-02,1.0,13400.0,2012-04-01,ws,1
4093,0,710010679,2014-05-02,2016-05-02,1.0,13700.0,2014-04-01,ws,1
6666,0,710010679,2016-05-02,2018-05-02,1.0,13700.0,2016-04-01,ws,1
9284,0,710010679,2018-05-02,2019-11-02,1.0,13700.0,2018-04-01,ws,1
11794,0,710010679,2019-11-02,2020-05-02,1.0,13700.0,2019-10-01,ws,1
14415,0,710010679,2020-05-02,2022-05-02,1.0,13700.0,2020-04-01,ws,1
21080,0,710010679,2022-05-02,2024-07-02,1.0,13700.0,2022-04-01,ws,1
25162,0,710010679,2024-07-02,2025-06-30,1.0,13700.0,2024-06-01,ws,1
440,3,710010680,2010-01-01,2012-05-02,1.0,27500.0,2012-04-01,bsl,0
1637,0,710010680,2012-05-02,2014-05-02,1.0,27500.0,2012-04-01,ws,1
4094,0,710010680,2014-05-02,2016-05-02,1.0,28200.0,2014-04-01,ws,1
6667,0,710010680,2016-05-02,2018-05-02,1.0,26900.0,2016-04-01,ws,1
9285,0,710010680,2018-05-02,2019-11-02,1.0,26900.0,2018-04-01,ws,1
11795,0,710010680,2019-11-02,2020-05-02,1.0,27400.0,2019-10-01,ws,1
14416,0,710010680,2020-05-02,2022-05-02,1.0,27400.0,2020-04-01,ws,1
21081,0,710010680,2022-05-02,2024-07-02,1.0,26100.0,2022-04-01,ws,1
25163,0,710010680,2024-07-02,2025-06-30,1.0,26100.0,2024-06-01,ws,1
441,3,710010681,2010-01-01,2012-05-02,1.0,18100.0,2012-04-01,bsl,0
1638,0,710010681,2012-05-02,2014-05-02,1.0,18100.0,2012-04-01,ws,1
4095,0,710010681,2014-05-02,2016-05-02,1.0,18600.0,2014-04-01,ws,1
6668,0,710010681,2016-05-02,2018-05-02,1.0,18600.0,2016-04-01,ws,1
9286,0,710010681,2018-05-02,2019-11-02,1.0,18600.0,2018-04-01,ws,1
11796,0,710010681,2019-11-02,2020-05-02,1.0,16200.0,2019-10-01,ws,1
14417,0,710010681,2020-05-02,2022-05-02,1.0,16200.0,2020-04-01,ws,1
21082,0,710010681,2022-05-02,2024-07-02,1.0,16200.0,2022-04-01,ws,1
25164,0,710010681,2024-07-02,2025-06-30,1.0,16200.0,2024-06-01,ws,1
442,3,710010682,2010-01-01,2012-05-02,1.0,11400.0,2012-04-01,bsl,0
1639,0,710010682,2012-05-02,2014-05-02,1.0,11400.0,2012-04-01,ws,1
4096,0,710010682,2014-05-02,2016-05-02,1.0,11700.0,2014-04-01,ws,1
6669,0,710010682,2016-05-02,2018-05-02,1.0,11700.0,2016-04-01,ws,1
9287,0,710010682,2018-05-02,2019-11-02,1.0,8460.0,2018-04-01,ws,1
11797,0,710010682,2019-11-02,2020-05-02,1.0,8500.0,2019-10-01,ws,1
14418,0,710010682,2020-05-02,2022-05-02,1.0,4360.0,2020-04-01,ws,1
21083,0,710010682,2022-05-02,2024-07-02,1.0,3580.0,2022-04-01,ws,1
25165,0,710010682,2024-07-02,2025-06-30,1.0,3420.0,2024-06-01,ws,1
443,3,710010683,2010-01-01,2012-05-02,1.0,13200.0,2012-04-01,bsl,0
1640,0,710010683,2012-05-02,2014-05-02,1.0,13200.0,2012-04-01,ws,1
4097,0,710010683,2014-05-02,2016-05-02,1.0,13500.0,2014-04-01,ws,1
6670,0,710010683,2016-05-02,2018-05-02,1.0,13500.0,2016-04-01,ws,1
9288,0,710010683,2018-05-02,2019-11-02,1.0,13500.0,2018-04-01,ws,1
11798,0,710010683,2019-11-02,2020-05-02,1.0,13800.0,2019-10-01,ws,1
14419,0,710010683,2020-05-02,2022-05-02,1.0,13800.0,2020-04-01,ws,1
21084,0,710010683,2022-05-02,2024-07-02,1.0,13800.0,2022-04-01,ws,1
25166,0,710010683,2024-07-02,2025-06-30,1.0,13800.0,2024-06-01,ws,1
444,3,710010684,2010-01-01,2012-05-02,1.0,3250.0,2012-04-01,bsl,0
1641,0,710010684,2012-05-02,2014-05-02,1.0,3250.0,2012-04-01,ws,1
4098,0,710010684,2014-05-02,2016-05-02,1.0,3340.0,2014-04-01,ws,1
6671,0,710010684,2016-05-02,2018-05-02,1.0,3340.0,2016-04-01,ws,1
9289,0,710010684,2018-05-02,2019-11-02,1.0,3340.0,2018-04-01,ws,1
11799,0,710010684,2019-11-02,2020-05-02,1.0,3400.0,2019-10-01,ws,1
14420,0,710010684,2020-05-02,2022-05-02,1.0,3400.0,2020-04-01,ws,1
21085,0,710010684,2022-05-02,2024-07-02,1.0,3400.0,2022-04-01,ws,1
25167,0,710010684,2024-07-02,2025-06-30,1.0,3400.0,2024-06-01,ws,1
445,3,710010685,2010-01-01,2012-05-02,1.0,7890.0,2012-04-01,bsl,0
1642,0,710010685,2012-05-02,2014-05-02,1.0,7890.0,2012-04-01,ws,1
4099,0,710010685,2014-05-02,2016-05-02,1.0,8110.0,2014-04-01,ws,1
6672,0,710010685,2016-05-02,2018-05-02,1.0,8110.0,2016-04-01,ws,1
9290,0,710010685,2018-05-02,2019-11-02,1.0,8110.0,2018-04-01,ws,1
11800,0,710010685,2019-11-02,2020-05-02,1.0,8260.0,2019-10-01,ws,1
14421,0,710010685,2020-05-02,2022-05-02,1.0,8260.0,2020-04-01,ws,1
21086,0,710010685,2022-05-02,2024-07-02,1.0,7530.0,2022-04-01,ws,1
25168,0,710010685,2024-07-02,2025-06-30,1.0,7090.0,2024-06-01,ws,1
1023,3,710010686,2010-01-01,2012-08-02,1.0,189000.0,2012-07-01,bsl,0
1643,0,710010686,2012-08-02,2014-05-02,1.0,189000.0,2012-07-01,ws,1
4100,0,710010686,2014-05-02,2016-05-02,1.0,184000.0,2014-04-01,ws,1
6673,0,710010686,2016-05-02,2018-05-02,1.0,141000.0,2016-04-01,ws,1
7939,9,710010686,2018-05-02,2025-06-30,,0.0,2018-04-01,aes,2
1024,3,710010687,2010-01-01,2012-08-02,1.0,2070000.0,2012-07-01,bsl,0
1644,0,710010687,2012-08-02,2014-05-02,1.0,2070000.0,2012-07-01,ws,1
2951,5,710010687,2014-05-02,2016-02-02,1.0,2090000.0,2014-04-01,ws,1
4101,5,710010687,2016-02-02,2016-05-02,1.0,2090000.0,2016-01-01,ws,1
6674,0,710010687,2016-05-02,2018-05-02,1.0,2090000.0,2016-04-01,ws,1
9291,0,710010687,2018-05-02,2019-11-02,1.0,2090000.0,2018-04-01,ws,1
11801,0,710010687,2019-11-02,2020-05-02,1.0,2130000.0,2019-10-01,ws,1
14422,0,710010687,2020-05-02,2022-05-02,1.0,2130000.0,2020-04-01,ws,1
21087,0,710010687,2022-05-02,2024-07-02,1.0,2130000.0,2022-04-01,ws,1
25169,0,710010687,2024-07-02,2025-06-30,1.0,2120000.0,2024-06-01,ws,1
1025,3,710010688,2010-01-01,2012-08-02,1.0,138000.0,2012-07-01,bsl,0
1645,0,710010688,2012-08-02,2014-05-02,1.0,138000.0,2012-07-01,ws,1
4102,0,710010688,2014-05-02,2016-05-02,1.0,139000.0,2014-04-01,ws,1
6675,0,710010688,2016-05-02,2018-05-02,1.0,139000.0,2016-04-01,ws,1
9292,0,710010688,2018-05-02,2019-11-02,1.0,136000.0,2018-04-01,ws,1
11802,0,710010688,2019-11-02,2020-05-02,1.0,135000.0,2019-10-01,ws,1
14423,0,710010688,2020-05-02,2022-05-02,1.0,135000.0,2020-04-01,ws,1
21088,0,710010688,2022-05-02,2024-07-02,1.0,133000.0,2022-04-01,ws,1
25170,0,710010688,2024-07-02,2025-06-30,1.0,130000.0,2024-06-01,ws,1
1026,3,710010689,2010-01-01,2012-08-02,1.0,224000.0,2012-07-01,bsl,0
1646,0,710010689,2012-08-02,2014-05-02,1.0,224000.0,2012-07-01,ws,1
4103,0,710010689,2014-05-02,2016-05-02,1.0,229000.0,2014-04-01,ws,1
6676,0,710010689,2016-05-02,2018-05-02,1.0,229000.0,2016-04-01,ws,1
9293,0,710010689,2018-05-02,2019-11-02,1.0,229000.0,2018-04-01,ws,1
11803,0,710010689,2019-11-02,2020-05-02,1.0,233000.0,2019-10-01,ws,1
14424,0,710010689,2020-05-02,2022-05-02,1.0,233000.0,2020-04-01,ws,1
21089,0,710010689,2022-05-02,2024-07-02,1.0,233000.0,2022-04-01,ws,1
25171,0,710010689,2024-07-02,2025-06-30,1.0,233000.0,2024-06-01,ws,1
1027,3,710010690,2010-01-01,2012-08-02,1.0,4290000.0,2012-07-01,bsl,0
1027,3,710010690,2012-08-02,2014-02-02,1.0,4290000.0,2012-07-01,ws,1
1647,5,710010690,2014-02-02,2014-05-02,1.0,4290000.0,2014-01-01,ws,1
4104,0,710010690,2014-05-02,2016-05-02,1.0,4280000.0,2014-04-01,ws,1
6677,0,710010690,2016-05-02,2018-05-02,1.0,4140000.0,2016-04-01,ws,1
9294,0,710010690,2018-05-02,2019-11-02,1.0,4140000.0,2018-04-01,ws,1
11804,0,710010690,2019-11-02,2020-05-02,1.0,3990000.0,2019-10-01,ws,1
14425,0,710010690,2020-05-02,2022-05-02,1.0,3990000.0,2020-04-01,ws,1
21090,0,710010690,2022-05-02,2024-07-02,1.0,3260000.0,2022-04-01,ws,1
25172,0,710010690,2024-07-02,2025-06-30,1.0,3260000.0,2024-06-01,ws,1
1028,3,710010691,2010-01-01,2012-08-02,1.0,23500.0,2012-07-01,bsl,0
1648,0,710010691,2012-08-02,2014-05-02,1.0,23500.0,2012-07-01,ws,1
4105,0,710010691,2014-05-02,2016-05-02,1.0,24100.0,2014-04-01,ws,1
6678,0,710010691,2016-05-02,2018-05-02,1.0,24100.0,2016-04-01,ws,1
9295,0,710010691,2018-05-02,2019-11-02,1.0,24100.0,2018-04-01,ws,1
11805,0,710010691,2019-11-02,2020-05-02,1.0,24500.0,2019-10-01,ws,1
14426,0,710010691,2020-05-02,2022-05-02,1.0,24500.0,2020-04-01,ws,1
21091,0,710010691,2022-05-02,2024-07-02,1.0,22700.0,2022-04-01,ws,1
25173,0,710010691,2024-07-02,2025-06-30,1.0,22700.0,2024-06-01,ws,1
1036,3,710010692,2010-01-01,2012-11-02,1.0,1050000.0,2012-10-01,bsl,0
1649,0,710010692,2012-11-02,2014-05-02,1.0,1050000.0,2012-10-01,ws,1
4106,0,710010692,2014-05-02,2016-05-02,1.0,1040000.0,2014-04-01,ws,1
6679,0,710010692,2016-05-02,2018-05-02,1.0,986000.0,2016-04-01,ws,1
7945,9,710010692,2018-05-02,2025-06-30,,0.0,2018-04-01,aes,2
1037,3,710010693,2010-01-01,2012-11-02,1.0,1080000.0,2012-10-01,bsl,0
1650,0,710010693,2012-11-02,2014-05-02,1.0,1080000.0,2012-10-01,ws,1
2957,5,710010693,2014-05-02,2014-11-02,1.0,1070000.0,2014-04-01,ws,1
2332,9,710010693,2014-11-02,2025-06-30,,1070000.0,2014-10-01,aes,2
1038,3,710010694,2010-01-01,2012-11-02,1.0,378000.0,2012-10-01,bsl,0
1651,0,710010694,2012-11-02,2014-05-02,1.0,378000.0,2012-10-01,ws,1
4107,0,710010694,2014-05-02,2016-05-02,1.0,388000.0,2014-04-01,ws,1
6680,0,710010694,2016-05-02,2018-05-02,1.0,388000.0,2016-04-01,ws,1
9296,0,710010694,2018-05-02,2019-11-02,1.0,388000.0,2018-04-01,ws,1
11806,0,710010694,2019-11-02,2020-05-02,1.0,395000.0,2019-10-01,ws,1
14427,0,710010694,2020-05-02,2022-05-02,1.0,395000.0,2020-04-01,ws,1
21092,0,710010694,2022-05-02,2024-07-02,1.0,395000.0,2022-04-01,ws,1
25174,0,710010694,2024-07-02,2025-06-30,1.0,395000.0,2024-06-01,ws,1
1039,3,710010695,2010-01-01,2012-11-02,1.0,382000.0,2012-10-01,bsl,0
1652,0,710010695,2012-11-02,2014-05-02,1.0,382000.0,2012-10-01,ws,1
2959,5,710010695,2014-05-02,2014-11-02,1.0,392000.0,2014-04-01,ws,1
2333,9,710010695,2014-11-02,2025-06-30,,392000.0,2014-10-01,aes,2
1040,3,710010696,2010-01-01,2012-11-02,1.0,229000.0,2012-10-01,bsl,0
1653,0,710010696,2012-11-02,2014-05-02,1.0,229000.0,2012-10-01,ws,1
4108,0,710010696,2014-05-02,2016-05-02,1.0,227000.0,2014-04-01,ws,1
6681,0,710010696,2016-05-02,2018-05-02,1.0,226000.0,2016-04-01,ws,1
9297,0,710010696,2018-05-02,2019-11-02,1.0,224000.0,2018-04-01,ws,1
11807,0,710010696,2019-11-02,2020-05-02,1.0,218000.0,2019-10-01,ws,1
14428,0,710010696,2020-05-02,2022-05-02,1.0,218000.0,2020-04-01,ws,1
21093,0,710010696,2022-05-02,2024-07-02,1.0,214000.0,2022-04-01,ws,1
25175,0,710010696,2024-07-02,2025-06-30,1.0,214000.0,2024-06-01,ws,1
1052,3,710010697,2010-01-01,2013-02-02,1.0,59400.0,2013-01-01,bsl,0
1654,0,710010697,2013-02-02,2014-05-02,1.0,59400.0,2013-01-01,ws,1
4109,0,710010697,2014-05-02,2016-05-02,1.0,56800.0,2014-04-01,ws,1
5405,9,710010697,2016-05-02,2025-06-30,,0.0,2016-04-01,aes,2
1053,3,710010698,2010-01-01,2013-02-02,1.0,146000.0,2013-01-01,bsl,0
1655,0,710010698,2013-02-02,2014-05-02,1.0,146000.0,2013-01-01,ws,1
4110,0,710010698,2014-05-02,2016-05-02,1.0,141000.0,2014-04-01,ws,1
6682,0,710010698,2016-05-02,2018-05-02,1.0,141000.0,2016-04-01,ws,1
9298,0,710010698,2018-05-02,2019-11-02,1.0,141000.0,2018-04-01,ws,1
11808,0,710010698,2019-11-02,2020-05-02,1.0,144000.0,2019-10-01,ws,1
14429,0,710010698,2020-05-02,2022-05-02,1.0,144000.0,2020-04-01,ws,1
21094,0,710010698,2022-05-02,2024-07-02,1.0,144000.0,2022-04-01,ws,1
25176,0,710010698,2024-07-02,2025-06-30,1.0,144000.0,2024-06-01,ws,1
1054,3,710010699,2010-01-01,2013-02-02,1.0,574000.0,2013-01-01,bsl,0
1656,0,710010699,2013-02-02,2014-05-02,1.0,574000.0,2013-01-01,ws,1
4111,0,710010699,2014-05-02,2016-05-02,1.0,570000.0,2014-04-01,ws,1
6683,0,710010699,2016-05-02,2018-05-02,1.0,310000.0,2016-04-01,ws,1
9299,0,710010699,2018-05-02,2019-11-02,1.0,310000.0,2018-04-01,ws,1
11809,0,710010699,2019-11-02,2020-05-02,1.0,316000.0,2019-10-01,ws,1
14430,0,710010699,2020-05-02,2022-05-02,1.0,316000.0,2020-04-01,ws,1
21095,0,710010699,2022-05-02,2024-07-02,1.0,316000.0,2022-04-01,ws,1
25177,0,710010699,2024-07-02,2025-06-30,1.0,316000.0,2024-06-01,ws,1
1055,3,710010700,2010-01-01,2013-02-02,1.0,14900.0,2013-01-01,bsl,0
1657,0,710010700,2013-02-02,2014-05-02,1.0,14900.0,2013-01-01,ws,1
4112,0,710010700,2014-05-02,2016-05-02,1.0,15300.0,2014-04-01,ws,1
6684,0,710010700,2016-05-02,2018-05-02,1.0,15100.0,2016-04-01,ws,1
9300,0,710010700,2018-05-02,2019-11-02,1.0,14700.0,2018-04-01,ws,1
11810,0,710010700,2019-11-02,2020-05-02,1.0,14800.0,2019-10-01,ws,1
14431,0,710010700,2020-05-02,2022-05-02,1.0,14800.0,2020-04-01,ws,1
21096,0,710010700,2022-05-02,2024-07-02,1.0,14800.0,2022-04-01,ws,1
25178,0,710010700,2024-07-02,2025-06-30,1.0,14800.0,2024-06-01,ws,1
1056,3,710010701,2010-01-01,2013-02-02,1.0,38200.0,2013-01-01,bsl,0
1056,3,710010701,2013-02-02,2014-02-02,1.0,38200.0,2013-01-01,ws,1
1658,5,710010701,2014-02-02,2014-05-02,1.0,38200.0,2014-01-01,ws,1
4113,0,710010701,2014-05-02,2016-05-02,1.0,39200.0,2014-04-01,ws,1
6685,0,710010701,2016-05-02,2018-05-02,1.0,39200.0,2016-04-01,ws,1
9301,0,710010701,2018-05-02,2019-11-02,1.0,39200.0,2018-04-01,ws,1
11811,0,710010701,2019-11-02,2020-05-02,1.0,39500.0,2019-10-01,ws,1
14432,0,710010701,2020-05-02,2022-05-02,1.0,39500.0,2020-04-01,ws,1
21097,0,710010701,2022-05-02,2024-07-02,1.0,39500.0,2022-04-01,ws,1
25179,0,710010701,2024-07-02,2025-06-30,1.0,39500.0,2024-06-01,ws,1
1057,3,710010702,2010-01-01,2013-02-02,1.0,187000.0,2013-01-01,bsl,0
1659,0,710010702,2013-02-02,2014-05-02,1.0,187000.0,2013-01-01,ws,1
4114,0,710010702,2014-05-02,2016-05-02,1.0,192000.0,2014-04-01,ws,1
6686,0,710010702,2016-05-02,2018-05-02,1.0,192000.0,2016-04-01,ws,1
9302,0,710010702,2018-05-02,2019-11-02,1.0,192000.0,2018-04-01,ws,1
11812,0,710010702,2019-11-02,2020-05-02,1.0,160000.0,2019-10-01,ws,1
14433,0,710010702,2020-05-02,2022-05-02,1.0,160000.0,2020-04-01,ws,1
21098,0,710010702,2022-05-02,2024-07-02,1.0,160000.0,2022-04-01,ws,1
25180,0,710010702,2024-07-02,2025-06-30,1.0,160000.0,2024-06-01,ws,1
1058,3,710010703,2010-01-01,2013-02-02,1.0,6370.0,2013-01-01,bsl,0
1660,0,710010703,2013-02-02,2014-05-02,1.0,6370.0,2013-01-01,ws,1
4115,0,710010703,2014-05-02,2016-05-02,1.0,6550.0,2014-04-01,ws,1
6687,0,710010703,2016-05-02,2018-05-02,1.0,6380.0,2016-04-01,ws,1
9303,0,710010703,2018-05-02,2019-11-02,1.0,6310.0,2018-04-01,ws,1
11813,0,710010703,2019-11-02,2020-05-02,1.0,6390.0,2019-10-01,ws,1
14434,0,710010703,2020-05-02,2022-05-02,1.0,6390.0,2020-04-01,ws,1
21099,0,710010703,2022-05-02,2024-07-02,1.0,6390.0,2022-04-01,ws,1
25181,0,710010703,2024-07-02,2025-06-30,1.0,6340.0,2024-06-01,ws,1
1059,3,710010704,2010-01-01,2013-02-02,1.0,396000.0,2013-01-01,bsl,0
1661,0,710010704,2013-02-02,2014-05-02,1.0,396000.0,2013-01-01,ws,1
4116,0,710010704,2014-05-02,2016-05-02,1.0,407000.0,2014-04-01,ws,1
6688,0,710010704,2016-05-02,2018-05-02,1.0,407000.0,2016-04-01,ws,1
9304,0,710010704,2018-05-02,2019-11-02,1.0,407000.0,2018-04-01,ws,1
11814,0,710010704,2019-11-02,2020-05-02,1.0,415000.0,2019-10-01,ws,1
14435,0,710010704,2020-05-02,2022-05-02,1.0,415000.0,2020-04-01,ws,1
21100,0,710010704,2022-05-02,2024-07-02,1.0,415000.0,2022-04-01,ws,1
25182,0,710010704,2024-07-02,2025-06-30,1.0,415000.0,2024-06-01,ws,1
1060,3,710010705,2010-01-01,2013-02-02,1.0,122000.0,2013-01-01,bsl,0
1662,0,710010705,2013-02-02,2014-05-02,1.0,122000.0,2013-01-01,ws,1
4117,0,710010705,2014-05-02,2016-05-02,1.0,125000.0,2014-04-01,ws,1
6689,0,710010705,2016-05-02,2018-05-02,1.0,125000.0,2016-04-01,ws,1
9305,0,710010705,2018-05-02,2019-11-02,1.0,125000.0,2018-04-01,ws,1
11815,0,710010705,2019-11-02,2020-05-02,1.0,127000.0,2019-10-01,ws,1
14436,0,710010705,2020-05-02,2022-05-02,1.0,127000.0,2020-04-01,ws,1
21101,0,710010705,2022-05-02,2024-07-02,1.0,127000.0,2022-04-01,ws,1
25183,0,710010705,2024-07-02,2025-06-30,1.0,127000.0,2024-06-01,ws,1
1061,3,710010706,2010-01-01,2013-02-02,1.0,63200.0,2013-01-01,bsl,0
1663,0,710010706,2013-02-02,2014-05-02,1.0,63200.0,2013-01-01,ws,1
4118,0,710010706,2014-05-02,2016-05-02,1.0,65000.0,2014-04-01,ws,1
6690,0,710010706,2016-05-02,2018-05-02,1.0,65000.0,2016-04-01,ws,1
9306,0,710010706,2018-05-02,2019-11-02,1.0,65000.0,2018-04-01,ws,1
11816,0,710010706,2019-11-02,2020-05-02,1.0,66200.0,2019-10-01,ws,1
14437,0,710010706,2020-05-02,2022-05-02,1.0,66200.0,2020-04-01,ws,1
21102,0,710010706,2022-05-02,2024-07-02,1.0,66200.0,2022-04-01,ws,1
25184,0,710010706,2024-07-02,2025-06-30,1.0,66200.0,2024-06-01,ws,1
1062,3,710010707,2010-01-01,2013-02-02,1.0,67400.0,2013-01-01,bsl,0
1664,0,710010707,2013-02-02,2014-05-02,1.0,67400.0,2013-01-01,ws,1
4119,0,710010707,2014-05-02,2016-05-02,1.0,69300.0,2014-04-01,ws,1
6691,0,710010707,2016-05-02,2018-05-02,1.0,69300.0,2016-04-01,ws,1
9307,0,710010707,2018-05-02,2019-11-02,1.0,69300.0,2018-04-01,ws,1
11817,0,710010707,2019-11-02,2020-05-02,1.0,70600.0,2019-10-01,ws,1
14438,0,710010707,2020-05-02,2022-05-02,1.0,70600.0,2020-04-01,ws,1
21103,0,710010707,2022-05-02,2024-07-02,1.0,70600.0,2022-04-01,ws,1
25185,0,710010707,2024-07-02,2025-06-30,1.0,70600.0,2024-06-01,ws,1
1063,3,710010708,2010-01-01,2013-02-02,1.0,48300.0,2013-01-01,bsl,0
1665,0,710010708,2013-02-02,2014-05-02,1.0,48300.0,2013-01-01,ws,1
4120,0,710010708,2014-05-02,2016-05-02,1.0,44000.0,2014-04-01,ws,1
6692,0,710010708,2016-05-02,2018-05-02,1.0,40800.0,2016-04-01,ws,1
9308,0,710010708,2018-05-02,2019-11-02,1.0,38700.0,2018-04-01,ws,1
11818,0,710010708,2019-11-02,2020-05-02,1.0,38700.0,2019-10-01,ws,1
14439,0,710010708,2020-05-02,2022-05-02,1.0,38700.0,2020-04-01,ws,1
21104,0,710010708,2022-05-02,2024-07-02,1.0,38700.0,2022-04-01,ws,1
25186,0,710010708,2024-07-02,2025-06-30,1.0,38700.0,2024-06-01,ws,1
1064,3,710010709,2010-01-01,2013-02-02,1.0,14900.0,2013-01-01,bsl,0
1666,0,710010709,2013-02-02,2014-05-02,1.0,14900.0,2013-01-01,ws,1
4121,0,710010709,2014-05-02,2016-05-02,1.0,15300.0,2014-04-01,ws,1
6693,0,710010709,2016-05-02,2018-05-02,1.0,15100.0,2016-04-01,ws,1
9309,0,710010709,2018-05-02,2019-11-02,1.0,14700.0,2018-04-01,ws,1
11819,0,710010709,2019-11-02,2020-05-02,1.0,14800.0,2019-10-01,ws,1
14440,0,710010709,2020-05-02,2022-05-02,1.0,14800.0,2020-04-01,ws,1
21105,0,710010709,2022-05-02,2024-07-02,1.0,14800.0,2022-04-01,ws,1
25187,0,710010709,2024-07-02,2025-06-30,1.0,14800.0,2024-06-01,ws,1
1121,3,710010710,2010-01-01,2013-05-02,1.0,153000.0,2013-04-01,bsl,0
1667,0,710010710,2013-05-02,2014-05-02,1.0,153000.0,2013-04-01,ws,1
4122,0,710010710,2014-05-02,2016-05-02,1.0,151000.0,2014-04-01,ws,1
6694,0,710010710,2016-05-02,2018-05-02,1.0,143000.0,2016-04-01,ws,1
9310,0,710010710,2018-05-02,2019-11-02,1.0,143000.0,2018-04-01,ws,1
11820,0,710010710,2019-11-02,2020-05-02,1.0,146000.0,2019-10-01,ws,1
14441,0,710010710,2020-05-02,2022-05-02,1.0,146000.0,2020-04-01,ws,1
21106,0,710010710,2022-05-02,2024-07-02,1.0,146000.0,2022-04-01,ws,1
25188,0,710010710,2024-07-02,2025-06-30,1.0,146000.0,2024-06-01,ws,1
1122,3,710010711,2010-01-01,2013-05-02,1.0,60300.0,2013-04-01,bsl,0
1668,0,710010711,2013-05-02,2014-05-02,1.0,60300.0,2013-04-01,ws,1
2975,9,710010711,2014-05-02,2025-06-30,,0.0,2014-04-01,aes,2
1123,3,710010712,2010-01-01,2013-05-02,1.0,79200.0,2013-04-01,bsl,0
1669,0,710010712,2013-05-02,2014-05-02,1.0,79200.0,2013-04-01,ws,1
4123,0,710010712,2014-05-02,2016-05-02,1.0,77200.0,2014-04-01,ws,1
6695,0,710010712,2016-05-02,2018-05-02,1.0,75800.0,2016-04-01,ws,1
9311,0,710010712,2018-05-02,2019-11-02,1.0,75800.0,2018-04-01,ws,1
11821,0,710010712,2019-11-02,2020-05-02,1.0,77200.0,2019-10-01,ws,1
14442,0,710010712,2020-05-02,2022-05-02,1.0,77200.0,2020-04-01,ws,1
21107,0,710010712,2022-05-02,2024-07-02,1.0,77200.0,2022-04-01,ws,1
25189,0,710010712,2024-07-02,2025-06-30,1.0,77200.0,2024-06-01,ws,1
1124,3,710010713,2010-01-01,2013-05-02,1.0,6920.0,2013-04-01,bsl,0
1670,0,710010713,2013-05-02,2014-05-02,1.0,6920.0,2013-04-01,ws,1
4124,0,710010713,2014-05-02,2016-05-02,1.0,7020.0,2014-04-01,ws,1
6696,0,710010713,2016-05-02,2018-05-02,1.0,6890.0,2016-04-01,ws,1
9312,0,710010713,2018-05-02,2019-11-02,1.0,6890.0,2018-04-01,ws,1
11822,0,710010713,2019-11-02,2020-05-02,1.0,7020.0,2019-10-01,ws,1
14443,0,710010713,2020-05-02,2022-05-02,1.0,7020.0,2020-04-01,ws,1
21108,0,710010713,2022-05-02,2024-07-02,1.0,7020.0,2022-04-01,ws,1
25190,0,710010713,2024-07-02,2025-06-30,1.0,6970.0,2024-06-01,ws,1
1125,3,710010714,2010-01-01,2013-05-02,1.0,1570000.0,2013-04-01,bsl,0
1671,0,710010714,2013-05-02,2014-05-02,1.0,1570000.0,2013-04-01,ws,1
4125,0,710010714,2014-05-02,2016-05-02,1.0,1610000.0,2014-04-01,ws,1
6697,0,710010714,2016-05-02,2018-05-02,1.0,1520000.0,2016-04-01,ws,1
9313,0,710010714,2018-05-02,2019-11-02,1.0,1350000.0,2018-04-01,ws,1
11823,0,710010714,2019-11-02,2020-05-02,1.0,1320000.0,2019-10-01,ws,1
14444,0,710010714,2020-05-02,2022-05-02,1.0,1300000.0,2020-04-01,ws,1
21109,0,710010714,2022-05-02,2024-07-02,1.0,1290000.0,2022-04-01,ws,1
25191,0,710010714,2024-07-02,2025-06-30,1.0,1260000.0,2024-06-01,ws,1
1126,3,710010715,2010-01-01,2013-05-02,4.0,18100000.0,2013-04-01,bsl,0
1672,0,710010715,2013-05-02,2014-05-02,4.0,18100000.0,2013-04-01,ws,1
4126,0,710010715,2014-05-02,2016-05-02,4.0,18600000.0,2014-04-01,ws,1
6698,0,710010715,2016-05-02,2018-05-02,4.0,18600000.0,2016-04-01,ws,1
9314,0,710010715,2018-05-02,2019-11-02,4.0,18600000.0,2018-04-01,ws,1
11824,0,710010715,2019-11-02,2020-05-02,4.0,18900000.0,2019-10-01,ws,1
14445,0,710010715,2020-05-02,2022-05-02,1.0,18900000.0,2020-04-01,ws,1
21110,0,710010715,2022-05-02,2024-07-02,1.0,18900000.0,2022-04-01,ws,1
25192,0,710010715,2024-07-02,2025-06-30,1.0,18900000.0,2024-06-01,ws,1
1127,3,710010716,2010-01-01,2013-05-02,1.0,172000.0,2013-04-01,bsl,0
1673,0,710010716,2013-05-02,2014-05-02,1.0,172000.0,2013-04-01,ws,1
4127,0,710010716,2014-05-02,2016-05-02,1.0,176000.0,2014-04-01,ws,1
6699,0,710010716,2016-05-02,2018-05-02,1.0,176000.0,2016-04-01,ws,1
9315,0,710010716,2018-05-02,2019-11-02,1.0,176000.0,2018-04-01,ws,1
11825,0,710010716,2019-11-02,2020-05-02,1.0,179000.0,2019-10-01,ws,1
14446,0,710010716,2020-05-02,2022-05-02,1.0,179000.0,2020-04-01,ws,1
21111,0,710010716,2022-05-02,2024-07-02,1.0,179000.0,2022-04-01,ws,1
25193,0,710010716,2024-07-02,2025-06-30,1.0,179000.0,2024-06-01,ws,1
1128,3,710010717,2010-01-01,2013-05-02,1.0,126000.0,2013-04-01,bsl,0
1674,0,710010717,2013-05-02,2014-05-02,1.0,126000.0,2013-04-01,ws,1
4128,0,710010717,2014-05-02,2016-05-02,1.0,129000.0,2014-04-01,ws,1
6700,0,710010717,2016-05-02,2018-05-02,1.0,129000.0,2016-04-01,ws,1
9316,0,710010717,2018-05-02,2019-11-02,1.0,129000.0,2018-04-01,ws,1
11826,0,710010717,2019-11-02,2020-05-02,1.0,131000.0,2019-10-01,ws,1
14447,0,710010717,2020-05-02,2022-05-02,1.0,131000.0,2020-04-01,ws,1
21112,0,710010717,2022-05-02,2024-07-02,1.0,131000.0,2022-04-01,ws,1
25194,0,710010717,2024-07-02,2025-06-30,1.0,131000.0,2024-06-01,ws,1
1129,3,710010718,2010-01-01,2013-05-02,1.0,2080000.0,2013-04-01,bsl,0
1675,0,710010718,2013-05-02,2014-05-02,1.0,2080000.0,2013-04-01,ws,1
4129,0,710010718,2014-05-02,2016-05-02,1.0,2130000.0,2014-04-01,ws,1
6701,0,710010718,2016-05-02,2018-05-02,1.0,879000.0,2016-04-01,ws,1
9317,0,710010718,2018-05-02,2019-11-02,1.0,879000.0,2018-04-01,ws,1
11827,0,710010718,2019-11-02,2020-05-02,1.0,895000.0,2019-10-01,ws,1
14448,0,710010718,2020-05-02,2022-05-02,1.0,895000.0,2020-04-01,ws,1
21113,0,710010718,2022-05-02,2024-07-02,1.0,895000.0,2022-04-01,ws,1
25195,0,710010718,2024-07-02,2025-06-30,1.0,1000000.0,2024-06-01,ws,1
1130,3,710010719,2010-01-01,2013-05-02,1.0,17900.0,2013-04-01,bsl,0
1676,0,710010719,2013-05-02,2014-05-02,1.0,17900.0,2013-04-01,ws,1
4130,0,710010719,2014-05-02,2016-05-02,1.0,18400.0,2014-04-01,ws,1
6702,0,710010719,2016-05-02,2018-05-02,1.0,18400.0,2016-04-01,ws,1
9318,0,710010719,2018-05-02,2019-11-02,1.0,18400.0,2018-04-01,ws,1
11828,0,710010719,2019-11-02,2020-05-02,1.0,18700.0,2019-10-01,ws,1
14449,0,710010719,2020-05-02,2022-05-02,1.0,18700.0,2020-04-01,ws,1
21114,0,710010719,2022-05-02,2024-07-02,1.0,18700.0,2022-04-01,ws,1
25196,0,710010719,2024-07-02,2025-06-30,1.0,18700.0,2024-06-01,ws,1
1131,3,710010720,2010-01-01,2013-05-02,1.0,51700.0,2013-04-01,bsl,0
1677,0,710010720,2013-05-02,2014-05-02,1.0,51700.0,2013-04-01,ws,1
4131,0,710010720,2014-05-02,2016-05-02,1.0,53100.0,2014-04-01,ws,1
6703,0,710010720,2016-05-02,2018-05-02,1.0,53100.0,2016-04-01,ws,1
9319,0,710010720,2018-05-02,2019-11-02,1.0,53100.0,2018-04-01,ws,1
11829,0,710010720,2019-11-02,2020-05-02,1.0,54100.0,2019-10-01,ws,1
14450,0,710010720,2020-05-02,2022-05-02,1.0,54100.0,2020-04-01,ws,1
19643,0,710010720,2022-05-02,2022-10-02,1.0,54100.0,2022-04-01,ws,1
21115,0,710010720,2022-10-02,2024-07-02,1.0,54100.0,2022-09-01,ws,1
23863,0,710010720,2024-07-02,2025-04-02,1.0,54100.0,2024-06-01,ws,1
25197,0,710010720,2025-04-02,2025-06-30,1.0,54100.0,2025-03-01,ws,1
1134,3,710010721,2010-01-01,2013-08-02,1.0,94200.0,2013-07-01,bsl,0
1678,0,710010721,2013-08-02,2014-05-02,1.0,94200.0,2013-07-01,ws,1
4132,0,710010721,2014-05-02,2016-05-02,1.0,96800.0,2014-04-01,ws,1
6704,0,710010721,2016-05-02,2018-05-02,1.0,94800.0,2016-04-01,ws,1
9320,0,710010721,2018-05-02,2019-11-02,1.0,94700.0,2018-04-01,ws,1
11830,0,710010721,2019-11-02,2020-05-02,1.0,96500.0,2019-10-01,ws,1
14451,0,710010721,2020-05-02,2022-05-02,1.0,96500.0,2020-04-01,ws,1
21116,0,710010721,2022-05-02,2024-07-02,1.0,96500.0,2022-04-01,ws,1
25198,0,710010721,2024-07-02,2025-06-30,1.0,95700.0,2024-06-01,ws,1
1135,3,710010722,2010-01-01,2013-08-02,1.0,22400.0,2013-07-01,bsl,0
1679,0,710010722,2013-08-02,2014-05-02,1.0,22400.0,2013-07-01,ws,1
4133,0,710010722,2014-05-02,2016-05-02,1.0,23000.0,2014-04-01,ws,1
6705,0,710010722,2016-05-02,2018-05-02,1.0,23000.0,2016-04-01,ws,1
9321,0,710010722,2018-05-02,2019-11-02,1.0,23000.0,2018-04-01,ws,1
11831,0,710010722,2019-11-02,2020-05-02,1.0,23400.0,2019-10-01,ws,1
14452,0,710010722,2020-05-02,2022-05-02,1.0,23400.0,2020-04-01,ws,1
21117,0,710010722,2022-05-02,2024-07-02,1.0,23400.0,2022-04-01,ws,1
25199,0,710010722,2024-07-02,2025-06-30,1.0,23400.0,2024-06-01,ws,1
1136,3,710010723,2010-01-01,2013-08-02,1.0,781000.0,2013-07-01,bsl,0
1680,0,710010723,2013-08-02,2014-05-02,1.0,781000.0,2013-07-01,ws,1
4134,0,710010723,2014-05-02,2016-05-02,1.0,803000.0,2014-04-01,ws,1
6706,0,710010723,2016-05-02,2018-05-02,1.0,751000.0,2016-04-01,ws,1
7972,9,710010723,2018-05-02,2025-06-30,,0.0,2018-04-01,aes,2
1137,3,710010724,2010-01-01,2013-08-02,1.0,256000.0,2013-07-01,bsl,0
1681,0,710010724,2013-08-02,2014-05-02,1.0,256000.0,2013-07-01,ws,1
4135,0,710010724,2014-05-02,2016-05-02,1.0,263000.0,2014-04-01,ws,1
6707,0,710010724,2016-05-02,2018-05-02,1.0,263000.0,2016-04-01,ws,1
9322,0,710010724,2018-05-02,2019-11-02,1.0,263000.0,2018-04-01,ws,1
11832,0,710010724,2019-11-02,2020-05-02,1.0,268000.0,2019-10-01,ws,1
14453,0,710010724,2020-05-02,2022-05-02,1.0,268000.0,2020-04-01,ws,1
21118,0,710010724,2022-05-02,2024-07-02,1.0,268000.0,2022-04-01,ws,1
25200,0,710010724,2024-07-02,2025-06-30,1.0,268000.0,2024-06-01,ws,1
1138,3,710010725,2010-01-01,2013-08-02,1.0,19100.0,2013-07-01,bsl,0
1682,0,710010725,2013-08-02,2014-05-02,1.0,19100.0,2013-07-01,ws,1
4136,0,710010725,2014-05-02,2016-05-02,1.0,19600.0,2014-04-01,ws,1
6708,0,710010725,2016-05-02,2018-05-02,1.0,19400.0,2016-04-01,ws,1
9323,0,710010725,2018-05-02,2019-11-02,1.0,18900.0,2018-04-01,ws,1
11833,0,710010725,2019-11-02,2020-05-02,1.0,18900.0,2019-10-01,ws,1
14454,0,710010725,2020-05-02,2022-05-02,1.0,18700.0,2020-04-01,ws,1
21119,0,710010725,2022-05-02,2024-07-02,1.0,18400.0,2022-04-01,ws,1
25201,0,710010725,2024-07-02,2025-06-30,1.0,18100.0,2024-06-01,ws,1
1139,3,710010726,2010-01-01,2013-08-02,1.0,32100.0,2013-07-01,bsl,0
1683,0,710010726,2013-08-02,2014-05-02,1.0,32100.0,2013-07-01,ws,1
4137,0,710010726,2014-05-02,2016-05-02,1.0,33000.0,2014-04-01,ws,1
6709,0,710010726,2016-05-02,2018-05-02,1.0,33000.0,2016-04-01,ws,1
9324,0,710010726,2018-05-02,2019-11-02,1.0,64800.0,2018-04-01,ws,1
11834,0,710010726,2019-11-02,2020-05-02,1.0,66000.0,2019-10-01,ws,1
14455,0,710010726,2020-05-02,2022-05-02,1.0,66000.0,2020-04-01,ws,1
21120,0,710010726,2022-05-02,2024-07-02,1.0,66000.0,2022-04-01,ws,1
25202,0,710010726,2024-07-02,2025-06-30,1.0,98800.0,2024-06-01,ws,1
1140,3,710010727,2010-01-01,2013-08-02,1.0,1850000.0,2013-07-01,bsl,0
1684,0,710010727,2013-08-02,2014-05-02,1.0,1850000.0,2013-07-01,ws,1
4138,0,710010727,2014-05-02,2016-05-02,1.0,1900000.0,2014-04-01,ws,1
6710,0,710010727,2016-05-02,2018-05-02,1.0,1900000.0,2016-04-01,ws,1
9325,0,710010727,2018-05-02,2019-11-02,1.0,2020000.0,2018-04-01,ws,1
11835,0,710010727,2019-11-02,2020-05-02,1.0,2060000.0,2019-10-01,ws,1
14456,0,710010727,2020-05-02,2022-05-02,1.0,2060000.0,2020-04-01,ws,1
21121,0,710010727,2022-05-02,2024-07-02,1.0,2060000.0,2022-04-01,ws,1
25203,0,710010727,2024-07-02,2025-06-30,1.0,2060000.0,2024-06-01,ws,1
1141,3,710010728,2010-01-01,2013-08-02,1.0,1970000.0,2013-07-01,bsl,0
1685,0,710010728,2013-08-02,2014-05-02,1.0,1970000.0,2013-07-01,ws,1
2992,5,710010728,2014-05-02,2015-08-02,1.0,2020000.0,2014-04-01,ws,1
2437,9,710010728,2015-08-02,2025-06-30,,2020000.0,2015-07-01,aes,2
1142,3,710010729,2010-01-01,2013-08-02,1.0,388000.0,2013-07-01,bsl,0
1686,0,710010729,2013-08-02,2014-05-02,1.0,388000.0,2013-07-01,ws,1
4139,0,710010729,2014-05-02,2016-05-02,1.0,399000.0,2014-04-01,ws,1
6711,0,710010729,2016-05-02,2018-05-02,1.0,399000.0,2016-04-01,ws,1
9326,0,710010729,2018-05-02,2019-11-02,1.0,399000.0,2018-04-01,ws,1
11836,0,710010729,2019-11-02,2020-05-02,1.0,406000.0,2019-10-01,ws,1
14457,0,710010729,2020-05-02,2022-05-02,1.0,406000.0,2020-04-01,ws,1
21122,0,710010729,2022-05-02,2024-07-02,1.0,406000.0,2022-04-01,ws,1
25204,0,710010729,2024-07-02,2025-06-30,1.0,406000.0,2024-06-01,ws,1
1143,3,710010730,2010-01-01,2013-08-02,1.0,7400.0,2013-07-01,bsl,0
1687,0,710010730,2013-08-02,2014-05-02,1.0,7400.0,2013-07-01,ws,1
4140,0,710010730,2014-05-02,2016-05-02,1.0,7610.0,2014-04-01,ws,1
6712,0,710010730,2016-05-02,2018-05-02,1.0,7610.0,2016-04-01,ws,1
9327,0,710010730,2018-05-02,2019-11-02,1.0,19700.0,2018-04-01,ws,1
11837,0,710010730,2019-11-02,2020-05-02,1.0,20100.0,2019-10-01,ws,1
14458,0,710010730,2020-05-02,2022-05-02,1.0,20100.0,2020-04-01,ws,1
21123,0,710010730,2022-05-02,2024-07-02,1.0,20100.0,2022-04-01,ws,1
25205,0,710010730,2024-07-02,2025-06-30,1.0,20100.0,2024-06-01,ws,1
1144,3,710010731,2010-01-01,2013-08-02,1.0,21000.0,2013-07-01,bsl,0
1688,0,710010731,2013-08-02,2014-05-02,1.0,21000.0,2013-07-01,ws,1
4141,0,710010731,2014-05-02,2016-05-02,1.0,21600.0,2014-04-01,ws,1
6713,0,710010731,2016-05-02,2018-05-02,1.0,21600.0,2016-04-01,ws,1
9328,0,710010731,2018-05-02,2019-11-02,1.0,19400.0,2018-04-01,ws,1
11838,0,710010731,2019-11-02,2020-05-02,1.0,19800.0,2019-10-01,ws,1
14459,0,710010731,2020-05-02,2022-05-02,1.0,19800.0,2020-04-01,ws,1
21124,0,710010731,2022-05-02,2024-07-02,1.0,19800.0,2022-04-01,ws,1
25206,0,710010731,2024-07-02,2025-06-30,1.0,19800.0,2024-06-01,ws,1
1145,3,710010732,2010-01-01,2013-08-02,1.0,69400.0,2013-07-01,bsl,0
1689,0,710010732,2013-08-02,2014-05-02,1.0,69400.0,2013-07-01,ws,1
4142,0,710010732,2014-05-02,2016-05-02,1.0,71300.0,2014-04-01,ws,1
6714,0,710010732,2016-05-02,2018-05-02,1.0,71300.0,2016-04-01,ws,1
9329,0,710010732,2018-05-02,2019-11-02,1.0,71300.0,2018-04-01,ws,1
11839,0,710010732,2019-11-02,2020-05-02,1.0,72600.0,2019-10-01,ws,1
14460,0,710010732,2020-05-02,2022-05-02,1.0,72600.0,2020-04-01,ws,1
21125,0,710010732,2022-05-02,2024-07-02,1.0,72600.0,2022-04-01,ws,1
25207,0,710010732,2024-07-02,2025-06-30,1.0,106000.0,2024-06-01,ws,1
1152,3,710010733,2010-01-01,2013-11-02,1.0,134000.0,2013-10-01,bsl,0
1690,0,710010733,2013-11-02,2014-05-02,1.0,134000.0,2013-10-01,ws,1
4143,0,710010733,2014-05-02,2016-05-02,1.0,137000.0,2014-04-01,ws,1
6715,0,710010733,2016-05-02,2018-05-02,1.0,137000.0,2016-04-01,ws,1
9330,0,710010733,2018-05-02,2019-11-02,1.0,137000.0,2018-04-01,ws,1
11840,0,710010733,2019-11-02,2020-05-02,1.0,139000.0,2019-10-01,ws,1
14461,0,710010733,2020-05-02,2022-05-02,1.0,139000.0,2020-04-01,ws,1
21126,0,710010733,2022-05-02,2024-07-02,1.0,139000.0,2022-04-01,ws,1
25208,0,710010733,2024-07-02,2025-06-30,1.0,150000.0,2024-06-01,ws,1
1153,3,710010734,2010-01-01,2013-11-02,1.0,178000.0,2013-10-01,bsl,0
1691,0,710010734,2013-11-02,2014-05-02,1.0,178000.0,2013-10-01,ws,1
4144,0,710010734,2014-05-02,2016-05-02,1.0,183000.0,2014-04-01,ws,1
6716,0,710010734,2016-05-02,2018-05-02,1.0,183000.0,2016-04-01,ws,1
9331,0,710010734,2018-05-02,2019-11-02,1.0,183000.0,2018-04-01,ws,1
11841,0,710010734,2019-11-02,2020-05-02,1.0,186000.0,2019-10-01,ws,1
14462,0,710010734,2020-05-02,2022-05-02,1.0,185000.0,2020-04-01,ws,1
21127,0,710010734,2022-05-02,2024-07-02,1.0,185000.0,2022-04-01,ws,1
25209,0,710010734,2024-07-02,2025-06-30,1.0,185000.0,2024-06-01,ws,1
1154,3,710010735,2010-01-01,2013-11-02,1.0,71300.0,2013-10-01,bsl,0
1692,0,710010735,2013-11-02,2014-05-02,1.0,71300.0,2013-10-01,ws,1
4145,0,710010735,2014-05-02,2016-05-02,1.0,73300.0,2014-04-01,ws,1
6717,0,710010735,2016-05-02,2018-05-02,1.0,71300.0,2016-04-01,ws,1
7983,9,710010735,2018-05-02,2025-06-30,,0.0,2018-04-01,aes,2
1155,3,710010736,2010-01-01,2013-11-02,1.0,17700.0,2013-10-01,bsl,0
1693,0,710010736,2013-11-02,2014-05-02,1.0,17700.0,2013-10-01,ws,1
4146,0,710010736,2014-05-02,2016-05-02,1.0,18200.0,2014-04-01,ws,1
6718,0,710010736,2016-05-02,2018-05-02,1.0,17300.0,2016-04-01,ws,1
9332,0,710010736,2018-05-02,2019-11-02,1.0,17000.0,2018-04-01,ws,1
11842,0,710010736,2019-11-02,2020-05-02,1.0,17100.0,2019-10-01,ws,1
14463,0,710010736,2020-05-02,2022-05-02,1.0,17100.0,2020-04-01,ws,1
21128,0,710010736,2022-05-02,2024-07-02,1.0,17100.0,2022-04-01,ws,1
25210,0,710010736,2024-07-02,2025-06-30,1.0,17100.0,2024-06-01,ws,1
1156,3,710010737,2010-01-01,2013-11-02,1.0,3150000.0,2013-10-01,bsl,0
1694,0,710010737,2013-11-02,2014-05-02,1.0,3150000.0,2013-10-01,ws,1
4147,0,710010737,2014-05-02,2016-05-02,1.0,3240000.0,2014-04-01,ws,1
6719,0,710010737,2016-05-02,2018-05-02,1.0,3140000.0,2016-04-01,ws,1
7985,9,710010737,2018-05-02,2025-06-30,,0.0,2018-04-01,aes,2
1157,3,710010738,2010-01-01,2013-11-02,1.0,3230000.0,2013-10-01,bsl,0
1695,0,710010738,2013-11-02,2014-05-02,1.0,3230000.0,2013-10-01,ws,1
3002,5,710010738,2014-05-02,2015-11-02,1.0,3320000.0,2014-04-01,ws,1
2468,9,710010738,2015-11-02,2025-06-30,,3320000.0,2015-10-01,aes,2
1158,3,710010739,2010-01-01,2013-11-02,1.0,3230000.0,2013-10-01,bsl,0
1696,0,710010739,2013-11-02,2014-05-02,1.0,3230000.0,2013-10-01,ws,1
3003,5,710010739,2014-05-02,2015-11-02,1.0,3320000.0,2014-04-01,ws,1
2469,9,710010739,2015-11-02,2025-06-30,,3320000.0,2015-10-01,aes,2
1159,3,710010740,2010-01-01,2013-11-02,1.0,3210000.0,2013-10-01,bsl,0
1697,0,710010740,2013-11-02,2014-05-02,1.0,3210000.0,2013-10-01,ws,1
4148,0,710010740,2014-05-02,2016-05-02,1.0,3300000.0,2014-04-01,ws,1
6720,0,710010740,2016-05-02,2018-05-02,1.0,3300000.0,2016-04-01,ws,1
7986,9,710010740,2018-05-02,2025-06-30,,0.0,2018-04-01,aes,2
1160,3,710010741,2010-01-01,2013-11-02,1.0,3290000.0,2013-10-01,bsl,0
1698,0,710010741,2013-11-02,2014-05-02,1.0,3290000.0,2013-10-01,ws,1
3005,5,710010741,2014-05-02,2015-11-02,1.0,3380000.0,2014-04-01,ws,1
2470,9,710010741,2015-11-02,2025-06-30,,3380000.0,2015-10-01,aes,2
1161,3,710010742,2010-01-01,2013-11-02,1.0,3290000.0,2013-10-01,bsl,0
1699,0,710010742,2013-11-02,2014-05-02,1.0,3290000.0,2013-10-01,ws,1
3006,5,710010742,2014-05-02,2015-11-02,1.0,3380000.0,2014-04-01,ws,1
2471,9,710010742,2015-11-02,2025-06-30,,3380000.0,2015-10-01,aes,2
1162,3,710010743,2010-01-01,2013-11-02,1.0,4300000.0,2013-10-01,bsl,0
1700,0,710010743,2013-11-02,2014-05-02,1.0,4300000.0,2013-10-01,ws,1
4149,0,710010743,2014-05-02,2016-05-02,1.0,4420000.0,2014-04-01,ws,1
6721,0,710010743,2016-05-02,2018-05-02,1.0,4000000.0,2016-04-01,ws,1
7987,9,710010743,2018-05-02,2025-06-30,,0.0,2018-04-01,aes,2
1163,3,710010744,2010-01-01,2013-11-02,1.0,4410000.0,2013-10-01,bsl,0
1701,0,710010744,2013-11-02,2014-05-02,1.0,4410000.0,2013-10-01,ws,1
3008,5,710010744,2014-05-02,2015-11-02,1.0,4530000.0,2014-04-01,ws,1
2472,9,710010744,2015-11-02,2025-06-30,,4530000.0,2015-10-01,aes,2
1164,3,710010745,2010-01-01,2013-11-02,1.0,4310000.0,2013-10-01,bsl,0
1702,0,710010745,2013-11-02,2014-05-02,1.0,4310000.0,2013-10-01,ws,1
4150,0,710010745,2014-05-02,2016-05-02,1.0,4430000.0,2014-04-01,ws,1
6722,0,710010745,2016-05-02,2018-05-02,1.0,4430000.0,2016-04-01,ws,1
9333,0,710010745,2018-05-02,2019-11-02,1.0,4430000.0,2018-04-01,ws,1
11843,0,710010745,2019-11-02,2020-05-02,1.0,4510000.0,2019-10-01,ws,1
14464,0,710010745,2020-05-02,2022-05-02,1.0,4510000.0,2020-04-01,ws,1
19657,0,710010745,2022-05-02,2023-04-02,1.0,4510000.0,2022-04-01,ws,1
21129,0,710010745,2023-04-02,2024-07-02,1.0,4510000.0,2023-03-01,ws,1
25211,0,710010745,2024-07-02,2025-06-30,1.0,4510000.0,2024-06-01,ws,1
1165,3,710010746,2010-01-01,2013-11-02,1.0,4530000.0,2013-10-01,bsl,0
1703,0,710010746,2013-11-02,2014-05-02,1.0,4530000.0,2013-10-01,ws,1
3010,5,710010746,2014-05-02,2015-11-02,1.0,4650000.0,2014-04-01,ws,1
2473,9,710010746,2015-11-02,2025-06-30,,4650000.0,2015-10-01,aes,2
1166,3,710010747,2010-01-01,2013-11-02,1.0,8670.0,2013-10-01,bsl,0
1166,3,710010747,2013-11-02,2014-02-02,1.0,8670.0,2013-10-01,ws,1
1704,5,710010747,2014-02-02,2014-05-02,1.0,8670.0,2014-01-01,ws,1
4151,0,710010747,2014-05-02,2016-05-02,1.0,8910.0,2014-04-01,ws,1
6723,0,710010747,2016-05-02,2018-05-02,1.0,8910.0,2016-04-01,ws,1
9334,0,710010747,2018-05-02,2019-11-02,1.0,8910.0,2018-04-01,ws,1
11844,0,710010747,2019-11-02,2020-05-02,1.0,9040.0,2019-10-01,ws,1
14465,0,710010747,2020-05-02,2022-05-02,1.0,9040.0,2020-04-01,ws,1
19658,9,710010747,2022-05-02,2025-06-30,,9040.0,2022-04-01,aes,2
1167,3,710010748,2010-01-01,2013-11-02,1.0,71300.0,2013-10-01,bsl,0
1705,0,710010748,2013-11-02,2014-05-02,1.0,71300.0,2013-10-01,ws,1
4152,0,710010748,2014-05-02,2016-05-02,1.0,73300.0,2014-04-01,ws,1
6724,0,710010748,2016-05-02,2018-05-02,1.0,71300.0,2016-04-01,ws,1
7990,9,710010748,2018-05-02,2025-06-30,,0.0,2018-04-01,aes,2
1179,3,710010749,2010-01-01,2014-02-02,1.0,18600.0,2014-01-01,bsl,0
1706,3,710010749,2014-02-02,2014-05-02,1.0,18600.0,2014-01-01,ws,1
4153,0,710010749,2014-05-02,2016-05-02,1.0,19100.0,2014-04-01,ws,1
6725,0,710010749,2016-05-02,2018-05-02,1.0,19100.0,2016-04-01,ws,1
9335,0,710010749,2018-05-02,2019-11-02,1.0,19100.0,2018-04-01,ws,1
11845,0,710010749,2019-11-02,2020-05-02,1.0,19500.0,2019-10-01,ws,1
14466,0,710010749,2020-05-02,2022-05-02,1.0,19500.0,2020-04-01,ws,1
21130,0,710010749,2022-05-02,2024-07-02,1.0,19500.0,2022-04-01,ws,1
25212,0,710010749,2024-07-02,2025-06-30,1.0,19500.0,2024-06-01,ws,1
1180,3,710010750,2010-01-01,2014-02-02,1.0,1680000.0,2014-01-01,bsl,0
1707,3,710010750,2014-02-02,2014-05-02,1.0,1680000.0,2014-01-01,ws,1
4154,0,710010750,2014-05-02,2016-05-02,1.0,1720000.0,2014-04-01,ws,1
6726,0,710010750,2016-05-02,2018-05-02,1.0,1720000.0,2016-04-01,ws,1
7992,9,710010750,2018-05-02,2025-06-30,,0.0,2018-04-01,aes,2
1181,3,710010751,2010-01-01,2014-02-02,1.0,2070000.0,2014-01-01,bsl,0
1708,3,710010751,2014-02-02,2014-05-02,1.0,2070000.0,2014-01-01,ws,1
4155,0,710010751,2014-05-02,2016-05-02,1.0,2120000.0,2014-04-01,ws,1
6727,0,710010751,2016-05-02,2018-05-02,1.0,2120000.0,2016-04-01,ws,1
7993,9,710010751,2018-05-02,2025-06-30,,0.0,2018-04-01,aes,2
1182,3,710010752,2010-01-01,2014-02-02,1.0,1670000.0,2014-01-01,bsl,0
1709,3,710010752,2014-02-02,2014-05-02,1.0,1670000.0,2014-01-01,ws,1
3016,5,710010752,2014-05-02,2014-08-02,1.0,1710000.0,2014-04-01,ws,1
4156,0,710010752,2014-08-02,2016-05-02,1.0,1710000.0,2014-07-01,ws,1
6728,0,710010752,2016-05-02,2018-05-02,1.0,1670000.0,2016-04-01,ws,1
7994,9,710010752,2018-05-02,2025-06-30,,0.0,2018-04-01,aes,2
1183,3,710010753,2010-01-01,2014-02-02,1.0,1710000.0,2014-01-01,bsl,0
1710,3,710010753,2014-02-02,2014-05-02,1.0,1710000.0,2014-01-01,ws,1
3017,5,710010753,2014-05-02,2014-08-02,1.0,1750000.0,2014-04-01,ws,1
2293,5,710010753,2014-08-02,2016-02-02,,1750000.0,2014-07-01,ws,1
4157,9,710010753,2016-02-02,2025-06-30,,1750000.0,2016-01-01,aes,2
1184,3,710010754,2010-01-01,2014-02-02,1.0,166000.0,2014-01-01,bsl,0
1711,3,710010754,2014-02-02,2014-05-02,1.0,166000.0,2014-01-01,ws,1
4158,0,710010754,2014-05-02,2016-05-02,1.0,170000.0,2014-04-01,ws,1
6729,0,710010754,2016-05-02,2018-05-02,1.0,170000.0,2016-04-01,ws,1
9336,0,710010754,2018-05-02,2019-11-02,1.0,170000.0,2018-04-01,ws,1
11846,0,710010754,2019-11-02,2020-05-02,1.0,173000.0,2019-10-01,ws,1
14467,0,710010754,2020-05-02,2022-05-02,1.0,173000.0,2020-04-01,ws,1
21131,0,710010754,2022-05-02,2024-07-02,1.0,173000.0,2022-04-01,ws,1
25213,0,710010754,2024-07-02,2025-06-30,1.0,173000.0,2024-06-01,ws,1
1185,3,710010755,2010-01-01,2014-02-02,1.0,174000.0,2014-01-01,bsl,0
1712,3,710010755,2014-02-02,2014-05-02,1.0,174000.0,2014-01-01,ws,1
3019,5,710010755,2014-05-02,2016-02-02,1.0,178000.0,2014-04-01,ws,1
4159,9,710010755,2016-02-02,2025-06-30,,178000.0,2016-01-01,aes,2
1186,3,710010756,2010-01-01,2014-02-02,1.0,27900.0,2014-01-01,bsl,0
1713,3,710010756,2014-02-02,2014-05-02,1.0,27900.0,2014-01-01,ws,1
4160,0,710010756,2014-05-02,2016-05-02,1.0,28600.0,2014-04-01,ws,1
5454,5,710010756,2016-05-02,2016-10-02,1.0,79800.0,2016-04-01,ws,1
6730,0,710010756,2016-10-02,2018-05-02,1.0,79800.0,2016-09-01,ws,1
9337,0,710010756,2018-05-02,2019-11-02,1.0,76000.0,2018-04-01,ws,1
11847,0,710010756,2019-11-02,2020-05-02,1.0,77400.0,2019-10-01,ws,1
14468,0,710010756,2020-05-02,2022-05-02,1.0,77400.0,2020-04-01,ws,1
21132,0,710010756,2022-05-02,2024-07-02,1.0,77400.0,2022-04-01,ws,1
25214,0,710010756,2024-07-02,2025-06-30,1.0,77400.0,2024-06-01,ws,1
1187,3,710010757,2010-01-01,2014-02-02,1.0,3530.0,2014-01-01,bsl,0
1714,3,710010757,2014-02-02,2014-05-02,1.0,3530.0,2014-01-01,ws,1
4161,0,710010757,2014-05-02,2016-05-02,1.0,3630.0,2014-04-01,ws,1
6731,0,710010757,2016-05-02,2018-05-02,1.0,3630.0,2016-04-01,ws,1
9338,0,710010757,2018-05-02,2019-11-02,1.0,3630.0,2018-04-01,ws,1
11848,0,710010757,2019-11-02,2020-05-02,1.0,3700.0,2019-10-01,ws,1
14469,0,710010757,2020-05-02,2022-05-02,1.0,3700.0,2020-04-01,ws,1
21133,0,710010757,2022-05-02,2024-07-02,1.0,3700.0,2022-04-01,ws,1
25215,0,710010757,2024-07-02,2025-06-30,1.0,3700.0,2024-06-01,ws,1
1188,3,710010758,2010-01-01,2014-02-02,1.0,2590.0,2014-01-01,bsl,0
1715,3,710010758,2014-02-02,2014-05-02,1.0,2590.0,2014-01-01,ws,1
4162,0,710010758,2014-05-02,2016-05-02,1.0,2660.0,2014-04-01,ws,1
6732,0,710010758,2016-05-02,2018-05-02,1.0,2660.0,2016-04-01,ws,1
9339,0,710010758,2018-05-02,2019-11-02,1.0,2660.0,2018-04-01,ws,1
11849,0,710010758,2019-11-02,2020-05-02,1.0,2710.0,2019-10-01,ws,1
14470,0,710010758,2020-05-02,2022-05-02,1.0,2710.0,2020-04-01,ws,1
21134,0,710010758,2022-05-02,2024-07-02,1.0,2710.0,2022-04-01,ws,1
25216,0,710010758,2024-07-02,2025-06-30,1.0,2710.0,2024-06-01,ws,1
1189,3,710010759,2010-01-01,2014-02-02,1.0,4300000.0,2014-01-01,bsl,0
1716,3,710010759,2014-02-02,2014-05-02,1.0,4300000.0,2014-01-01,ws,1
4163,0,710010759,2014-05-02,2016-05-02,1.0,4420000.0,2014-04-01,ws,1
6733,0,710010759,2016-05-02,2018-05-02,1.0,4420000.0,2016-04-01,ws,1
9340,0,710010759,2018-05-02,2019-11-02,1.0,4420000.0,2018-04-01,ws,1
11850,0,710010759,2019-11-02,2020-05-02,1.0,4310000.0,2019-10-01,ws,1
14471,0,710010759,2020-05-02,2022-05-02,1.0,4310000.0,2020-04-01,ws,1
19664,5,710010759,2022-05-02,2023-02-02,1.0,4150000.0,2022-04-01,ws,1
20585,5,710010759,2023-02-02,2023-05-02,,3830000.0,2023-01-01,ws,1
21135,0,710010759,2023-05-02,2024-07-02,1.0,3510000.0,2023-04-01,ws,1
25217,0,710010759,2024-07-02,2025-06-30,1.0,3130000.0,2024-06-01,ws,1
1190,3,710010760,2010-01-01,2014-02-02,1.0,4410000.0,2014-01-01,bsl,0
1717,3,710010760,2014-02-02,2014-05-02,1.0,4410000.0,2014-01-01,ws,1
3024,5,710010760,2014-05-02,2016-02-02,1.0,4530000.0,2014-04-01,ws,1
4164,9,710010760,2016-02-02,2025-06-30,,4530000.0,2016-01-01,aes,2
1191,3,710010761,2010-01-01,2014-02-02,1.0,4500000.0,2014-01-01,bsl,0
1718,3,710010761,2014-02-02,2014-05-02,1.0,4500000.0,2014-01-01,ws,1
4165,0,710010761,2014-05-02,2016-05-02,1.0,4620000.0,2014-04-01,ws,1
6734,0,710010761,2016-05-02,2018-05-02,1.0,4620000.0,2016-04-01,ws,1
9341,0,710010761,2018-05-02,2019-11-02,1.0,4600000.0,2018-04-01,ws,1
11851,0,710010761,2019-11-02,2020-05-02,1.0,4620000.0,2019-10-01,ws,1
14472,0,710010761,2020-05-02,2022-05-02,1.0,4620000.0,2020-04-01,ws,1
21136,0,710010761,2022-05-02,2024-07-02,1.0,4410000.0,2022-04-01,ws,1
25218,0,710010761,2024-07-02,2025-06-30,1.0,4120000.0,2024-06-01,ws,1
1192,3,710010762,2010-01-01,2014-02-02,1.0,4610000.0,2014-01-01,bsl,0
1719,3,710010762,2014-02-02,2014-05-02,1.0,4610000.0,2014-01-01,ws,1
3026,5,710010762,2014-05-02,2016-02-02,1.0,4730000.0,2014-04-01,ws,1
4166,9,710010762,2016-02-02,2025-06-30,,4730000.0,2016-01-01,aes,2
1193,3,710010763,2010-01-01,2014-02-02,1.0,81100.0,2014-01-01,bsl,0
1720,3,710010763,2014-02-02,2014-05-02,1.0,81100.0,2014-01-01,ws,1
4167,0,710010763,2014-05-02,2016-05-02,1.0,83400.0,2014-04-01,ws,1
6735,0,710010763,2016-05-02,2018-05-02,1.0,81700.0,2016-04-01,ws,1
9342,0,710010763,2018-05-02,2019-11-02,1.0,81700.0,2018-04-01,ws,1
11852,0,710010763,2019-11-02,2020-05-02,1.0,83200.0,2019-10-01,ws,1
14473,0,710010763,2020-05-02,2022-05-02,1.0,83200.0,2020-04-01,ws,1
21137,0,710010763,2022-05-02,2024-07-02,1.0,83200.0,2022-04-01,ws,1
25219,0,710010763,2024-07-02,2025-06-30,1.0,81300.0,2024-06-01,ws,1
1194,3,710010764,2010-01-01,2014-02-02,1.0,83100.0,2014-01-01,bsl,0
1721,3,710010764,2014-02-02,2014-05-02,1.0,83100.0,2014-01-01,ws,1
3028,5,710010764,2014-05-02,2016-02-02,1.0,85400.0,2014-04-01,ws,1
4168,9,710010764,2016-02-02,2025-06-30,,85400.0,2016-01-01,aes,2
1195,3,710010765,2010-01-01,2014-02-02,1.0,258000.0,2014-01-01,bsl,0
1722,3,710010765,2014-02-02,2014-05-02,1.0,258000.0,2014-01-01,ws,1
4169,0,710010765,2014-05-02,2016-05-02,1.0,265000.0,2014-04-01,ws,1
6736,0,710010765,2016-05-02,2018-05-02,1.0,265000.0,2016-04-01,ws,1
9343,0,710010765,2018-05-02,2019-11-02,1.0,265000.0,2018-04-01,ws,1
11853,0,710010765,2019-11-02,2020-05-02,1.0,270000.0,2019-10-01,ws,1
14474,0,710010765,2020-05-02,2022-05-02,1.0,270000.0,2020-04-01,ws,1
21138,0,710010765,2022-05-02,2024-07-02,1.0,270000.0,2022-04-01,ws,1
25220,0,710010765,2024-07-02,2025-06-30,1.0,270000.0,2024-06-01,ws,1
1196,3,710010766,2010-01-01,2014-02-02,1.0,26500.0,2014-01-01,bsl,0
1723,3,710010766,2014-02-02,2014-05-02,1.0,26500.0,2014-01-01,ws,1
4170,0,710010766,2014-05-02,2016-05-02,1.0,27200.0,2014-04-01,ws,1
6737,0,710010766,2016-05-02,2018-05-02,1.0,27200.0,2016-04-01,ws,1
9344,0,710010766,2018-05-02,2019-11-02,1.0,27200.0,2018-04-01,ws,1
11854,0,710010766,2019-11-02,2020-05-02,1.0,27600.0,2019-10-01,ws,1
14475,0,710010766,2020-05-02,2022-05-02,1.0,27600.0,2020-04-01,ws,1
19668,9,710010766,2022-05-02,2025-06-30,,27600.0,2022-04-01,aes,2
1197,3,710010767,2010-01-01,2014-02-02,1.0,99000.0,2014-01-01,bsl,0
1724,3,710010767,2014-02-02,2014-05-02,1.0,99000.0,2014-01-01,ws,1
4171,0,710010767,2014-05-02,2016-05-02,1.0,101000.0,2014-04-01,ws,1
6738,0,710010767,2016-05-02,2018-05-02,1.0,101000.0,2016-04-01,ws,1
9345,0,710010767,2018-05-02,2019-11-02,1.0,101000.0,2018-04-01,ws,1
11855,0,710010767,2019-11-02,2020-05-02,1.0,103000.0,2019-10-01,ws,1
14476,0,710010767,2020-05-02,2022-05-02,1.0,103000.0,2020-04-01,ws,1
19669,9,710010767,2022-05-02,2025-06-30,,103000.0,2022-04-01,aes,2
3032,3,710010768,2010-01-01,2014-05-02,1.0,20500.0,2014-04-01,bsl,0
4172,0,710010768,2014-05-02,2016-05-02,1.0,20500.0,2014-04-01,ws,1
6739,0,710010768,2016-05-02,2018-05-02,1.0,20500.0,2016-04-01,ws,1
8005,9,710010768,2018-05-02,2025-06-30,,0.0,2018-04-01,aes,2
3033,3,710010769,2010-01-01,2014-05-02,1.0,58200.0,2014-04-01,bsl,0
4173,0,710010769,2014-05-02,2016-05-02,1.0,58200.0,2014-04-01,ws,1
6740,0,710010769,2016-05-02,2018-05-02,1.0,56700.0,2016-04-01,ws,1
9346,0,710010769,2018-05-02,2019-11-02,1.0,56700.0,2018-04-01,ws,1
11856,0,710010769,2019-11-02,2020-05-02,1.0,57800.0,2019-10-01,ws,1
14477,0,710010769,2020-05-02,2022-05-02,1.0,57800.0,2020-04-01,ws,1
21139,0,710010769,2022-05-02,2024-07-02,1.0,57800.0,2022-04-01,ws,1
25221,0,710010769,2024-07-02,2025-06-30,1.0,106000.0,2024-06-01,ws,1
3034,3,710010770,2010-01-01,2014-05-02,1.0,179000.0,2014-04-01,bsl,0
4174,0,710010770,2014-05-02,2016-05-02,1.0,179000.0,2014-04-01,ws,1
5465,9,710010770,2016-05-02,2025-06-30,,0.0,2016-04-01,aes,2
3035,3,710010771,2010-01-01,2014-05-02,1.0,86100.0,2014-04-01,bsl,0
4175,0,710010771,2014-05-02,2016-05-02,1.0,86100.0,2014-04-01,ws,1
6741,0,710010771,2016-05-02,2018-05-02,1.0,86100.0,2016-04-01,ws,1
9347,0,710010771,2018-05-02,2019-11-02,1.0,86000.0,2018-04-01,ws,1
11857,0,710010771,2019-11-02,2020-05-02,1.0,87600.0,2019-10-01,ws,1
14478,0,710010771,2020-05-02,2022-05-02,1.0,87600.0,2020-04-01,ws,1
21140,0,710010771,2022-05-02,2024-07-02,1.0,86000.0,2022-04-01,ws,1
25222,0,710010771,2024-07-02,2025-06-30,1.0,86000.0,2024-06-01,ws,1
3036,3,710010772,2010-01-01,2014-05-02,1.0,293000.0,2014-04-01,bsl,0
3036,3,710010772,2014-05-02,2014-08-02,1.0,293000.0,2014-04-01,ws,1
4176,0,710010772,2014-08-02,2016-05-02,1.0,293000.0,2014-07-01,ws,1
5467,9,710010772,2016-05-02,2025-06-30,,0.0,2016-04-01,aes,2
3037,3,710010773,2010-01-01,2014-05-02,1.0,98600.0,2014-04-01,bsl,0
4177,0,710010773,2014-05-02,2016-05-02,1.0,98600.0,2014-04-01,ws,1
6742,0,710010773,2016-05-02,2018-05-02,1.0,98600.0,2016-04-01,ws,1
9348,0,710010773,2018-05-02,2019-11-02,1.0,98600.0,2018-04-01,ws,1
11858,0,710010773,2019-11-02,2020-05-02,1.0,100000.0,2019-10-01,ws,1
14479,0,710010773,2020-05-02,2022-05-02,1.0,100000.0,2020-04-01,ws,1
21141,0,710010773,2022-05-02,2024-07-02,1.0,100000.0,2022-04-01,ws,1
25223,0,710010773,2024-07-02,2025-06-30,1.0,100000.0,2024-06-01,ws,1
3038,3,710010774,2010-01-01,2014-05-02,1.0,32500.0,2014-04-01,bsl,0
3038,3,710010774,2014-05-02,2014-08-02,1.0,32500.0,2014-04-01,ws,1
4178,0,710010774,2014-08-02,2016-05-02,1.0,32500.0,2014-07-01,ws,1
6743,0,710010774,2016-05-02,2018-05-02,1.0,32500.0,2016-04-01,ws,1
9349,0,710010774,2018-05-02,2019-11-02,1.0,32500.0,2018-04-01,ws,1
11859,0,710010774,2019-11-02,2020-05-02,1.0,33100.0,2019-10-01,ws,1
14480,0,710010774,2020-05-02,2022-05-02,1.0,33100.0,2020-04-01,ws,1
21142,0,710010774,2022-05-02,2024-07-02,1.0,33100.0,2022-04-01,ws,1
25224,0,710010774,2024-07-02,2025-06-30,1.0,33100.0,2024-06-01,ws,1
3039,3,710010775,2010-01-01,2014-05-02,1.0,155000.0,2014-04-01,bsl,0
3039,3,710010775,2014-05-02,2014-11-02,1.0,155000.0,2014-04-01,ws,1
4179,0,710010775,2014-11-02,2016-05-02,1.0,155000.0,2014-10-01,ws,1
6744,0,710010775,2016-05-02,2018-05-02,1.0,155000.0,2016-04-01,ws,1
9350,0,710010775,2018-05-02,2019-11-02,1.0,155000.0,2018-04-01,ws,1
11860,0,710010775,2019-11-02,2020-05-02,1.0,158000.0,2019-10-01,ws,1
14481,0,710010775,2020-05-02,2022-05-02,1.0,158000.0,2020-04-01,ws,1
21143,0,710010775,2022-05-02,2024-07-02,1.0,158000.0,2022-04-01,ws,1
25225,0,710010775,2024-07-02,2025-06-30,1.0,158000.0,2024-06-01,ws,1
3040,3,710010776,2010-01-01,2014-05-02,1.0,164000.0,2014-04-01,bsl,0
3040,3,710010776,2014-05-02,2014-08-02,1.0,164000.0,2014-04-01,ws,1
4180,0,710010776,2014-08-02,2016-05-02,1.0,164000.0,2014-07-01,ws,1
6745,0,710010776,2016-05-02,2018-05-02,1.0,164000.0,2016-04-01,ws,1
9351,0,710010776,2018-05-02,2019-11-02,1.0,164000.0,2018-04-01,ws,1
11861,0,710010776,2019-11-02,2020-05-02,1.0,167000.0,2019-10-01,ws,1
14482,0,710010776,2020-05-02,2022-05-02,1.0,167000.0,2020-04-01,ws,1
21144,0,710010776,2022-05-02,2024-07-02,1.0,167000.0,2022-04-01,ws,1
25226,0,710010776,2024-07-02,2025-06-30,1.0,167000.0,2024-06-01,ws,1
3041,3,710010777,2010-01-01,2014-05-02,1.0,28100.0,2014-04-01,bsl,0
4181,0,710010777,2014-05-02,2016-05-02,1.0,28100.0,2014-04-01,ws,1
6746,0,710010777,2016-05-02,2018-05-02,1.0,44600.0,2016-04-01,ws,1
9352,0,710010777,2018-05-02,2019-11-02,1.0,42300.0,2018-04-01,ws,1
11862,0,710010777,2019-11-02,2020-05-02,1.0,43000.0,2019-10-01,ws,1
14483,0,710010777,2020-05-02,2022-05-02,1.0,43000.0,2020-04-01,ws,1
21145,0,710010777,2022-05-02,2024-07-02,1.0,42400.0,2022-04-01,ws,1
25227,0,710010777,2024-07-02,2025-06-30,1.0,42400.0,2024-06-01,ws,1
3042,3,710010778,2010-01-01,2014-05-02,1.0,52800.0,2014-04-01,bsl,0
4182,0,710010778,2014-05-02,2016-05-02,1.0,52800.0,2014-04-01,ws,1
6747,0,710010778,2016-05-02,2018-05-02,1.0,52800.0,2016-04-01,ws,1
9353,0,710010778,2018-05-02,2019-11-02,1.0,52800.0,2018-04-01,ws,1
11863,0,710010778,2019-11-02,2020-05-02,1.0,53800.0,2019-10-01,ws,1
14484,0,710010778,2020-05-02,2022-05-02,1.0,53800.0,2020-04-01,ws,1
21146,0,710010778,2022-05-02,2024-07-02,1.0,53800.0,2022-04-01,ws,1
25228,0,710010778,2024-07-02,2025-06-30,1.0,114000.0,2024-06-01,ws,1
3043,3,710010779,2010-01-01,2014-05-02,1.0,13800.0,2014-04-01,bsl,0
4183,0,710010779,2014-05-02,2016-05-02,1.0,13800.0,2014-04-01,ws,1
6748,0,710010779,2016-05-02,2018-05-02,1.0,13800.0,2016-04-01,ws,1
9354,0,710010779,2018-05-02,2019-11-02,1.0,13800.0,2018-04-01,ws,1
11864,0,710010779,2019-11-02,2020-05-02,1.0,14100.0,2019-10-01,ws,1
14485,0,710010779,2020-05-02,2022-05-02,1.0,14100.0,2020-04-01,ws,1
21147,0,710010779,2022-05-02,2024-07-02,1.0,14100.0,2022-04-01,ws,1
25229,0,710010779,2024-07-02,2025-06-30,1.0,14100.0,2024-06-01,ws,1
3044,3,710010780,2010-01-01,2014-05-02,1.0,130000.0,2014-04-01,bsl,0
4184,0,710010780,2014-05-02,2016-05-02,1.0,130000.0,2014-04-01,ws,1
6749,0,710010780,2016-05-02,2018-05-02,1.0,119000.0,2016-04-01,ws,1
9355,0,710010780,2018-05-02,2019-11-02,1.0,113000.0,2018-04-01,ws,1
11865,0,710010780,2019-11-02,2020-05-02,1.0,115000.0,2019-10-01,ws,1
14486,0,710010780,2020-05-02,2022-05-02,1.0,115000.0,2020-04-01,ws,1
19679,9,710010780,2022-05-02,2025-06-30,,115000.0,2022-04-01,aes,2
3045,3,710010781,2010-01-01,2014-05-02,1.0,238000.0,2014-04-01,bsl,0
4185,0,710010781,2014-05-02,2016-05-02,1.0,238000.0,2014-04-01,ws,1
6750,0,710010781,2016-05-02,2018-05-02,1.0,225000.0,2016-04-01,ws,1
9356,0,710010781,2018-05-02,2019-11-02,1.0,225000.0,2018-04-01,ws,1
11866,0,710010781,2019-11-02,2020-05-02,1.0,227000.0,2019-10-01,ws,1
14487,0,710010781,2020-05-02,2022-05-02,1.0,227000.0,2020-04-01,ws,1
21148,0,710010781,2022-05-02,2024-07-02,1.0,227000.0,2022-04-01,ws,1
25230,0,710010781,2024-07-02,2025-06-30,1.0,203000.0,2024-06-01,ws,1
3046,3,710010782,2010-01-01,2014-05-02,1.0,314000.0,2014-04-01,bsl,0
4186,0,710010782,2014-05-02,2016-05-02,1.0,314000.0,2014-04-01,ws,1
6751,0,710010782,2016-05-02,2018-05-02,1.0,287000.0,2016-04-01,ws,1
9357,0,710010782,2018-05-02,2019-11-02,1.0,284000.0,2018-04-01,ws,1
11867,0,710010782,2019-11-02,2020-05-02,1.0,289000.0,2019-10-01,ws,1
14488,0,710010782,2020-05-02,2022-05-02,1.0,289000.0,2020-04-01,ws,1
21149,0,710010782,2022-05-02,2024-07-02,1.0,286000.0,2022-04-01,ws,1
25231,0,710010782,2024-07-02,2025-06-30,1.0,257000.0,2024-06-01,ws,1
3047,3,710010783,2010-01-01,2014-05-02,1.0,162000.0,2014-04-01,bsl,0
4187,0,710010783,2014-05-02,2016-05-02,1.0,162000.0,2014-04-01,ws,1
6752,0,710010783,2016-05-02,2018-05-02,1.0,158000.0,2016-04-01,ws,1
9358,0,710010783,2018-05-02,2019-11-02,1.0,153000.0,2018-04-01,ws,1
11868,0,710010783,2019-11-02,2020-05-02,1.0,156000.0,2019-10-01,ws,1
14489,0,710010783,2020-05-02,2022-05-02,1.0,153000.0,2020-04-01,ws,1
19682,9,710010783,2022-05-02,2025-06-30,,153000.0,2022-04-01,aes,2
3048,3,710010784,2010-01-01,2014-05-02,1.0,3040.0,2014-04-01,bsl,0
4188,0,710010784,2014-05-02,2016-05-02,1.0,3040.0,2014-04-01,ws,1
6753,0,710010784,2016-05-02,2018-05-02,1.0,3040.0,2016-04-01,ws,1
9359,0,710010784,2018-05-02,2019-11-02,1.0,3040.0,2018-04-01,ws,1
11869,0,710010784,2019-11-02,2020-05-02,1.0,3100.0,2019-10-01,ws,1
14490,0,710010784,2020-05-02,2022-05-02,1.0,3030.0,2020-04-01,ws,1
21150,0,710010784,2022-05-02,2024-07-02,1.0,3030.0,2022-04-01,ws,1
25232,0,710010784,2024-07-02,2025-06-30,1.0,3030.0,2024-06-01,ws,1
3049,3,710010785,2010-01-01,2014-05-02,1.0,2240.0,2014-04-01,bsl,0
4189,0,710010785,2014-05-02,2016-05-02,1.0,2240.0,2014-04-01,ws,1
6754,0,710010785,2016-05-02,2018-05-02,1.0,2230.0,2016-04-01,ws,1
9360,0,710010785,2018-05-02,2019-11-02,1.0,2210.0,2018-04-01,ws,1
11870,0,710010785,2019-11-02,2020-05-02,1.0,2240.0,2019-10-01,ws,1
14491,0,710010785,2020-05-02,2022-05-02,1.0,2240.0,2020-04-01,ws,1
21151,0,710010785,2022-05-02,2024-07-02,1.0,2240.0,2022-04-01,ws,1
25233,0,710010785,2024-07-02,2025-06-30,1.0,2230.0,2024-06-01,ws,1
3050,3,710010786,2010-01-01,2014-05-02,1.0,13500.0,2014-04-01,bsl,0
4190,0,710010786,2014-05-02,2016-05-02,1.0,13500.0,2014-04-01,ws,1
6755,0,710010786,2016-05-02,2018-05-02,1.0,13500.0,2016-04-01,ws,1
9361,0,710010786,2018-05-02,2019-11-02,1.0,13500.0,2018-04-01,ws,1
11871,0,710010786,2019-11-02,2020-05-02,1.0,13800.0,2019-10-01,ws,1
14492,0,710010786,2020-05-02,2022-05-02,1.0,13800.0,2020-04-01,ws,1
21152,0,710010786,2022-05-02,2024-07-02,1.0,13800.0,2022-04-01,ws,1
25234,0,710010786,2024-07-02,2025-06-30,1.0,13800.0,2024-06-01,ws,1
3051,3,710010787,2010-01-01,2014-05-02,1.0,991000.0,2014-04-01,bsl,0
4191,0,710010787,2014-05-02,2016-05-02,1.0,991000.0,2014-04-01,ws,1
6756,0,710010787,2016-05-02,2018-05-02,1.0,991000.0,2016-04-01,ws,1
9362,0,710010787,2018-05-02,2019-11-02,1.0,991000.0,2018-04-01,ws,1
11872,0,710010787,2019-11-02,2020-05-02,1.0,1010000.0,2019-10-01,ws,1
14493,0,710010787,2020-05-02,2022-05-02,1.0,1010000.0,2020-04-01,ws,1
21153,0,710010787,2022-05-02,2024-07-02,1.0,1010000.0,2022-04-01,ws,1
25235,0,710010787,2024-07-02,2025-06-30,1.0,1010000.0,2024-06-01,ws,1
3052,3,710010788,2010-01-01,2014-05-02,1.0,20500.0,2014-04-01,bsl,0
4192,0,710010788,2014-05-02,2016-05-02,1.0,20500.0,2014-04-01,ws,1
6757,0,710010788,2016-05-02,2018-05-02,1.0,20500.0,2016-04-01,ws,1
8023,9,710010788,2018-05-02,2025-06-30,,0.0,2018-04-01,aes,2
3053,3,710010789,2010-01-01,2014-05-02,1.0,386.0,2014-04-01,bsl,0
4193,0,710010789,2014-05-02,2016-05-02,1.0,386.0,2014-04-01,ws,1
6758,0,710010789,2016-05-02,2018-05-02,1.0,306.0,2016-04-01,ws,1
9363,0,710010789,2018-05-02,2019-11-02,1.0,306.0,2018-04-01,ws,1
11873,0,710010789,2019-11-02,2020-05-02,1.0,263.0,2019-10-01,ws,1
14494,0,710010789,2020-05-02,2022-05-02,1.0,259.0,2020-04-01,ws,1
21154,0,710010789,2022-05-02,2024-07-02,1.0,259.0,2022-04-01,ws,1
25236,0,710010789,2024-07-02,2025-06-30,1.0,259.0,2024-06-01,ws,1
3054,3,710010790,2010-01-01,2014-05-02,1.0,644.0,2014-04-01,bsl,0
4194,0,710010790,2014-05-02,2016-05-02,1.0,644.0,2014-04-01,ws,1
6759,0,710010790,2016-05-02,2018-05-02,1.0,644.0,2016-04-01,ws,1
9364,0,710010790,2018-05-02,2019-11-02,1.0,644.0,2018-04-01,ws,1
11874,0,710010790,2019-11-02,2020-05-02,1.0,656.0,2019-10-01,ws,1
14495,0,710010790,2020-05-02,2022-05-02,1.0,656.0,2020-04-01,ws,1
21155,0,710010790,2022-05-02,2024-07-02,1.0,550.0,2022-04-01,ws,1
25237,0,710010790,2024-07-02,2025-06-30,1.0,527.0,2024-06-01,ws,1
3055,3,710010791,2010-01-01,2014-05-02,1.0,277.0,2014-04-01,bsl,0
4195,0,710010791,2014-05-02,2016-05-02,1.0,277.0,2014-04-01,ws,1
6760,0,710010791,2016-05-02,2018-05-02,1.0,242.0,2016-04-01,ws,1
9365,0,710010791,2018-05-02,2019-11-02,1.0,242.0,2018-04-01,ws,1
11875,0,710010791,2019-11-02,2020-05-02,1.0,246.0,2019-10-01,ws,1
14496,0,710010791,2020-05-02,2022-05-02,1.0,246.0,2020-04-01,ws,1
21156,0,710010791,2022-05-02,2024-07-02,1.0,202.0,2022-04-01,ws,1
25238,0,710010791,2024-07-02,2025-06-30,1.0,202.0,2024-06-01,ws,1
3056,3,710010792,2010-01-01,2014-05-02,1.0,4840.0,2014-04-01,bsl,0
4196,0,710010792,2014-05-02,2016-05-02,1.0,4840.0,2014-04-01,ws,1
5487,5,710010792,2016-05-02,2018-01-02,1.0,3820.0,2016-04-01,ws,1
6761,5,710010792,2018-01-02,2018-05-02,1.0,3820.0,2017-12-01,ws,1
9366,0,710010792,2018-05-02,2019-11-02,1.0,2850.0,2018-04-01,ws,1
11876,0,710010792,2019-11-02,2020-05-02,1.0,2890.0,2019-10-01,ws,1
14497,0,710010792,2020-05-02,2022-05-02,1.0,2540.0,2020-04-01,ws,1
21157,0,710010792,2022-05-02,2024-07-02,1.0,1810.0,2022-04-01,ws,1
25239,0,710010792,2024-07-02,2025-06-30,1.0,1630.0,2024-06-01,ws,1
3057,3,710010793,2010-01-01,2014-05-02,1.0,386.0,2014-04-01,bsl,0
4197,0,710010793,2014-05-02,2016-05-02,1.0,386.0,2014-04-01,ws,1
6762,0,710010793,2016-05-02,2018-05-02,1.0,306.0,2016-04-01,ws,1
9367,0,710010793,2018-05-02,2019-11-02,1.0,306.0,2018-04-01,ws,1
11877,0,710010793,2019-11-02,2020-05-02,1.0,263.0,2019-10-01,ws,1
14498,0,710010793,2020-05-02,2022-05-02,1.0,259.0,2020-04-01,ws,1
21158,0,710010793,2022-05-02,2024-07-02,1.0,259.0,2022-04-01,ws,1
25240,0,710010793,2024-07-02,2025-06-30,1.0,259.0,2024-06-01,ws,1
3058,3,710010794,2010-01-01,2014-05-02,1.0,3710.0,2014-04-01,bsl,0
4198,0,710010794,2014-05-02,2016-05-02,1.0,3710.0,2014-04-01,ws,1
6763,0,710010794,2016-05-02,2018-05-02,1.0,3710.0,2016-04-01,ws,1
9368,0,710010794,2018-05-02,2019-11-02,1.0,3710.0,2018-04-01,ws,1
11878,0,710010794,2019-11-02,2020-05-02,1.0,3780.0,2019-10-01,ws,1
14499,0,710010794,2020-05-02,2022-05-02,1.0,3780.0,2020-04-01,ws,1
21159,0,710010794,2022-05-02,2024-07-02,1.0,3780.0,2022-04-01,ws,1
25241,0,710010794,2024-07-02,2025-06-30,1.0,3780.0,2024-06-01,ws,1
3059,3,710010795,2010-01-01,2014-05-02,1.0,4460.0,2014-04-01,bsl,0
4199,0,710010795,2014-05-02,2016-05-02,1.0,4460.0,2014-04-01,ws,1
6764,0,710010795,2016-05-02,2018-05-02,1.0,4350.0,2016-04-01,ws,1
9369,0,710010795,2018-05-02,2019-11-02,1.0,4350.0,2018-04-01,ws,1
11879,0,710010795,2019-11-02,2020-05-02,1.0,4190.0,2019-10-01,ws,1
14500,0,710010795,2020-05-02,2022-05-02,1.0,4190.0,2020-04-01,ws,1
21160,0,710010795,2022-05-02,2024-07-02,1.0,4110.0,2022-04-01,ws,1
25242,0,710010795,2024-07-02,2025-06-30,1.0,4020.0,2024-06-01,ws,1
3060,3,710010796,2010-01-01,2014-05-02,1.0,5970.0,2014-04-01,bsl,0
4200,0,710010796,2014-05-02,2016-05-02,1.0,5970.0,2014-04-01,ws,1
6765,0,710010796,2016-05-02,2018-05-02,1.0,5870.0,2016-04-01,ws,1
9370,0,710010796,2018-05-02,2019-11-02,1.0,5870.0,2018-04-01,ws,1
11880,0,710010796,2019-11-02,2020-05-02,1.0,5840.0,2019-10-01,ws,1
14501,0,710010796,2020-05-02,2022-05-02,1.0,5790.0,2020-04-01,ws,1
21161,0,710010796,2022-05-02,2024-07-02,1.0,5790.0,2022-04-01,ws,1
25243,0,710010796,2024-07-02,2025-06-30,1.0,5690.0,2024-06-01,ws,1
3061,3,710010797,2010-01-01,2014-05-02,1.0,3730.0,2014-04-01,bsl,0
4201,0,710010797,2014-05-02,2016-05-02,1.0,3730.0,2014-04-01,ws,1
6766,0,710010797,2016-05-02,2018-05-02,1.0,3730.0,2016-04-01,ws,1
9371,0,710010797,2018-05-02,2019-11-02,1.0,3730.0,2018-04-01,ws,1
11881,0,710010797,2019-11-02,2020-05-02,1.0,3800.0,2019-10-01,ws,1
14502,0,710010797,2020-05-02,2022-05-02,1.0,3800.0,2020-04-01,ws,1
21162,0,710010797,2022-05-02,2024-07-02,1.0,3800.0,2022-04-01,ws,1
25244,0,710010797,2024-07-02,2025-06-30,1.0,3800.0,2024-06-01,ws,1
3062,3,710010798,2010-01-01,2014-05-02,1.0,6150.0,2014-04-01,bsl,0
4202,0,710010798,2014-05-02,2016-05-02,1.0,6150.0,2014-04-01,ws,1
6767,0,710010798,2016-05-02,2018-05-02,1.0,6030.0,2016-04-01,ws,1
9372,0,710010798,2018-05-02,2019-11-02,1.0,6030.0,2018-04-01,ws,1
11882,0,710010798,2019-11-02,2020-05-02,1.0,6140.0,2019-10-01,ws,1
14503,0,710010798,2020-05-02,2022-05-02,1.0,6140.0,2020-04-01,ws,1
21163,0,710010798,2022-05-02,2024-07-02,1.0,6080.0,2022-04-01,ws,1
25245,0,710010798,2024-07-02,2025-06-30,1.0,6080.0,2024-06-01,ws,1
3063,3,710010799,2010-01-01,2014-05-02,1.0,4200.0,2014-04-01,bsl,0
4203,0,710010799,2014-05-02,2016-05-02,1.0,4200.0,2014-04-01,ws,1
6768,0,710010799,2016-05-02,2018-05-02,1.0,4120.0,2016-04-01,ws,1
9373,0,710010799,2018-05-02,2019-11-02,1.0,4120.0,2018-04-01,ws,1
11883,0,710010799,2019-11-02,2020-05-02,1.0,4100.0,2019-10-01,ws,1
14504,0,710010799,2020-05-02,2022-05-02,1.0,4080.0,2020-04-01,ws,1
21164,0,710010799,2022-05-02,2024-07-02,1.0,4080.0,2022-04-01,ws,1
25246,0,710010799,2024-07-02,2025-06-30,1.0,4080.0,2024-06-01,ws,1
3064,3,710010800,2010-01-01,2014-05-02,1.0,4820.0,2014-04-01,bsl,0
4204,0,710010800,2014-05-02,2016-05-02,1.0,4820.0,2014-04-01,ws,1
6769,0,710010800,2016-05-02,2018-05-02,1.0,3750.0,2016-04-01,ws,1
9374,0,710010800,2018-05-02,2019-11-02,1.0,3750.0,2018-04-01,ws,1
11884,0,710010800,2019-11-02,2020-05-02,1.0,3600.0,2019-10-01,ws,1
14505,0,710010800,2020-05-02,2022-05-02,1.0,3510.0,2020-04-01,ws,1
21165,0,710010800,2022-05-02,2024-07-02,1.0,2740.0,2022-04-01,ws,1
25247,0,710010800,2024-07-02,2025-06-30,1.0,2030.0,2024-06-01,ws,1
3065,3,710010801,2010-01-01,2014-05-02,1.0,6100.0,2014-04-01,bsl,0
4205,0,710010801,2014-05-02,2016-05-02,1.0,6100.0,2014-04-01,ws,1
6770,0,710010801,2016-05-02,2018-05-02,1.0,6100.0,2016-04-01,ws,1
9375,0,710010801,2018-05-02,2019-11-02,1.0,6100.0,2018-04-01,ws,1
11885,0,710010801,2019-11-02,2020-05-02,1.0,6180.0,2019-10-01,ws,1
14506,0,710010801,2020-05-02,2022-05-02,1.0,6180.0,2020-04-01,ws,1
21166,0,710010801,2022-05-02,2024-07-02,1.0,6140.0,2022-04-01,ws,1
25248,0,710010801,2024-07-02,2025-06-30,1.0,6140.0,2024-06-01,ws,1
3066,3,710010802,2010-01-01,2014-05-02,1.0,229.0,2014-04-01,bsl,0
4206,0,710010802,2014-05-02,2016-05-02,1.0,229.0,2014-04-01,ws,1
6771,0,710010802,2016-05-02,2018-05-02,1.0,229.0,2016-04-01,ws,1
9376,0,710010802,2018-05-02,2019-11-02,1.0,229.0,2018-04-01,ws,1
11886,0,710010802,2019-11-02,2020-05-02,1.0,233.0,2019-10-01,ws,1
14507,0,710010802,2020-05-02,2022-05-02,1.0,233.0,2020-04-01,ws,1
21167,0,710010802,2022-05-02,2024-07-02,1.0,233.0,2022-04-01,ws,1
25249,0,710010802,2024-07-02,2025-06-30,1.0,233.0,2024-06-01,ws,1
3067,3,710010803,2010-01-01,2014-05-02,1.0,664.0,2014-04-01,bsl,0
4207,0,710010803,2014-05-02,2016-05-02,1.0,664.0,2014-04-01,ws,1
6772,0,710010803,2016-05-02,2018-05-02,1.0,594.0,2016-04-01,ws,1
9377,0,710010803,2018-05-02,2019-11-02,1.0,564.0,2018-04-01,ws,1
11887,0,710010803,2019-11-02,2020-05-02,1.0,574.0,2019-10-01,ws,1
14508,0,710010803,2020-05-02,2022-05-02,1.0,561.0,2020-04-01,ws,1
21168,0,710010803,2022-05-02,2024-07-02,1.0,561.0,2022-04-01,ws,1
25250,0,710010803,2024-07-02,2025-06-30,1.0,561.0,2024-06-01,ws,1
3068,3,710010804,2010-01-01,2014-05-02,1.0,1690.0,2014-04-01,bsl,0
4208,0,710010804,2014-05-02,2016-05-02,1.0,1690.0,2014-04-01,ws,1
6773,0,710010804,2016-05-02,2018-05-02,1.0,1620.0,2016-04-01,ws,1
9378,0,710010804,2018-05-02,2019-11-02,1.0,1620.0,2018-04-01,ws,1
11888,0,710010804,2019-11-02,2020-05-02,1.0,1650.0,2019-10-01,ws,1
14509,0,710010804,2020-05-02,2022-05-02,1.0,1650.0,2020-04-01,ws,1
21169,0,710010804,2022-05-02,2024-07-02,1.0,1650.0,2022-04-01,ws,1
25251,0,710010804,2024-07-02,2025-06-30,1.0,1650.0,2024-06-01,ws,1
3069,3,710010805,2010-01-01,2014-05-02,1.0,772.0,2014-04-01,bsl,0
4209,0,710010805,2014-05-02,2016-05-02,1.0,772.0,2014-04-01,ws,1
6774,0,710010805,2016-05-02,2018-05-02,1.0,772.0,2016-04-01,ws,1
9379,0,710010805,2018-05-02,2019-11-02,1.0,748.0,2018-04-01,ws,1
11889,0,710010805,2019-11-02,2020-05-02,1.0,756.0,2019-10-01,ws,1
14510,0,710010805,2020-05-02,2022-05-02,1.0,741.0,2020-04-01,ws,1
21170,0,710010805,2022-05-02,2024-07-02,1.0,741.0,2022-04-01,ws,1
25252,0,710010805,2024-07-02,2025-06-30,1.0,741.0,2024-06-01,ws,1
3070,3,710010806,2010-01-01,2014-05-02,1.0,2130.0,2014-04-01,bsl,0
4210,0,710010806,2014-05-02,2016-05-02,1.0,2130.0,2014-04-01,ws,1
6775,0,710010806,2016-05-02,2018-05-02,1.0,2090.0,2016-04-01,ws,1
9380,0,710010806,2018-05-02,2019-11-02,1.0,2050.0,2018-04-01,ws,1
11890,0,710010806,2019-11-02,2020-05-02,1.0,2090.0,2019-10-01,ws,1
14511,0,710010806,2020-05-02,2022-05-02,1.0,2090.0,2020-04-01,ws,1
21171,0,710010806,2022-05-02,2024-07-02,1.0,2090.0,2022-04-01,ws,1
25253,0,710010806,2024-07-02,2025-06-30,1.0,2060.0,2024-06-01,ws,1
3071,3,710010807,2010-01-01,2014-05-02,1.0,1610.0,2014-04-01,bsl,0
4211,0,710010807,2014-05-02,2016-05-02,1.0,1610.0,2014-04-01,ws,1
5502,9,710010807,2016-05-02,2025-06-30,,0.0,2016-04-01,aes,2
3072,3,710010808,2010-01-01,2014-05-02,1.0,1510.0,2014-04-01,bsl,0
4212,0,710010808,2014-05-02,2016-05-02,1.0,1510.0,2014-04-01,ws,1
5503,9,710010808,2016-05-02,2025-06-30,,0.0,2016-04-01,aes,2
3073,3,710010809,2010-01-01,2014-05-02,1.0,1750.0,2014-04-01,bsl,0
4213,0,710010809,2014-05-02,2016-05-02,1.0,1750.0,2014-04-01,ws,1
5504,9,710010809,2016-05-02,2025-06-30,,0.0,2016-04-01,aes,2
3074,3,710010810,2010-01-01,2014-05-02,1.0,1830.0,2014-04-01,bsl,0
4214,0,710010810,2014-05-02,2016-05-02,1.0,1830.0,2014-04-01,ws,1
5505,9,710010810,2016-05-02,2025-06-30,,0.0,2016-04-01,aes,2
3075,3,710010811,2010-01-01,2014-05-02,1.0,1690.0,2014-04-01,bsl,0
4215,0,710010811,2014-05-02,2016-05-02,1.0,1690.0,2014-04-01,ws,1
5506,9,710010811,2016-05-02,2025-06-30,,0.0,2016-04-01,aes,2
3076,3,710010812,2010-01-01,2014-05-02,1.0,1550.0,2014-04-01,bsl,0
4216,0,710010812,2014-05-02,2016-05-02,1.0,1550.0,2014-04-01,ws,1
5507,9,710010812,2016-05-02,2025-06-30,,0.0,2016-04-01,aes,2
3077,3,710010813,2010-01-01,2014-05-02,1.0,1740.0,2014-04-01,bsl,0
4217,0,710010813,2014-05-02,2016-05-02,1.0,1740.0,2014-04-01,ws,1
5508,9,710010813,2016-05-02,2025-06-30,,0.0,2016-04-01,aes,2
3078,3,710010814,2010-01-01,2014-05-02,1.0,1750.0,2014-04-01,bsl,0
4218,0,710010814,2014-05-02,2016-05-02,1.0,1750.0,2014-04-01,ws,1
5509,9,710010814,2016-05-02,2025-06-30,,0.0,2016-04-01,aes,2
3079,3,710010815,2010-01-01,2014-05-02,1.0,1770.0,2014-04-01,bsl,0
4219,0,710010815,2014-05-02,2016-05-02,1.0,1770.0,2014-04-01,ws,1
5510,9,710010815,2016-05-02,2025-06-30,,0.0,2016-04-01,aes,2
3080,3,710010816,2010-01-01,2014-05-02,1.0,1830.0,2014-04-01,bsl,0
4220,0,710010816,2014-05-02,2016-05-02,1.0,1830.0,2014-04-01,ws,1
5511,9,710010816,2016-05-02,2025-06-30,,0.0,2016-04-01,aes,2
3081,3,710010817,2010-01-01,2014-05-02,1.0,5870.0,2014-04-01,bsl,0
4221,0,710010817,2014-05-02,2016-05-02,1.0,5870.0,2014-04-01,ws,1
6776,0,710010817,2016-05-02,2018-05-02,1.0,5780.0,2016-04-01,ws,1
9381,0,710010817,2018-05-02,2019-11-02,1.0,5780.0,2018-04-01,ws,1
11891,0,710010817,2019-11-02,2020-05-02,1.0,5700.0,2019-10-01,ws,1
14512,0,710010817,2020-05-02,2022-05-02,1.0,5700.0,2020-04-01,ws,1
21172,0,710010817,2022-05-02,2024-07-02,1.0,5690.0,2022-04-01,ws,1
25254,0,710010817,2024-07-02,2025-06-30,1.0,5590.0,2024-06-01,ws,1
3082,3,710010818,2010-01-01,2014-05-02,1.0,22600.0,2014-04-01,bsl,0
4222,0,710010818,2014-05-02,2016-05-02,1.0,22600.0,2014-04-01,ws,1
6777,0,710010818,2016-05-02,2018-05-02,1.0,22600.0,2016-04-01,ws,1
9382,0,710010818,2018-05-02,2019-11-02,1.0,22200.0,2018-04-01,ws,1
11892,0,710010818,2019-11-02,2020-05-02,1.0,22000.0,2019-10-01,ws,1
14513,0,710010818,2020-05-02,2022-05-02,1.0,21700.0,2020-04-01,ws,1
21173,0,710010818,2022-05-02,2024-07-02,1.0,21700.0,2022-04-01,ws,1
25255,0,710010818,2024-07-02,2025-06-30,1.0,21700.0,2024-06-01,ws,1
3083,3,710010819,2010-01-01,2014-05-02,1.0,7.0,2014-04-01,bsl,0
4223,0,710010819,2014-05-02,2016-05-02,1.0,7.0,2014-04-01,ws,1
6778,0,710010819,2016-05-02,2018-05-02,1.0,6.0,2016-04-01,ws,1
9383,0,710010819,2018-05-02,2019-11-02,1.0,6.0,2018-04-01,ws,1
11893,0,710010819,2019-11-02,2020-05-02,1.0,6.0,2019-10-01,ws,1
14514,0,710010819,2020-05-02,2022-05-02,1.0,6.0,2020-04-01,ws,1
21174,0,710010819,2022-05-02,2024-07-02,1.0,6.0,2022-04-01,ws,1
25256,0,710010819,2024-07-02,2025-06-30,1.0,6.0,2024-06-01,ws,1
3084,3,710010820,2010-01-01,2014-05-02,1.0,12.0,2014-04-01,bsl,0
3084,3,710010820,2014-05-02,2015-02-02,1.0,12.0,2014-04-01,ws,1
2356,5,710010820,2015-02-02,2015-05-02,,11.0,2015-01-01,ws,1
4224,0,710010820,2015-05-02,2016-05-02,1.0,10.0,2015-04-01,ws,1
6779,0,710010820,2016-05-02,2018-05-02,1.0,10.0,2016-04-01,ws,1
9384,0,710010820,2018-05-02,2019-11-02,1.0,10.0,2018-04-01,ws,1
11894,0,710010820,2019-11-02,2020-05-02,1.0,10.0,2019-10-01,ws,1
14515,0,710010820,2020-05-02,2022-05-02,1.0,10.0,2020-04-01,ws,1
21175,0,710010820,2022-05-02,2024-07-02,1.0,10.0,2022-04-01,ws,1
25257,0,710010820,2024-07-02,2025-06-30,1.0,10.0,2024-06-01,ws,1
3085,3,710010821,2010-01-01,2014-05-02,1.0,37.0,2014-04-01,bsl,0
4225,0,710010821,2014-05-02,2016-05-02,1.0,37.0,2014-04-01,ws,1
6780,0,710010821,2016-05-02,2018-05-02,1.0,37.0,2016-04-01,ws,1
9385,0,710010821,2018-05-02,2019-11-02,1.0,37.0,2018-04-01,ws,1
11895,0,710010821,2019-11-02,2020-05-02,1.0,35.0,2019-10-01,ws,1
14516,0,710010821,2020-05-02,2022-05-02,1.0,35.0,2020-04-01,ws,1
21176,0,710010821,2022-05-02,2024-07-02,1.0,35.0,2022-04-01,ws,1
25258,0,710010821,2024-07-02,2025-06-30,1.0,35.0,2024-06-01,ws,1
3086,3,710010822,2010-01-01,2014-05-02,1.0,25.0,2014-04-01,bsl,0
4226,0,710010822,2014-05-02,2016-05-02,1.0,25.0,2014-04-01,ws,1
6781,0,710010822,2016-05-02,2018-05-02,1.0,25.0,2016-04-01,ws,1
9386,0,710010822,2018-05-02,2019-11-02,1.0,25.0,2018-04-01,ws,1
11896,0,710010822,2019-11-02,2020-05-02,1.0,25.0,2019-10-01,ws,1
14517,0,710010822,2020-05-02,2022-05-02,1.0,25.0,2020-04-01,ws,1
21177,0,710010822,2022-05-02,2024-07-02,1.0,25.0,2022-04-01,ws,1
25259,0,710010822,2024-07-02,2025-06-30,1.0,25.0,2024-06-01,ws,1
3087,3,710010823,2010-01-01,2014-05-02,1.0,1060.0,2014-04-01,bsl,0
4227,0,710010823,2014-05-02,2016-05-02,1.0,1060.0,2014-04-01,ws,1
6782,0,710010823,2016-05-02,2018-05-02,1.0,1060.0,2016-04-01,ws,1
9387,0,710010823,2018-05-02,2019-11-02,1.0,1060.0,2018-04-01,ws,1
11897,0,710010823,2019-11-02,2020-05-02,1.0,1080.0,2019-10-01,ws,1
14518,0,710010823,2020-05-02,2022-05-02,1.0,1080.0,2020-04-01,ws,1
21178,0,710010823,2022-05-02,2024-07-02,1.0,1080.0,2022-04-01,ws,1
25260,0,710010823,2024-07-02,2025-06-30,1.0,1080.0,2024-06-01,ws,1
3088,3,710010824,2010-01-01,2014-05-02,1.0,139.0,2014-04-01,bsl,0
4228,0,710010824,2014-05-02,2016-05-02,1.0,139.0,2014-04-01,ws,1
6783,0,710010824,2016-05-02,2018-05-02,1.0,139.0,2016-04-01,ws,1
9388,0,710010824,2018-05-02,2019-11-02,1.0,139.0,2018-04-01,ws,1
11898,0,710010824,2019-11-02,2020-05-02,1.0,142.0,2019-10-01,ws,1
14519,0,710010824,2020-05-02,2022-05-02,1.0,142.0,2020-04-01,ws,1
21179,0,710010824,2022-05-02,2024-07-02,1.0,142.0,2022-04-01,ws,1
25261,0,710010824,2024-07-02,2025-06-30,1.0,142.0,2024-06-01,ws,1
3089,3,710010825,2010-01-01,2014-05-02,1.0,326.0,2014-04-01,bsl,0
4229,0,710010825,2014-05-02,2016-05-02,1.0,326.0,2014-04-01,ws,1
6784,0,710010825,2016-05-02,2018-05-02,1.0,326.0,2016-04-01,ws,1
9389,0,710010825,2018-05-02,2019-11-02,1.0,303.0,2018-04-01,ws,1
11899,0,710010825,2019-11-02,2020-05-02,1.0,309.0,2019-10-01,ws,1
14520,0,710010825,2020-05-02,2022-05-02,1.0,309.0,2020-04-01,ws,1
21180,0,710010825,2022-05-02,2024-07-02,1.0,309.0,2022-04-01,ws,1
25262,0,710010825,2024-07-02,2025-06-30,1.0,309.0,2024-06-01,ws,1
3090,3,710010826,2010-01-01,2014-05-02,1.0,1080000.0,2014-04-01,bsl,0
4230,0,710010826,2014-05-02,2016-05-02,1.0,1080000.0,2014-04-01,ws,1
6785,0,710010826,2016-05-02,2018-05-02,1.0,1080000.0,2016-04-01,ws,1
9390,0,710010826,2018-05-02,2019-11-02,1.0,1080000.0,2018-04-01,ws,1
11900,0,710010826,2019-11-02,2020-05-02,1.0,1100000.0,2019-10-01,ws,1
14521,0,710010826,2020-05-02,2022-05-02,1.0,1100000.0,2020-04-01,ws,1
21181,0,710010826,2022-05-02,2024-07-02,1.0,1100000.0,2022-04-01,ws,1
25263,0,710010826,2024-07-02,2025-06-30,1.0,1100000.0,2024-06-01,ws,1
2297,3,710010827,2010-01-01,2014-08-02,1.0,136000.0,2014-07-01,bsl,0
4231,0,710010827,2014-08-02,2016-05-02,1.0,136000.0,2014-07-01,ws,1
6786,0,710010827,2016-05-02,2018-05-02,1.0,136000.0,2016-04-01,ws,1
9391,0,710010827,2018-05-02,2019-11-02,1.0,136000.0,2018-04-01,ws,1
11901,0,710010827,2019-11-02,2020-05-02,1.0,139000.0,2019-10-01,ws,1
14522,0,710010827,2020-05-02,2022-05-02,1.0,139000.0,2020-04-01,ws,1
21182,0,710010827,2022-05-02,2024-07-02,1.0,139000.0,2022-04-01,ws,1
25264,0,710010827,2024-07-02,2025-06-30,1.0,139000.0,2024-06-01,ws,1
2298,3,710010828,2010-01-01,2014-08-02,1.0,27800.0,2014-07-01,bsl,0
4232,0,710010828,2014-08-02,2016-05-02,1.0,27800.0,2014-07-01,ws,1
6787,0,710010828,2016-05-02,2018-05-02,1.0,27800.0,2016-04-01,ws,1
9392,0,710010828,2018-05-02,2019-11-02,1.0,27400.0,2018-04-01,ws,1
11902,0,710010828,2019-11-02,2020-05-02,1.0,27400.0,2019-10-01,ws,1
14523,0,710010828,2020-05-02,2022-05-02,1.0,27400.0,2020-04-01,ws,1
21183,0,710010828,2022-05-02,2024-07-02,1.0,27400.0,2022-04-01,ws,1
25265,0,710010828,2024-07-02,2025-06-30,1.0,27400.0,2024-06-01,ws,1
2299,3,710010829,2010-01-01,2014-08-02,1.0,28500.0,2014-07-01,bsl,0
4233,0,710010829,2014-08-02,2016-05-02,1.0,28500.0,2014-07-01,ws,1
5524,5,710010829,2016-05-02,2016-08-02,1.0,28500.0,2016-04-01,ws,1
6788,0,710010829,2016-08-02,2018-05-02,1.0,27800.0,2016-07-01,ws,1
8054,9,710010829,2018-05-02,2025-06-30,,0.0,2018-04-01,aes,2
2300,3,710010830,2010-01-01,2014-08-02,1.0,83900.0,2014-07-01,bsl,0
4234,0,710010830,2014-08-02,2016-05-02,1.0,83900.0,2014-07-01,ws,1
6789,0,710010830,2016-05-02,2018-05-02,1.0,83900.0,2016-04-01,ws,1
9393,0,710010830,2018-05-02,2019-11-02,1.0,83900.0,2018-04-01,ws,1
11903,0,710010830,2019-11-02,2020-05-02,1.0,85500.0,2019-10-01,ws,1
14524,0,710010830,2020-05-02,2022-05-02,1.0,81900.0,2020-04-01,ws,1
21184,0,710010830,2022-05-02,2024-07-02,1.0,81900.0,2022-04-01,ws,1
25266,0,710010830,2024-07-02,2025-06-30,1.0,81900.0,2024-06-01,ws,1
2301,3,710010831,2010-01-01,2014-08-02,1.0,42100.0,2014-07-01,bsl,0
4235,0,710010831,2014-08-02,2016-05-02,1.0,42100.0,2014-07-01,ws,1
6790,0,710010831,2016-05-02,2018-05-02,1.0,42100.0,2016-04-01,ws,1
9394,0,710010831,2018-05-02,2019-11-02,1.0,42000.0,2018-04-01,ws,1
11904,0,710010831,2019-11-02,2020-05-02,1.0,42800.0,2019-10-01,ws,1
14525,0,710010831,2020-05-02,2022-05-02,1.0,42700.0,2020-04-01,ws,1
21185,0,710010831,2022-05-02,2024-07-02,1.0,42700.0,2022-04-01,ws,1
25267,0,710010831,2024-07-02,2025-06-30,1.0,42700.0,2024-06-01,ws,1
2302,3,710010832,2010-01-01,2014-08-02,1.0,318000.0,2014-07-01,bsl,0
4236,0,710010832,2014-08-02,2016-05-02,1.0,318000.0,2014-07-01,ws,1
5527,9,710010832,2016-05-02,2025-06-30,,0.0,2016-04-01,aes,2
2303,3,710010833,2010-01-01,2014-08-02,1.0,34900.0,2014-07-01,bsl,0
2303,3,710010833,2014-08-02,2016-02-02,1.0,34900.0,2014-07-01,ws,1
4237,5,710010833,2016-02-02,2016-05-02,1.0,34900.0,2016-01-01,ws,1
6791,0,710010833,2016-05-02,2018-05-02,1.0,34900.0,2016-04-01,ws,1
9395,0,710010833,2018-05-02,2019-11-02,1.0,53300.0,2018-04-01,ws,1
11905,0,710010833,2019-11-02,2020-05-02,1.0,54300.0,2019-10-01,ws,1
14526,0,710010833,2020-05-02,2022-05-02,1.0,54300.0,2020-04-01,ws,1
21186,0,710010833,2022-05-02,2024-07-02,1.0,54300.0,2022-04-01,ws,1
25268,0,710010833,2024-07-02,2025-06-30,1.0,54300.0,2024-06-01,ws,1
2304,3,710010834,2010-01-01,2014-08-02,1.0,184000.0,2014-07-01,bsl,0
4238,0,710010834,2014-08-02,2016-05-02,1.0,184000.0,2014-07-01,ws,1
6792,0,710010834,2016-05-02,2018-05-02,1.0,184000.0,2016-04-01,ws,1
9396,0,710010834,2018-05-02,2019-11-02,1.0,184000.0,2018-04-01,ws,1
11906,0,710010834,2019-11-02,2020-05-02,1.0,187000.0,2019-10-01,ws,1
14527,0,710010834,2020-05-02,2022-05-02,1.0,187000.0,2020-04-01,ws,1
21187,0,710010834,2022-05-02,2024-07-02,1.0,187000.0,2022-04-01,ws,1
25269,0,710010834,2024-07-02,2025-06-30,1.0,187000.0,2024-06-01,ws,1
2305,3,710010835,2010-01-01,2014-08-02,1.0,41900.0,2014-07-01,bsl,0
4239,0,710010835,2014-08-02,2016-05-02,1.0,41900.0,2014-07-01,ws,1
6793,0,710010835,2016-05-02,2018-05-02,1.0,41900.0,2016-04-01,ws,1
9397,0,710010835,2018-05-02,2019-11-02,1.0,39700.0,2018-04-01,ws,1
11907,0,710010835,2019-11-02,2020-05-02,1.0,40400.0,2019-10-01,ws,1
14528,0,710010835,2020-05-02,2022-05-02,1.0,40300.0,2020-04-01,ws,1
21188,0,710010835,2022-05-02,2024-07-02,1.0,40300.0,2022-04-01,ws,1
25270,0,710010835,2024-07-02,2025-06-30,1.0,40300.0,2024-06-01,ws,1
2306,3,710010836,2010-01-01,2014-08-02,1.0,205000.0,2014-07-01,bsl,0
4240,0,710010836,2014-08-02,2016-05-02,1.0,205000.0,2014-07-01,ws,1
6794,0,710010836,2016-05-02,2018-05-02,1.0,205000.0,2016-04-01,ws,1
9398,0,710010836,2018-05-02,2019-11-02,1.0,205000.0,2018-04-01,ws,1
11908,0,710010836,2019-11-02,2020-05-02,1.0,209000.0,2019-10-01,ws,1
14529,0,710010836,2020-05-02,2022-05-02,1.0,209000.0,2020-04-01,ws,1
21189,0,710010836,2022-05-02,2024-07-02,1.0,209000.0,2022-04-01,ws,1
25271,0,710010836,2024-07-02,2025-06-30,1.0,209000.0,2024-06-01,ws,1
2307,3,710010837,2010-01-01,2014-08-02,1.0,950000.0,2014-07-01,bsl,0
4241,0,710010837,2014-08-02,2016-05-02,1.0,950000.0,2014-07-01,ws,1
6795,0,710010837,2016-05-02,2018-05-02,1.0,915000.0,2016-04-01,ws,1
9399,0,710010837,2018-05-02,2019-11-02,1.0,915000.0,2018-04-01,ws,1
11909,0,710010837,2019-11-02,2020-05-02,1.0,932000.0,2019-10-01,ws,1
14530,0,710010837,2020-05-02,2022-05-02,1.0,932000.0,2020-04-01,ws,1
21190,0,710010837,2022-05-02,2024-07-02,1.0,932000.0,2022-04-01,ws,1
25272,0,710010837,2024-07-02,2025-06-30,1.0,932000.0,2024-06-01,ws,1
2308,3,710010838,2010-01-01,2014-08-02,1.0,964000.0,2014-07-01,bsl,0
4242,0,710010838,2014-08-02,2016-05-02,1.0,964000.0,2014-07-01,ws,1
5533,5,710010838,2016-05-02,2016-08-02,1.0,929000.0,2016-04-01,ws,1
4882,9,710010838,2016-08-02,2025-06-30,,929000.0,2016-07-01,aes,2
2309,3,710010839,2010-01-01,2014-08-02,1.0,1700000.0,2014-07-01,bsl,0
4243,0,710010839,2014-08-02,2016-05-02,1.0,1700000.0,2014-07-01,ws,1
6796,0,710010839,2016-05-02,2018-05-02,1.0,1700000.0,2016-04-01,ws,1
9400,0,710010839,2018-05-02,2019-11-02,1.0,1670000.0,2018-04-01,ws,1
11910,0,710010839,2019-11-02,2020-05-02,1.0,1580000.0,2019-10-01,ws,1
14531,0,710010839,2020-05-02,2022-05-02,1.0,1580000.0,2020-04-01,ws,1
21191,0,710010839,2022-05-02,2024-07-02,1.0,1460000.0,2022-04-01,ws,1
25273,0,710010839,2024-07-02,2025-06-30,1.0,1400000.0,2024-06-01,ws,1
2310,3,710010840,2010-01-01,2014-08-02,1.0,637000.0,2014-07-01,bsl,0
4244,0,710010840,2014-08-02,2016-05-02,1.0,637000.0,2014-07-01,ws,1
6797,0,710010840,2016-05-02,2018-05-02,1.0,637000.0,2016-04-01,ws,1
9401,0,710010840,2018-05-02,2019-11-02,1.0,637000.0,2018-04-01,ws,1
11911,0,710010840,2019-11-02,2020-05-02,1.0,649000.0,2019-10-01,ws,1
14532,0,710010840,2020-05-02,2022-05-02,1.0,649000.0,2020-04-01,ws,1
21192,0,710010840,2022-05-02,2024-07-02,1.0,649000.0,2022-04-01,ws,1
25274,0,710010840,2024-07-02,2025-06-30,1.0,649000.0,2024-06-01,ws,1
2311,3,710010841,2010-01-01,2014-08-02,1.0,157000.0,2014-07-01,bsl,0
4245,0,710010841,2014-08-02,2016-05-02,1.0,157000.0,2014-07-01,ws,1
6798,0,710010841,2016-05-02,2018-05-02,1.0,157000.0,2016-04-01,ws,1
9402,0,710010841,2018-05-02,2019-11-02,1.0,149000.0,2018-04-01,ws,1
11912,0,710010841,2019-11-02,2020-05-02,1.0,148000.0,2019-10-01,ws,1
14533,0,710010841,2020-05-02,2022-05-02,1.0,147000.0,2020-04-01,ws,1
21193,0,710010841,2022-05-02,2024-07-02,1.0,144000.0,2022-04-01,ws,1
25275,0,710010841,2024-07-02,2025-06-30,1.0,140000.0,2024-06-01,ws,1
2312,3,710010842,2010-01-01,2014-08-02,1.0,24500.0,2014-07-01,bsl,0
4246,0,710010842,2014-08-02,2016-05-02,1.0,24500.0,2014-07-01,ws,1
6799,0,710010842,2016-05-02,2018-05-02,1.0,24500.0,2016-04-01,ws,1
9403,0,710010842,2018-05-02,2019-11-02,1.0,24500.0,2018-04-01,ws,1
11913,0,710010842,2019-11-02,2020-05-02,1.0,25000.0,2019-10-01,ws,1
14534,0,710010842,2020-05-02,2022-05-02,1.0,25000.0,2020-04-01,ws,1
21194,0,710010842,2022-05-02,2024-07-02,1.0,25000.0,2022-04-01,ws,1
22598,9,710010842,2024-07-02,2025-06-30,,25000.0,2024-06-01,aes,2
2313,3,710010843,2010-01-01,2014-08-02,1.0,379000.0,2014-07-01,bsl,0
4247,0,710010843,2014-08-02,2016-05-02,1.0,379000.0,2014-07-01,ws,1
6800,0,710010843,2016-05-02,2018-05-02,1.0,379000.0,2016-04-01,ws,1
9404,0,710010843,2018-05-02,2019-11-02,1.0,379000.0,2018-04-01,ws,1
11914,0,710010843,2019-11-02,2020-05-02,1.0,386000.0,2019-10-01,ws,1
14535,0,710010843,2020-05-02,2022-05-02,1.0,386000.0,2020-04-01,ws,1
21195,0,710010843,2022-05-02,2024-07-02,1.0,386000.0,2022-04-01,ws,1
25276,0,710010843,2024-07-02,2025-06-30,1.0,386000.0,2024-06-01,ws,1
2314,3,710010844,2010-01-01,2014-08-02,1.0,379000.0,2014-07-01,bsl,0
4248,0,710010844,2014-08-02,2016-05-02,1.0,379000.0,2014-07-01,ws,1
6801,0,710010844,2016-05-02,2018-05-02,1.0,379000.0,2016-04-01,ws,1
8067,9,710010844,2018-05-02,2025-06-30,,0.0,2018-04-01,aes,2
2315,3,710010845,2010-01-01,2014-08-02,1.0,379000.0,2014-07-01,bsl,0
4249,0,710010845,2014-08-02,2016-05-02,1.0,379000.0,2014-07-01,ws,1
6802,0,710010845,2016-05-02,2018-05-02,1.0,379000.0,2016-04-01,ws,1
8068,9,710010845,2018-05-02,2025-06-30,,0.0,2018-04-01,aes,2
2316,3,710010846,2010-01-01,2014-08-02,1.0,492000.0,2014-07-01,bsl,0
4250,0,710010846,2014-08-02,2016-05-02,1.0,492000.0,2014-07-01,ws,1
6803,0,710010846,2016-05-02,2018-05-02,1.0,492000.0,2016-04-01,ws,1
9405,0,710010846,2018-05-02,2019-11-02,1.0,492000.0,2018-04-01,ws,1
11915,0,710010846,2019-11-02,2020-05-02,1.0,501000.0,2019-10-01,ws,1
14536,0,710010846,2020-05-02,2022-05-02,1.0,501000.0,2020-04-01,ws,1
21196,0,710010846,2022-05-02,2024-07-02,1.0,501000.0,2022-04-01,ws,1
25277,0,710010846,2024-07-02,2025-06-30,1.0,501000.0,2024-06-01,ws,1
2317,3,710010847,2010-01-01,2014-08-02,1.0,1090000.0,2014-07-01,bsl,0
4251,0,710010847,2014-08-02,2016-05-02,1.0,1090000.0,2014-07-01,ws,1
6804,0,710010847,2016-05-02,2018-05-02,1.0,1090000.0,2016-04-01,ws,1
9406,0,710010847,2018-05-02,2019-11-02,1.0,1090000.0,2018-04-01,ws,1
11916,0,710010847,2019-11-02,2020-05-02,1.0,1110000.0,2019-10-01,ws,1
14537,0,710010847,2020-05-02,2022-05-02,1.0,1110000.0,2020-04-01,ws,1
21197,0,710010847,2022-05-02,2024-07-02,1.0,1110000.0,2022-04-01,ws,1
25278,0,710010847,2024-07-02,2025-06-30,1.0,1110000.0,2024-06-01,ws,1
2318,3,710010848,2010-01-01,2014-08-02,1.0,1090000.0,2014-07-01,bsl,0
4252,0,710010848,2014-08-02,2016-05-02,1.0,1090000.0,2014-07-01,ws,1
6805,0,710010848,2016-05-02,2018-05-02,1.0,1090000.0,2016-04-01,ws,1
9407,0,710010848,2018-05-02,2019-11-02,1.0,1090000.0,2018-04-01,ws,1
11917,0,710010848,2019-11-02,2020-05-02,1.0,1110000.0,2019-10-01,ws,1
14538,0,710010848,2020-05-02,2022-05-02,1.0,1110000.0,2020-04-01,ws,1
21198,0,710010848,2022-05-02,2024-07-02,1.0,1110000.0,2022-04-01,ws,1
25279,0,710010848,2024-07-02,2025-06-30,1.0,1110000.0,2024-06-01,ws,1
2319,3,710010849,2010-01-01,2014-08-02,1.0,1140000.0,2014-07-01,bsl,0
4253,0,710010849,2014-08-02,2016-05-02,1.0,1140000.0,2014-07-01,ws,1
5544,5,710010849,2016-05-02,2016-08-02,1.0,1140000.0,2016-04-01,ws,1
6806,0,710010849,2016-08-02,2018-05-02,1.0,1090000.0,2016-07-01,ws,1
8072,9,710010849,2018-05-02,2025-06-30,,0.0,2018-04-01,aes,2
2335,3,710010850,2010-01-01,2014-11-02,1.0,164000.0,2014-10-01,bsl,0
4254,0,710010850,2014-11-02,2016-05-02,1.0,164000.0,2014-10-01,ws,1
6807,0,710010850,2016-05-02,2018-05-02,1.0,164000.0,2016-04-01,ws,1
9408,0,710010850,2018-05-02,2019-11-02,1.0,164000.0,2018-04-01,ws,1
11918,0,710010850,2019-11-02,2020-05-02,1.0,167000.0,2019-10-01,ws,1
14539,0,710010850,2020-05-02,2022-05-02,1.0,167000.0,2020-04-01,ws,1
21199,0,710010850,2022-05-02,2024-07-02,1.0,167000.0,2022-04-01,ws,1
25280,0,710010850,2024-07-02,2025-06-30,1.0,167000.0,2024-06-01,ws,1
2336,3,710010851,2010-01-01,2014-11-02,1.0,164000.0,2014-10-01,bsl,0
4255,0,710010851,2014-11-02,2016-05-02,1.0,164000.0,2014-10-01,ws,1
5546,9,710010851,2016-05-02,2025-06-30,,0.0,2016-04-01,aes,2
2337,3,710010852,2010-01-01,2014-11-02,1.0,339000.0,2014-10-01,bsl,0
4256,0,710010852,2014-11-02,2016-05-02,1.0,339000.0,2014-10-01,ws,1
5547,9,710010852,2016-05-02,2025-06-30,,0.0,2016-04-01,aes,2
2338,3,710010853,2010-01-01,2014-11-02,1.0,185000.0,2014-10-01,bsl,0
4257,0,710010853,2014-11-02,2016-05-02,1.0,185000.0,2014-10-01,ws,1
6808,0,710010853,2016-05-02,2018-05-02,1.0,185000.0,2016-04-01,ws,1
9409,0,710010853,2018-05-02,2019-11-02,1.0,185000.0,2018-04-01,ws,1
11919,0,710010853,2019-11-02,2020-05-02,1.0,188000.0,2019-10-01,ws,1
14540,0,710010853,2020-05-02,2022-05-02,1.0,188000.0,2020-04-01,ws,1
21200,0,710010853,2022-05-02,2024-07-02,1.0,188000.0,2022-04-01,ws,1
25281,0,710010853,2024-07-02,2025-06-30,1.0,188000.0,2024-06-01,ws,1
2339,3,710010854,2010-01-01,2014-11-02,1.0,342000.0,2014-10-01,bsl,0
4258,0,710010854,2014-11-02,2016-05-02,1.0,342000.0,2014-10-01,ws,1
6809,0,710010854,2016-05-02,2018-05-02,1.0,342000.0,2016-04-01,ws,1
9410,0,710010854,2018-05-02,2019-11-02,1.0,342000.0,2018-04-01,ws,1
11920,0,710010854,2019-11-02,2020-05-02,1.0,348000.0,2019-10-01,ws,1
14541,0,710010854,2020-05-02,2022-05-02,1.0,348000.0,2020-04-01,ws,1
21201,0,710010854,2022-05-02,2024-07-02,1.0,348000.0,2022-04-01,ws,1
25282,0,710010854,2024-07-02,2025-06-30,1.0,348000.0,2024-06-01,ws,1
2386,3,710010855,2010-01-01,2015-02-02,1.0,1690000.0,2015-01-01,bsl,0
4259,0,710010855,2015-02-02,2016-05-02,1.0,1690000.0,2015-01-01,ws,1
6810,0,710010855,2016-05-02,2018-05-02,1.0,1690000.0,2016-04-01,ws,1
9411,0,710010855,2018-05-02,2019-11-02,1.0,1640000.0,2018-04-01,ws,1
11921,0,710010855,2019-11-02,2020-05-02,1.0,1670000.0,2019-10-01,ws,1
14542,0,710010855,2020-05-02,2022-05-02,1.0,1660000.0,2020-04-01,ws,1
21202,0,710010855,2022-05-02,2024-07-02,1.0,1640000.0,2022-04-01,ws,1
25283,0,710010855,2024-07-02,2025-06-30,1.0,1640000.0,2024-06-01,ws,1
2392,3,710010856,2010-01-01,2015-05-02,1.0,323000.0,2015-04-01,bsl,0
4260,0,710010856,2015-05-02,2016-05-02,1.0,323000.0,2015-04-01,ws,1
6811,0,710010856,2016-05-02,2018-05-02,1.0,323000.0,2016-04-01,ws,1
9412,0,710010856,2018-05-02,2019-11-02,1.0,323000.0,2018-04-01,ws,1
11922,0,710010856,2019-11-02,2020-05-02,1.0,329000.0,2019-10-01,ws,1
14543,0,710010856,2020-05-02,2022-05-02,1.0,329000.0,2020-04-01,ws,1
21203,0,710010856,2022-05-02,2024-07-02,1.0,329000.0,2022-04-01,ws,1
25284,0,710010856,2024-07-02,2025-06-30,1.0,329000.0,2024-06-01,ws,1
2438,3,710010857,2010-01-01,2015-08-02,1.0,216000.0,2015-07-01,bsl,0
4261,0,710010857,2015-08-02,2016-05-02,1.0,216000.0,2015-07-01,ws,1
6812,0,710010857,2016-05-02,2018-05-02,1.0,216000.0,2016-04-01,ws,1
9413,0,710010857,2018-05-02,2019-11-02,1.0,216000.0,2018-04-01,ws,1
11923,0,710010857,2019-11-02,2020-05-02,1.0,219000.0,2019-10-01,ws,1
14544,0,710010857,2020-05-02,2022-05-02,1.0,219000.0,2020-04-01,ws,1
21204,0,710010857,2022-05-02,2024-07-02,1.0,219000.0,2022-04-01,ws,1
25285,0,710010857,2024-07-02,2025-06-30,1.0,219000.0,2024-06-01,ws,1
2439,3,710010858,2010-01-01,2015-08-02,1.0,4500000.0,2015-07-01,bsl,0
4262,0,710010858,2015-08-02,2016-05-02,1.0,4500000.0,2015-07-01,ws,1
6813,0,710010858,2016-05-02,2018-05-02,1.0,4500000.0,2016-04-01,ws,1
8079,9,710010858,2018-05-02,2025-06-30,,0.0,2018-04-01,aes,2
2440,3,710010859,2010-01-01,2015-08-02,1.0,4610000.0,2015-07-01,bsl,0
4263,0,710010859,2015-08-02,2016-05-02,1.0,4610000.0,2015-07-01,ws,1
5554,5,710010859,2016-05-02,2017-08-02,1.0,4610000.0,2016-04-01,ws,1
4937,9,710010859,2017-08-02,2025-06-30,,4610000.0,2017-07-01,aes,2
2441,3,710010860,2010-01-01,2015-08-02,1.0,1520000.0,2015-07-01,bsl,0
4264,0,710010860,2015-08-02,2016-05-02,1.0,1520000.0,2015-07-01,ws,1
6814,0,710010860,2016-05-02,2018-05-02,1.0,1520000.0,2016-04-01,ws,1
9414,0,710010860,2018-05-02,2019-11-02,1.0,1520000.0,2018-04-01,ws,1
11924,0,710010860,2019-11-02,2020-05-02,1.0,1550000.0,2019-10-01,ws,1
14545,0,710010860,2020-05-02,2022-05-02,1.0,1550000.0,2020-04-01,ws,1
21205,0,710010860,2022-05-02,2024-07-02,1.0,1550000.0,2022-04-01,ws,1
22609,9,710010860,2024-07-02,2025-06-30,,1550000.0,2024-06-01,aes,2
2442,3,710010861,2010-01-01,2015-08-02,1.0,1520000.0,2015-07-01,bsl,0
4265,0,710010861,2015-08-02,2016-05-02,1.0,1520000.0,2015-07-01,ws,1
6815,0,710010861,2016-05-02,2018-05-02,1.0,1520000.0,2016-04-01,ws,1
8081,9,710010861,2018-05-02,2025-06-30,,0.0,2018-04-01,aes,2
2443,3,710010862,2010-01-01,2015-08-02,1.0,338000.0,2015-07-01,bsl,0
4266,0,710010862,2015-08-02,2016-05-02,1.0,338000.0,2015-07-01,ws,1
6816,0,710010862,2016-05-02,2018-05-02,1.0,338000.0,2016-04-01,ws,1
9415,0,710010862,2018-05-02,2019-11-02,1.0,338000.0,2018-04-01,ws,1
11925,0,710010862,2019-11-02,2020-05-02,1.0,344000.0,2019-10-01,ws,1
14546,0,710010862,2020-05-02,2022-05-02,1.0,344000.0,2020-04-01,ws,1
21206,0,710010862,2022-05-02,2024-07-02,1.0,344000.0,2022-04-01,ws,1
22610,9,710010862,2024-07-02,2025-06-30,,344000.0,2024-06-01,aes,2
2444,3,710010863,2010-01-01,2015-08-02,1.0,338000.0,2015-07-01,bsl,0
4267,0,710010863,2015-08-02,2016-05-02,1.0,338000.0,2015-07-01,ws,1
6817,0,710010863,2016-05-02,2018-05-02,1.0,338000.0,2016-04-01,ws,1
8083,9,710010863,2018-05-02,2025-06-30,,0.0,2018-04-01,aes,2
2445,3,710010864,2010-01-01,2015-08-02,1.0,878000.0,2015-07-01,bsl,0
4268,0,710010864,2015-08-02,2016-05-02,1.0,878000.0,2015-07-01,ws,1
6818,0,710010864,2016-05-02,2018-05-02,1.0,878000.0,2016-04-01,ws,1
9416,0,710010864,2018-05-02,2019-11-02,1.0,878000.0,2018-04-01,ws,1
11926,0,710010864,2019-11-02,2020-05-02,1.0,894000.0,2019-10-01,ws,1
14547,0,710010864,2020-05-02,2022-05-02,1.0,894000.0,2020-04-01,ws,1
21207,0,710010864,2022-05-02,2024-07-02,1.0,894000.0,2022-04-01,ws,1
25286,0,710010864,2024-07-02,2025-06-30,1.0,894000.0,2024-06-01,ws,1
2446,3,710010865,2010-01-01,2015-08-02,1.0,878000.0,2015-07-01,bsl,0
4269,0,710010865,2015-08-02,2016-05-02,1.0,878000.0,2015-07-01,ws,1
6819,0,710010865,2016-05-02,2018-05-02,1.0,878000.0,2016-04-01,ws,1
8085,9,710010865,2018-05-02,2025-06-30,,0.0,2018-04-01,aes,2
2449,3,710010866,2010-01-01,2015-09-02,1.0,5170000.0,2015-08-01,bsl,0
4270,0,710010866,2015-09-02,2016-05-02,1.0,5170000.0,2015-08-01,ws,1
6820,0,710010866,2016-05-02,2018-05-02,1.0,5170000.0,2016-04-01,ws,1
9417,0,710010866,2018-05-02,2019-11-02,1.0,6480000.0,2018-04-01,ws,1
11927,0,710010866,2019-11-02,2020-05-02,1.0,6600000.0,2019-10-01,ws,1
14548,0,710010866,2020-05-02,2022-05-02,1.0,6600000.0,2020-04-01,ws,1
21208,0,710010866,2022-05-02,2024-07-02,1.0,6600000.0,2022-04-01,ws,1
25287,0,710010866,2024-07-02,2025-06-30,1.0,6600000.0,2024-06-01,ws,1
2450,3,710010867,2010-01-01,2015-09-02,1.0,5170000.0,2015-08-01,bsl,0
4271,0,710010867,2015-09-02,2016-05-02,1.0,5170000.0,2015-08-01,ws,1
6821,0,710010867,2016-05-02,2018-05-02,1.0,5170000.0,2016-04-01,ws,1
8087,9,710010867,2018-05-02,2025-06-30,,0.0,2018-04-01,aes,2
2451,3,710010868,2010-01-01,2015-09-02,1.0,764000.0,2015-08-01,bsl,0
4272,0,710010868,2015-09-02,2016-05-02,1.0,764000.0,2015-08-01,ws,1
6822,0,710010868,2016-05-02,2018-05-02,1.0,764000.0,2016-04-01,ws,1
9418,0,710010868,2018-05-02,2019-11-02,1.0,1050000.0,2018-04-01,ws,1
11928,0,710010868,2019-11-02,2020-05-02,1.0,1070000.0,2019-10-01,ws,1
14549,0,710010868,2020-05-02,2022-05-02,1.0,1070000.0,2020-04-01,ws,1
21209,0,710010868,2022-05-02,2024-07-02,1.0,1070000.0,2022-04-01,ws,1
25288,0,710010868,2024-07-02,2025-06-30,1.0,1070000.0,2024-06-01,ws,1
2452,3,710010869,2010-01-01,2015-09-02,1.0,764000.0,2015-08-01,bsl,0
4273,0,710010869,2015-09-02,2016-05-02,1.0,764000.0,2015-08-01,ws,1
6823,0,710010869,2016-05-02,2018-05-02,1.0,764000.0,2016-04-01,ws,1
8089,9,710010869,2018-05-02,2025-06-30,,0.0,2018-04-01,aes,2
2453,3,710010870,2010-01-01,2015-09-02,1.0,708000.0,2015-08-01,bsl,0
4274,0,710010870,2015-09-02,2016-05-02,1.0,708000.0,2015-08-01,ws,1
6824,0,710010870,2016-05-02,2018-05-02,1.0,708000.0,2016-04-01,ws,1
9419,0,710010870,2018-05-02,2019-11-02,1.0,708000.0,2018-04-01,ws,1
11929,0,710010870,2019-11-02,2020-05-02,1.0,721000.0,2019-10-01,ws,1
14550,0,710010870,2020-05-02,2022-05-02,1.0,721000.0,2020-04-01,ws,1
21210,0,710010870,2022-05-02,2024-07-02,1.0,721000.0,2022-04-01,ws,1
25289,0,710010870,2024-07-02,2025-06-30,1.0,721000.0,2024-06-01,ws,1
2454,3,710010871,2010-01-01,2015-09-02,1.0,708000.0,2015-08-01,bsl,0
4275,0,710010871,2015-09-02,2016-05-02,1.0,708000.0,2015-08-01,ws,1
6825,0,710010871,2016-05-02,2018-05-02,1.0,708000.0,2016-04-01,ws,1
8091,9,710010871,2018-05-02,2025-06-30,,0.0,2018-04-01,aes,2
2455,3,710010872,2010-01-01,2015-09-02,1.0,712000.0,2015-08-01,bsl,0
4276,0,710010872,2015-09-02,2016-05-02,1.0,712000.0,2015-08-01,ws,1
6826,0,710010872,2016-05-02,2018-05-02,1.0,712000.0,2016-04-01,ws,1
9420,0,710010872,2018-05-02,2019-11-02,1.0,783000.0,2018-04-01,ws,1
11930,0,710010872,2019-11-02,2020-05-02,1.0,798000.0,2019-10-01,ws,1
14551,0,710010872,2020-05-02,2022-05-02,1.0,798000.0,2020-04-01,ws,1
21211,0,710010872,2022-05-02,2024-07-02,1.0,798000.0,2022-04-01,ws,1
25290,0,710010872,2024-07-02,2025-06-30,1.0,798000.0,2024-06-01,ws,1
2456,3,710010873,2010-01-01,2015-09-02,1.0,712000.0,2015-08-01,bsl,0
4277,0,710010873,2015-09-02,2016-05-02,1.0,712000.0,2015-08-01,ws,1
6827,0,710010873,2016-05-02,2018-05-02,1.0,712000.0,2016-04-01,ws,1
8093,9,710010873,2018-05-02,2025-06-30,,0.0,2018-04-01,aes,2
2457,3,710010874,2010-01-01,2015-09-02,1.0,342000.0,2015-08-01,bsl,0
4278,0,710010874,2015-09-02,2016-05-02,1.0,342000.0,2015-08-01,ws,1
6828,0,710010874,2016-05-02,2018-05-02,1.0,342000.0,2016-04-01,ws,1
9421,0,710010874,2018-05-02,2019-11-02,1.0,400000.0,2018-04-01,ws,1
11931,0,710010874,2019-11-02,2020-05-02,1.0,407000.0,2019-10-01,ws,1
14552,0,710010874,2020-05-02,2022-05-02,1.0,407000.0,2020-04-01,ws,1
21212,0,710010874,2022-05-02,2024-07-02,1.0,407000.0,2022-04-01,ws,1
25291,0,710010874,2024-07-02,2025-06-30,1.0,407000.0,2024-06-01,ws,1
2458,3,710010875,2010-01-01,2015-09-02,1.0,342000.0,2015-08-01,bsl,0
4279,0,710010875,2015-09-02,2016-05-02,1.0,342000.0,2015-08-01,ws,1
6829,0,710010875,2016-05-02,2018-05-02,1.0,342000.0,2016-04-01,ws,1
8095,9,710010875,2018-05-02,2025-06-30,,0.0,2018-04-01,aes,2
2459,3,710010876,2010-01-01,2015-09-02,1.0,82000.0,2015-08-01,bsl,0
4280,0,710010876,2015-09-02,2016-05-02,1.0,82000.0,2015-08-01,ws,1
6830,0,710010876,2016-05-02,2018-05-02,1.0,82000.0,2016-04-01,ws,1
9422,0,710010876,2018-05-02,2019-11-02,1.0,130000.0,2018-04-01,ws,1
11932,0,710010876,2019-11-02,2020-05-02,1.0,132000.0,2019-10-01,ws,1
14553,0,710010876,2020-05-02,2022-05-02,1.0,132000.0,2020-04-01,ws,1
21213,0,710010876,2022-05-02,2024-07-02,1.0,132000.0,2022-04-01,ws,1
25292,0,710010876,2024-07-02,2025-06-30,1.0,132000.0,2024-06-01,ws,1
2460,3,710010877,2010-01-01,2015-09-02,1.0,82000.0,2015-08-01,bsl,0
4281,0,710010877,2015-09-02,2016-05-02,1.0,82000.0,2015-08-01,ws,1
6831,0,710010877,2016-05-02,2018-05-02,1.0,82000.0,2016-04-01,ws,1
8097,9,710010877,2018-05-02,2025-06-30,,0.0,2018-04-01,aes,2
2461,3,710010878,2010-01-01,2015-09-02,1.0,152000.0,2015-08-01,bsl,0
4282,0,710010878,2015-09-02,2016-05-02,1.0,152000.0,2015-08-01,ws,1
6832,0,710010878,2016-05-02,2018-05-02,1.0,152000.0,2016-04-01,ws,1
9423,0,710010878,2018-05-02,2019-11-02,1.0,222000.0,2018-04-01,ws,1
11933,0,710010878,2019-11-02,2020-05-02,1.0,226000.0,2019-10-01,ws,1
14554,0,710010878,2020-05-02,2022-05-02,1.0,202000.0,2020-04-01,ws,1
21214,0,710010878,2022-05-02,2024-07-02,1.0,197000.0,2022-04-01,ws,1
25293,0,710010878,2024-07-02,2025-06-30,1.0,194000.0,2024-06-01,ws,1
2462,3,710010879,2010-01-01,2015-09-02,1.0,152000.0,2015-08-01,bsl,0
4283,0,710010879,2015-09-02,2016-05-02,1.0,152000.0,2015-08-01,ws,1
6833,0,710010879,2016-05-02,2018-05-02,1.0,152000.0,2016-04-01,ws,1
8099,9,710010879,2018-05-02,2025-06-30,,0.0,2018-04-01,aes,2
2463,3,710010880,2010-01-01,2015-09-02,1.0,152000.0,2015-08-01,bsl,0
4284,0,710010880,2015-09-02,2016-05-02,1.0,152000.0,2015-08-01,ws,1
6834,0,710010880,2016-05-02,2018-05-02,1.0,152000.0,2016-04-01,ws,1
9424,0,710010880,2018-05-02,2019-11-02,1.0,222000.0,2018-04-01,ws,1
11934,0,710010880,2019-11-02,2020-05-02,1.0,226000.0,2019-10-01,ws,1
14555,0,710010880,2020-05-02,2022-05-02,1.0,226000.0,2020-04-01,ws,1
21215,0,710010880,2022-05-02,2024-07-02,1.0,198000.0,2022-04-01,ws,1
25294,0,710010880,2024-07-02,2025-06-30,1.0,198000.0,2024-06-01,ws,1
2464,3,710010881,2010-01-01,2015-09-02,1.0,152000.0,2015-08-01,bsl,0
4285,0,710010881,2015-09-02,2016-05-02,1.0,152000.0,2015-08-01,ws,1
6835,0,710010881,2016-05-02,2018-05-02,1.0,152000.0,2016-04-01,ws,1
8101,9,710010881,2018-05-02,2025-06-30,,0.0,2018-04-01,aes,2
2474,3,710010882,2010-01-01,2015-11-02,1.0,88700.0,2015-10-01,bsl,0
4286,0,710010882,2015-11-02,2016-05-02,1.0,88700.0,2015-10-01,ws,1
6836,0,710010882,2016-05-02,2018-05-02,1.0,88700.0,2016-04-01,ws,1
9425,0,710010882,2018-05-02,2019-11-02,1.0,88700.0,2018-04-01,ws,1
11935,0,710010882,2019-11-02,2020-05-02,1.0,90300.0,2019-10-01,ws,1
14556,0,710010882,2020-05-02,2022-05-02,1.0,90300.0,2020-04-01,ws,1
21216,0,710010882,2022-05-02,2024-07-02,1.0,90300.0,2022-04-01,ws,1
25295,0,710010882,2024-07-02,2025-06-30,1.0,90300.0,2024-06-01,ws,1
2475,3,710010883,2010-01-01,2015-11-02,1.0,1390000.0,2015-10-01,bsl,0
4287,0,710010883,2015-11-02,2016-05-02,1.0,1390000.0,2015-10-01,ws,1
6837,0,710010883,2016-05-02,2018-05-02,1.0,1390000.0,2016-04-01,ws,1
9426,0,710010883,2018-05-02,2019-11-02,1.0,1390000.0,2018-04-01,ws,1
11936,0,710010883,2019-11-02,2020-05-02,1.0,1420000.0,2019-10-01,ws,1
13186,0,710010883,2020-05-02,2021-01-02,1.0,1420000.0,2020-04-01,ws,1
14557,0,710010883,2021-01-02,2022-05-02,1.0,1420000.0,2020-12-01,ws,1
21217,0,710010883,2022-05-02,2024-07-02,1.0,1420000.0,2022-04-01,ws,1
25296,0,710010883,2024-07-02,2025-06-30,1.0,1420000.0,2024-06-01,ws,1
2476,3,710010884,2010-01-01,2015-11-02,1.0,231000.0,2015-10-01,bsl,0
4288,0,710010884,2015-11-02,2016-05-02,1.0,231000.0,2015-10-01,ws,1
6838,0,710010884,2016-05-02,2018-05-02,1.0,231000.0,2016-04-01,ws,1
9427,0,710010884,2018-05-02,2019-11-02,1.0,231000.0,2018-04-01,ws,1
11937,0,710010884,2019-11-02,2020-05-02,1.0,235000.0,2019-10-01,ws,1
14558,0,710010884,2020-05-02,2022-05-02,1.0,229000.0,2020-04-01,ws,1
21218,0,710010884,2022-05-02,2024-07-02,1.0,229000.0,2022-04-01,ws,1
25297,0,710010884,2024-07-02,2025-06-30,1.0,229000.0,2024-06-01,ws,1
2477,3,710010885,2010-01-01,2015-11-02,1.0,243000.0,2015-10-01,bsl,0
4289,0,710010885,2015-11-02,2016-05-02,1.0,243000.0,2015-10-01,ws,1
5580,5,710010885,2016-05-02,2017-11-02,1.0,243000.0,2016-04-01,ws,1
6839,0,710010885,2017-11-02,2018-05-02,1.0,231000.0,2017-10-01,ws,1
8105,9,710010885,2018-05-02,2025-06-30,,0.0,2018-04-01,aes,2
2492,3,710010886,2010-01-01,2016-02-02,1.0,53600.0,2016-01-01,bsl,0
4290,3,710010886,2016-02-02,2016-05-02,1.0,53600.0,2016-01-01,ws,1
6840,0,710010886,2016-05-02,2018-05-02,1.0,53600.0,2016-04-01,ws,1
8106,9,710010886,2018-05-02,2025-06-30,,0.0,2018-04-01,aes,2
2493,3,710010887,2010-01-01,2016-02-02,1.0,1240000.0,2016-01-01,bsl,0
4291,3,710010887,2016-02-02,2016-05-02,1.0,1240000.0,2016-01-01,ws,1
6841,0,710010887,2016-05-02,2018-05-02,1.0,1240000.0,2016-04-01,ws,1
8107,9,710010887,2018-05-02,2025-06-30,,0.0,2018-04-01,aes,2
2494,3,710010888,2010-01-01,2016-02-02,1.0,1870000.0,2016-01-01,bsl,0
4292,3,710010888,2016-02-02,2016-05-02,1.0,1870000.0,2016-01-01,ws,1
6842,0,710010888,2016-05-02,2018-05-02,1.0,1870000.0,2016-04-01,ws,1
9428,0,710010888,2018-05-02,2019-11-02,1.0,1870000.0,2018-04-01,ws,1
11938,0,710010888,2019-11-02,2020-05-02,1.0,1880000.0,2019-10-01,ws,1
14559,0,710010888,2020-05-02,2022-05-02,1.0,1880000.0,2020-04-01,ws,1
21219,0,710010888,2022-05-02,2024-07-02,1.0,1880000.0,2022-04-01,ws,1
25298,0,710010888,2024-07-02,2025-06-30,1.0,1880000.0,2024-06-01,ws,1
2495,3,710010889,2010-01-01,2016-02-02,1.0,2090000.0,2016-01-01,bsl,0
4293,3,710010889,2016-02-02,2016-05-02,1.0,2090000.0,2016-01-01,ws,1
6843,0,710010889,2016-05-02,2018-05-02,1.0,2090000.0,2016-04-01,ws,1
8109,9,710010889,2018-05-02,2025-06-30,,0.0,2018-04-01,aes,2
2496,3,710010890,2010-01-01,2016-02-02,1.0,3060000.0,2016-01-01,bsl,0
4294,3,710010890,2016-02-02,2016-05-02,1.0,3060000.0,2016-01-01,ws,1
6844,0,710010890,2016-05-02,2018-05-02,1.0,3060000.0,2016-04-01,ws,1
9429,0,710010890,2018-05-02,2019-11-02,1.0,3060000.0,2018-04-01,ws,1
11939,0,710010890,2019-11-02,2020-05-02,1.0,3120000.0,2019-10-01,ws,1
14560,0,710010890,2020-05-02,2022-05-02,1.0,3120000.0,2020-04-01,ws,1
21220,0,710010890,2022-05-02,2024-07-02,1.0,3120000.0,2022-04-01,ws,1
25299,0,710010890,2024-07-02,2025-06-30,1.0,3120000.0,2024-06-01,ws,1
2497,3,710010891,2010-01-01,2016-02-02,1.0,870000.0,2016-01-01,bsl,0
4295,3,710010891,2016-02-02,2016-05-02,1.0,870000.0,2016-01-01,ws,1
6845,0,710010891,2016-05-02,2018-05-02,1.0,870000.0,2016-04-01,ws,1
9430,0,710010891,2018-05-02,2019-11-02,1.0,870000.0,2018-04-01,ws,1
11940,0,710010891,2019-11-02,2020-05-02,1.0,886000.0,2019-10-01,ws,1
13190,5,710010891,2020-05-02,2021-02-02,1.0,842000.0,2020-04-01,ws,1
13968,5,710010891,2021-02-02,2021-05-02,,753000.0,2021-01-01,ws,1
13993,5,710010891,2021-05-02,2022-02-02,,665000.0,2021-04-01,ws,1
14561,5,710010891,2022-02-02,2022-05-02,1.0,602000.0,2022-01-01,ws,1
21221,0,710010891,2022-05-02,2024-07-02,1.0,602000.0,2022-04-01,ws,1
25300,0,710010891,2024-07-02,2025-06-30,1.0,602000.0,2024-06-01,ws,1
2498,3,710010892,2010-01-01,2016-02-02,1.0,4160.0,2016-01-01,bsl,0
4296,3,710010892,2016-02-02,2016-05-02,1.0,4160.0,2016-01-01,ws,1
6846,0,710010892,2016-05-02,2018-05-02,1.0,4160.0,2016-04-01,ws,1
9431,0,710010892,2018-05-02,2019-11-02,1.0,4160.0,2018-04-01,ws,1
11941,0,710010892,2019-11-02,2020-05-02,1.0,4240.0,2019-10-01,ws,1
14562,0,710010892,2020-05-02,2022-05-02,1.0,4200.0,2020-04-01,ws,1
21222,0,710010892,2022-05-02,2024-07-02,1.0,4200.0,2022-04-01,ws,1
25301,0,710010892,2024-07-02,2025-06-30,1.0,4200.0,2024-06-01,ws,1
2499,3,710010893,2010-01-01,2016-02-02,1.0,3670000.0,2016-01-01,bsl,0
4297,3,710010893,2016-02-02,2016-05-02,1.0,3670000.0,2016-01-01,ws,1
6847,0,710010893,2016-05-02,2018-05-02,1.0,3670000.0,2016-04-01,ws,1
9432,0,710010893,2018-05-02,2019-11-02,1.0,3670000.0,2018-04-01,ws,1
11942,0,710010893,2019-11-02,2020-05-02,1.0,3740000.0,2019-10-01,ws,1
14563,0,710010893,2020-05-02,2022-05-02,1.0,3740000.0,2020-04-01,ws,1
21223,0,710010893,2022-05-02,2024-07-02,1.0,3740000.0,2022-04-01,ws,1
25302,0,710010893,2024-07-02,2025-06-30,1.0,3740000.0,2024-06-01,ws,1
2500,3,710010894,2010-01-01,2016-02-02,1.0,6360000.0,2016-01-01,bsl,0
4298,3,710010894,2016-02-02,2016-05-02,1.0,6360000.0,2016-01-01,ws,1
6848,0,710010894,2016-05-02,2018-05-02,1.0,6360000.0,2016-04-01,ws,1
9433,0,710010894,2018-05-02,2019-11-02,1.0,6360000.0,2018-04-01,ws,1
11943,0,710010894,2019-11-02,2020-05-02,1.0,6480000.0,2019-10-01,ws,1
14564,0,710010894,2020-05-02,2022-05-02,1.0,6480000.0,2020-04-01,ws,1
21224,0,710010894,2022-05-02,2024-07-02,1.0,6480000.0,2022-04-01,ws,1
23969,0,710010894,2024-07-02,2024-10-02,1.0,6480000.0,2024-06-01,ws,1
22041,9,710010894,2024-10-02,2025-06-30,,6480000.0,2024-09-01,aes,2
2501,3,710010895,2010-01-01,2016-02-02,1.0,1680000.0,2016-01-01,bsl,0
4299,3,710010895,2016-02-02,2016-05-02,1.0,1680000.0,2016-01-01,ws,1
6849,0,710010895,2016-05-02,2018-05-02,1.0,1680000.0,2016-04-01,ws,1
9434,0,710010895,2018-05-02,2019-11-02,1.0,1680000.0,2018-04-01,ws,1
11944,0,710010895,2019-11-02,2020-05-02,1.0,1710000.0,2019-10-01,ws,1
14565,0,710010895,2020-05-02,2022-05-02,1.0,1710000.0,2020-04-01,ws,1
21225,0,710010895,2022-05-02,2024-07-02,1.0,1710000.0,2022-04-01,ws,1
23970,0,710010895,2024-07-02,2024-10-02,1.0,1710000.0,2024-06-01,ws,1
22042,9,710010895,2024-10-02,2025-06-30,,1710000.0,2024-09-01,aes,2
2502,3,710010896,2010-01-01,2016-02-02,1.0,892.0,2016-01-01,bsl,0
4300,3,710010896,2016-02-02,2016-05-02,1.0,892.0,2016-01-01,ws,1
6850,0,710010896,2016-05-02,2018-05-02,1.0,892.0,2016-04-01,ws,1
9435,0,710010896,2018-05-02,2019-11-02,1.0,892.0,2018-04-01,ws,1
11945,0,710010896,2019-11-02,2020-05-02,1.0,909.0,2019-10-01,ws,1
14566,0,710010896,2020-05-02,2022-05-02,1.0,694.0,2020-04-01,ws,1
21226,0,710010896,2022-05-02,2024-07-02,1.0,613.0,2022-04-01,ws,1
25303,0,710010896,2024-07-02,2025-06-30,1.0,607.0,2024-06-01,ws,1
5592,3,710010897,2010-01-01,2016-05-02,1.0,633.0,2016-04-01,bsl,0
6851,0,710010897,2016-05-02,2018-05-02,1.0,633.0,2016-04-01,ws,1
9436,0,710010897,2018-05-02,2019-11-02,1.0,633.0,2018-04-01,ws,1
11946,0,710010897,2019-11-02,2020-05-02,1.0,645.0,2019-10-01,ws,1
14567,0,710010897,2020-05-02,2022-05-02,1.0,645.0,2020-04-01,ws,1
21227,0,710010897,2022-05-02,2024-07-02,1.0,645.0,2022-04-01,ws,1
25304,0,710010897,2024-07-02,2025-06-30,1.0,862.0,2024-06-01,ws,1
5593,3,710010898,2010-01-01,2016-05-02,1.0,1690.0,2016-04-01,bsl,0
6852,0,710010898,2016-05-02,2018-05-02,1.0,1690.0,2016-04-01,ws,1
9437,0,710010898,2018-05-02,2019-11-02,1.0,1690.0,2018-04-01,ws,1
11947,0,710010898,2019-11-02,2020-05-02,1.0,1720.0,2019-10-01,ws,1
14568,0,710010898,2020-05-02,2022-05-02,1.0,1720.0,2020-04-01,ws,1
21228,0,710010898,2022-05-02,2024-07-02,1.0,1720.0,2022-04-01,ws,1
25305,0,710010898,2024-07-02,2025-06-30,1.0,2030.0,2024-06-01,ws,1
5594,3,710010899,2010-01-01,2016-05-02,1.0,1590.0,2016-04-01,bsl,0
6853,0,710010899,2016-05-02,2018-05-02,1.0,1590.0,2016-04-01,ws,1
9438,0,710010899,2018-05-02,2019-11-02,1.0,1510.0,2018-04-01,ws,1
11948,0,710010899,2019-11-02,2020-05-02,1.0,1480.0,2019-10-01,ws,1
13198,9,710010899,2020-05-02,2025-06-30,,0.0,2020-04-01,aes,2
5595,3,710010900,2010-01-01,2016-05-02,1.0,1530.0,2016-04-01,bsl,0
6854,0,710010900,2016-05-02,2018-05-02,1.0,1530.0,2016-04-01,ws,1
9439,0,710010900,2018-05-02,2019-11-02,1.0,1520.0,2018-04-01,ws,1
11949,0,710010900,2019-11-02,2020-05-02,1.0,1500.0,2019-10-01,ws,1
14569,0,710010900,2020-05-02,2022-05-02,1.0,1500.0,2020-04-01,ws,1
21229,0,710010900,2022-05-02,2024-07-02,1.0,1480.0,2022-04-01,ws,1
25306,0,710010900,2024-07-02,2025-06-30,1.0,1440.0,2024-06-01,ws,1
5596,3,710010901,2010-01-01,2016-05-02,1.0,1610.0,2016-04-01,bsl,0
6855,0,710010901,2016-05-02,2018-05-02,1.0,1610.0,2016-04-01,ws,1
9440,0,710010901,2018-05-02,2019-11-02,1.0,1610.0,2018-04-01,ws,1
11950,0,710010901,2019-11-02,2020-05-02,1.0,1340.0,2019-10-01,ws,1
13200,9,710010901,2020-05-02,2025-06-30,,0.0,2020-04-01,aes,2
5597,3,710010902,2010-01-01,2016-05-02,1.0,1650.0,2016-04-01,bsl,0
6856,0,710010902,2016-05-02,2018-05-02,1.0,1650.0,2016-04-01,ws,1
9441,0,710010902,2018-05-02,2019-11-02,1.0,1490.0,2018-04-01,ws,1
11951,0,710010902,2019-11-02,2020-05-02,1.0,1520.0,2019-10-01,ws,1
14570,0,710010902,2020-05-02,2022-05-02,1.0,1500.0,2020-04-01,ws,1
21230,0,710010902,2022-05-02,2024-07-02,1.0,1500.0,2022-04-01,ws,1
25307,0,710010902,2024-07-02,2025-06-30,1.0,1500.0,2024-06-01,ws,1
5598,3,710010903,2010-01-01,2016-05-02,1.0,1600.0,2016-04-01,bsl,0
6857,0,710010903,2016-05-02,2018-05-02,1.0,1600.0,2016-04-01,ws,1
9442,0,710010903,2018-05-02,2019-11-02,1.0,1440.0,2018-04-01,ws,1
11952,0,710010903,2019-11-02,2020-05-02,1.0,1470.0,2019-10-01,ws,1
13202,9,710010903,2020-05-02,2025-06-30,,0.0,2020-04-01,aes,2
5599,3,710010904,2010-01-01,2016-05-02,1.0,1670.0,2016-04-01,bsl,0
6858,0,710010904,2016-05-02,2018-05-02,1.0,1670.0,2016-04-01,ws,1
9443,0,710010904,2018-05-02,2019-11-02,1.0,1540.0,2018-04-01,ws,1
11953,0,710010904,2019-11-02,2020-05-02,1.0,1490.0,2019-10-01,ws,1
14571,0,710010904,2020-05-02,2022-05-02,1.0,1490.0,2020-04-01,ws,1
21231,0,710010904,2022-05-02,2024-07-02,1.0,1480.0,2022-04-01,ws,1
25308,0,710010904,2024-07-02,2025-06-30,1.0,1450.0,2024-06-01,ws,1
5600,3,710010905,2010-01-01,2016-05-02,1.0,1600.0,2016-04-01,bsl,0
6859,0,710010905,2016-05-02,2018-05-02,1.0,1600.0,2016-04-01,ws,1
9444,0,710010905,2018-05-02,2019-11-02,1.0,1600.0,2018-04-01,ws,1
11954,0,710010905,2019-11-02,2020-05-02,1.0,1630.0,2019-10-01,ws,1
13204,9,710010905,2020-05-02,2025-06-30,,0.0,2020-04-01,aes,2
5601,3,710010906,2010-01-01,2016-05-02,1.0,1740.0,2016-04-01,bsl,0
6860,0,710010906,2016-05-02,2018-05-02,1.0,1740.0,2016-04-01,ws,1
9445,0,710010906,2018-05-02,2019-11-02,1.0,1620.0,2018-04-01,ws,1
11955,0,710010906,2019-11-02,2020-05-02,1.0,1580.0,2019-10-01,ws,1
14572,0,710010906,2020-05-02,2022-05-02,1.0,1570.0,2020-04-01,ws,1
21232,0,710010906,2022-05-02,2024-07-02,1.0,1520.0,2022-04-01,ws,1
25309,0,710010906,2024-07-02,2025-06-30,1.0,1520.0,2024-06-01,ws,1
5602,3,710010907,2010-01-01,2016-05-02,1.0,1660.0,2016-04-01,bsl,0
6861,0,710010907,2016-05-02,2018-05-02,1.0,1660.0,2016-04-01,ws,1
9446,0,710010907,2018-05-02,2019-11-02,1.0,1610.0,2018-04-01,ws,1
11956,0,710010907,2019-11-02,2020-05-02,1.0,1610.0,2019-10-01,ws,1
13206,9,710010907,2020-05-02,2025-06-30,,0.0,2020-04-01,aes,2
5603,3,710010908,2010-01-01,2016-05-02,1.0,1660.0,2016-04-01,bsl,0
6862,0,710010908,2016-05-02,2018-05-02,1.0,1660.0,2016-04-01,ws,1
9447,0,710010908,2018-05-02,2019-11-02,1.0,1630.0,2018-04-01,ws,1
11957,0,710010908,2019-11-02,2020-05-02,1.0,1620.0,2019-10-01,ws,1
14573,0,710010908,2020-05-02,2022-05-02,1.0,1620.0,2020-04-01,ws,1
21233,0,710010908,2022-05-02,2024-07-02,1.0,1620.0,2022-04-01,ws,1
25310,0,710010908,2024-07-02,2025-06-30,1.0,2220.0,2024-06-01,ws,1
5604,3,710010909,2010-01-01,2016-05-02,1.0,4450.0,2016-04-01,bsl,0
6863,0,710010909,2016-05-02,2018-05-02,1.0,4450.0,2016-04-01,ws,1
9448,0,710010909,2018-05-02,2019-11-02,1.0,4430.0,2018-04-01,ws,1
11958,0,710010909,2019-11-02,2020-05-02,1.0,4460.0,2019-10-01,ws,1
14574,0,710010909,2020-05-02,2022-05-02,1.0,4330.0,2020-04-01,ws,1
21234,0,710010909,2022-05-02,2024-07-02,1.0,4270.0,2022-04-01,ws,1
25311,0,710010909,2024-07-02,2025-06-30,1.0,4270.0,2024-06-01,ws,1
5605,3,710010910,2010-01-01,2016-05-02,1.0,73100.0,2016-04-01,bsl,0
6864,0,710010910,2016-05-02,2018-05-02,1.0,73100.0,2016-04-01,ws,1
9449,0,710010910,2018-05-02,2019-11-02,1.0,73100.0,2018-04-01,ws,1
11959,0,710010910,2019-11-02,2020-05-02,1.0,74500.0,2019-10-01,ws,1
14575,0,710010910,2020-05-02,2022-05-02,1.0,74500.0,2020-04-01,ws,1
21235,0,710010910,2022-05-02,2024-07-02,1.0,74500.0,2022-04-01,ws,1
25312,0,710010910,2024-07-02,2025-06-30,1.0,74500.0,2024-06-01,ws,1
5606,3,710010911,2010-01-01,2016-05-02,1.0,75900.0,2016-04-01,bsl,0
6865,0,710010911,2016-05-02,2018-05-02,1.0,75900.0,2016-04-01,ws,1
8131,9,710010911,2018-05-02,2025-06-30,,0.0,2018-04-01,aes,2
5607,3,710010912,2010-01-01,2016-05-02,1.0,4450.0,2016-04-01,bsl,0
6866,0,710010912,2016-05-02,2018-05-02,1.0,4450.0,2016-04-01,ws,1
9450,0,710010912,2018-05-02,2019-11-02,1.0,4430.0,2018-04-01,ws,1
11960,0,710010912,2019-11-02,2020-05-02,1.0,4460.0,2019-10-01,ws,1
14576,0,710010912,2020-05-02,2022-05-02,1.0,4330.0,2020-04-01,ws,1
21236,0,710010912,2022-05-02,2024-07-02,1.0,4270.0,2022-04-01,ws,1
25313,0,710010912,2024-07-02,2025-06-30,1.0,4270.0,2024-06-01,ws,1
5608,3,710010913,2010-01-01,2016-05-02,1.0,2620.0,2016-04-01,bsl,0
6867,0,710010913,2016-05-02,2018-05-02,1.0,2620.0,2016-04-01,ws,1
9451,0,710010913,2018-05-02,2019-11-02,1.0,2620.0,2018-04-01,ws,1
11961,0,710010913,2019-11-02,2020-05-02,1.0,2670.0,2019-10-01,ws,1
14577,0,710010913,2020-05-02,2022-05-02,1.0,2490.0,2020-04-01,ws,1
21237,0,710010913,2022-05-02,2024-07-02,1.0,2490.0,2022-04-01,ws,1
22641,9,710010913,2024-07-02,2025-06-30,,2490.0,2024-06-01,aes,2
5609,3,710010914,2010-01-01,2016-05-02,1.0,2100.0,2016-04-01,bsl,0
6868,0,710010914,2016-05-02,2018-05-02,1.0,2100.0,2016-04-01,ws,1
9452,0,710010914,2018-05-02,2019-11-02,1.0,2100.0,2018-04-01,ws,1
11962,0,710010914,2019-11-02,2020-05-02,1.0,2140.0,2019-10-01,ws,1
14578,0,710010914,2020-05-02,2022-05-02,1.0,2140.0,2020-04-01,ws,1
21238,0,710010914,2022-05-02,2024-07-02,1.0,2140.0,2022-04-01,ws,1
22642,9,710010914,2024-07-02,2025-06-30,,2140.0,2024-06-01,aes,2
5610,3,710010915,2010-01-01,2016-05-02,1.0,2410.0,2016-04-01,bsl,0
6869,0,710010915,2016-05-02,2018-05-02,1.0,2410.0,2016-04-01,ws,1
8135,9,710010915,2018-05-02,2025-06-30,,0.0,2018-04-01,aes,2
5611,3,710010916,2010-01-01,2016-05-02,1.0,1880.0,2016-04-01,bsl,0
6870,0,710010916,2016-05-02,2018-05-02,1.0,1880.0,2016-04-01,ws,1
9453,0,710010916,2018-05-02,2019-11-02,1.0,1880.0,2018-04-01,ws,1
11963,0,710010916,2019-11-02,2020-05-02,1.0,1910.0,2019-10-01,ws,1
14579,0,710010916,2020-05-02,2022-05-02,1.0,1910.0,2020-04-01,ws,1
21239,0,710010916,2022-05-02,2024-07-02,1.0,1910.0,2022-04-01,ws,1
25314,0,710010916,2024-07-02,2025-06-30,1.0,1910.0,2024-06-01,ws,1
5612,3,710010917,2010-01-01,2016-05-02,1.0,5710.0,2016-04-01,bsl,0
6871,0,710010917,2016-05-02,2018-05-02,1.0,5710.0,2016-04-01,ws,1
9454,0,710010917,2018-05-02,2019-11-02,1.0,5710.0,2018-04-01,ws,1
11964,0,710010917,2019-11-02,2020-05-02,1.0,5820.0,2019-10-01,ws,1
14580,0,710010917,2020-05-02,2022-05-02,1.0,5820.0,2020-04-01,ws,1
21240,0,710010917,2022-05-02,2024-07-02,1.0,5820.0,2022-04-01,ws,1
25315,0,710010917,2024-07-02,2025-06-30,1.0,5820.0,2024-06-01,ws,1
5613,3,710010918,2010-01-01,2016-05-02,1.0,4520.0,2016-04-01,bsl,0
6872,0,710010918,2016-05-02,2018-05-02,1.0,4520.0,2016-04-01,ws,1
9455,0,710010918,2018-05-02,2019-11-02,1.0,4520.0,2018-04-01,ws,1
11965,0,710010918,2019-11-02,2020-05-02,1.0,4600.0,2019-10-01,ws,1
14581,0,710010918,2020-05-02,2022-05-02,1.0,4600.0,2020-04-01,ws,1
21241,0,710010918,2022-05-02,2024-07-02,1.0,4600.0,2022-04-01,ws,1
25316,0,710010918,2024-07-02,2025-06-30,1.0,4600.0,2024-06-01,ws,1
5614,3,710010919,2010-01-01,2016-05-02,1.0,5600.0,2016-04-01,bsl,0
6873,0,710010919,2016-05-02,2018-05-02,1.0,5600.0,2016-04-01,ws,1
8139,9,710010919,2018-05-02,2025-06-30,,0.0,2018-04-01,aes,2
5615,3,710010920,2010-01-01,2016-05-02,1.0,2620.0,2016-04-01,bsl,0
6874,0,710010920,2016-05-02,2018-05-02,1.0,2620.0,2016-04-01,ws,1
9456,0,710010920,2018-05-02,2019-11-02,1.0,2620.0,2018-04-01,ws,1
11966,0,710010920,2019-11-02,2020-05-02,1.0,2670.0,2019-10-01,ws,1
14582,0,710010920,2020-05-02,2022-05-02,1.0,2670.0,2020-04-01,ws,1
21242,0,710010920,2022-05-02,2024-07-02,1.0,2670.0,2022-04-01,ws,1
22646,9,710010920,2024-07-02,2025-06-30,,2670.0,2024-06-01,aes,2
5616,3,710010921,2010-01-01,2016-05-02,1.0,2100.0,2016-04-01,bsl,0
6875,0,710010921,2016-05-02,2018-05-02,1.0,2100.0,2016-04-01,ws,1
9457,0,710010921,2018-05-02,2019-11-02,1.0,2100.0,2018-04-01,ws,1
11967,0,710010921,2019-11-02,2020-05-02,1.0,2140.0,2019-10-01,ws,1
14583,0,710010921,2020-05-02,2022-05-02,1.0,2140.0,2020-04-01,ws,1
21243,0,710010921,2022-05-02,2024-07-02,1.0,2140.0,2022-04-01,ws,1
22647,9,710010921,2024-07-02,2025-06-30,,2140.0,2024-06-01,aes,2
5617,3,710010922,2010-01-01,2016-05-02,1.0,2410.0,2016-04-01,bsl,0
6876,0,710010922,2016-05-02,2018-05-02,1.0,2410.0,2016-04-01,ws,1
8142,9,710010922,2018-05-02,2025-06-30,,0.0,2018-04-01,aes,2
5618,3,710010923,2010-01-01,2016-05-02,1.0,1880.0,2016-04-01,bsl,0
6877,0,710010923,2016-05-02,2018-05-02,1.0,1880.0,2016-04-01,ws,1
9458,0,710010923,2018-05-02,2019-11-02,1.0,1880.0,2018-04-01,ws,1
11968,0,710010923,2019-11-02,2020-05-02,1.0,1910.0,2019-10-01,ws,1
14584,0,710010923,2020-05-02,2022-05-02,1.0,1910.0,2020-04-01,ws,1
21244,0,710010923,2022-05-02,2024-07-02,1.0,1910.0,2022-04-01,ws,1
25317,0,710010923,2024-07-02,2025-06-30,1.0,1910.0,2024-06-01,ws,1
5619,3,710010924,2010-01-01,2016-05-02,1.0,18500.0,2016-04-01,bsl,0
6878,0,710010924,2016-05-02,2018-05-02,1.0,18500.0,2016-04-01,ws,1
9459,0,710010924,2018-05-02,2019-11-02,1.0,18500.0,2018-04-01,ws,1
11969,0,710010924,2019-11-02,2020-05-02,1.0,18800.0,2019-10-01,ws,1
14585,0,710010924,2020-05-02,2022-05-02,1.0,18800.0,2020-04-01,ws,1
21245,0,710010924,2022-05-02,2024-07-02,1.0,18800.0,2022-04-01,ws,1
25318,0,710010924,2024-07-02,2025-06-30,1.0,18800.0,2024-06-01,ws,1
5620,3,710010925,2010-01-01,2016-05-02,1.0,7200.0,2016-04-01,bsl,0
6879,0,710010925,2016-05-02,2018-05-02,1.0,7200.0,2016-04-01,ws,1
9460,0,710010925,2018-05-02,2019-11-02,1.0,7200.0,2018-04-01,ws,1
11970,0,710010925,2019-11-02,2020-05-02,1.0,7330.0,2019-10-01,ws,1
14586,0,710010925,2020-05-02,2022-05-02,1.0,7330.0,2020-04-01,ws,1
21246,0,710010925,2022-05-02,2024-07-02,1.0,7330.0,2022-04-01,ws,1
25319,0,710010925,2024-07-02,2025-06-30,1.0,7330.0,2024-06-01,ws,1
5621,3,710010926,2010-01-01,2016-05-02,1.0,633.0,2016-04-01,bsl,0
6880,0,710010926,2016-05-02,2018-05-02,1.0,633.0,2016-04-01,ws,1
9461,0,710010926,2018-05-02,2019-11-02,1.0,633.0,2018-04-01,ws,1
11971,0,710010926,2019-11-02,2020-05-02,1.0,645.0,2019-10-01,ws,1
14587,0,710010926,2020-05-02,2022-05-02,1.0,645.0,2020-04-01,ws,1
21247,0,710010926,2022-05-02,2024-07-02,1.0,645.0,2022-04-01,ws,1
25320,0,710010926,2024-07-02,2025-06-30,1.0,862.0,2024-06-01,ws,1
5622,3,710010927,2010-01-01,2016-05-02,1.0,1690.0,2016-04-01,bsl,0
6881,0,710010927,2016-05-02,2018-05-02,1.0,1690.0,2016-04-01,ws,1
9462,0,710010927,2018-05-02,2019-11-02,1.0,1690.0,2018-04-01,ws,1
11972,0,710010927,2019-11-02,2020-05-02,1.0,1720.0,2019-10-01,ws,1
14588,0,710010927,2020-05-02,2022-05-02,1.0,1720.0,2020-04-01,ws,1
21248,0,710010927,2022-05-02,2024-07-02,1.0,1720.0,2022-04-01,ws,1
25321,0,710010927,2024-07-02,2025-06-30,1.0,2030.0,2024-06-01,ws,1
4870,5,710010928,2010-01-01,2016-05-02,,,2016-04-01,bdm,0
6882,0,710010928,2016-05-02,2018-05-02,1.0,1590.0,2016-04-01,ws,1
9463,0,710010928,2018-05-02,2019-11-02,1.0,1510.0,2018-04-01,ws,1
11973,0,710010928,2019-11-02,2020-05-02,1.0,1480.0,2019-10-01,ws,1
13223,9,710010928,2020-05-02,2025-06-30,,0.0,2020-04-01,aes,2
4871,5,710010929,2010-01-01,2016-05-02,,,2016-04-01,bdm,0
6883,0,710010929,2016-05-02,2018-05-02,1.0,1530.0,2016-04-01,ws,1
9464,0,710010929,2018-05-02,2019-11-02,1.0,1520.0,2018-04-01,ws,1
11974,0,710010929,2019-11-02,2020-05-02,1.0,1500.0,2019-10-01,ws,1
14589,0,710010929,2020-05-02,2022-05-02,1.0,1500.0,2020-04-01,ws,1
21249,0,710010929,2022-05-02,2024-07-02,1.0,1480.0,2022-04-01,ws,1
25322,0,710010929,2024-07-02,2025-06-30,1.0,1440.0,2024-06-01,ws,1
4872,5,710010930,2010-01-01,2016-05-02,,,2016-04-01,bdm,0
6884,0,710010930,2016-05-02,2018-05-02,1.0,1610.0,2016-04-01,ws,1
9465,0,710010930,2018-05-02,2019-11-02,1.0,1610.0,2018-04-01,ws,1
11975,0,710010930,2019-11-02,2020-05-02,1.0,1340.0,2019-10-01,ws,1
13225,9,710010930,2020-05-02,2025-06-30,,0.0,2020-04-01,aes,2
4873,5,710010931,2010-01-01,2016-05-02,,,2016-04-01,bdm,0
6885,0,710010931,2016-05-02,2018-05-02,1.0,1650.0,2016-04-01,ws,1
9466,0,710010931,2018-05-02,2019-11-02,1.0,1490.0,2018-04-01,ws,1
11976,0,710010931,2019-11-02,2020-05-02,1.0,1520.0,2019-10-01,ws,1
14590,0,710010931,2020-05-02,2022-05-02,1.0,1500.0,2020-04-01,ws,1
21250,0,710010931,2022-05-02,2024-07-02,1.0,1500.0,2022-04-01,ws,1
25323,0,710010931,2024-07-02,2025-06-30,1.0,1500.0,2024-06-01,ws,1
4874,5,710010932,2010-01-01,2016-05-02,,,2016-04-01,bdm,0
6886,0,710010932,2016-05-02,2018-05-02,1.0,1600.0,2016-04-01,ws,1
9467,0,710010932,2018-05-02,2019-11-02,1.0,1440.0,2018-04-01,ws,1
11977,0,710010932,2019-11-02,2020-05-02,1.0,1470.0,2019-10-01,ws,1
13227,9,710010932,2020-05-02,2025-06-30,,0.0,2020-04-01,aes,2
4875,5,710010933,2010-01-01,2016-05-02,,,2016-04-01,bdm,0
6887,0,710010933,2016-05-02,2018-05-02,1.0,1670.0,2016-04-01,ws,1
9468,0,710010933,2018-05-02,2019-11-02,1.0,1540.0,2018-04-01,ws,1
11978,0,710010933,2019-11-02,2020-05-02,1.0,1490.0,2019-10-01,ws,1
14591,0,710010933,2020-05-02,2022-05-02,1.0,1490.0,2020-04-01,ws,1
21251,0,710010933,2022-05-02,2024-07-02,1.0,1480.0,2022-04-01,ws,1
25324,0,710010933,2024-07-02,2025-06-30,1.0,1450.0,2024-06-01,ws,1
4876,5,710010934,2010-01-01,2016-05-02,,,2016-04-01,bdm,0
6888,0,710010934,2016-05-02,2018-05-02,1.0,1600.0,2016-04-01,ws,1
9469,0,710010934,2018-05-02,2019-11-02,1.0,1600.0,2018-04-01,ws,1
11979,0,710010934,2019-11-02,2020-05-02,1.0,1630.0,2019-10-01,ws,1
13229,9,710010934,2020-05-02,2025-06-30,,0.0,2020-04-01,aes,2
4877,5,710010935,2010-01-01,2016-05-02,,,2016-04-01,bdm,0
6889,0,710010935,2016-05-02,2018-05-02,1.0,1740.0,2016-04-01,ws,1
9470,0,710010935,2018-05-02,2019-11-02,1.0,1620.0,2018-04-01,ws,1
11980,0,710010935,2019-11-02,2020-05-02,1.0,1580.0,2019-10-01,ws,1
14592,0,710010935,2020-05-02,2022-05-02,1.0,1570.0,2020-04-01,ws,1
21252,0,710010935,2022-05-02,2024-07-02,1.0,1520.0,2022-04-01,ws,1
25325,0,710010935,2024-07-02,2025-06-30,1.0,1520.0,2024-06-01,ws,1
4878,5,710010936,2010-01-01,2016-05-02,,,2016-04-01,bdm,0
6890,0,710010936,2016-05-02,2018-05-02,1.0,1660.0,2016-04-01,ws,1
9471,0,710010936,2018-05-02,2019-11-02,1.0,1610.0,2018-04-01,ws,1
11981,0,710010936,2019-11-02,2020-05-02,1.0,1610.0,2019-10-01,ws,1
13231,9,710010936,2020-05-02,2025-06-30,,0.0,2020-04-01,aes,2
4879,5,710010937,2010-01-01,2016-05-02,,,2016-04-01,bdm,0
6891,0,710010937,2016-05-02,2018-05-02,1.0,1660.0,2016-04-01,ws,1
9472,0,710010937,2018-05-02,2019-11-02,1.0,1630.0,2018-04-01,ws,1
11982,0,710010937,2019-11-02,2020-05-02,1.0,1620.0,2019-10-01,ws,1
14593,0,710010937,2020-05-02,2022-05-02,1.0,1620.0,2020-04-01,ws,1
21253,0,710010937,2022-05-02,2024-07-02,1.0,1620.0,2022-04-01,ws,1
25326,0,710010937,2024-07-02,2025-06-30,1.0,2220.0,2024-06-01,ws,1
5633,3,710010938,2010-01-01,2016-05-02,1.0,139000.0,2016-04-01,bsl,0
6892,0,710010938,2016-05-02,2018-05-02,1.0,139000.0,2016-04-01,ws,1
8158,9,710010938,2018-05-02,2025-06-30,,0.0,2018-04-01,aes,2
5634,3,710010939,2010-01-01,2016-05-02,1.0,431000.0,2016-04-01,bsl,0
6893,0,710010939,2016-05-02,2018-05-02,1.0,431000.0,2016-04-01,ws,1
8159,9,710010939,2018-05-02,2025-06-30,,0.0,2018-04-01,aes,2
5635,3,710010940,2010-01-01,2016-05-02,1.0,435000.0,2016-04-01,bsl,0
6894,0,710010940,2016-05-02,2018-05-02,1.0,435000.0,2016-04-01,ws,1
8160,9,710010940,2018-05-02,2025-06-30,,0.0,2018-04-01,aes,2
5636,3,710010941,2010-01-01,2016-05-02,1.0,96000.0,2016-04-01,bsl,0
6895,0,710010941,2016-05-02,2018-05-02,1.0,96000.0,2016-04-01,ws,1
9473,0,710010941,2018-05-02,2019-11-02,1.0,94600.0,2018-04-01,ws,1
11983,0,710010941,2019-11-02,2020-05-02,1.0,96400.0,2019-10-01,ws,1
14594,0,710010941,2020-05-02,2022-05-02,1.0,96400.0,2020-04-01,ws,1
21254,0,710010941,2022-05-02,2024-07-02,1.0,96400.0,2022-04-01,ws,1
25327,0,710010941,2024-07-02,2025-06-30,1.0,96400.0,2024-06-01,ws,1
8162,3,710010942,2010-01-01,2018-05-02,1.0,113000.0,2018-04-01,bsl,0
8162,3,710010942,2018-05-02,2019-02-02,1.0,113000.0,2018-04-01,ws,1
8845,5,710010942,2019-02-02,2019-05-02,,92400.0,2019-01-01,ws,1
9474,0,710010942,2019-05-02,2019-11-02,1.0,72000.0,2019-04-01,ws,1
11984,0,710010942,2019-11-02,2020-05-02,1.0,73300.0,2019-10-01,ws,1
13234,5,710010942,2020-05-02,2021-02-02,1.0,68100.0,2020-04-01,ws,1
13969,5,710010942,2021-02-02,2021-05-02,,57600.0,2021-01-01,ws,1
14595,0,710010942,2021-05-02,2022-05-02,1.0,47200.0,2021-04-01,ws,1
19788,9,710010942,2022-05-02,2025-06-30,,47200.0,2022-04-01,aes,2
5637,3,710010943,2010-01-01,2016-05-02,1.0,34000.0,2016-04-01,bsl,0
6896,0,710010943,2016-05-02,2018-05-02,1.0,34000.0,2016-04-01,ws,1
9475,0,710010943,2018-05-02,2019-11-02,1.0,34000.0,2018-04-01,ws,1
11985,0,710010943,2019-11-02,2020-05-02,1.0,34600.0,2019-10-01,ws,1
14596,0,710010943,2020-05-02,2022-05-02,1.0,34500.0,2020-04-01,ws,1
21255,0,710010943,2022-05-02,2024-07-02,1.0,34500.0,2022-04-01,ws,1
25328,0,710010943,2024-07-02,2025-06-30,1.0,34500.0,2024-06-01,ws,1
5638,3,710010944,2010-01-01,2016-05-02,1.0,210000.0,2016-04-01,bsl,0
6897,0,710010944,2016-05-02,2018-05-02,1.0,210000.0,2016-04-01,ws,1
9476,0,710010944,2018-05-02,2019-11-02,1.0,210000.0,2018-04-01,ws,1
11986,0,710010944,2019-11-02,2020-05-02,1.0,214000.0,2019-10-01,ws,1
14597,0,710010944,2020-05-02,2022-05-02,1.0,214000.0,2020-04-01,ws,1
21256,0,710010944,2022-05-02,2024-07-02,1.0,214000.0,2022-04-01,ws,1
25329,0,710010944,2024-07-02,2025-06-30,1.0,214000.0,2024-06-01,ws,1
5639,3,710010945,2010-01-01,2016-05-02,1.0,50000.0,2016-04-01,bsl,0
6898,0,710010945,2016-05-02,2018-05-02,1.0,50000.0,2016-04-01,ws,1
9477,0,710010945,2018-05-02,2019-11-02,1.0,50000.0,2018-04-01,ws,1
11987,0,710010945,2019-11-02,2020-05-02,1.0,50900.0,2019-10-01,ws,1
14598,0,710010945,2020-05-02,2022-05-02,1.0,50900.0,2020-04-01,ws,1
21257,0,710010945,2022-05-02,2024-07-02,1.0,50900.0,2022-04-01,ws,1
25330,0,710010945,2024-07-02,2025-06-30,1.0,50900.0,2024-06-01,ws,1
5640,3,710010946,2010-01-01,2016-05-02,1.0,24800.0,2016-04-01,bsl,0
6899,0,710010946,2016-05-02,2018-05-02,1.0,24800.0,2016-04-01,ws,1
9478,0,710010946,2018-05-02,2019-11-02,1.0,24800.0,2018-04-01,ws,1
11988,0,710010946,2019-11-02,2020-05-02,1.0,25300.0,2019-10-01,ws,1
14599,0,710010946,2020-05-02,2022-05-02,1.0,25300.0,2020-04-01,ws,1
21258,0,710010946,2022-05-02,2024-07-02,1.0,25300.0,2022-04-01,ws,1
25331,0,710010946,2024-07-02,2025-06-30,1.0,25300.0,2024-06-01,ws,1
5641,3,710010947,2010-01-01,2016-05-02,1.0,160000.0,2016-04-01,bsl,0
6900,0,710010947,2016-05-02,2018-05-02,1.0,160000.0,2016-04-01,ws,1
9479,0,710010947,2018-05-02,2019-11-02,1.0,160000.0,2018-04-01,ws,1
11989,0,710010947,2019-11-02,2020-05-02,1.0,163000.0,2019-10-01,ws,1
14600,0,710010947,2020-05-02,2022-05-02,1.0,163000.0,2020-04-01,ws,1
21259,0,710010947,2022-05-02,2024-07-02,1.0,162000.0,2022-04-01,ws,1
25332,0,710010947,2024-07-02,2025-06-30,1.0,162000.0,2024-06-01,ws,1
5642,3,710010948,2010-01-01,2016-05-02,1.0,190000.0,2016-04-01,bsl,0
6901,0,710010948,2016-05-02,2018-05-02,1.0,190000.0,2016-04-01,ws,1
9480,0,710010948,2018-05-02,2019-11-02,1.0,190000.0,2018-04-01,ws,1
11990,0,710010948,2019-11-02,2020-05-02,1.0,194000.0,2019-10-01,ws,1
14601,0,710010948,2020-05-02,2022-05-02,1.0,194000.0,2020-04-01,ws,1
21260,0,710010948,2022-05-02,2024-07-02,1.0,194000.0,2022-04-01,ws,1
25333,0,710010948,2024-07-02,2025-06-30,1.0,194000.0,2024-06-01,ws,1
5643,3,710010949,2010-01-01,2016-05-02,1.0,1590.0,2016-04-01,bsl,0
6902,0,710010949,2016-05-02,2018-05-02,1.0,1590.0,2016-04-01,ws,1
9481,0,710010949,2018-05-02,2019-11-02,1.0,1540.0,2018-04-01,ws,1
11991,0,710010949,2019-11-02,2020-05-02,1.0,1570.0,2019-10-01,ws,1
14602,0,710010949,2020-05-02,2022-05-02,1.0,1570.0,2020-04-01,ws,1
21261,0,710010949,2022-05-02,2024-07-02,1.0,1570.0,2022-04-01,ws,1
25334,0,710010949,2024-07-02,2025-06-30,1.0,1570.0,2024-06-01,ws,1
5644,3,710010950,2010-01-01,2016-05-02,1.0,496000.0,2016-04-01,bsl,0
6903,0,710010950,2016-05-02,2018-05-02,1.0,496000.0,2016-04-01,ws,1
9482,0,710010950,2018-05-02,2019-11-02,1.0,496000.0,2018-04-01,ws,1
11992,0,710010950,2019-11-02,2020-05-02,1.0,505000.0,2019-10-01,ws,1
14603,0,710010950,2020-05-02,2022-05-02,1.0,505000.0,2020-04-01,ws,1
21262,0,710010950,2022-05-02,2024-07-02,1.0,505000.0,2022-04-01,ws,1
25335,0,710010950,2024-07-02,2025-06-30,1.0,505000.0,2024-06-01,ws,1
5645,3,710010951,2010-01-01,2016-05-02,1.0,521000.0,2016-04-01,bsl,0
6904,0,710010951,2016-05-02,2018-05-02,1.0,521000.0,2016-04-01,ws,1
8171,9,710010951,2018-05-02,2025-06-30,,0.0,2018-04-01,aes,2
5646,3,710010952,2010-01-01,2016-05-02,1.0,43200.0,2016-04-01,bsl,0
6905,0,710010952,2016-05-02,2018-05-02,1.0,43200.0,2016-04-01,ws,1
9483,0,710010952,2018-05-02,2019-11-02,1.0,42200.0,2018-04-01,ws,1
11993,0,710010952,2019-11-02,2020-05-02,1.0,42100.0,2019-10-01,ws,1
14604,0,710010952,2020-05-02,2022-05-02,1.0,41000.0,2020-04-01,ws,1
21263,0,710010952,2022-05-02,2024-07-02,1.0,40000.0,2022-04-01,ws,1
25336,0,710010952,2024-07-02,2025-06-30,1.0,40000.0,2024-06-01,ws,1
5647,3,710010953,2010-01-01,2016-05-02,1.0,4780.0,2016-04-01,bsl,0
6906,0,710010953,2016-05-02,2018-05-02,1.0,4780.0,2016-04-01,ws,1
9484,0,710010953,2018-05-02,2019-11-02,1.0,4700.0,2018-04-01,ws,1
11994,0,710010953,2019-11-02,2020-05-02,1.0,4770.0,2019-10-01,ws,1
14605,0,710010953,2020-05-02,2022-05-02,1.0,4770.0,2020-04-01,ws,1
21264,0,710010953,2022-05-02,2024-07-02,1.0,4770.0,2022-04-01,ws,1
25337,0,710010953,2024-07-02,2025-06-30,1.0,4770.0,2024-06-01,ws,1
5648,3,710010954,2010-01-01,2016-05-02,1.0,7000.0,2016-04-01,bsl,0
6907,0,710010954,2016-05-02,2018-05-02,1.0,7000.0,2016-04-01,ws,1
9485,0,710010954,2018-05-02,2019-11-02,1.0,6860.0,2018-04-01,ws,1
11995,0,710010954,2019-11-02,2020-05-02,1.0,6940.0,2019-10-01,ws,1
14606,0,710010954,2020-05-02,2022-05-02,1.0,6810.0,2020-04-01,ws,1
21265,0,710010954,2022-05-02,2024-07-02,1.0,6590.0,2022-04-01,ws,1
25338,0,710010954,2024-07-02,2025-06-30,1.0,6590.0,2024-06-01,ws,1
5649,3,710010955,2010-01-01,2016-05-02,1.0,8480.0,2016-04-01,bsl,0
6908,0,710010955,2016-05-02,2018-05-02,1.0,8480.0,2016-04-01,ws,1
9486,0,710010955,2018-05-02,2019-11-02,1.0,8480.0,2018-04-01,ws,1
11996,0,710010955,2019-11-02,2020-05-02,1.0,8640.0,2019-10-01,ws,1
14607,0,710010955,2020-05-02,2022-05-02,1.0,8640.0,2020-04-01,ws,1
21266,0,710010955,2022-05-02,2024-07-02,1.0,8640.0,2022-04-01,ws,1
25339,0,710010955,2024-07-02,2025-06-30,1.0,8640.0,2024-06-01,ws,1
5650,3,710010956,2010-01-01,2016-05-02,1.0,8470.0,2016-04-01,bsl,0
6909,0,710010956,2016-05-02,2018-05-02,1.0,8470.0,2016-04-01,ws,1
9487,0,710010956,2018-05-02,2019-11-02,1.0,8190.0,2018-04-01,ws,1
11997,0,710010956,2019-11-02,2020-05-02,1.0,8340.0,2019-10-01,ws,1
14608,0,710010956,2020-05-02,2022-05-02,1.0,8340.0,2020-04-01,ws,1
21267,0,710010956,2022-05-02,2024-07-02,1.0,8340.0,2022-04-01,ws,1
25340,0,710010956,2024-07-02,2025-06-30,1.0,8340.0,2024-06-01,ws,1
5651,3,710010957,2010-01-01,2016-05-02,1.0,4050.0,2016-04-01,bsl,0
6910,0,710010957,2016-05-02,2018-05-02,1.0,4050.0,2016-04-01,ws,1
9488,0,710010957,2018-05-02,2019-11-02,1.0,4000.0,2018-04-01,ws,1
11998,0,710010957,2019-11-02,2020-05-02,1.0,4070.0,2019-10-01,ws,1
14609,0,710010957,2020-05-02,2022-05-02,1.0,4060.0,2020-04-01,ws,1
21268,0,710010957,2022-05-02,2024-07-02,1.0,4060.0,2022-04-01,ws,1
25341,0,710010957,2024-07-02,2025-06-30,1.0,4060.0,2024-06-01,ws,1
5652,3,710010958,2010-01-01,2016-05-02,1.0,6300.0,2016-04-01,bsl,0
6911,0,710010958,2016-05-02,2018-05-02,1.0,6300.0,2016-04-01,ws,1
9489,0,710010958,2018-05-02,2019-11-02,1.0,6300.0,2018-04-01,ws,1
11999,0,710010958,2019-11-02,2020-05-02,1.0,6420.0,2019-10-01,ws,1
14610,0,710010958,2020-05-02,2022-05-02,1.0,6420.0,2020-04-01,ws,1
21269,0,710010958,2022-05-02,2024-07-02,1.0,6420.0,2022-04-01,ws,1
25342,0,710010958,2024-07-02,2025-06-30,1.0,6420.0,2024-06-01,ws,1
5653,3,710010959,2010-01-01,2016-05-02,1.0,20100.0,2016-04-01,bsl,0
6912,0,710010959,2016-05-02,2018-05-02,1.0,20100.0,2016-04-01,ws,1
9490,0,710010959,2018-05-02,2019-11-02,1.0,19700.0,2018-04-01,ws,1
12000,0,710010959,2019-11-02,2020-05-02,1.0,19900.0,2019-10-01,ws,1
14611,0,710010959,2020-05-02,2022-05-02,1.0,19900.0,2020-04-01,ws,1
21270,0,710010959,2022-05-02,2024-07-02,1.0,19900.0,2022-04-01,ws,1
25343,0,710010959,2024-07-02,2025-06-30,1.0,19900.0,2024-06-01,ws,1
5654,3,710010960,2010-01-01,2016-05-02,1.0,3450.0,2016-04-01,bsl,0
6913,0,710010960,2016-05-02,2018-05-02,1.0,3450.0,2016-04-01,ws,1
9491,0,710010960,2018-05-02,2019-11-02,1.0,3450.0,2018-04-01,ws,1
12001,0,710010960,2019-11-02,2020-05-02,1.0,3510.0,2019-10-01,ws,1
14612,0,710010960,2020-05-02,2022-05-02,1.0,3510.0,2020-04-01,ws,1
21271,0,710010960,2022-05-02,2024-07-02,1.0,3510.0,2022-04-01,ws,1
25344,0,710010960,2024-07-02,2025-06-30,1.0,3510.0,2024-06-01,ws,1
5655,3,710010961,2010-01-01,2016-05-02,1.0,4420.0,2016-04-01,bsl,0
6914,0,710010961,2016-05-02,2018-05-02,1.0,4420.0,2016-04-01,ws,1
9492,0,710010961,2018-05-02,2019-11-02,1.0,4420.0,2018-04-01,ws,1
12002,0,710010961,2019-11-02,2020-05-02,1.0,4500.0,2019-10-01,ws,1
14613,0,710010961,2020-05-02,2022-05-02,1.0,4500.0,2020-04-01,ws,1
21272,0,710010961,2022-05-02,2024-07-02,1.0,4500.0,2022-04-01,ws,1
25345,0,710010961,2024-07-02,2025-06-30,1.0,4500.0,2024-06-01,ws,1
5656,3,710010962,2010-01-01,2016-05-02,1.0,42300.0,2016-04-01,bsl,0
6915,0,710010962,2016-05-02,2018-05-02,1.0,42300.0,2016-04-01,ws,1
9493,0,710010962,2018-05-02,2019-11-02,1.0,40500.0,2018-04-01,ws,1
12003,0,710010962,2019-11-02,2020-05-02,1.0,39000.0,2019-10-01,ws,1
14614,0,710010962,2020-05-02,2022-05-02,1.0,39000.0,2020-04-01,ws,1
21273,0,710010962,2022-05-02,2024-07-02,1.0,39000.0,2022-04-01,ws,1
25346,0,710010962,2024-07-02,2025-06-30,1.0,38200.0,2024-06-01,ws,1
5657,3,710010963,2010-01-01,2016-05-02,1.0,90200.0,2016-04-01,bsl,0
6916,0,710010963,2016-05-02,2018-05-02,1.0,90200.0,2016-04-01,ws,1
9494,0,710010963,2018-05-02,2019-11-02,1.0,89300.0,2018-04-01,ws,1
12004,0,710010963,2019-11-02,2020-05-02,1.0,91000.0,2019-10-01,ws,1
14615,0,710010963,2020-05-02,2022-05-02,1.0,91000.0,2020-04-01,ws,1
21274,0,710010963,2022-05-02,2024-07-02,1.0,91000.0,2022-04-01,ws,1
25347,0,710010963,2024-07-02,2025-06-30,1.0,91000.0,2024-06-01,ws,1
5658,3,710010964,2010-01-01,2016-05-02,1.0,140000.0,2016-04-01,bsl,0
6917,0,710010964,2016-05-02,2018-05-02,1.0,140000.0,2016-04-01,ws,1
9495,0,710010964,2018-05-02,2019-11-02,1.0,140000.0,2018-04-01,ws,1
12005,0,710010964,2019-11-02,2020-05-02,1.0,143000.0,2019-10-01,ws,1
14616,0,710010964,2020-05-02,2022-05-02,1.0,143000.0,2020-04-01,ws,1
21275,0,710010964,2022-05-02,2024-07-02,1.0,143000.0,2022-04-01,ws,1
25348,0,710010964,2024-07-02,2025-06-30,1.0,142000.0,2024-06-01,ws,1
5659,3,710010965,2010-01-01,2016-05-02,1.0,151000.0,2016-04-01,bsl,0
6918,0,710010965,2016-05-02,2018-05-02,1.0,151000.0,2016-04-01,ws,1
9496,0,710010965,2018-05-02,2019-11-02,1.0,151000.0,2018-04-01,ws,1
12006,0,710010965,2019-11-02,2020-05-02,1.0,154000.0,2019-10-01,ws,1
14617,0,710010965,2020-05-02,2022-05-02,1.0,154000.0,2020-04-01,ws,1
21276,0,710010965,2022-05-02,2024-07-02,1.0,154000.0,2022-04-01,ws,1
25349,0,710010965,2024-07-02,2025-06-30,1.0,154000.0,2024-06-01,ws,1
5660,3,710010966,2010-01-01,2016-05-02,1.0,1250000.0,2016-04-01,bsl,0
6919,0,710010966,2016-05-02,2018-05-02,1.0,1250000.0,2016-04-01,ws,1
9497,0,710010966,2018-05-02,2019-11-02,1.0,1250000.0,2018-04-01,ws,1
12007,0,710010966,2019-11-02,2020-05-02,1.0,1270000.0,2019-10-01,ws,1
14618,0,710010966,2020-05-02,2022-05-02,1.0,1270000.0,2020-04-01,ws,1
21277,0,710010966,2022-05-02,2024-07-02,1.0,1270000.0,2022-04-01,ws,1
25350,0,710010966,2024-07-02,2025-06-30,1.0,1890000.0,2024-06-01,ws,1
5661,3,710010967,2010-01-01,2016-05-02,1.0,154000.0,2016-04-01,bsl,0
6920,0,710010967,2016-05-02,2018-05-02,1.0,154000.0,2016-04-01,ws,1
9498,0,710010967,2018-05-02,2019-11-02,1.0,151000.0,2018-04-01,ws,1
12008,0,710010967,2019-11-02,2020-05-02,1.0,154000.0,2019-10-01,ws,1
14619,0,710010967,2020-05-02,2022-05-02,1.0,136000.0,2020-04-01,ws,1
21278,0,710010967,2022-05-02,2024-07-02,1.0,127000.0,2022-04-01,ws,1
25351,0,710010967,2024-07-02,2025-06-30,1.0,119000.0,2024-06-01,ws,1
5662,3,710010968,2010-01-01,2016-05-02,1.0,633.0,2016-04-01,bsl,0
6921,0,710010968,2016-05-02,2018-05-02,1.0,633.0,2016-04-01,ws,1
9499,0,710010968,2018-05-02,2019-11-02,1.0,633.0,2018-04-01,ws,1
12009,0,710010968,2019-11-02,2020-05-02,1.0,645.0,2019-10-01,ws,1
14620,0,710010968,2020-05-02,2022-05-02,1.0,645.0,2020-04-01,ws,1
21279,0,710010968,2022-05-02,2024-07-02,1.0,645.0,2022-04-01,ws,1
25352,0,710010968,2024-07-02,2025-06-30,1.0,862.0,2024-06-01,ws,1
5663,3,710010969,2010-01-01,2016-05-02,1.0,1690.0,2016-04-01,bsl,0
6922,0,710010969,2016-05-02,2018-05-02,1.0,1690.0,2016-04-01,ws,1
9500,0,710010969,2018-05-02,2019-11-02,1.0,1690.0,2018-04-01,ws,1
12010,0,710010969,2019-11-02,2020-05-02,1.0,1720.0,2019-10-01,ws,1
14621,0,710010969,2020-05-02,2022-05-02,1.0,1720.0,2020-04-01,ws,1
21280,0,710010969,2022-05-02,2024-07-02,1.0,1720.0,2022-04-01,ws,1
25353,0,710010969,2024-07-02,2025-06-30,1.0,2030.0,2024-06-01,ws,1
5664,3,710010970,2010-01-01,2016-05-02,1.0,4350.0,2016-04-01,bsl,0
6923,0,710010970,2016-05-02,2018-05-02,1.0,4350.0,2016-04-01,ws,1
9501,0,710010970,2018-05-02,2019-11-02,1.0,4350.0,2018-04-01,ws,1
12011,0,710010970,2019-11-02,2020-05-02,1.0,4190.0,2019-10-01,ws,1
14622,0,710010970,2020-05-02,2022-05-02,1.0,4190.0,2020-04-01,ws,1
21281,0,710010970,2022-05-02,2024-07-02,1.0,4110.0,2022-04-01,ws,1
25354,0,710010970,2024-07-02,2025-06-30,1.0,4020.0,2024-06-01,ws,1
5665,3,710010971,2010-01-01,2016-05-02,1.0,5870.0,2016-04-01,bsl,0
6924,0,710010971,2016-05-02,2018-05-02,1.0,5870.0,2016-04-01,ws,1
9502,0,710010971,2018-05-02,2019-11-02,1.0,5870.0,2018-04-01,ws,1
12012,0,710010971,2019-11-02,2020-05-02,1.0,5840.0,2019-10-01,ws,1
14623,0,710010971,2020-05-02,2022-05-02,1.0,5790.0,2020-04-01,ws,1
21282,0,710010971,2022-05-02,2024-07-02,1.0,5790.0,2022-04-01,ws,1
25355,0,710010971,2024-07-02,2025-06-30,1.0,5690.0,2024-06-01,ws,1
5666,3,710010972,2010-01-01,2016-05-02,1.0,3730.0,2016-04-01,bsl,0
6925,0,710010972,2016-05-02,2018-05-02,1.0,3730.0,2016-04-01,ws,1
9503,0,710010972,2018-05-02,2019-11-02,1.0,3730.0,2018-04-01,ws,1
12013,0,710010972,2019-11-02,2020-05-02,1.0,3800.0,2019-10-01,ws,1
14624,0,710010972,2020-05-02,2022-05-02,1.0,3800.0,2020-04-01,ws,1
21283,0,710010972,2022-05-02,2024-07-02,1.0,3800.0,2022-04-01,ws,1
25356,0,710010972,2024-07-02,2025-06-30,1.0,3800.0,2024-06-01,ws,1
5667,3,710010973,2010-01-01,2016-05-02,1.0,6030.0,2016-04-01,bsl,0
6926,0,710010973,2016-05-02,2018-05-02,1.0,6030.0,2016-04-01,ws,1
9504,0,710010973,2018-05-02,2019-11-02,1.0,6030.0,2018-04-01,ws,1
12014,0,710010973,2019-11-02,2020-05-02,1.0,6140.0,2019-10-01,ws,1
14625,0,710010973,2020-05-02,2022-05-02,1.0,6140.0,2020-04-01,ws,1
21284,0,710010973,2022-05-02,2024-07-02,1.0,6080.0,2022-04-01,ws,1
25357,0,710010973,2024-07-02,2025-06-30,1.0,6080.0,2024-06-01,ws,1
5668,3,710010974,2010-01-01,2016-05-02,1.0,4120.0,2016-04-01,bsl,0
6927,0,710010974,2016-05-02,2018-05-02,1.0,4120.0,2016-04-01,ws,1
9505,0,710010974,2018-05-02,2019-11-02,1.0,4120.0,2018-04-01,ws,1
12015,0,710010974,2019-11-02,2020-05-02,1.0,4100.0,2019-10-01,ws,1
14626,0,710010974,2020-05-02,2022-05-02,1.0,4080.0,2020-04-01,ws,1
21285,0,710010974,2022-05-02,2024-07-02,1.0,4080.0,2022-04-01,ws,1
25358,0,710010974,2024-07-02,2025-06-30,1.0,4080.0,2024-06-01,ws,1
5669,3,710010975,2010-01-01,2016-05-02,1.0,3750.0,2016-04-01,bsl,0
6928,0,710010975,2016-05-02,2018-05-02,1.0,3750.0,2016-04-01,ws,1
9506,0,710010975,2018-05-02,2019-11-02,1.0,3750.0,2018-04-01,ws,1
12016,0,710010975,2019-11-02,2020-05-02,1.0,3600.0,2019-10-01,ws,1
14627,0,710010975,2020-05-02,2022-05-02,1.0,3510.0,2020-04-01,ws,1
21286,0,710010975,2022-05-02,2024-07-02,1.0,2740.0,2022-04-01,ws,1
25359,0,710010975,2024-07-02,2025-06-30,1.0,2030.0,2024-06-01,ws,1
5670,3,710010976,2010-01-01,2016-05-02,1.0,6100.0,2016-04-01,bsl,0
6929,0,710010976,2016-05-02,2018-05-02,1.0,6100.0,2016-04-01,ws,1
9507,0,710010976,2018-05-02,2019-11-02,1.0,6100.0,2018-04-01,ws,1
12017,0,710010976,2019-11-02,2020-05-02,1.0,6180.0,2019-10-01,ws,1
14628,0,710010976,2020-05-02,2022-05-02,1.0,6180.0,2020-04-01,ws,1
21287,0,710010976,2022-05-02,2024-07-02,1.0,6140.0,2022-04-01,ws,1
25360,0,710010976,2024-07-02,2025-06-30,1.0,6140.0,2024-06-01,ws,1
5671,3,710010977,2010-01-01,2016-05-02,1.0,399000.0,2016-04-01,bsl,0
6930,0,710010977,2016-05-02,2018-05-02,1.0,399000.0,2016-04-01,ws,1
9508,0,710010977,2018-05-02,2019-11-02,1.0,399000.0,2018-04-01,ws,1
12018,0,710010977,2019-11-02,2020-05-02,1.0,406000.0,2019-10-01,ws,1
14629,0,710010977,2020-05-02,2022-05-02,1.0,406000.0,2020-04-01,ws,1
21288,0,710010977,2022-05-02,2024-07-02,1.0,406000.0,2022-04-01,ws,1
25361,0,710010977,2024-07-02,2025-06-30,1.0,406000.0,2024-06-01,ws,1
5672,3,710010978,2010-01-01,2016-05-02,1.0,3500.0,2016-04-01,bsl,0
6931,0,710010978,2016-05-02,2018-05-02,1.0,3500.0,2016-04-01,ws,1
9509,0,710010978,2018-05-02,2019-11-02,1.0,3490.0,2018-04-01,ws,1
12019,0,710010978,2019-11-02,2020-05-02,1.0,3300.0,2019-10-01,ws,1
14630,0,710010978,2020-05-02,2022-05-02,1.0,3240.0,2020-04-01,ws,1
21289,0,710010978,2022-05-02,2024-07-02,1.0,3180.0,2022-04-01,ws,1
25362,0,710010978,2024-07-02,2025-06-30,1.0,3180.0,2024-06-01,ws,1
5673,3,710010979,2010-01-01,2016-05-02,1.0,4450.0,2016-04-01,bsl,0
6932,0,710010979,2016-05-02,2018-05-02,1.0,4450.0,2016-04-01,ws,1
9510,0,710010979,2018-05-02,2019-11-02,1.0,4430.0,2018-04-01,ws,1
12020,0,710010979,2019-11-02,2020-05-02,1.0,4460.0,2019-10-01,ws,1
14631,0,710010979,2020-05-02,2022-05-02,1.0,4330.0,2020-04-01,ws,1
21290,0,710010979,2022-05-02,2024-07-02,1.0,4270.0,2022-04-01,ws,1
25363,0,710010979,2024-07-02,2025-06-30,1.0,4270.0,2024-06-01,ws,1
5674,3,710010980,2010-01-01,2016-05-02,1.0,633.0,2016-04-01,bsl,0
6933,0,710010980,2016-05-02,2018-05-02,1.0,633.0,2016-04-01,ws,1
9511,0,710010980,2018-05-02,2019-11-02,1.0,633.0,2018-04-01,ws,1
12021,0,710010980,2019-11-02,2020-05-02,1.0,645.0,2019-10-01,ws,1
14632,0,710010980,2020-05-02,2022-05-02,1.0,645.0,2020-04-01,ws,1
21291,0,710010980,2022-05-02,2024-07-02,1.0,645.0,2022-04-01,ws,1
25364,0,710010980,2024-07-02,2025-06-30,1.0,862.0,2024-06-01,ws,1
5675,3,710010981,2010-01-01,2016-05-02,1.0,1690.0,2016-04-01,bsl,0
6934,0,710010981,2016-05-02,2018-05-02,1.0,1690.0,2016-04-01,ws,1
9512,0,710010981,2018-05-02,2019-11-02,1.0,1690.0,2018-04-01,ws,1
12022,0,710010981,2019-11-02,2020-05-02,1.0,1720.0,2019-10-01,ws,1
14633,0,710010981,2020-05-02,2022-05-02,1.0,1720.0,2020-04-01,ws,1
21292,0,710010981,2022-05-02,2024-07-02,1.0,1720.0,2022-04-01,ws,1
25365,0,710010981,2024-07-02,2025-06-30,1.0,2030.0,2024-06-01,ws,1
5676,3,710010982,2010-01-01,2016-05-02,1.0,1590.0,2016-04-01,bsl,0
6935,0,710010982,2016-05-02,2018-05-02,1.0,1590.0,2016-04-01,ws,1
9513,0,710010982,2018-05-02,2019-11-02,1.0,1510.0,2018-04-01,ws,1
12023,0,710010982,2019-11-02,2020-05-02,1.0,1480.0,2019-10-01,ws,1
13273,9,710010982,2020-05-02,2025-06-30,,0.0,2020-04-01,aes,2
5677,3,710010983,2010-01-01,2016-05-02,1.0,1530.0,2016-04-01,bsl,0
6936,0,710010983,2016-05-02,2018-05-02,1.0,1530.0,2016-04-01,ws,1
9514,0,710010983,2018-05-02,2019-11-02,1.0,1520.0,2018-04-01,ws,1
12024,0,710010983,2019-11-02,2020-05-02,1.0,1500.0,2019-10-01,ws,1
14634,0,710010983,2020-05-02,2022-05-02,1.0,1500.0,2020-04-01,ws,1
21293,0,710010983,2022-05-02,2024-07-02,1.0,1480.0,2022-04-01,ws,1
25366,0,710010983,2024-07-02,2025-06-30,1.0,1440.0,2024-06-01,ws,1
5678,3,710010984,2010-01-01,2016-05-02,1.0,1610.0,2016-04-01,bsl,0
6937,0,710010984,2016-05-02,2018-05-02,1.0,1610.0,2016-04-01,ws,1
9515,0,710010984,2018-05-02,2019-11-02,1.0,1610.0,2018-04-01,ws,1
12025,0,710010984,2019-11-02,2020-05-02,1.0,1340.0,2019-10-01,ws,1
13275,9,710010984,2020-05-02,2025-06-30,,0.0,2020-04-01,aes,2
5679,3,710010985,2010-01-01,2016-05-02,1.0,1650.0,2016-04-01,bsl,0
6938,0,710010985,2016-05-02,2018-05-02,1.0,1650.0,2016-04-01,ws,1
9516,0,710010985,2018-05-02,2019-11-02,1.0,1490.0,2018-04-01,ws,1
12026,0,710010985,2019-11-02,2020-05-02,1.0,1520.0,2019-10-01,ws,1
14635,0,710010985,2020-05-02,2022-05-02,1.0,1500.0,2020-04-01,ws,1
21294,0,710010985,2022-05-02,2024-07-02,1.0,1500.0,2022-04-01,ws,1
25367,0,710010985,2024-07-02,2025-06-30,1.0,1500.0,2024-06-01,ws,1
5680,3,710010986,2010-01-01,2016-05-02,1.0,1600.0,2016-04-01,bsl,0
6939,0,710010986,2016-05-02,2018-05-02,1.0,1600.0,2016-04-01,ws,1
9517,0,710010986,2018-05-02,2019-11-02,1.0,1440.0,2018-04-01,ws,1
12027,0,710010986,2019-11-02,2020-05-02,1.0,1470.0,2019-10-01,ws,1
13277,9,710010986,2020-05-02,2025-06-30,,0.0,2020-04-01,aes,2
5681,3,710010987,2010-01-01,2016-05-02,1.0,1670.0,2016-04-01,bsl,0
6940,0,710010987,2016-05-02,2018-05-02,1.0,1670.0,2016-04-01,ws,1
9518,0,710010987,2018-05-02,2019-11-02,1.0,1540.0,2018-04-01,ws,1
12028,0,710010987,2019-11-02,2020-05-02,1.0,1490.0,2019-10-01,ws,1
14636,0,710010987,2020-05-02,2022-05-02,1.0,1490.0,2020-04-01,ws,1
21295,0,710010987,2022-05-02,2024-07-02,1.0,1480.0,2022-04-01,ws,1
25368,0,710010987,2024-07-02,2025-06-30,1.0,1450.0,2024-06-01,ws,1
5682,3,710010988,2010-01-01,2016-05-02,1.0,1600.0,2016-04-01,bsl,0
6941,0,710010988,2016-05-02,2018-05-02,1.0,1600.0,2016-04-01,ws,1
9519,0,710010988,2018-05-02,2019-11-02,1.0,1600.0,2018-04-01,ws,1
12029,0,710010988,2019-11-02,2020-05-02,1.0,1630.0,2019-10-01,ws,1
13279,9,710010988,2020-05-02,2025-06-30,,0.0,2020-04-01,aes,2
5683,3,710010989,2010-01-01,2016-05-02,1.0,1740.0,2016-04-01,bsl,0
6942,0,710010989,2016-05-02,2018-05-02,1.0,1740.0,2016-04-01,ws,1
9520,0,710010989,2018-05-02,2019-11-02,1.0,1620.0,2018-04-01,ws,1
12030,0,710010989,2019-11-02,2020-05-02,1.0,1580.0,2019-10-01,ws,1
14637,0,710010989,2020-05-02,2022-05-02,1.0,1570.0,2020-04-01,ws,1
21296,0,710010989,2022-05-02,2024-07-02,1.0,1520.0,2022-04-01,ws,1
25369,0,710010989,2024-07-02,2025-06-30,1.0,1520.0,2024-06-01,ws,1
5684,3,710010990,2010-01-01,2016-05-02,1.0,1660.0,2016-04-01,bsl,0
6943,0,710010990,2016-05-02,2018-05-02,1.0,1660.0,2016-04-01,ws,1
9521,0,710010990,2018-05-02,2019-11-02,1.0,1610.0,2018-04-01,ws,1
12031,0,710010990,2019-11-02,2020-05-02,1.0,1610.0,2019-10-01,ws,1
13281,9,710010990,2020-05-02,2025-06-30,,0.0,2020-04-01,aes,2
5685,3,710010991,2010-01-01,2016-05-02,1.0,1660.0,2016-04-01,bsl,0
6944,0,710010991,2016-05-02,2018-05-02,1.0,1660.0,2016-04-01,ws,1
9522,0,710010991,2018-05-02,2019-11-02,1.0,1630.0,2018-04-01,ws,1
12032,0,710010991,2019-11-02,2020-05-02,1.0,1620.0,2019-10-01,ws,1
14638,0,710010991,2020-05-02,2022-05-02,1.0,1620.0,2020-04-01,ws,1
21297,0,710010991,2022-05-02,2024-07-02,1.0,1620.0,2022-04-01,ws,1
25370,0,710010991,2024-07-02,2025-06-30,1.0,2220.0,2024-06-01,ws,1
4880,3,710010992,2010-01-01,2016-07-02,1.0,813000.0,2016-06-01,bsl,0
6945,0,710010992,2016-07-02,2018-05-02,1.0,813000.0,2016-06-01,ws,1
9523,0,710010992,2018-05-02,2019-11-02,1.0,792000.0,2018-04-01,ws,1
12033,0,710010992,2019-11-02,2020-05-02,1.0,805000.0,2019-10-01,ws,1
14639,0,710010992,2020-05-02,2022-05-02,1.0,804000.0,2020-04-01,ws,1
21298,0,710010992,2022-05-02,2024-07-02,1.0,804000.0,2022-04-01,ws,1
25371,0,710010992,2024-07-02,2025-06-30,1.0,799000.0,2024-06-01,ws,1
4887,3,710010993,2010-01-01,2016-10-02,1.0,13200.0,2016-09-01,bsl,0
6946,0,710010993,2016-10-02,2018-05-02,1.0,13200.0,2016-09-01,ws,1
8213,9,710010993,2018-05-02,2025-06-30,,0.0,2018-04-01,aes,2
4888,3,710010994,2010-01-01,2016-10-02,1.0,20500.0,2016-09-01,bsl,0
6947,0,710010994,2016-10-02,2018-05-02,1.0,20500.0,2016-09-01,ws,1
8214,9,710010994,2018-05-02,2025-06-30,,0.0,2018-04-01,aes,2
4889,3,710010995,2010-01-01,2016-10-02,1.0,13600.0,2016-09-01,bsl,0
6948,0,710010995,2016-10-02,2018-05-02,1.0,13600.0,2016-09-01,ws,1
8215,9,710010995,2018-05-02,2025-06-30,,0.0,2018-04-01,aes,2
4890,3,710010996,2010-01-01,2016-10-02,1.0,20900.0,2016-09-01,bsl,0
6949,0,710010996,2016-10-02,2018-05-02,1.0,20900.0,2016-09-01,ws,1
8216,9,710010996,2018-05-02,2025-06-30,,0.0,2018-04-01,aes,2
4891,3,710010997,2010-01-01,2016-10-02,1.0,13900.0,2016-09-01,bsl,0
6950,0,710010997,2016-10-02,2018-05-02,1.0,13900.0,2016-09-01,ws,1
8217,9,710010997,2018-05-02,2025-06-30,,0.0,2018-04-01,aes,2
4892,3,710010998,2010-01-01,2016-10-02,1.0,21400.0,2016-09-01,bsl,0
6951,0,710010998,2016-10-02,2018-05-02,1.0,21400.0,2016-09-01,ws,1
8218,9,710010998,2018-05-02,2025-06-30,,0.0,2018-04-01,aes,2
4893,3,710010999,2010-01-01,2016-10-02,1.0,200000.0,2016-09-01,bsl,0
6952,0,710010999,2016-10-02,2018-05-02,1.0,200000.0,2016-09-01,ws,1
9524,0,710010999,2018-05-02,2019-11-02,1.0,200000.0,2018-04-01,ws,1
12034,0,710010999,2019-11-02,2020-05-02,1.0,204000.0,2019-10-01,ws,1
14640,0,710010999,2020-05-02,2022-05-02,1.0,204000.0,2020-04-01,ws,1
21299,0,710010999,2022-05-02,2024-07-02,1.0,204000.0,2022-04-01,ws,1
25372,0,710010999,2024-07-02,2025-06-30,1.0,204000.0,2024-06-01,ws,1
4894,3,710011000,2010-01-01,2016-10-02,1.0,148000.0,2016-09-01,bsl,0
6953,0,710011000,2016-10-02,2018-05-02,1.0,148000.0,2016-09-01,ws,1
9525,0,710011000,2018-05-02,2019-11-02,1.0,148000.0,2018-04-01,ws,1
12035,0,710011000,2019-11-02,2020-05-02,1.0,151000.0,2019-10-01,ws,1
14641,0,710011000,2020-05-02,2022-05-02,1.0,151000.0,2020-04-01,ws,1
21300,0,710011000,2022-05-02,2024-07-02,1.0,151000.0,2022-04-01,ws,1
25373,0,710011000,2024-07-02,2025-06-30,1.0,151000.0,2024-06-01,ws,1
4895,3,710011001,2010-01-01,2016-10-02,1.0,86000.0,2016-09-01,bsl,0
6954,0,710011001,2016-10-02,2018-05-02,1.0,86000.0,2016-09-01,ws,1
9526,0,710011001,2018-05-02,2019-11-02,1.0,83500.0,2018-04-01,ws,1
12036,0,710011001,2019-11-02,2020-05-02,1.0,85000.0,2019-10-01,ws,1
14642,0,710011001,2020-05-02,2022-05-02,1.0,85000.0,2020-04-01,ws,1
21301,0,710011001,2022-05-02,2024-07-02,1.0,81100.0,2022-04-01,ws,1
25374,0,710011001,2024-07-02,2025-06-30,1.0,81100.0,2024-06-01,ws,1
4896,3,710011002,2010-01-01,2016-10-02,1.0,89100.0,2016-09-01,bsl,0
6955,0,710011002,2016-10-02,2018-05-02,1.0,89100.0,2016-09-01,ws,1
8222,5,710011002,2018-05-02,2018-10-02,1.0,89100.0,2018-04-01,ws,1
8828,9,710011002,2018-10-02,2025-06-30,,89100.0,2018-09-01,aes,2
4897,3,710011003,2010-01-01,2016-10-02,1.0,443000.0,2016-09-01,bsl,0
6956,0,710011003,2016-10-02,2018-05-02,1.0,443000.0,2016-09-01,ws,1
9527,0,710011003,2018-05-02,2019-11-02,1.0,443000.0,2018-04-01,ws,1
12037,0,710011003,2019-11-02,2020-05-02,1.0,451000.0,2019-10-01,ws,1
14643,0,710011003,2020-05-02,2022-05-02,1.0,451000.0,2020-04-01,ws,1
21302,0,710011003,2022-05-02,2024-07-02,1.0,408000.0,2022-04-01,ws,1
22706,9,710011003,2024-07-02,2025-06-30,,408000.0,2024-06-01,aes,2
4898,3,710011004,2010-01-01,2016-10-02,1.0,1150000.0,2016-09-01,bsl,0
6957,0,710011004,2016-10-02,2018-05-02,1.0,1150000.0,2016-09-01,ws,1
9528,0,710011004,2018-05-02,2019-11-02,1.0,1100000.0,2018-04-01,ws,1
12038,0,710011004,2019-11-02,2020-05-02,1.0,1120000.0,2019-10-01,ws,1
14644,0,710011004,2020-05-02,2022-05-02,1.0,1120000.0,2020-04-01,ws,1
21303,0,710011004,2022-05-02,2024-07-02,1.0,1120000.0,2022-04-01,ws,1
25375,0,710011004,2024-07-02,2025-06-30,1.0,1120000.0,2024-06-01,ws,1
4899,3,710011005,2010-01-01,2016-10-02,1.0,637000.0,2016-09-01,bsl,0
6958,0,710011005,2016-10-02,2018-05-02,1.0,637000.0,2016-09-01,ws,1
9529,0,710011005,2018-05-02,2019-11-02,1.0,637000.0,2018-04-01,ws,1
12039,0,710011005,2019-11-02,2020-05-02,1.0,649000.0,2019-10-01,ws,1
14645,0,710011005,2020-05-02,2022-05-02,1.0,649000.0,2020-04-01,ws,1
19838,5,710011005,2022-05-02,2023-02-02,1.0,647000.0,2022-04-01,ws,1
20586,5,710011005,2023-02-02,2023-05-02,,643000.0,2023-01-01,ws,1
21304,0,710011005,2023-05-02,2024-07-02,1.0,639000.0,2023-04-01,ws,1
25376,0,710011005,2024-07-02,2025-06-30,1.0,639000.0,2024-06-01,ws,1
4900,3,710011006,2010-01-01,2016-10-02,1.0,45800.0,2016-09-01,bsl,0
6959,0,710011006,2016-10-02,2018-05-02,1.0,45800.0,2016-09-01,ws,1
9530,0,710011006,2018-05-02,2019-11-02,1.0,45800.0,2018-04-01,ws,1
12040,0,710011006,2019-11-02,2020-05-02,1.0,46600.0,2019-10-01,ws,1
14646,0,710011006,2020-05-02,2022-05-02,1.0,44000.0,2020-04-01,ws,1
21305,0,710011006,2022-05-02,2024-07-02,1.0,40300.0,2022-04-01,ws,1
25377,0,710011006,2024-07-02,2025-06-30,1.0,40300.0,2024-06-01,ws,1
4904,3,710011007,2010-01-01,2017-01-02,1.0,9930.0,2016-12-01,bsl,0
6960,0,710011007,2017-01-02,2018-05-02,1.0,9930.0,2016-12-01,ws,1
9531,0,710011007,2018-05-02,2019-11-02,1.0,9550.0,2018-04-01,ws,1
12041,0,710011007,2019-11-02,2020-05-02,1.0,9730.0,2019-10-01,ws,1
14647,0,710011007,2020-05-02,2022-05-02,1.0,9730.0,2020-04-01,ws,1
21306,0,710011007,2022-05-02,2024-07-02,1.0,9730.0,2022-04-01,ws,1
25378,0,710011007,2024-07-02,2025-06-30,1.0,9730.0,2024-06-01,ws,1
4905,3,710011008,2010-01-01,2017-01-02,1.0,7130.0,2016-12-01,bsl,0
6961,0,710011008,2017-01-02,2018-05-02,1.0,7130.0,2016-12-01,ws,1
9532,0,710011008,2018-05-02,2019-11-02,1.0,7130.0,2018-04-01,ws,1
12042,0,710011008,2019-11-02,2020-05-02,1.0,7260.0,2019-10-01,ws,1
14648,0,710011008,2020-05-02,2022-05-02,1.0,7260.0,2020-04-01,ws,1
21307,0,710011008,2022-05-02,2024-07-02,1.0,7260.0,2022-04-01,ws,1
25379,0,710011008,2024-07-02,2025-06-30,1.0,7260.0,2024-06-01,ws,1
4906,3,710011009,2010-01-01,2017-01-02,1.0,7300.0,2016-12-01,bsl,0
6962,0,710011009,2017-01-02,2018-05-02,1.0,7300.0,2016-12-01,ws,1
8229,5,710011009,2018-05-02,2019-01-02,1.0,7300.0,2018-04-01,ws,1
8833,9,710011009,2019-01-02,2025-06-30,,7300.0,2018-12-01,aes,2
4908,3,710011010,2010-01-01,2017-01-02,1.0,316000.0,2016-12-01,bsl,0
6963,0,710011010,2017-01-02,2018-05-02,1.0,316000.0,2016-12-01,ws,1
9533,0,710011010,2018-05-02,2019-11-02,1.0,316000.0,2018-04-01,ws,1
12043,0,710011010,2019-11-02,2020-05-02,1.0,322000.0,2019-10-01,ws,1
14649,0,710011010,2020-05-02,2022-05-02,1.0,322000.0,2020-04-01,ws,1
21308,0,710011010,2022-05-02,2024-07-02,1.0,322000.0,2022-04-01,ws,1
25380,0,710011010,2024-07-02,2025-06-30,1.0,322000.0,2024-06-01,ws,1
4909,3,710011011,2010-01-01,2017-01-02,1.0,338000.0,2016-12-01,bsl,0
6964,0,710011011,2017-01-02,2018-05-02,1.0,338000.0,2016-12-01,ws,1
9534,0,710011011,2018-05-02,2019-11-02,1.0,338000.0,2018-04-01,ws,1
12044,0,710011011,2019-11-02,2020-05-02,1.0,344000.0,2019-10-01,ws,1
14650,0,710011011,2020-05-02,2022-05-02,1.0,344000.0,2020-04-01,ws,1
21309,0,710011011,2022-05-02,2024-07-02,1.0,344000.0,2022-04-01,ws,1
25381,0,710011011,2024-07-02,2025-06-30,1.0,344000.0,2024-06-01,ws,1
4919,3,710011012,2010-01-01,2017-04-02,1.0,1640000.0,2017-03-01,bsl,0
6965,0,710011012,2017-04-02,2018-05-02,1.0,1640000.0,2017-03-01,ws,1
9535,0,710011012,2018-05-02,2019-11-02,1.0,1680000.0,2018-04-01,ws,1
12045,0,710011012,2019-11-02,2020-05-02,1.0,1710000.0,2019-10-01,ws,1
14651,0,710011012,2020-05-02,2022-05-02,1.0,1710000.0,2020-04-01,ws,1
21310,0,710011012,2022-05-02,2024-07-02,1.0,1710000.0,2022-04-01,ws,1
25382,0,710011012,2024-07-02,2025-06-30,1.0,1710000.0,2024-06-01,ws,1
4920,3,710011013,2010-01-01,2017-04-02,1.0,1720000.0,2017-03-01,bsl,0
6966,0,710011013,2017-04-02,2018-05-02,1.0,1720000.0,2017-03-01,ws,1
8233,9,710011013,2018-05-02,2025-06-30,,0.0,2018-04-01,aes,2
4921,3,710011014,2010-01-01,2017-04-02,1.0,244000.0,2017-03-01,bsl,0
6967,0,710011014,2017-04-02,2018-05-02,1.0,244000.0,2017-03-01,ws,1
9536,0,710011014,2018-05-02,2019-11-02,1.0,244000.0,2018-04-01,ws,1
12046,0,710011014,2019-11-02,2020-05-02,1.0,249000.0,2019-10-01,ws,1
14652,0,710011014,2020-05-02,2022-05-02,1.0,249000.0,2020-04-01,ws,1
21311,0,710011014,2022-05-02,2024-07-02,1.0,249000.0,2022-04-01,ws,1
25383,0,710011014,2024-07-02,2025-06-30,1.0,249000.0,2024-06-01,ws,1
4934,3,710011015,2010-01-01,2017-07-02,1.0,177000.0,2017-06-01,bsl,0
6968,0,710011015,2017-07-02,2018-05-02,1.0,177000.0,2017-06-01,ws,1
9537,0,710011015,2018-05-02,2019-11-02,1.0,171000.0,2018-04-01,ws,1
12047,0,710011015,2019-11-02,2020-05-02,1.0,171000.0,2019-10-01,ws,1
14653,0,710011015,2020-05-02,2022-05-02,1.0,171000.0,2020-04-01,ws,1
21312,0,710011015,2022-05-02,2024-07-02,1.0,170000.0,2022-04-01,ws,1
25384,0,710011015,2024-07-02,2025-06-30,1.0,170000.0,2024-06-01,ws,1
4935,3,710011016,2010-01-01,2017-07-02,1.0,244000.0,2017-06-01,bsl,0
6969,0,710011016,2017-07-02,2018-05-02,1.0,244000.0,2017-06-01,ws,1
9538,0,710011016,2018-05-02,2019-11-02,1.0,244000.0,2018-04-01,ws,1
10785,9,710011016,2019-11-02,2025-06-30,,0.0,2019-10-01,aes,2
4938,3,710011017,2010-01-01,2017-10-02,1.0,1040000.0,2017-09-01,bsl,0
6970,0,710011017,2017-10-02,2018-05-02,1.0,1040000.0,2017-09-01,ws,1
9539,0,710011017,2018-05-02,2019-11-02,1.0,1040000.0,2018-04-01,ws,1
12048,0,710011017,2019-11-02,2020-05-02,1.0,1060000.0,2019-10-01,ws,1
14654,0,710011017,2020-05-02,2022-05-02,1.0,1060000.0,2020-04-01,ws,1
21313,0,710011017,2022-05-02,2024-07-02,1.0,1060000.0,2022-04-01,ws,1
25385,0,710011017,2024-07-02,2025-06-30,1.0,1060000.0,2024-06-01,ws,1
4939,3,710011018,2010-01-01,2017-10-02,1.0,1040000.0,2017-09-01,bsl,0
6971,0,710011018,2017-10-02,2018-05-02,1.0,1040000.0,2017-09-01,ws,1
9540,0,710011018,2018-05-02,2019-11-02,1.0,1040000.0,2018-04-01,ws,1
10787,9,710011018,2019-11-02,2025-06-30,,0.0,2019-10-01,aes,2
4940,3,710011019,2010-01-01,2017-10-02,1.0,86000.0,2017-09-01,bsl,0
6972,0,710011019,2017-10-02,2018-05-02,1.0,86000.0,2017-09-01,ws,1
9541,0,710011019,2018-05-02,2019-11-02,1.0,86000.0,2018-04-01,ws,1
12049,0,710011019,2019-11-02,2020-05-02,1.0,87600.0,2019-10-01,ws,1
14655,0,710011019,2020-05-02,2022-05-02,1.0,87600.0,2020-04-01,ws,1
21314,0,710011019,2022-05-02,2024-07-02,1.0,87600.0,2022-04-01,ws,1
25386,0,710011019,2024-07-02,2025-06-30,1.0,87600.0,2024-06-01,ws,1
4941,3,710011020,2010-01-01,2017-10-02,1.0,65300.0,2017-09-01,bsl,0
6973,0,710011020,2017-10-02,2018-05-02,1.0,65300.0,2017-09-01,ws,1
9542,0,710011020,2018-05-02,2019-11-02,1.0,65300.0,2018-04-01,ws,1
12050,0,710011020,2019-11-02,2020-05-02,1.0,66100.0,2019-10-01,ws,1
14656,0,710011020,2020-05-02,2022-05-02,1.0,65400.0,2020-04-01,ws,1
21315,0,710011020,2022-05-02,2024-07-02,1.0,64600.0,2022-04-01,ws,1
25387,0,710011020,2024-07-02,2025-06-30,1.0,64600.0,2024-06-01,ws,1
4942,3,710011021,2010-01-01,2017-10-02,1.0,2590000.0,2017-09-01,bsl,0
6974,0,710011021,2017-10-02,2018-05-02,1.0,2590000.0,2017-09-01,ws,1
9543,0,710011021,2018-05-02,2019-11-02,1.0,2590000.0,2018-04-01,ws,1
12051,0,710011021,2019-11-02,2020-05-02,1.0,2620000.0,2019-10-01,ws,1
14657,0,710011021,2020-05-02,2022-05-02,1.0,2600000.0,2020-04-01,ws,1
21316,0,710011021,2022-05-02,2024-07-02,1.0,2570000.0,2022-04-01,ws,1
25388,0,710011021,2024-07-02,2025-06-30,1.0,2570000.0,2024-06-01,ws,1
4947,3,710011022,2010-01-01,2018-01-02,1.0,170000.0,2017-12-01,bsl,0
6975,3,710011022,2018-01-02,2018-05-02,1.0,170000.0,2017-12-01,ws,1
9544,0,710011022,2018-05-02,2019-11-02,1.0,170000.0,2018-04-01,ws,1
12052,0,710011022,2019-11-02,2020-05-02,1.0,173000.0,2019-10-01,ws,1
14658,0,710011022,2020-05-02,2022-05-02,1.0,173000.0,2020-04-01,ws,1
21317,0,710011022,2022-05-02,2024-07-02,1.0,173000.0,2022-04-01,ws,1
25389,0,710011022,2024-07-02,2025-06-30,1.0,173000.0,2024-06-01,ws,1
4948,3,710011023,2010-01-01,2018-01-02,1.0,296000.0,2017-12-01,bsl,0
6976,3,710011023,2018-01-02,2018-05-02,1.0,296000.0,2017-12-01,ws,1
9545,0,710011023,2018-05-02,2019-11-02,1.0,296000.0,2018-04-01,ws,1
12053,0,710011023,2019-11-02,2020-05-02,1.0,301000.0,2019-10-01,ws,1
14659,0,710011023,2020-05-02,2022-05-02,1.0,301000.0,2020-04-01,ws,1
21318,0,710011023,2022-05-02,2024-07-02,1.0,301000.0,2022-04-01,ws,1
25390,0,710011023,2024-07-02,2025-06-30,1.0,301000.0,2024-06-01,ws,1
4949,3,710011024,2010-01-01,2018-01-02,1.0,35200.0,2017-12-01,bsl,0
6977,3,710011024,2018-01-02,2018-05-02,1.0,35200.0,2017-12-01,ws,1
9546,0,710011024,2018-05-02,2019-11-02,1.0,35200.0,2018-04-01,ws,1
12054,0,710011024,2019-11-02,2020-05-02,1.0,35900.0,2019-10-01,ws,1
14660,0,710011024,2020-05-02,2022-05-02,1.0,35900.0,2020-04-01,ws,1
21319,0,710011024,2022-05-02,2024-07-02,1.0,35900.0,2022-04-01,ws,1
25391,0,710011024,2024-07-02,2025-06-30,1.0,35900.0,2024-06-01,ws,1
4950,3,710011025,2010-01-01,2018-01-02,1.0,5230.0,2017-12-01,bsl,0
6978,3,710011025,2018-01-02,2018-05-02,1.0,5230.0,2017-12-01,ws,1
9547,0,710011025,2018-05-02,2019-11-02,1.0,5230.0,2018-04-01,ws,1
12055,0,710011025,2019-11-02,2020-05-02,1.0,5330.0,2019-10-01,ws,1
14661,0,710011025,2020-05-02,2022-05-02,1.0,4420.0,2020-04-01,ws,1
21320,0,710011025,2022-05-02,2024-07-02,1.0,3500.0,2022-04-01,ws,1
25392,0,710011025,2024-07-02,2025-06-30,1.0,3160.0,2024-06-01,ws,1
8246,3,710011027,2010-01-01,2018-05-02,1.0,42300.0,2018-04-01,bsl,0
9548,0,710011027,2018-05-02,2019-11-02,1.0,42300.0,2018-04-01,ws,1
12056,0,710011027,2019-11-02,2020-05-02,1.0,43100.0,2019-10-01,ws,1
14662,0,710011027,2020-05-02,2022-05-02,1.0,42400.0,2020-04-01,ws,1
21321,0,710011027,2022-05-02,2024-07-02,1.0,42400.0,2022-04-01,ws,1
25393,0,710011027,2024-07-02,2025-06-30,1.0,42400.0,2024-06-01,ws,1
8247,3,710011028,2010-01-01,2018-05-02,1.0,1670.0,2018-04-01,bsl,0
9549,0,710011028,2018-05-02,2019-11-02,1.0,1670.0,2018-04-01,ws,1
12057,0,710011028,2019-11-02,2020-05-02,1.0,1700.0,2019-10-01,ws,1
14663,0,710011028,2020-05-02,2022-05-02,1.0,1700.0,2020-04-01,ws,1
21322,0,710011028,2022-05-02,2024-07-02,1.0,1700.0,2022-04-01,ws,1
25394,0,710011028,2024-07-02,2025-06-30,1.0,1700.0,2024-06-01,ws,1
8248,3,710011029,2010-01-01,2018-05-02,1.0,7190.0,2018-04-01,bsl,0
9550,0,710011029,2018-05-02,2019-11-02,1.0,7190.0,2018-04-01,ws,1
12058,0,710011029,2019-11-02,2020-05-02,1.0,7320.0,2019-10-01,ws,1
14664,0,710011029,2020-05-02,2022-05-02,1.0,7320.0,2020-04-01,ws,1
21323,0,710011029,2022-05-02,2024-07-02,1.0,7320.0,2022-04-01,ws,1
25395,0,710011029,2024-07-02,2025-06-30,1.0,7320.0,2024-06-01,ws,1
8249,3,710011030,2010-01-01,2018-05-02,1.0,13200.0,2018-04-01,bsl,0
9551,0,710011030,2018-05-02,2019-11-02,1.0,13200.0,2018-04-01,ws,1
12059,0,710011030,2019-11-02,2020-05-02,1.0,13400.0,2019-10-01,ws,1
14665,0,710011030,2020-05-02,2022-05-02,1.0,13400.0,2020-04-01,ws,1
21324,0,710011030,2022-05-02,2024-07-02,1.0,13400.0,2022-04-01,ws,1
25396,0,710011030,2024-07-02,2025-06-30,1.0,13400.0,2024-06-01,ws,1
8250,3,710011031,2010-01-01,2018-05-02,1.0,20500.0,2018-04-01,bsl,0
9552,0,710011031,2018-05-02,2019-11-02,1.0,20500.0,2018-04-01,ws,1
12060,0,710011031,2019-11-02,2020-05-02,1.0,20900.0,2019-10-01,ws,1
14666,0,710011031,2020-05-02,2022-05-02,1.0,20900.0,2020-04-01,ws,1
21325,0,710011031,2022-05-02,2024-07-02,1.0,20900.0,2022-04-01,ws,1
25397,0,710011031,2024-07-02,2025-06-30,1.0,20900.0,2024-06-01,ws,1
8251,3,710011032,2010-01-01,2018-05-02,1.0,2210000.0,2018-04-01,bsl,0
9553,0,710011032,2018-05-02,2019-11-02,1.0,2210000.0,2018-04-01,ws,1
12061,0,710011032,2019-11-02,2020-05-02,1.0,2250000.0,2019-10-01,ws,1
14667,0,710011032,2020-05-02,2022-05-02,1.0,2250000.0,2020-04-01,ws,1
21326,0,710011032,2022-05-02,2024-07-02,1.0,2250000.0,2022-04-01,ws,1
25398,0,710011032,2024-07-02,2025-06-30,1.0,2250000.0,2024-06-01,ws,1
8252,3,710011033,2010-01-01,2018-05-02,1.0,1105000.0,2018-04-01,bsl,0
9554,0,710011033,2018-05-02,2019-11-02,1.0,1105000.0,2018-04-01,ws,1
12062,0,710011033,2019-11-02,2020-05-02,1.0,1125000.0,2019-10-01,ws,1
14668,0,710011033,2020-05-02,2022-05-02,1.0,1125000.0,2020-04-01,ws,1
21327,0,710011033,2022-05-02,2024-07-02,1.0,1125000.0,2022-04-01,ws,1
25399,0,710011033,2024-07-02,2025-06-30,1.0,1125000.0,2024-06-01,ws,1
8253,3,710011034,2010-01-01,2018-05-02,1.0,2020.0,2018-04-01,bsl,0
9555,0,710011034,2018-05-02,2019-11-02,1.0,2020.0,2018-04-01,ws,1
12063,0,710011034,2019-11-02,2020-05-02,1.0,1970.0,2019-10-01,ws,1
14669,0,710011034,2020-05-02,2022-05-02,1.0,1950.0,2020-04-01,ws,1
21328,0,710011034,2022-05-02,2024-07-02,1.0,1880.0,2022-04-01,ws,1
25400,0,710011034,2024-07-02,2025-06-30,1.0,1870.0,2024-06-01,ws,1
8254,3,710011035,2010-01-01,2018-05-02,1.0,5600.0,2018-04-01,bsl,0
9556,0,710011035,2018-05-02,2019-11-02,1.0,5600.0,2018-04-01,ws,1
12064,0,710011035,2019-11-02,2020-05-02,1.0,5700.0,2019-10-01,ws,1
14670,0,710011035,2020-05-02,2022-05-02,1.0,5700.0,2020-04-01,ws,1
21329,0,710011035,2022-05-02,2024-07-02,1.0,5700.0,2022-04-01,ws,1
25401,0,710011035,2024-07-02,2025-06-30,1.0,5700.0,2024-06-01,ws,1
8255,3,710011036,2010-01-01,2018-05-02,1.0,9550.0,2018-04-01,bsl,0
9557,0,710011036,2018-05-02,2019-11-02,1.0,9550.0,2018-04-01,ws,1
12065,0,710011036,2019-11-02,2020-05-02,1.0,9730.0,2019-10-01,ws,1
14671,0,710011036,2020-05-02,2022-05-02,1.0,9730.0,2020-04-01,ws,1
21330,0,710011036,2022-05-02,2024-07-02,1.0,9730.0,2022-04-01,ws,1
25402,0,710011036,2024-07-02,2025-06-30,1.0,9730.0,2024-06-01,ws,1
8256,3,710011037,2010-01-01,2018-05-02,1.0,1670.0,2018-04-01,bsl,0
9558,0,710011037,2018-05-02,2019-11-02,1.0,1670.0,2018-04-01,ws,1
12066,0,710011037,2019-11-02,2020-05-02,1.0,1700.0,2019-10-01,ws,1
14672,0,710011037,2020-05-02,2022-05-02,1.0,1700.0,2020-04-01,ws,1
21331,0,710011037,2022-05-02,2024-07-02,1.0,1700.0,2022-04-01,ws,1
25403,0,710011037,2024-07-02,2025-06-30,1.0,1700.0,2024-06-01,ws,1
8257,3,710011038,2010-01-01,2018-05-02,1.0,7190.0,2018-04-01,bsl,0
9559,0,710011038,2018-05-02,2019-11-02,1.0,7190.0,2018-04-01,ws,1
12067,0,710011038,2019-11-02,2020-05-02,1.0,7320.0,2019-10-01,ws,1
14673,0,710011038,2020-05-02,2022-05-02,1.0,7320.0,2020-04-01,ws,1
21332,0,710011038,2022-05-02,2024-07-02,1.0,7320.0,2022-04-01,ws,1
25404,0,710011038,2024-07-02,2025-06-30,1.0,7320.0,2024-06-01,ws,1
8258,3,710011039,2010-01-01,2018-05-02,1.0,13200.0,2018-04-01,bsl,0
9560,0,710011039,2018-05-02,2019-11-02,1.0,13200.0,2018-04-01,ws,1
12068,0,710011039,2019-11-02,2020-05-02,1.0,13400.0,2019-10-01,ws,1
14674,0,710011039,2020-05-02,2022-05-02,1.0,13400.0,2020-04-01,ws,1
21333,0,710011039,2022-05-02,2024-07-02,1.0,13400.0,2022-04-01,ws,1
25405,0,710011039,2024-07-02,2025-06-30,1.0,13400.0,2024-06-01,ws,1
8259,3,710011040,2010-01-01,2018-05-02,1.0,20500.0,2018-04-01,bsl,0
9561,0,710011040,2018-05-02,2019-11-02,1.0,20500.0,2018-04-01,ws,1
12069,0,710011040,2019-11-02,2020-05-02,1.0,20900.0,2019-10-01,ws,1
14675,0,710011040,2020-05-02,2022-05-02,1.0,20900.0,2020-04-01,ws,1
21334,0,710011040,2022-05-02,2024-07-02,1.0,20900.0,2022-04-01,ws,1
25406,0,710011040,2024-07-02,2025-06-30,1.0,20900.0,2024-06-01,ws,1
8260,3,710011041,2010-01-01,2018-05-02,1.0,164.0,2018-04-01,bsl,0
9562,0,710011041,2018-05-02,2019-11-02,1.0,164.0,2018-04-01,ws,1
12070,0,710011041,2019-11-02,2020-05-02,1.0,167.0,2019-10-01,ws,1
14676,0,710011041,2020-05-02,2022-05-02,1.0,167.0,2020-04-01,ws,1
21335,0,710011041,2022-05-02,2024-07-02,1.0,167.0,2022-04-01,ws,1
25407,0,710011041,2024-07-02,2025-06-30,1.0,167.0,2024-06-01,ws,1
8261,3,710011042,2010-01-01,2018-05-02,1.0,752.0,2018-04-01,bsl,0
9563,0,710011042,2018-05-02,2019-11-02,1.0,752.0,2018-04-01,ws,1
12071,0,710011042,2019-11-02,2020-05-02,1.0,766.0,2019-10-01,ws,1
14677,0,710011042,2020-05-02,2022-05-02,1.0,766.0,2020-04-01,ws,1
21336,0,710011042,2022-05-02,2024-07-02,1.0,766.0,2022-04-01,ws,1
25408,0,710011042,2024-07-02,2025-06-30,1.0,766.0,2024-06-01,ws,1
8262,3,710011043,2010-01-01,2018-05-02,1.0,306.0,2018-04-01,bsl,0
9564,0,710011043,2018-05-02,2019-11-02,1.0,306.0,2018-04-01,ws,1
12072,0,710011043,2019-11-02,2020-05-02,1.0,312.0,2019-10-01,ws,1
14678,0,710011043,2020-05-02,2022-05-02,1.0,312.0,2020-04-01,ws,1
21337,0,710011043,2022-05-02,2024-07-02,1.0,312.0,2022-04-01,ws,1
25409,0,710011043,2024-07-02,2025-06-30,1.0,312.0,2024-06-01,ws,1
8263,3,710011044,2010-01-01,2018-05-02,1.0,644.0,2018-04-01,bsl,0
9565,0,710011044,2018-05-02,2019-11-02,1.0,644.0,2018-04-01,ws,1
12073,0,710011044,2019-11-02,2020-05-02,1.0,656.0,2019-10-01,ws,1
14679,0,710011044,2020-05-02,2022-05-02,1.0,581.0,2020-04-01,ws,1
21338,0,710011044,2022-05-02,2024-07-02,1.0,581.0,2022-04-01,ws,1
25410,0,710011044,2024-07-02,2025-06-30,1.0,575.0,2024-06-01,ws,1
8264,3,710011045,2010-01-01,2018-05-02,1.0,242.0,2018-04-01,bsl,0
9566,0,710011045,2018-05-02,2019-11-02,1.0,242.0,2018-04-01,ws,1
12074,0,710011045,2019-11-02,2020-05-02,1.0,246.0,2019-10-01,ws,1
14680,0,710011045,2020-05-02,2022-05-02,1.0,246.0,2020-04-01,ws,1
21339,0,710011045,2022-05-02,2024-07-02,1.0,419.0,2022-04-01,ws,1
25411,0,710011045,2024-07-02,2025-06-30,1.0,419.0,2024-06-01,ws,1
8265,3,710011046,2010-01-01,2018-05-02,1.0,375.0,2018-04-01,bsl,0
9567,0,710011046,2018-05-02,2019-11-02,1.0,375.0,2018-04-01,ws,1
12075,0,710011046,2019-11-02,2020-05-02,1.0,221.0,2019-10-01,ws,1
14681,0,710011046,2020-05-02,2022-05-02,1.0,210.0,2020-04-01,ws,1
21340,0,710011046,2022-05-02,2024-07-02,1.0,208.0,2022-04-01,ws,1
25412,0,710011046,2024-07-02,2025-06-30,1.0,208.0,2024-06-01,ws,1
8266,3,710011047,2010-01-01,2018-05-02,1.0,48.0,2018-04-01,bsl,0
9568,0,710011047,2018-05-02,2019-11-02,1.0,48.0,2018-04-01,ws,1
12076,0,710011047,2019-11-02,2020-05-02,1.0,49.0,2019-10-01,ws,1
14682,0,710011047,2020-05-02,2022-05-02,1.0,49.0,2020-04-01,ws,1
21341,0,710011047,2022-05-02,2024-07-02,1.0,49.0,2022-04-01,ws,1
25413,0,710011047,2024-07-02,2025-06-30,1.0,48.0,2024-06-01,ws,1
8267,3,710011048,2010-01-01,2018-05-02,1.0,30.0,2018-04-01,bsl,0
9569,0,710011048,2018-05-02,2019-11-02,1.0,30.0,2018-04-01,ws,1
12077,0,710011048,2019-11-02,2020-05-02,1.0,31.0,2019-10-01,ws,1
14683,0,710011048,2020-05-02,2022-05-02,1.0,31.0,2020-04-01,ws,1
21342,0,710011048,2022-05-02,2024-07-02,1.0,31.0,2022-04-01,ws,1
25414,0,710011048,2024-07-02,2025-06-30,1.0,31.0,2024-06-01,ws,1
8268,3,710011049,2010-01-01,2018-05-02,1.0,2750.0,2018-04-01,bsl,0
9570,0,710011049,2018-05-02,2019-11-02,1.0,2750.0,2018-04-01,ws,1
12078,0,710011049,2019-11-02,2020-05-02,1.0,2800.0,2019-10-01,ws,1
14684,0,710011049,2020-05-02,2022-05-02,1.0,2800.0,2020-04-01,ws,1
21343,0,710011049,2022-05-02,2024-07-02,1.0,2800.0,2022-04-01,ws,1
25415,0,710011049,2024-07-02,2025-06-30,1.0,2800.0,2024-06-01,ws,1
8269,3,710011050,2010-01-01,2018-05-02,1.0,13800.0,2018-04-01,bsl,0
9571,0,710011050,2018-05-02,2019-11-02,1.0,13800.0,2018-04-01,ws,1
12079,0,710011050,2019-11-02,2020-05-02,1.0,14100.0,2019-10-01,ws,1
14685,0,710011050,2020-05-02,2022-05-02,1.0,14100.0,2020-04-01,ws,1
21344,0,710011050,2022-05-02,2024-07-02,1.0,14100.0,2022-04-01,ws,1
25416,0,710011050,2024-07-02,2025-06-30,1.0,14100.0,2024-06-01,ws,1
8270,3,710011051,2010-01-01,2018-05-02,1.0,13700.0,2018-04-01,bsl,0
9572,0,710011051,2018-05-02,2019-11-02,1.0,13700.0,2018-04-01,ws,1
12080,0,710011051,2019-11-02,2020-05-02,1.0,13700.0,2019-10-01,ws,1
14686,0,710011051,2020-05-02,2022-05-02,1.0,13700.0,2020-04-01,ws,1
21345,0,710011051,2022-05-02,2024-07-02,1.0,13700.0,2022-04-01,ws,1
25417,0,710011051,2024-07-02,2025-06-30,1.0,13700.0,2024-06-01,ws,1
8271,3,710011052,2010-01-01,2018-05-02,1.0,26900.0,2018-04-01,bsl,0
9573,0,710011052,2018-05-02,2019-11-02,1.0,26900.0,2018-04-01,ws,1
12081,0,710011052,2019-11-02,2020-05-02,1.0,27400.0,2019-10-01,ws,1
14687,0,710011052,2020-05-02,2022-05-02,1.0,27400.0,2020-04-01,ws,1
21346,0,710011052,2022-05-02,2024-07-02,1.0,26100.0,2022-04-01,ws,1
25418,0,710011052,2024-07-02,2025-06-30,1.0,26100.0,2024-06-01,ws,1
8272,3,710011053,2010-01-01,2018-05-02,1.0,18600.0,2018-04-01,bsl,0
9574,0,710011053,2018-05-02,2019-11-02,1.0,18600.0,2018-04-01,ws,1
12082,0,710011053,2019-11-02,2020-05-02,1.0,16200.0,2019-10-01,ws,1
14688,0,710011053,2020-05-02,2022-05-02,1.0,16200.0,2020-04-01,ws,1
21347,0,710011053,2022-05-02,2024-07-02,1.0,16200.0,2022-04-01,ws,1
25419,0,710011053,2024-07-02,2025-06-30,1.0,16200.0,2024-06-01,ws,1
8273,3,710011054,2010-01-01,2018-05-02,1.0,8460.0,2018-04-01,bsl,0
9575,0,710011054,2018-05-02,2019-11-02,1.0,8460.0,2018-04-01,ws,1
12083,0,710011054,2019-11-02,2020-05-02,1.0,8500.0,2019-10-01,ws,1
14689,0,710011054,2020-05-02,2022-05-02,1.0,4360.0,2020-04-01,ws,1
21348,0,710011054,2022-05-02,2024-07-02,1.0,3580.0,2022-04-01,ws,1
25420,0,710011054,2024-07-02,2025-06-30,1.0,3420.0,2024-06-01,ws,1
8274,3,710011055,2010-01-01,2018-05-02,1.0,13500.0,2018-04-01,bsl,0
9576,0,710011055,2018-05-02,2019-11-02,1.0,13500.0,2018-04-01,ws,1
12084,0,710011055,2019-11-02,2020-05-02,1.0,13800.0,2019-10-01,ws,1
14690,0,710011055,2020-05-02,2022-05-02,1.0,13800.0,2020-04-01,ws,1
21349,0,710011055,2022-05-02,2024-07-02,1.0,13800.0,2022-04-01,ws,1
25421,0,710011055,2024-07-02,2025-06-30,1.0,13800.0,2024-06-01,ws,1
8275,3,710011056,2010-01-01,2018-05-02,1.0,3340.0,2018-04-01,bsl,0
9577,0,710011056,2018-05-02,2019-11-02,1.0,3340.0,2018-04-01,ws,1
12085,0,710011056,2019-11-02,2020-05-02,1.0,3400.0,2019-10-01,ws,1
14691,0,710011056,2020-05-02,2022-05-02,1.0,3400.0,2020-04-01,ws,1
21350,0,710011056,2022-05-02,2024-07-02,1.0,3400.0,2022-04-01,ws,1
25422,0,710011056,2024-07-02,2025-06-30,1.0,3400.0,2024-06-01,ws,1
8276,3,710011057,2010-01-01,2018-05-02,1.0,8110.0,2018-04-01,bsl,0
9578,0,710011057,2018-05-02,2019-11-02,1.0,8110.0,2018-04-01,ws,1
12086,0,710011057,2019-11-02,2020-05-02,1.0,8260.0,2019-10-01,ws,1
14692,0,710011057,2020-05-02,2022-05-02,1.0,8260.0,2020-04-01,ws,1
21351,0,710011057,2022-05-02,2024-07-02,1.0,7530.0,2022-04-01,ws,1
25423,0,710011057,2024-07-02,2025-06-30,1.0,7090.0,2024-06-01,ws,1
8277,3,710011058,2010-01-01,2018-05-02,1.0,1930.0,2018-04-01,bsl,0
9579,0,710011058,2018-05-02,2019-11-02,1.0,1930.0,2018-04-01,ws,1
12087,0,710011058,2019-11-02,2020-05-02,1.0,1970.0,2019-10-01,ws,1
14693,0,710011058,2020-05-02,2022-05-02,1.0,1970.0,2020-04-01,ws,1
21352,0,710011058,2022-05-02,2024-07-02,1.0,1970.0,2022-04-01,ws,1
25424,0,710011058,2024-07-02,2025-06-30,1.0,1970.0,2024-06-01,ws,1
8278,3,710011059,2010-01-01,2018-05-02,1.0,1320.0,2018-04-01,bsl,0
9580,0,710011059,2018-05-02,2019-11-02,1.0,1320.0,2018-04-01,ws,1
12088,0,710011059,2019-11-02,2020-05-02,1.0,1340.0,2019-10-01,ws,1
14694,0,710011059,2020-05-02,2022-05-02,1.0,1340.0,2020-04-01,ws,1
21353,0,710011059,2022-05-02,2024-07-02,1.0,1340.0,2022-04-01,ws,1
25425,0,710011059,2024-07-02,2025-06-30,1.0,1340.0,2024-06-01,ws,1
8279,3,710011060,2010-01-01,2018-05-02,1.0,909.0,2018-04-01,bsl,0
9581,0,710011060,2018-05-02,2019-11-02,1.0,909.0,2018-04-01,ws,1
12089,0,710011060,2019-11-02,2020-05-02,1.0,926.0,2019-10-01,ws,1
14695,0,710011060,2020-05-02,2022-05-02,1.0,926.0,2020-04-01,ws,1
21354,0,710011060,2022-05-02,2024-07-02,1.0,926.0,2022-04-01,ws,1
25426,0,710011060,2024-07-02,2025-06-30,1.0,926.0,2024-06-01,ws,1
8280,3,710011061,2010-01-01,2018-05-02,1.0,306.0,2018-04-01,bsl,0
9582,0,710011061,2018-05-02,2019-11-02,1.0,306.0,2018-04-01,ws,1
12090,0,710011061,2019-11-02,2020-05-02,1.0,312.0,2019-10-01,ws,1
14696,0,710011061,2020-05-02,2022-05-02,1.0,312.0,2020-04-01,ws,1
21355,0,710011061,2022-05-02,2024-07-02,1.0,312.0,2022-04-01,ws,1
25427,0,710011061,2024-07-02,2025-06-30,1.0,312.0,2024-06-01,ws,1
8824,3,710011062,2010-01-01,2018-07-02,1.0,190000.0,2018-06-01,bsl,0
9583,0,710011062,2018-07-02,2019-11-02,1.0,190000.0,2018-06-01,ws,1
12091,0,710011062,2019-11-02,2020-05-02,1.0,194000.0,2019-10-01,ws,1
14697,0,710011062,2020-05-02,2022-05-02,1.0,194000.0,2020-04-01,ws,1
21356,0,710011062,2022-05-02,2024-07-02,1.0,194000.0,2022-04-01,ws,1
25428,0,710011062,2024-07-02,2025-06-30,1.0,194000.0,2024-06-01,ws,1
8825,3,710011063,2010-01-01,2018-07-02,1.0,200000.0,2018-06-01,bsl,0
9584,0,710011063,2018-07-02,2019-11-02,1.0,200000.0,2018-06-01,ws,1
12092,0,710011063,2019-11-02,2020-05-02,1.0,204000.0,2019-10-01,ws,1
13342,5,710011063,2020-05-02,2020-07-02,1.0,204000.0,2020-04-01,ws,1
13923,9,710011063,2020-07-02,2025-06-30,,204000.0,2020-06-01,aes,2
8826,3,710011064,2010-01-01,2018-07-02,1.0,192000.0,2018-06-01,bsl,0
9585,0,710011064,2018-07-02,2019-11-02,1.0,192000.0,2018-06-01,ws,1
10832,5,710011064,2019-11-02,2020-01-02,1.0,196000.0,2019-10-01,ws,1
12093,5,710011064,2020-01-02,2020-05-02,1.0,196000.0,2019-12-01,ws,1
14698,0,710011064,2020-05-02,2022-05-02,1.0,196000.0,2020-04-01,ws,1
21357,0,710011064,2022-05-02,2024-07-02,1.0,196000.0,2022-04-01,ws,1
25429,0,710011064,2024-07-02,2025-06-30,1.0,196000.0,2024-06-01,ws,1
8829,3,710011065,2010-01-01,2018-10-02,1.0,3400.0,2018-09-01,bsl,0
9586,0,710011065,2018-10-02,2019-11-02,1.0,3400.0,2018-09-01,ws,1
12094,0,710011065,2019-11-02,2020-05-02,1.0,3460.0,2019-10-01,ws,1
14699,0,710011065,2020-05-02,2022-05-02,1.0,3460.0,2020-04-01,ws,1
21358,0,710011065,2022-05-02,2024-07-02,1.0,3460.0,2022-04-01,ws,1
25430,0,710011065,2024-07-02,2025-06-30,1.0,3250.0,2024-06-01,ws,1
8830,3,710011066,2010-01-01,2018-10-02,1.0,263000.0,2018-09-01,bsl,0
9587,0,710011066,2018-10-02,2019-11-02,1.0,263000.0,2018-09-01,ws,1
12095,0,710011066,2019-11-02,2020-05-02,1.0,268000.0,2019-10-01,ws,1
14700,0,710011066,2020-05-02,2022-05-02,1.0,268000.0,2020-04-01,ws,1
21359,0,710011066,2022-05-02,2024-07-02,1.0,268000.0,2022-04-01,ws,1
25431,0,710011066,2024-07-02,2025-06-30,1.0,268000.0,2024-06-01,ws,1
8831,3,710011067,2010-01-01,2018-10-02,1.0,493000.0,2018-09-01,bsl,0
9588,0,710011067,2018-10-02,2019-11-02,1.0,493000.0,2018-09-01,ws,1
12096,0,710011067,2019-11-02,2020-05-02,1.0,502000.0,2019-10-01,ws,1
14701,0,710011067,2020-05-02,2022-05-02,1.0,502000.0,2020-04-01,ws,1
21360,0,710011067,2022-05-02,2024-07-02,1.0,502000.0,2022-04-01,ws,1
25432,0,710011067,2024-07-02,2025-06-30,1.0,502000.0,2024-06-01,ws,1
8832,3,710011068,2010-01-01,2018-10-02,1.0,984000.0,2018-09-01,bsl,0
9589,0,710011068,2018-10-02,2019-11-02,1.0,984000.0,2018-09-01,ws,1
12097,0,710011068,2019-11-02,2020-05-02,1.0,995000.0,2019-10-01,ws,1
13347,9,710011068,2020-05-02,2025-06-30,,0.0,2020-04-01,aes,2
8835,3,710011069,2010-01-01,2019-01-02,1.0,1030000.0,2018-12-01,bsl,0
9590,0,710011069,2019-01-02,2019-11-02,1.0,1030000.0,2018-12-01,ws,1
12098,0,710011069,2019-11-02,2020-05-02,1.0,1050000.0,2019-10-01,ws,1
14702,0,710011069,2020-05-02,2022-05-02,1.0,1050000.0,2020-04-01,ws,1
21361,0,710011069,2022-05-02,2024-07-02,1.0,1050000.0,2022-04-01,ws,1
25433,0,710011069,2024-07-02,2025-06-30,1.0,1050000.0,2024-06-01,ws,1
8836,3,710011070,2010-01-01,2019-01-02,1.0,297.0,2018-12-01,bsl,0
9591,0,710011070,2019-01-02,2019-11-02,1.0,297.0,2018-12-01,ws,1
12099,0,710011070,2019-11-02,2020-05-02,1.0,303.0,2019-10-01,ws,1
14703,0,710011070,2020-05-02,2022-05-02,1.0,294.0,2020-04-01,ws,1
21362,0,710011070,2022-05-02,2024-07-02,1.0,294.0,2022-04-01,ws,1
25434,0,710011070,2024-07-02,2025-06-30,1.0,294.0,2024-06-01,ws,1
8857,3,710011071,2010-01-01,2019-04-02,1.0,24.0,2019-03-01,bsl,0
9592,0,710011071,2019-04-02,2019-11-02,1.0,24.0,2019-03-01,ws,1
12100,0,710011071,2019-11-02,2020-05-02,1.0,24.0,2019-10-01,ws,1
14704,0,710011071,2020-05-02,2022-05-02,1.0,101000.0,2020-04-01,ws,1
21363,0,710011071,2022-05-02,2024-07-02,1.0,101000.0,2022-04-01,ws,1
25435,0,710011071,2024-07-02,2025-06-30,1.0,97600.0,2024-06-01,ws,1
8878,3,710011072,2010-01-01,2019-10-02,1.0,268000.0,2019-09-01,bsl,0
9593,3,710011072,2019-10-02,2019-11-02,1.0,268000.0,2019-09-01,ws,1
12101,0,710011072,2019-11-02,2020-05-02,1.0,273000.0,2019-10-01,ws,1
14705,0,710011072,2020-05-02,2022-05-02,1.0,273000.0,2020-04-01,ws,1
21364,0,710011072,2022-05-02,2024-07-02,1.0,273000.0,2022-04-01,ws,1
25436,0,710011072,2024-07-02,2025-06-30,1.0,273000.0,2024-06-01,ws,1
8879,3,710011073,2010-01-01,2019-10-02,1.0,281000.0,2019-09-01,bsl,0
9594,3,710011073,2019-10-02,2019-11-02,1.0,281000.0,2019-09-01,ws,1
12102,0,710011073,2019-11-02,2020-05-02,1.0,286000.0,2019-10-01,ws,1
13352,5,710011073,2020-05-02,2021-10-02,1.0,286000.0,2020-04-01,ws,1
14017,9,710011073,2021-10-02,2025-06-30,,286000.0,2021-09-01,aes,2
8880,3,710011074,2010-01-01,2019-10-02,1.0,1240000.0,2019-09-01,bsl,0
9595,3,710011074,2019-10-02,2019-11-02,1.0,1240000.0,2019-09-01,ws,1
12103,0,710011074,2019-11-02,2020-05-02,1.0,1260000.0,2019-10-01,ws,1
14706,0,710011074,2020-05-02,2022-05-02,1.0,1260000.0,2020-04-01,ws,1
21365,0,710011074,2022-05-02,2024-07-02,1.0,1870000.0,2022-04-01,ws,1
25437,0,710011074,2024-07-02,2025-06-30,1.0,1870000.0,2024-06-01,ws,1
8881,3,710011075,2010-01-01,2019-10-02,1.0,606000.0,2019-09-01,bsl,0
9596,3,710011075,2019-10-02,2019-11-02,1.0,606000.0,2019-09-01,ws,1
12104,0,710011075,2019-11-02,2020-05-02,1.0,617000.0,2019-10-01,ws,1
14707,0,710011075,2020-05-02,2022-05-02,1.0,617000.0,2020-04-01,ws,1
21366,0,710011075,2022-05-02,2024-07-02,1.0,953000.0,2022-04-01,ws,1
25438,0,710011075,2024-07-02,2025-06-30,1.0,953000.0,2024-06-01,ws,1
8882,3,710011076,2010-01-01,2019-10-02,1.0,4400.0,2019-09-01,bsl,0
9597,3,710011076,2019-10-02,2019-11-02,1.0,4400.0,2019-09-01,ws,1
12105,0,710011076,2019-11-02,2020-05-02,1.0,4480.0,2019-10-01,ws,1
14708,0,710011076,2020-05-02,2022-05-02,1.0,4480.0,2020-04-01,ws,1
21367,0,710011076,2022-05-02,2024-07-02,1.0,11800.0,2022-04-01,ws,1
25439,0,710011076,2024-07-02,2025-06-30,1.0,11800.0,2024-06-01,ws,1
8883,3,710011077,2010-01-01,2019-10-02,1.0,1470000.0,2019-09-01,bsl,0
9598,3,710011077,2019-10-02,2019-11-02,1.0,1470000.0,2019-09-01,ws,1
12106,0,710011077,2019-11-02,2020-05-02,1.0,1500000.0,2019-10-01,ws,1
14709,0,710011077,2020-05-02,2022-05-02,1.0,1500000.0,2020-04-01,ws,1
21368,0,710011077,2022-05-02,2024-07-02,1.0,1500000.0,2022-04-01,ws,1
25440,0,710011077,2024-07-02,2025-06-30,1.0,1500000.0,2024-06-01,ws,1
11388,3,710011078,2010-01-01,2020-01-02,1.0,26500.0,2019-12-01,bsl,0
12107,3,710011078,2020-01-02,2020-05-02,1.0,26500.0,2019-12-01,ws,1
14710,0,710011078,2020-05-02,2022-05-02,1.0,26500.0,2020-04-01,ws,1
21369,0,710011078,2022-05-02,2024-07-02,1.0,26500.0,2022-04-01,ws,1
25441,0,710011078,2024-07-02,2025-06-30,1.0,26500.0,2024-06-01,ws,1
11389,3,710011079,2010-01-01,2020-01-02,1.0,792000.0,2019-12-01,bsl,0
12108,3,710011079,2020-01-02,2020-05-02,1.0,792000.0,2019-12-01,ws,1
14711,0,710011079,2020-05-02,2022-05-02,1.0,792000.0,2020-04-01,ws,1
21370,0,710011079,2022-05-02,2024-07-02,1.0,751000.0,2022-04-01,ws,1
25442,0,710011079,2024-07-02,2025-06-30,1.0,730000.0,2024-06-01,ws,1
11390,3,710011080,2010-01-01,2020-01-02,1.0,1710000.0,2019-12-01,bsl,0
12109,3,710011080,2020-01-02,2020-05-02,1.0,1710000.0,2019-12-01,ws,1
14712,0,710011080,2020-05-02,2022-05-02,1.0,1710000.0,2020-04-01,ws,1
21371,0,710011080,2022-05-02,2024-07-02,1.0,1710000.0,2022-04-01,ws,1
25443,0,710011080,2024-07-02,2025-06-30,1.0,1710000.0,2024-06-01,ws,1
11391,3,710011081,2010-01-01,2020-01-02,1.0,516000.0,2019-12-01,bsl,0
12110,3,710011081,2020-01-02,2020-05-02,1.0,516000.0,2019-12-01,ws,1
14713,0,710011081,2020-05-02,2022-05-02,1.0,516000.0,2020-04-01,ws,1
21372,0,710011081,2022-05-02,2024-07-02,1.0,516000.0,2022-04-01,ws,1
25444,0,710011081,2024-07-02,2025-06-30,1.0,516000.0,2024-06-01,ws,1
11392,3,710011082,2010-01-01,2020-01-02,1.0,865000.0,2019-12-01,bsl,0
12111,3,710011082,2020-01-02,2020-05-02,1.0,865000.0,2019-12-01,ws,1
14714,0,710011082,2020-05-02,2022-05-02,1.0,865000.0,2020-04-01,ws,1
21373,0,710011082,2022-05-02,2024-07-02,1.0,865000.0,2022-04-01,ws,1
25445,0,710011082,2024-07-02,2025-06-30,1.0,865000.0,2024-06-01,ws,1
13920,3,710011083,2010-01-01,2020-07-02,1.0,4280000.0,2020-06-01,bsl,0
14715,0,710011083,2020-07-02,2022-05-02,1.0,4280000.0,2020-06-01,ws,1
21374,0,710011083,2022-05-02,2024-07-02,1.0,4280000.0,2022-04-01,ws,1
25446,0,710011083,2024-07-02,2025-06-30,1.0,4280000.0,2024-06-01,ws,1
13921,3,710011084,2010-01-01,2020-07-02,1.0,5470000.0,2020-06-01,bsl,0
14716,0,710011084,2020-07-02,2022-05-02,1.0,5470000.0,2020-06-01,ws,1
21375,0,710011084,2022-05-02,2024-07-02,1.0,5470000.0,2022-04-01,ws,1
25447,0,710011084,2024-07-02,2025-06-30,1.0,5470000.0,2024-06-01,ws,1
13922,3,710011085,2010-01-01,2020-07-02,1.0,47.0,2020-06-01,bsl,0
14717,0,710011085,2020-07-02,2022-05-02,1.0,47.0,2020-06-01,ws,1
21376,0,710011085,2022-05-02,2024-07-02,1.0,47.0,2022-04-01,ws,1
25448,0,710011085,2024-07-02,2025-06-30,1.0,47.0,2024-06-01,ws,1
13926,3,710011086,2010-01-01,2020-10-02,1.0,492.0,2020-09-01,bsl,0
14718,0,710011086,2020-10-02,2022-05-02,1.0,492.0,2020-09-01,ws,1
21377,0,710011086,2022-05-02,2024-07-02,1.0,492.0,2022-04-01,ws,1
25449,0,710011086,2024-07-02,2025-06-30,1.0,492.0,2024-06-01,ws,1
13927,3,710011087,2010-01-01,2020-10-02,1.0,1000.0,2020-09-01,bsl,0
14719,0,710011087,2020-10-02,2022-05-02,1.0,1000.0,2020-09-01,ws,1
21378,0,710011087,2022-05-02,2024-07-02,1.0,1000.0,2022-04-01,ws,1
25450,0,710011087,2024-07-02,2025-06-30,1.0,1000.0,2024-06-01,ws,1
13928,3,710011088,2010-01-01,2020-10-02,1.0,675.0,2020-09-01,bsl,0
14720,0,710011088,2020-10-02,2022-05-02,1.0,675.0,2020-09-01,ws,1
21379,0,710011088,2022-05-02,2024-07-02,1.0,675.0,2022-04-01,ws,1
25451,0,710011088,2024-07-02,2025-06-30,1.0,675.0,2024-06-01,ws,1
13929,3,710011089,2010-01-01,2020-10-02,1.0,17800.0,2020-09-01,bsl,0
14721,0,710011089,2020-10-02,2022-05-02,1.0,17800.0,2020-09-01,ws,1
21380,0,710011089,2022-05-02,2024-07-02,1.0,17800.0,2022-04-01,ws,1
25452,0,710011089,2024-07-02,2025-06-30,1.0,16800.0,2024-06-01,ws,1
13930,3,710011090,2010-01-01,2020-10-02,1.0,22100.0,2020-09-01,bsl,0
14722,0,710011090,2020-10-02,2022-05-02,1.0,22100.0,2020-09-01,ws,1
21381,0,710011090,2022-05-02,2024-07-02,1.0,22100.0,2022-04-01,ws,1
25453,0,710011090,2024-07-02,2025-06-30,1.0,22100.0,2024-06-01,ws,1
13931,3,710011091,2010-01-01,2020-10-02,1.0,51100.0,2020-09-01,bsl,0
14723,0,710011091,2020-10-02,2022-05-02,1.0,51100.0,2020-09-01,ws,1
21382,0,710011091,2022-05-02,2024-07-02,1.0,51100.0,2022-04-01,ws,1
25454,0,710011091,2024-07-02,2025-06-30,1.0,51100.0,2024-06-01,ws,1
13932,3,710011092,2010-01-01,2020-10-02,1.0,157000.0,2020-09-01,bsl,0
14724,0,710011092,2020-10-02,2022-05-02,1.0,157000.0,2020-09-01,ws,1
21383,0,710011092,2022-05-02,2024-07-02,1.0,148000.0,2022-04-01,ws,1
25455,0,710011092,2024-07-02,2025-06-30,1.0,148000.0,2024-06-01,ws,1
13933,3,710011093,2010-01-01,2020-10-02,1.0,105000.0,2020-09-01,bsl,0
13952,5,710011093,2020-10-02,2020-12-02,,105000.0,2020-09-01,ws,1
13954,9,710011093,2020-12-02,2025-06-30,,105000.0,2020-11-01,aes,2
13934,3,710011094,2010-01-01,2020-10-02,1.0,118000.0,2020-09-01,bsl,0
14725,0,710011094,2020-10-02,2022-05-02,1.0,118000.0,2020-09-01,ws,1
21384,0,710011094,2022-05-02,2024-07-02,1.0,111000.0,2022-04-01,ws,1
25456,0,710011094,2024-07-02,2025-06-30,1.0,111000.0,2024-06-01,ws,1
13935,3,710011095,2010-01-01,2020-10-02,1.0,172000.0,2020-09-01,bsl,0
13953,5,710011095,2020-10-02,2020-12-02,,172000.0,2020-09-01,ws,1
13955,9,710011095,2020-12-02,2025-06-30,,172000.0,2020-11-01,aes,2
13936,3,710011096,2010-01-01,2020-10-02,1.0,180000.0,2020-09-01,bsl,0
14726,0,710011096,2020-10-02,2022-05-02,1.0,180000.0,2020-09-01,ws,1
21385,0,710011096,2022-05-02,2024-07-02,1.0,180000.0,2022-04-01,ws,1
25457,0,710011096,2024-07-02,2025-06-30,1.0,180000.0,2024-06-01,ws,1
13937,3,710011097,2010-01-01,2020-10-02,1.0,184000.0,2020-09-01,bsl,0
14727,0,710011097,2020-10-02,2022-05-02,1.0,184000.0,2020-09-01,ws,1
19920,0,710011097,2022-05-02,2022-10-02,1.0,184000.0,2022-04-01,ws,1
20545,9,710011097,2022-10-02,2025-06-30,,184000.0,2022-09-01,aes,2
13938,3,710011098,2010-01-01,2020-10-02,1.0,4440000.0,2020-09-01,bsl,0
14728,0,710011098,2020-10-02,2022-05-02,1.0,4440000.0,2020-09-01,ws,1
21386,0,710011098,2022-05-02,2024-07-02,1.0,4400000.0,2022-04-01,ws,1
25458,0,710011098,2024-07-02,2025-06-30,1.0,4400000.0,2024-06-01,ws,1
13939,3,710011099,2010-01-01,2020-10-02,1.0,3780000.0,2020-09-01,bsl,0
14729,0,710011099,2020-10-02,2022-05-02,1.0,3780000.0,2020-09-01,ws,1
21387,0,710011099,2022-05-02,2024-07-02,1.0,3720000.0,2022-04-01,ws,1
25459,0,710011099,2024-07-02,2025-06-30,1.0,3720000.0,2024-06-01,ws,1
13940,3,710011100,2010-01-01,2020-10-02,1.0,4750000.0,2020-09-01,bsl,0
14730,0,710011100,2020-10-02,2022-05-02,1.0,4750000.0,2020-09-01,ws,1
21388,0,710011100,2022-05-02,2024-07-02,1.0,4750000.0,2022-04-01,ws,1
25460,0,710011100,2024-07-02,2025-06-30,1.0,4750000.0,2024-06-01,ws,1
13941,3,710011101,2010-01-01,2020-10-02,1.0,4190000.0,2020-09-01,bsl,0
14731,0,710011101,2020-10-02,2022-05-02,1.0,4190000.0,2020-09-01,ws,1
21389,0,710011101,2022-05-02,2024-07-02,1.0,4180000.0,2022-04-01,ws,1
25461,0,710011101,2024-07-02,2025-06-30,1.0,4180000.0,2024-06-01,ws,1
13942,3,710011102,2010-01-01,2020-10-02,1.0,1430000.0,2020-09-01,bsl,0
14732,0,710011102,2020-10-02,2022-05-02,1.0,1430000.0,2020-09-01,ws,1
21390,0,710011102,2022-05-02,2024-07-02,1.0,1430000.0,2022-04-01,ws,1
25462,0,710011102,2024-07-02,2025-06-30,1.0,1430000.0,2024-06-01,ws,1
13943,3,710011103,2010-01-01,2020-10-02,1.0,492.0,2020-09-01,bsl,0
14733,0,710011103,2020-10-02,2022-05-02,1.0,492.0,2020-09-01,ws,1
21391,0,710011103,2022-05-02,2024-07-02,1.0,492.0,2022-04-01,ws,1
25463,0,710011103,2024-07-02,2025-06-30,1.0,492.0,2024-06-01,ws,1
13944,3,710011104,2010-01-01,2020-10-02,1.0,1000.0,2020-09-01,bsl,0
14734,0,710011104,2020-10-02,2022-05-02,1.0,1000.0,2020-09-01,ws,1
21392,0,710011104,2022-05-02,2024-07-02,1.0,1000.0,2022-04-01,ws,1
25464,0,710011104,2024-07-02,2025-06-30,1.0,1000.0,2024-06-01,ws,1
13945,3,710011105,2010-01-01,2020-10-02,1.0,675.0,2020-09-01,bsl,0
14735,0,710011105,2020-10-02,2022-05-02,1.0,675.0,2020-09-01,ws,1
21393,0,710011105,2022-05-02,2024-07-02,1.0,675.0,2022-04-01,ws,1
25465,0,710011105,2024-07-02,2025-06-30,1.0,675.0,2024-06-01,ws,1
13946,3,710011106,2010-01-01,2020-10-02,1.0,17800.0,2020-09-01,bsl,0
14736,0,710011106,2020-10-02,2022-05-02,1.0,17800.0,2020-09-01,ws,1
21394,0,710011106,2022-05-02,2024-07-02,1.0,17800.0,2022-04-01,ws,1
25466,0,710011106,2024-07-02,2025-06-30,1.0,16800.0,2024-06-01,ws,1
13947,3,710011107,2010-01-01,2020-10-02,1.0,22100.0,2020-09-01,bsl,0
14737,0,710011107,2020-10-02,2022-05-02,1.0,22100.0,2020-09-01,ws,1
21395,0,710011107,2022-05-02,2024-07-02,1.0,22100.0,2022-04-01,ws,1
25467,0,710011107,2024-07-02,2025-06-30,1.0,22100.0,2024-06-01,ws,1
13948,3,710011108,2010-01-01,2020-10-02,1.0,5760.0,2020-09-01,bsl,0
14738,0,710011108,2020-10-02,2022-05-02,1.0,5760.0,2020-09-01,ws,1
21396,0,710011108,2022-05-02,2024-07-02,1.0,4380.0,2022-04-01,ws,1
25468,0,710011108,2024-07-02,2025-06-30,1.0,3880.0,2024-06-01,ws,1
13957,3,710011109,2010-01-01,2021-01-02,1.0,76100.0,2020-12-01,bsl,0
14739,0,710011109,2021-01-02,2022-05-02,1.0,76100.0,2020-12-01,ws,1
21397,0,710011109,2022-05-02,2024-07-02,1.0,76100.0,2022-04-01,ws,1
25469,0,710011109,2024-07-02,2025-06-30,1.0,76100.0,2024-06-01,ws,1
13958,3,710011110,2010-01-01,2021-01-02,1.0,1800000.0,2020-12-01,bsl,0
14740,0,710011110,2021-01-02,2022-05-02,1.0,1800000.0,2020-12-01,ws,1
21398,0,710011110,2022-05-02,2024-07-02,1.0,1800000.0,2022-04-01,ws,1
25470,0,710011110,2024-07-02,2025-06-30,1.0,1800000.0,2024-06-01,ws,1
13959,3,710011111,2010-01-01,2021-01-02,1.0,1530000.0,2020-12-01,bsl,0
14741,0,710011111,2021-01-02,2022-05-02,1.0,1530000.0,2020-12-01,ws,1
21399,0,710011111,2022-05-02,2024-07-02,1.0,1530000.0,2022-04-01,ws,1
25471,0,710011111,2024-07-02,2025-06-30,1.0,1530000.0,2024-06-01,ws,1
13960,3,710011112,2010-01-01,2021-01-02,1.0,43500.0,2020-12-01,bsl,0
14742,0,710011112,2021-01-02,2022-05-02,1.0,43500.0,2020-12-01,ws,1
21400,0,710011112,2022-05-02,2024-07-02,1.0,43500.0,2022-04-01,ws,1
25472,0,710011112,2024-07-02,2025-06-30,1.0,43500.0,2024-06-01,ws,1
13961,3,710011113,2010-01-01,2021-01-02,1.0,492.0,2020-12-01,bsl,0
14743,0,710011113,2021-01-02,2022-05-02,1.0,492.0,2020-12-01,ws,1
21401,0,710011113,2022-05-02,2024-07-02,1.0,492.0,2022-04-01,ws,1
25473,0,710011113,2024-07-02,2025-06-30,1.0,492.0,2024-06-01,ws,1
13962,3,710011114,2010-01-01,2021-01-02,1.0,1000.0,2020-12-01,bsl,0
14744,0,710011114,2021-01-02,2022-05-02,1.0,1000.0,2020-12-01,ws,1
21402,0,710011114,2022-05-02,2024-07-02,1.0,1000.0,2022-04-01,ws,1
25474,0,710011114,2024-07-02,2025-06-30,1.0,1000.0,2024-06-01,ws,1
13963,3,710011115,2010-01-01,2021-01-02,1.0,675.0,2020-12-01,bsl,0
14745,0,710011115,2021-01-02,2022-05-02,1.0,675.0,2020-12-01,ws,1
21403,0,710011115,2022-05-02,2024-07-02,1.0,675.0,2022-04-01,ws,1
25475,0,710011115,2024-07-02,2025-06-30,1.0,675.0,2024-06-01,ws,1
13964,3,710011116,2010-01-01,2021-01-02,1.0,17800.0,2020-12-01,bsl,0
14746,0,710011116,2021-01-02,2022-05-02,1.0,17800.0,2020-12-01,ws,1
21404,0,710011116,2022-05-02,2024-07-02,1.0,17800.0,2022-04-01,ws,1
25476,0,710011116,2024-07-02,2025-06-30,1.0,16800.0,2024-06-01,ws,1
13965,3,710011117,2010-01-01,2021-01-02,1.0,22100.0,2020-12-01,bsl,0
14747,0,710011117,2021-01-02,2022-05-02,1.0,22100.0,2020-12-01,ws,1
21405,0,710011117,2022-05-02,2024-07-02,1.0,22100.0,2022-04-01,ws,1
25477,0,710011117,2024-07-02,2025-06-30,1.0,22100.0,2024-06-01,ws,1
13966,3,710011118,2010-01-01,2021-01-02,1.0,51100.0,2020-12-01,bsl,0
14748,0,710011118,2021-01-02,2022-05-02,1.0,51100.0,2020-12-01,ws,1
21406,0,710011118,2022-05-02,2024-07-02,1.0,51100.0,2022-04-01,ws,1
25478,0,710011118,2024-07-02,2025-06-30,1.0,51100.0,2024-06-01,ws,1
13979,3,710011119,2010-01-01,2021-04-02,1.0,3240.0,2021-03-01,bsl,0
14749,0,710011119,2021-04-02,2022-05-02,1.0,3240.0,2021-03-01,ws,1
21407,0,710011119,2022-05-02,2024-07-02,1.0,3240.0,2022-04-01,ws,1
25479,0,710011119,2024-07-02,2025-06-30,1.0,3240.0,2024-06-01,ws,1
13980,3,710011120,2010-01-01,2021-04-02,1.0,3240.0,2021-03-01,bsl,0
14750,0,710011120,2021-04-02,2022-05-02,1.0,3240.0,2021-03-01,ws,1
21408,0,710011120,2022-05-02,2024-07-02,1.0,3240.0,2022-04-01,ws,1
25480,0,710011120,2024-07-02,2025-06-30,1.0,3240.0,2024-06-01,ws,1
13981,3,710011121,2010-01-01,2021-04-02,1.0,84100.0,2021-03-01,bsl,0
14751,0,710011121,2021-04-02,2022-05-02,1.0,84100.0,2021-03-01,ws,1
21409,0,710011121,2022-05-02,2024-07-02,1.0,84100.0,2022-04-01,ws,1
25481,0,710011121,2024-07-02,2025-06-30,1.0,84100.0,2024-06-01,ws,1
13982,3,710011122,2010-01-01,2021-04-02,1.0,91600.0,2021-03-01,bsl,0
14752,0,710011122,2021-04-02,2021-09-02,1.0,91600.0,2021-03-01,ws,1
14016,5,710011122,2021-09-02,2022-05-02,,91600.0,2021-08-31,ws,1
21410,0,710011122,2022-05-02,2024-07-02,1.0,91600.0,2022-04-01,ws,1
25482,0,710011122,2024-07-02,2025-06-30,1.0,91600.0,2024-06-01,ws,1
13983,3,710011123,2010-01-01,2021-04-02,1.0,17.0,2021-03-01,bsl,0
14753,0,710011123,2021-04-02,2022-05-02,1.0,17.0,2021-03-01,ws,1
21411,0,710011123,2022-05-02,2024-07-02,1.0,17.0,2022-04-01,ws,1
25483,0,710011123,2024-07-02,2025-06-30,1.0,17.0,2024-06-01,ws,1
13984,3,710011124,2010-01-01,2021-04-02,1.0,3240.0,2021-03-01,bsl,0
14754,0,710011124,2021-04-02,2022-05-02,1.0,3240.0,2021-03-01,ws,1
21412,0,710011124,2022-05-02,2024-07-02,1.0,3240.0,2022-04-01,ws,1
25484,0,710011124,2024-07-02,2025-06-30,1.0,3240.0,2024-06-01,ws,1
14000,3,710011125,2010-01-01,2021-07-02,1.0,91500.0,2021-06-01,bsl,0
14755,0,710011125,2021-07-02,2022-05-02,1.0,91500.0,2021-06-01,ws,1
21413,0,710011125,2022-05-02,2024-07-02,1.0,265000.0,2022-04-01,ws,1
25485,0,710011125,2024-07-02,2025-06-30,1.0,265000.0,2024-06-01,ws,1
14001,3,710011126,2010-01-01,2021-07-02,1.0,51400.0,2021-06-01,bsl,0
14756,0,710011126,2021-07-02,2022-05-02,1.0,51400.0,2021-06-01,ws,1
21414,0,710011126,2022-05-02,2024-07-02,1.0,51400.0,2022-04-01,ws,1
25486,0,710011126,2024-07-02,2025-06-30,1.0,51400.0,2024-06-01,ws,1
14002,3,710011127,2010-01-01,2021-07-02,1.0,2480000.0,2021-06-01,bsl,0
14757,0,710011127,2021-07-02,2022-05-02,1.0,2480000.0,2021-06-01,ws,1
21415,0,710011127,2022-05-02,2024-07-02,1.0,2480000.0,2022-04-01,ws,1
25487,0,710011127,2024-07-02,2025-06-30,1.0,2480000.0,2024-06-01,ws,1
14003,3,710011128,2010-01-01,2021-10-02,1.0,113000.0,2021-09-01,bsl,0
14758,0,710011128,2021-10-02,2022-05-02,1.0,113000.0,2021-09-01,ws,1
21416,0,710011128,2022-05-02,2024-07-02,1.0,113000.0,2022-04-01,ws,1
25488,0,710011128,2024-07-02,2025-06-30,1.0,110000.0,2024-06-01,ws,1
14004,3,710011129,2010-01-01,2021-10-02,1.0,148000.0,2021-09-01,bsl,0
14759,0,710011129,2021-10-02,2022-05-02,1.0,148000.0,2021-09-01,ws,1
21417,0,710011129,2022-05-02,2024-07-02,1.0,148000.0,2022-04-01,ws,1
25489,0,710011129,2024-07-02,2025-06-30,1.0,144000.0,2024-06-01,ws,1
14005,3,710011130,2010-01-01,2021-10-02,1.0,1830000.0,2021-09-01,bsl,0
14760,0,710011130,2021-10-02,2022-05-02,1.0,1830000.0,2021-09-01,ws,1
21418,0,710011130,2022-05-02,2024-07-02,1.0,1830000.0,2022-04-01,ws,1
25490,0,710011130,2024-07-02,2025-06-30,1.0,1830000.0,2024-06-01,ws,1
14006,3,710011131,2010-01-01,2021-10-02,1.0,94800.0,2021-09-01,bsl,0
14761,0,710011131,2021-10-02,2022-05-02,1.0,94800.0,2021-09-01,ws,1
21419,0,710011131,2022-05-02,2024-07-02,1.0,94800.0,2022-04-01,ws,1
25491,0,710011131,2024-07-02,2025-06-30,1.0,94800.0,2024-06-01,ws,1
14007,3,710011132,2010-01-01,2021-10-02,1.0,720000.0,2021-09-01,bsl,0
14762,0,710011132,2021-10-02,2022-05-02,1.0,720000.0,2021-09-01,ws,1
21420,0,710011132,2022-05-02,2024-07-02,1.0,720000.0,2022-04-01,ws,1
25492,0,710011132,2024-07-02,2025-06-30,1.0,720000.0,2024-06-01,ws,1
14008,3,710011133,2010-01-01,2021-10-02,1.0,325000.0,2021-09-01,bsl,0
14763,0,710011133,2021-10-02,2022-05-02,1.0,325000.0,2021-09-01,ws,1
21421,0,710011133,2022-05-02,2024-07-02,1.0,325000.0,2022-04-01,ws,1
25493,0,710011133,2024-07-02,2025-06-30,1.0,325000.0,2024-06-01,ws,1
14009,3,710011134,2010-01-01,2021-10-02,1.0,29800.0,2021-09-01,bsl,0
14764,0,710011134,2021-10-02,2022-05-02,1.0,29800.0,2021-09-01,ws,1
21422,0,710011134,2022-05-02,2024-07-02,1.0,29800.0,2022-04-01,ws,1
25494,0,710011134,2024-07-02,2025-06-30,1.0,29800.0,2024-06-01,ws,1
14010,3,710011135,2010-01-01,2021-10-02,1.0,148000.0,2021-09-01,bsl,0
14765,0,710011135,2021-10-02,2022-05-02,1.0,148000.0,2021-09-01,ws,1
21423,0,710011135,2022-05-02,2024-07-02,1.0,148000.0,2022-04-01,ws,1
25495,0,710011135,2024-07-02,2025-06-30,1.0,144000.0,2024-06-01,ws,1
14011,3,710011136,2010-01-01,2021-10-02,1.0,7770.0,2021-09-01,bsl,0
14766,0,710011136,2021-10-02,2022-05-02,1.0,7770.0,2021-09-01,ws,1
21424,0,710011136,2022-05-02,2024-07-02,1.0,7770.0,2022-04-01,ws,1
25496,0,710011136,2024-07-02,2025-06-30,1.0,7770.0,2024-06-01,ws,1
14012,3,710011137,2010-01-01,2021-10-02,1.0,2330.0,2021-09-01,bsl,0
14767,0,710011137,2021-10-02,2022-05-02,1.0,2330.0,2021-09-01,ws,1
21425,0,710011137,2022-05-02,2024-07-02,1.0,2330.0,2022-04-01,ws,1
25497,0,710011137,2024-07-02,2025-06-30,1.0,2330.0,2024-06-01,ws,1
14018,3,710011138,2010-01-01,2022-01-02,1.0,30400.0,2021-12-01,bsl,0
14768,0,710011138,2022-01-02,2022-05-02,1.0,30400.0,2021-12-01,ws,1
21426,0,710011138,2022-05-02,2024-07-02,1.0,30400.0,2022-04-01,ws,1
25498,0,710011138,2024-07-02,2025-06-30,1.0,30400.0,2024-06-01,ws,1
14019,3,710011139,2010-01-01,2022-01-02,1.0,1170000.0,2021-12-01,bsl,0
14769,0,710011139,2022-01-02,2022-05-02,1.0,1170000.0,2021-12-01,ws,1
19962,0,710011139,2022-05-02,2023-12-02,1.0,1170000.0,2022-04-01,ws,1
21427,0,710011139,2023-12-02,2024-07-02,1.0,1070000.0,2023-11-01,ws,1
25499,0,710011139,2024-07-02,2025-06-30,1.0,1070000.0,2024-06-01,ws,1
14020,3,710011140,2010-01-01,2022-01-02,1.0,97100.0,2021-12-01,bsl,0
14770,0,710011140,2022-01-02,2022-05-02,1.0,97100.0,2021-12-01,ws,1
21428,0,710011140,2022-05-02,2024-07-02,1.0,97100.0,2022-04-01,ws,1
25500,0,710011140,2024-07-02,2025-06-30,1.0,97100.0,2024-06-01,ws,1
14021,3,710011141,2010-01-01,2022-01-02,1.0,4280000.0,2021-12-01,bsl,0
14771,0,710011141,2022-01-02,2022-05-02,1.0,4280000.0,2021-12-01,ws,1
21429,0,710011141,2022-05-02,2024-07-02,1.0,4280000.0,2022-04-01,ws,1
25501,0,710011141,2024-07-02,2025-06-30,1.0,4280000.0,2024-06-01,ws,1
14022,3,710011142,2010-01-01,2022-01-02,1.0,5470000.0,2021-12-01,bsl,0
14772,0,710011142,2022-01-02,2022-05-02,1.0,5470000.0,2021-12-01,ws,1
21430,0,710011142,2022-05-02,2024-07-02,1.0,5470000.0,2022-04-01,ws,1
25502,0,710011142,2024-07-02,2025-06-30,1.0,5470000.0,2024-06-01,ws,1
14023,3,710011143,2010-01-01,2022-01-02,1.0,13200.0,2021-12-01,bsl,0
14773,0,710011143,2022-01-02,2022-05-02,1.0,13200.0,2021-12-01,ws,1
21431,0,710011143,2022-05-02,2024-07-02,1.0,13200.0,2022-04-01,ws,1
25503,0,710011143,2024-07-02,2025-06-30,1.0,13200.0,2024-06-01,ws,1
14024,3,710011144,2010-01-01,2022-01-02,1.0,31200.0,2021-12-01,bsl,0
14774,0,710011144,2022-01-02,2022-05-02,1.0,31200.0,2021-12-01,ws,1
21432,0,710011144,2022-05-02,2024-07-02,1.0,31200.0,2022-04-01,ws,1
25504,0,710011144,2024-07-02,2025-06-30,1.0,31200.0,2024-06-01,ws,1
16058,3,710011145,2010-01-01,2022-05-02,1.0,97900.0,2022-04-01,bsl,0
21433,0,710011145,2022-05-02,2024-07-02,1.0,97900.0,2022-04-01,ws,1
25505,0,710011145,2024-07-02,2025-06-30,1.0,97900.0,2024-06-01,ws,1
16059,3,710011146,2010-01-01,2022-05-02,1.0,5270000.0,2022-04-01,bsl,0
21434,0,710011146,2022-05-02,2024-07-02,1.0,5270000.0,2022-04-01,ws,1
25506,0,710011146,2024-07-02,2025-06-30,1.0,5270000.0,2024-06-01,ws,1
16060,3,710011147,2010-01-01,2022-05-02,1.0,1990.0,2022-04-01,bsl,0
21435,0,710011147,2022-05-02,2024-07-02,1.0,1990.0,2022-04-01,ws,1
25507,0,710011147,2024-07-02,2025-06-30,1.0,1990.0,2024-06-01,ws,1
16061,3,710011148,2010-01-01,2022-05-02,1.0,101000.0,2022-04-01,bsl,0
19971,3,710011148,2022-05-02,2023-12-02,1.0,101000.0,2022-04-01,ws,1
21436,0,710011148,2023-12-02,2024-07-02,1.0,97900.0,2023-11-01,ws,1
25508,0,710011148,2024-07-02,2025-06-30,1.0,97900.0,2024-06-01,ws,1
16062,3,710011149,2010-01-01,2022-05-02,1.0,138000.0,2022-04-01,bsl,0
21437,0,710011149,2022-05-02,2024-07-02,1.0,138000.0,2022-04-01,ws,1
25509,0,710011149,2024-07-02,2025-06-30,1.0,138000.0,2024-06-01,ws,1
16063,3,710011150,2010-01-01,2022-05-02,1.0,9040.0,2022-04-01,bsl,0
21438,0,710011150,2022-05-02,2024-07-02,1.0,9040.0,2022-04-01,ws,1
25510,0,710011150,2024-07-02,2025-06-30,1.0,9040.0,2024-06-01,ws,1
16064,3,710011151,2010-01-01,2022-05-02,1.0,27600.0,2022-04-01,bsl,0
21439,0,710011151,2022-05-02,2024-07-02,1.0,27600.0,2022-04-01,ws,1
25511,0,710011151,2024-07-02,2025-06-30,1.0,27600.0,2024-06-01,ws,1
16065,3,710011152,2010-01-01,2022-05-02,1.0,103000.0,2022-04-01,bsl,0
21440,0,710011152,2022-05-02,2024-07-02,1.0,103000.0,2022-04-01,ws,1
25512,0,710011152,2024-07-02,2025-06-30,1.0,103000.0,2024-06-01,ws,1
16066,3,710011153,2010-01-01,2022-05-02,1.0,773000.0,2022-04-01,bsl,0
21441,0,710011153,2022-05-02,2024-07-02,1.0,773000.0,2022-04-01,ws,1
25513,0,710011153,2024-07-02,2025-06-30,1.0,773000.0,2024-06-01,ws,1
16067,3,710011155,2010-01-01,2022-05-02,1.0,310000.0,2022-04-01,bsl,0
21442,0,710011155,2022-05-02,2024-07-02,1.0,310000.0,2022-04-01,ws,1
25514,0,710011155,2024-07-02,2025-06-30,1.0,310000.0,2024-06-01,ws,1
16068,3,710011156,2010-01-01,2022-05-02,1.0,1060000.0,2022-04-01,bsl,0
21443,0,710011156,2022-05-02,2024-07-02,1.0,1060000.0,2022-04-01,ws,1
25515,0,710011156,2024-07-02,2025-06-30,1.0,1060000.0,2024-06-01,ws,1
16069,3,710011157,2010-01-01,2022-05-02,1.0,25300.0,2022-04-01,bsl,0
16069,3,710011157,2022-05-02,2025-06-30,1.0,25300.0,2022-04-01,ws,1
16070,3,710011158,2010-01-01,2022-05-02,1.0,675.0,2022-04-01,bsl,0
21444,0,710011158,2022-05-02,2024-07-02,1.0,675.0,2022-04-01,ws,1
25516,0,710011158,2024-07-02,2025-06-30,1.0,1150.0,2024-06-01,ws,1
16071,3,710011159,2010-01-01,2022-05-02,1.0,675.0,2022-04-01,bsl,0
21445,0,710011159,2022-05-02,2024-07-02,1.0,675.0,2022-04-01,ws,1
25517,0,710011159,2024-07-02,2025-06-30,1.0,1150.0,2024-06-01,ws,1
16072,3,710011160,2010-01-01,2022-05-02,1.0,675.0,2022-04-01,bsl,0
21446,0,710011160,2022-05-02,2024-07-02,1.0,675.0,2022-04-01,ws,1
25518,0,710011160,2024-07-02,2025-06-30,1.0,1150.0,2024-06-01,ws,1
16073,3,710011161,2010-01-01,2022-05-02,1.0,9170.0,2022-04-01,bsl,0
21447,0,710011161,2022-05-02,2024-07-02,1.0,9170.0,2022-04-01,ws,1
25519,0,710011161,2024-07-02,2025-06-30,1.0,9170.0,2024-06-01,ws,1
16074,3,710011162,2010-01-01,2022-05-02,1.0,773000.0,2022-04-01,bsl,0
21448,0,710011162,2022-05-02,2024-07-02,1.0,773000.0,2022-04-01,ws,1
25520,0,710011162,2024-07-02,2025-06-30,1.0,773000.0,2024-06-01,ws,1
16075,3,710011163,2010-01-01,2022-05-02,1.0,29900.0,2022-04-01,bsl,0
21449,0,710011163,2022-05-02,2024-07-02,1.0,29900.0,2022-04-01,ws,1
25521,0,710011163,2024-07-02,2025-06-30,1.0,65900.0,2024-06-01,ws,1
16076,3,710011164,2010-01-01,2022-05-02,1.0,29900.0,2022-04-01,bsl,0
21450,0,710011164,2022-05-02,2024-07-02,1.0,29900.0,2022-04-01,ws,1
25522,0,710011164,2024-07-02,2025-06-30,1.0,84800.0,2024-06-01,ws,1
20546,3,710011165,2010-01-01,2022-10-02,1.0,7940000.0,2022-09-01,bsl,0
21451,0,710011165,2022-10-02,2024-07-02,1.0,7940000.0,2022-09-01,ws,1
25523,0,710011165,2024-07-02,2025-06-30,1.0,7940000.0,2024-06-01,ws,1
20547,3,710011166,2010-01-01,2022-10-02,1.0,5470000.0,2022-09-01,bsl,0
21452,0,710011166,2022-10-02,2024-07-02,1.0,5470000.0,2022-09-01,ws,1
25524,0,710011166,2024-07-02,2025-06-30,1.0,5470000.0,2024-06-01,ws,1
20548,3,710011167,2010-01-01,2022-10-02,1.0,388000.0,2022-09-01,bsl,0
21453,0,710011167,2022-10-02,2024-07-02,1.0,388000.0,2022-09-01,ws,1
25525,0,710011167,2024-07-02,2025-06-30,1.0,388000.0,2024-06-01,ws,1
20549,3,710011168,2010-01-01,2022-10-02,1.0,35100.0,2022-09-01,bsl,0
21454,0,710011168,2022-10-02,2024-07-02,1.0,35100.0,2022-09-01,ws,1
25526,0,710011168,2024-07-02,2025-06-30,1.0,35100.0,2024-06-01,ws,1
20550,3,710011169,2010-01-01,2022-10-02,1.0,836000.0,2022-09-01,bsl,0
21455,0,710011169,2022-10-02,2024-07-02,1.0,836000.0,2022-09-01,ws,1
25527,0,710011169,2024-07-02,2025-06-30,1.0,836000.0,2024-06-01,ws,1
20551,3,710011170,2010-01-01,2022-10-02,1.0,897000.0,2022-09-01,bsl,0
21456,0,710011170,2022-10-02,2024-07-02,1.0,897000.0,2022-09-01,ws,1
25528,0,710011170,2024-07-02,2025-06-30,1.0,897000.0,2024-06-01,ws,1
20552,3,710011171,2010-01-01,2022-10-02,1.0,66300.0,2022-09-01,bsl,0
21457,0,710011171,2022-10-02,2024-07-02,1.0,66300.0,2022-09-01,ws,1
25529,0,710011171,2024-07-02,2025-06-30,1.0,66300.0,2024-06-01,ws,1
20553,3,710011172,2010-01-01,2022-10-02,1.0,35400.0,2022-09-01,bsl,0
21458,0,710011172,2022-10-02,2024-07-02,1.0,35400.0,2022-09-01,ws,1
25530,0,710011172,2024-07-02,2025-06-30,1.0,35400.0,2024-06-01,ws,1
20554,3,710011173,2010-01-01,2022-10-02,1.0,2760.0,2022-09-01,bsl,0
21459,0,710011173,2022-10-02,2024-07-02,1.0,2760.0,2022-09-01,ws,1
25531,0,710011173,2024-07-02,2025-06-30,1.0,2760.0,2024-06-01,ws,1
20570,3,710011174,2010-01-01,2023-01-02,1.0,209000.0,2022-12-01,bsl,0
21460,0,710011174,2023-01-02,2024-07-02,1.0,209000.0,2022-12-01,ws,1
25532,0,710011174,2024-07-02,2025-06-30,1.0,209000.0,2024-06-01,ws,1
20571,3,710011175,2010-01-01,2023-01-02,1.0,290000.0,2022-12-01,bsl,0
21461,0,710011175,2023-01-02,2024-07-02,1.0,289000.0,2022-12-01,ws,1
25533,0,710011175,2024-07-02,2025-06-30,1.0,283000.0,2024-06-01,ws,1
20572,3,710011176,2010-01-01,2023-01-02,1.0,535000.0,2022-12-01,bsl,0
21462,0,710011176,2023-01-02,2024-07-02,1.0,535000.0,2022-12-01,ws,1
25534,0,710011176,2024-07-02,2025-06-30,1.0,535000.0,2024-06-01,ws,1
446,5,720010000,2010-01-01,2012-05-02,1.0,1660.0,2012-04-01,bdm,0
1725,0,720010000,2012-05-02,2014-05-02,1.0,1660.0,2012-04-01,ws,1
4301,0,720010000,2014-05-02,2016-05-02,1.0,1610.0,2014-04-01,ws,1
5686,9,720010000,2016-05-02,2025-06-30,,0.0,2016-04-01,aes,2
447,5,720020000,2010-01-01,2012-05-02,1.0,1660.0,2012-04-01,bdm,0
1726,0,720020000,2012-05-02,2014-05-02,1.0,1660.0,2012-04-01,ws,1
4302,0,720020000,2014-05-02,2016-05-02,1.0,1690.0,2014-04-01,ws,1
5687,9,720020000,2016-05-02,2025-06-30,,0.0,2016-04-01,aes,2
448,5,720050000,2010-01-01,2012-05-02,1.0,5840.0,2012-04-01,bdm,0
1727,0,720050000,2012-05-02,2014-05-02,1.0,5840.0,2012-04-01,ws,1
4303,0,720050000,2014-05-02,2016-05-02,1.0,5870.0,2014-04-01,ws,1
6979,0,720050000,2016-05-02,2018-05-02,1.0,5780.0,2016-04-01,ws,1
9599,0,720050000,2018-05-02,2019-11-02,1.0,5780.0,2018-04-01,ws,1
12112,0,720050000,2019-11-02,2020-05-02,1.0,5700.0,2019-10-01,ws,1
14775,0,720050000,2020-05-02,2022-05-02,1.0,5700.0,2020-04-01,ws,1
21463,0,720050000,2022-05-02,2024-07-02,1.0,5690.0,2022-04-01,ws,1
25535,0,720050000,2024-07-02,2025-06-30,1.0,5590.0,2024-06-01,ws,1
449,5,720060000,2010-01-01,2012-05-02,1.0,4510.0,2012-04-01,bdm,0
1728,0,720060000,2012-05-02,2014-05-02,1.0,4510.0,2012-04-01,ws,1
4304,0,720060000,2014-05-02,2016-05-02,1.0,4630.0,2014-04-01,ws,1
6980,0,720060000,2016-05-02,2018-05-02,1.0,4630.0,2016-04-01,ws,1
9600,0,720060000,2018-05-02,2019-11-02,1.0,4630.0,2018-04-01,ws,1
12113,0,720060000,2019-11-02,2020-05-02,1.0,4590.0,2019-10-01,ws,1
14776,0,720060000,2020-05-02,2022-05-02,1.0,4590.0,2020-04-01,ws,1
21464,0,720060000,2022-05-02,2024-07-02,1.0,4340.0,2022-04-01,ws,1
25536,0,720060000,2024-07-02,2025-06-30,1.0,4340.0,2024-06-01,ws,1
450,0,720110000,2010-01-01,2012-05-02,1.0,25800.0,2012-04-01,bdm,0
1729,0,720110000,2012-05-02,2014-05-02,1.0,25800.0,2012-04-01,ws,1
3095,5,720110000,2014-05-02,2014-08-02,1.0,26500.0,2014-04-01,ws,1
4305,0,720110000,2014-08-02,2016-05-02,1.0,26500.0,2014-07-01,ws,1
6981,0,720110000,2016-05-02,2018-05-02,1.0,26500.0,2016-04-01,ws,1
9601,0,720110000,2018-05-02,2019-11-02,1.0,26500.0,2018-04-01,ws,1
12114,0,720110000,2019-11-02,2020-05-02,1.0,27000.0,2019-10-01,ws,1
14777,0,720110000,2020-05-02,2022-05-02,1.0,27000.0,2020-04-01,ws,1
21465,0,720110000,2022-05-02,2024-07-02,1.0,27000.0,2022-04-01,ws,1
25537,0,720110000,2024-07-02,2025-06-30,1.0,27000.0,2024-06-01,ws,1
16080,3,720120000,2010-01-01,2022-05-02,1.0,27000.0,2022-04-01,bsl,0
21466,0,720120000,2022-05-02,2024-07-02,1.0,27000.0,2022-04-01,ws,1
25538,0,720120000,2024-07-02,2025-06-30,1.0,27000.0,2024-06-01,ws,1
13365,3,721001000,2010-01-01,2020-05-02,1.0,3790.0,2020-04-01,bsl,0
14778,0,721001000,2020-05-02,2022-05-02,1.0,3790.0,2020-04-01,ws,1
21467,0,721001000,2022-05-02,2024-07-02,1.0,3790.0,2022-04-01,ws,1
25539,0,721001000,2024-07-02,2025-06-30,1.0,3770.0,2024-06-01,ws,1
13366,3,721002000,2010-01-01,2020-05-02,1.0,21700.0,2020-04-01,bsl,0
14779,0,721002000,2020-05-02,2022-05-02,1.0,21700.0,2020-04-01,ws,1
21468,0,721002000,2022-05-02,2024-07-02,1.0,21700.0,2022-04-01,ws,1
25540,0,721002000,2024-07-02,2025-06-30,1.0,21700.0,2024-06-01,ws,1
13367,3,721003000,2010-01-01,2020-05-02,1.0,16500.0,2020-04-01,bsl,0
14780,0,721003000,2020-05-02,2022-05-02,1.0,16500.0,2020-04-01,ws,1
21469,0,721003000,2022-05-02,2024-07-02,1.0,16500.0,2022-04-01,ws,1
25541,0,721003000,2024-07-02,2025-06-30,1.0,15500.0,2024-06-01,ws,1
13368,3,721004000,2010-01-01,2020-05-02,1.0,7480.0,2020-04-01,bsl,0
14781,0,721004000,2020-05-02,2022-05-02,1.0,7480.0,2020-04-01,ws,1
21470,0,721004000,2022-05-02,2024-07-02,1.0,7480.0,2022-04-01,ws,1
25542,0,721004000,2024-07-02,2025-06-30,1.0,7420.0,2024-06-01,ws,1
13369,3,721005000,2010-01-01,2020-05-02,1.0,26500.0,2020-04-01,bsl,0
14782,0,721005000,2020-05-02,2022-05-02,1.0,26500.0,2020-04-01,ws,1
21471,0,721005000,2022-05-02,2024-07-02,1.0,26500.0,2022-04-01,ws,1
25543,0,721005000,2024-07-02,2025-06-30,1.0,26500.0,2024-06-01,ws,1
13370,3,721006000,2010-01-01,2020-05-02,1.0,15800.0,2020-04-01,bsl,0
14783,0,721006000,2020-05-02,2022-05-02,1.0,15800.0,2020-04-01,ws,1
21472,0,721006000,2022-05-02,2024-07-02,1.0,15800.0,2022-04-01,ws,1
25544,0,721006000,2024-07-02,2025-06-30,1.0,15800.0,2024-06-01,ws,1
13371,3,721007000,2010-01-01,2020-05-02,1.0,20.0,2020-04-01,bsl,0
14784,0,721007000,2020-05-02,2022-05-02,1.0,20.0,2020-04-01,ws,1
21473,0,721007000,2022-05-02,2024-07-02,1.0,18.0,2022-04-01,ws,1
25545,0,721007000,2024-07-02,2025-06-30,1.0,18.0,2024-06-01,ws,1
13372,3,721008000,2010-01-01,2020-05-02,1.0,19800.0,2020-04-01,bsl,0
14785,0,721008000,2020-05-02,2022-05-02,1.0,19800.0,2020-04-01,ws,1
21474,0,721008000,2022-05-02,2024-07-02,1.0,19800.0,2022-04-01,ws,1
25546,0,721008000,2024-07-02,2025-06-30,1.0,19800.0,2024-06-01,ws,1
13373,3,721009000,2010-01-01,2020-05-02,1.0,117000.0,2020-04-01,bsl,0
14786,0,721009000,2020-05-02,2022-05-02,1.0,117000.0,2020-04-01,ws,1
21475,0,721009000,2022-05-02,2024-07-02,1.0,98200.0,2022-04-01,ws,1
25547,0,721009000,2024-07-02,2025-06-30,1.0,93200.0,2024-06-01,ws,1
13374,3,721010000,2010-01-01,2020-05-02,1.0,186000.0,2020-04-01,bsl,0
14787,0,721010000,2020-05-02,2022-05-02,1.0,186000.0,2020-04-01,ws,1
21476,0,721010000,2022-05-02,2024-07-02,1.0,186000.0,2022-04-01,ws,1
25548,0,721010000,2024-07-02,2025-06-30,1.0,186000.0,2024-06-01,ws,1
13375,3,721011000,2010-01-01,2020-05-02,1.0,186000.0,2020-04-01,bsl,0
14788,0,721011000,2020-05-02,2022-05-02,1.0,186000.0,2020-04-01,ws,1
21477,0,721011000,2022-05-02,2024-07-02,1.0,186000.0,2022-04-01,ws,1
25549,0,721011000,2024-07-02,2025-06-30,1.0,186000.0,2024-06-01,ws,1
13376,3,721012000,2010-01-01,2020-05-02,1.0,219000.0,2020-04-01,bsl,0
14789,0,721012000,2020-05-02,2022-05-02,1.0,219000.0,2020-04-01,ws,1
20001,0,721012000,2022-05-02,2022-10-02,1.0,219000.0,2022-04-01,ws,1
21478,0,721012000,2022-10-02,2024-07-02,1.0,219000.0,2022-09-01,ws,1
25550,0,721012000,2024-07-02,2025-06-30,1.0,219000.0,2024-06-01,ws,1
13377,3,721013000,2010-01-01,2020-05-02,1.0,416000.0,2020-04-01,bsl,0
14790,0,721013000,2020-05-02,2022-05-02,1.0,416000.0,2020-04-01,ws,1
21479,0,721013000,2022-05-02,2024-07-02,1.0,416000.0,2022-04-01,ws,1
25551,0,721013000,2024-07-02,2025-06-30,1.0,416000.0,2024-06-01,ws,1
13378,3,721014000,2010-01-01,2020-05-02,1.0,1110000.0,2020-04-01,bsl,0
14791,0,721014000,2020-05-02,2022-05-02,1.0,1110000.0,2020-04-01,ws,1
21480,0,721014000,2022-05-02,2024-07-02,1.0,1110000.0,2022-04-01,ws,1
25552,0,721014000,2024-07-02,2025-06-30,1.0,1110000.0,2024-06-01,ws,1
13379,3,721015000,2010-01-01,2020-05-02,1.0,1110000.0,2020-04-01,bsl,0
14792,0,721015000,2020-05-02,2022-05-02,1.0,1110000.0,2020-04-01,ws,1
21481,0,721015000,2022-05-02,2024-07-02,1.0,1110000.0,2022-04-01,ws,1
25553,0,721015000,2024-07-02,2025-06-30,1.0,1110000.0,2024-06-01,ws,1
13380,3,721016000,2010-01-01,2020-05-02,1.0,2280.0,2020-04-01,bsl,0
14793,0,721016000,2020-05-02,2022-05-02,1.0,2280.0,2020-04-01,ws,1
21482,0,721016000,2022-05-02,2024-07-02,1.0,1880.0,2022-04-01,ws,1
25554,0,721016000,2024-07-02,2025-06-30,1.0,1810.0,2024-06-01,ws,1
20661,3,721016001,2010-01-01,2024-01-02,1.0,6150.0,2023-12-01,bsl,0
21483,0,721016001,2024-01-02,2024-07-02,1.0,6150.0,2023-12-01,ws,1
25555,0,721016001,2024-07-02,2025-06-30,1.0,6150.0,2024-06-01,ws,1
20556,3,721017000,2010-01-01,2022-10-02,1.0,242000.0,2022-09-01,bsl,0
21484,0,721017000,2022-10-02,2024-07-02,1.0,242000.0,2022-09-01,ws,1
25556,0,721017000,2024-07-02,2025-06-30,1.0,242000.0,2024-06-01,ws,1
13381,3,721018000,2010-01-01,2020-05-02,1.0,91300.0,2020-04-01,bsl,0
13381,3,721018000,2020-05-02,2021-02-02,1.0,91300.0,2020-04-01,ws,1
13970,5,721018000,2021-02-02,2021-05-02,,81700.0,2021-01-01,ws,1
13995,5,721018000,2021-05-02,2022-02-02,,72100.0,2021-04-01,ws,1
14794,5,721018000,2022-02-02,2022-05-02,1.0,62500.0,2022-01-01,ws,1
21485,0,721018000,2022-05-02,2024-07-02,1.0,48600.0,2022-04-01,ws,1
25557,0,721018000,2024-07-02,2025-06-30,1.0,48600.0,2024-06-01,ws,1
20573,3,721019000,2010-01-01,2023-01-02,1.0,12700.0,2022-12-01,bsl,0
21486,0,721019000,2023-01-02,2024-07-02,1.0,12700.0,2022-12-01,ws,1
25558,0,721019000,2024-07-02,2025-06-30,1.0,12700.0,2024-06-01,ws,1
20574,3,721020000,2010-01-01,2023-01-02,1.0,48.0,2022-12-01,bsl,0
21487,0,721020000,2023-01-02,2024-07-02,1.0,48.0,2022-12-01,ws,1
25559,0,721020000,2024-07-02,2025-06-30,1.0,48.0,2024-06-01,ws,1
20662,3,721020001,2010-01-01,2024-01-02,1.0,229000.0,2023-12-01,bsl,0
21488,0,721020001,2024-01-02,2024-07-02,1.0,229000.0,2023-12-01,ws,1
25560,0,721020001,2024-07-02,2025-06-30,1.0,229000.0,2024-06-01,ws,1
20663,3,721020002,2010-01-01,2024-01-02,1.0,1990.0,2023-12-01,bsl,0
21489,0,721020002,2024-01-02,2024-07-02,1.0,1990.0,2023-12-01,ws,1
25561,0,721020002,2024-07-02,2025-06-30,1.0,1990.0,2024-06-01,ws,1
13382,3,721021000,2010-01-01,2020-05-02,1.0,995000.0,2020-04-01,bsl,0
14795,0,721021000,2020-05-02,2022-05-02,1.0,995000.0,2020-04-01,ws,1
21490,0,721021000,2022-05-02,2024-07-02,1.0,995000.0,2022-04-01,ws,1
22894,9,721021000,2024-07-02,2025-06-30,,995000.0,2024-06-01,aes,2
451,0,724030000,2010-01-01,2012-05-02,1.0,11000.0,2012-04-01,bdm,0
1730,0,724030000,2012-05-02,2014-05-02,1.0,11000.0,2012-04-01,ws,1
4306,0,724030000,2014-05-02,2016-05-02,1.0,11300.0,2014-04-01,ws,1
5691,9,724030000,2016-05-02,2025-06-30,,0.0,2016-04-01,aes,2
452,0,724060000,2010-01-01,2012-05-02,1.0,70600.0,2012-04-01,bdm,0
1731,0,724060000,2012-05-02,2014-05-02,1.0,70600.0,2012-04-01,ws,1
4307,0,724060000,2014-05-02,2016-05-02,1.0,71600.0,2014-04-01,ws,1
6982,0,724060000,2016-05-02,2018-05-02,1.0,71600.0,2016-04-01,ws,1
9602,0,724060000,2018-05-02,2019-11-02,1.0,70700.0,2018-04-01,ws,1
12115,0,724060000,2019-11-02,2020-05-02,1.0,70800.0,2019-10-01,ws,1
14796,0,724060000,2020-05-02,2022-05-02,1.0,70800.0,2020-04-01,ws,1
21491,0,724060000,2022-05-02,2024-07-02,1.0,70800.0,2022-04-01,ws,1
25562,0,724060000,2024-07-02,2025-06-30,1.0,69900.0,2024-06-01,ws,1
453,5,724070000,2010-01-01,2012-05-02,1.0,128000.0,2012-04-01,bdm,0
1732,0,724070000,2012-05-02,2014-05-02,1.0,128000.0,2012-04-01,ws,1
4308,0,724070000,2014-05-02,2016-05-02,1.0,131000.0,2014-04-01,ws,1
6983,0,724070000,2016-05-02,2018-05-02,1.0,131000.0,2016-04-01,ws,1
9603,0,724070000,2018-05-02,2019-11-02,1.0,131000.0,2018-04-01,ws,1
12116,0,724070000,2019-11-02,2020-05-02,1.0,133000.0,2019-10-01,ws,1
14797,0,724070000,2020-05-02,2022-05-02,1.0,133000.0,2020-04-01,ws,1
21492,0,724070000,2022-05-02,2024-07-02,1.0,133000.0,2022-04-01,ws,1
25563,0,724070000,2024-07-02,2025-06-30,1.0,133000.0,2024-06-01,ws,1
454,0,724230000,2010-01-01,2012-05-02,1.0,2390.0,2012-04-01,bdm,0
1733,0,724230000,2012-05-02,2014-05-02,1.0,2390.0,2012-04-01,ws,1
4309,0,724230000,2014-05-02,2016-05-02,1.0,2450.0,2014-04-01,ws,1
6984,0,724230000,2016-05-02,2018-05-02,1.0,2450.0,2016-04-01,ws,1
9604,0,724230000,2018-05-02,2019-11-02,1.0,2450.0,2018-04-01,ws,1
12117,0,724230000,2019-11-02,2020-05-02,1.0,2500.0,2019-10-01,ws,1
14798,0,724230000,2020-05-02,2022-05-02,1.0,2500.0,2020-04-01,ws,1
21493,0,724230000,2022-05-02,2024-07-02,1.0,2500.0,2022-04-01,ws,1
25564,0,724230000,2024-07-02,2025-06-30,1.0,2500.0,2024-06-01,ws,1
455,5,724380000,2010-01-01,2012-05-02,1.0,141.0,2012-04-01,bdm,0
1734,0,724380000,2012-05-02,2014-05-02,1.0,141.0,2012-04-01,ws,1
4310,0,724380000,2014-05-02,2016-05-02,1.0,142.0,2014-04-01,ws,1
6985,0,724380000,2016-05-02,2018-05-02,1.0,142.0,2016-04-01,ws,1
9605,0,724380000,2018-05-02,2019-11-02,1.0,142.0,2018-04-01,ws,1
12118,0,724380000,2019-11-02,2020-05-02,1.0,145.0,2019-10-01,ws,1
14799,0,724380000,2020-05-02,2022-05-02,1.0,145.0,2020-04-01,ws,1
21494,0,724380000,2022-05-02,2024-07-02,1.0,145.0,2022-04-01,ws,1
25565,0,724380000,2024-07-02,2025-06-30,1.0,145.0,2024-06-01,ws,1
456,0,724390000,2010-01-01,2012-05-02,1.0,12700.0,2012-04-01,bdm,0
1735,0,724390000,2012-05-02,2014-05-02,1.0,12700.0,2012-04-01,ws,1
4311,0,724390000,2014-05-02,2016-05-02,1.0,13000.0,2014-04-01,ws,1
6986,0,724390000,2016-05-02,2018-05-02,1.0,12800.0,2016-04-01,ws,1
9606,0,724390000,2018-05-02,2019-11-02,1.0,12800.0,2018-04-01,ws,1
12119,0,724390000,2019-11-02,2020-05-02,1.0,13000.0,2019-10-01,ws,1
14800,0,724390000,2020-05-02,2022-05-02,1.0,13000.0,2020-04-01,ws,1
21495,0,724390000,2022-05-02,2024-07-02,1.0,13000.0,2022-04-01,ws,1
25566,0,724390000,2024-07-02,2025-06-30,1.0,12900.0,2024-06-01,ws,1
457,5,724560000,2010-01-01,2012-05-02,1.0,86700.0,2012-04-01,bdm,0
1736,0,724560000,2012-05-02,2014-05-02,1.0,86700.0,2012-04-01,ws,1
4312,0,724560000,2014-05-02,2016-05-02,1.0,88900.0,2014-04-01,ws,1
6987,0,724560000,2016-05-02,2018-05-02,1.0,88900.0,2016-04-01,ws,1
9607,0,724560000,2018-05-02,2019-11-02,1.0,82100.0,2018-04-01,ws,1
12120,0,724560000,2019-11-02,2020-05-02,1.0,83600.0,2019-10-01,ws,1
14801,0,724560000,2020-05-02,2022-05-02,1.0,83600.0,2020-04-01,ws,1
21496,0,724560000,2022-05-02,2024-07-02,1.0,83600.0,2022-04-01,ws,1
25567,0,724560000,2024-07-02,2025-06-30,1.0,83600.0,2024-06-01,ws,1
458,5,724950000,2010-01-01,2012-05-02,1.0,3770.0,2012-04-01,bdm,0
1737,0,724950000,2012-05-02,2014-05-02,1.0,3770.0,2012-04-01,ws,1
4313,0,724950000,2014-05-02,2016-05-02,1.0,3870.0,2014-04-01,ws,1
6988,0,724950000,2016-05-02,2018-05-02,1.0,3870.0,2016-04-01,ws,1
9608,0,724950000,2018-05-02,2019-11-02,1.0,3850.0,2018-04-01,ws,1
12121,0,724950000,2019-11-02,2020-05-02,1.0,3900.0,2019-10-01,ws,1
14802,0,724950000,2020-05-02,2022-05-02,1.0,3850.0,2020-04-01,ws,1
21497,0,724950000,2022-05-02,2024-07-02,1.0,3850.0,2022-04-01,ws,1
25568,0,724950000,2024-07-02,2025-06-30,1.0,3850.0,2024-06-01,ws,1
459,0,725030000,2010-01-01,2012-05-02,1.0,1190.0,2012-04-01,bdm,0
1738,0,725030000,2012-05-02,2014-05-02,1.0,1190.0,2012-04-01,ws,1
4314,0,725030000,2014-05-02,2016-05-02,1.0,1220.0,2014-04-01,ws,1
6989,0,725030000,2016-05-02,2018-05-02,1.0,1220.0,2016-04-01,ws,1
9609,0,725030000,2018-05-02,2019-11-02,1.0,1220.0,2018-04-01,ws,1
12122,0,725030000,2019-11-02,2020-05-02,1.0,1240.0,2019-10-01,ws,1
14803,0,725030000,2020-05-02,2022-05-02,1.0,1240.0,2020-04-01,ws,1
21498,0,725030000,2022-05-02,2024-07-02,1.0,1240.0,2022-04-01,ws,1
25569,0,725030000,2024-07-02,2025-06-30,1.0,1240.0,2024-06-01,ws,1
460,0,725200000,2010-01-01,2012-05-02,1.0,2730.0,2012-04-01,bdm,0
1739,0,725200000,2012-05-02,2014-05-02,1.0,2730.0,2012-04-01,ws,1
4315,0,725200000,2014-05-02,2016-05-02,1.0,2800.0,2014-04-01,ws,1
6990,0,725200000,2016-05-02,2018-05-02,1.0,2800.0,2016-04-01,ws,1
9610,0,725200000,2018-05-02,2019-11-02,1.0,2800.0,2018-04-01,ws,1
12123,0,725200000,2019-11-02,2020-05-02,1.0,2850.0,2019-10-01,ws,1
14804,0,725200000,2020-05-02,2022-05-02,1.0,2850.0,2020-04-01,ws,1
21499,0,725200000,2022-05-02,2024-07-02,1.0,2850.0,2022-04-01,ws,1
25570,0,725200000,2024-07-02,2025-06-30,1.0,2850.0,2024-06-01,ws,1
461,0,725210000,2010-01-01,2012-05-02,1.0,3190.0,2012-04-01,bdm,0
1740,0,725210000,2012-05-02,2014-05-02,1.0,3190.0,2012-04-01,ws,1
4316,0,725210000,2014-05-02,2016-05-02,1.0,3280.0,2014-04-01,ws,1
6991,0,725210000,2016-05-02,2018-05-02,1.0,3280.0,2016-04-01,ws,1
9611,0,725210000,2018-05-02,2019-11-02,1.0,3280.0,2018-04-01,ws,1
12124,0,725210000,2019-11-02,2020-05-02,1.0,3340.0,2019-10-01,ws,1
14805,0,725210000,2020-05-02,2022-05-02,1.0,3340.0,2020-04-01,ws,1
21500,0,725210000,2022-05-02,2024-07-02,1.0,3340.0,2022-04-01,ws,1
25571,0,725210000,2024-07-02,2025-06-30,1.0,3340.0,2024-06-01,ws,1
462,5,726130000,2010-01-01,2012-05-02,1.0,140000.0,2012-04-01,bdm,0
1741,0,726130000,2012-05-02,2014-05-02,1.0,140000.0,2012-04-01,ws,1
4317,0,726130000,2014-05-02,2016-05-02,1.0,144000.0,2014-04-01,ws,1
6992,0,726130000,2016-05-02,2018-05-02,1.0,142000.0,2016-04-01,ws,1
9612,0,726130000,2018-05-02,2019-11-02,1.0,140000.0,2018-04-01,ws,1
12125,0,726130000,2019-11-02,2020-05-02,1.0,135000.0,2019-10-01,ws,1
14806,0,726130000,2020-05-02,2022-05-02,1.0,135000.0,2020-04-01,ws,1
21501,0,726130000,2022-05-02,2024-07-02,1.0,135000.0,2022-04-01,ws,1
25572,0,726130000,2024-07-02,2025-06-30,1.0,224000.0,2024-06-01,ws,1
463,0,726160000,2010-01-01,2012-05-02,1.0,170000.0,2012-04-01,bdm,0
463,0,726160000,2012-05-02,2012-08-02,1.0,170000.0,2012-04-01,ws,1
1742,0,726160000,2012-08-02,2014-05-02,1.0,170000.0,2012-07-01,ws,1
4318,0,726160000,2014-05-02,2016-05-02,1.0,174000.0,2014-04-01,ws,1
6993,0,726160000,2016-05-02,2018-05-02,1.0,173000.0,2016-04-01,ws,1
9613,0,726160000,2018-05-02,2019-11-02,1.0,173000.0,2018-04-01,ws,1
12126,0,726160000,2019-11-02,2020-05-02,1.0,155000.0,2019-10-01,ws,1
14807,0,726160000,2020-05-02,2022-05-02,1.0,155000.0,2020-04-01,ws,1
21502,0,726160000,2022-05-02,2024-07-02,1.0,155000.0,2022-04-01,ws,1
25573,0,726160000,2024-07-02,2025-06-30,1.0,155000.0,2024-06-01,ws,1
464,0,726190000,2010-01-01,2012-05-02,1.0,31200.0,2012-04-01,bdm,0
464,0,726190000,2012-05-02,2013-08-02,1.0,31200.0,2012-04-01,ws,1
1743,0,726190000,2013-08-02,2014-05-02,1.0,31200.0,2013-07-01,ws,1
4319,0,726190000,2014-05-02,2016-05-02,1.0,32000.0,2014-04-01,ws,1
6994,0,726190000,2016-05-02,2018-05-02,1.0,32000.0,2016-04-01,ws,1
9614,0,726190000,2018-05-02,2019-11-02,1.0,32000.0,2018-04-01,ws,1
12127,0,726190000,2019-11-02,2020-05-02,1.0,32600.0,2019-10-01,ws,1
14808,0,726190000,2020-05-02,2022-05-02,1.0,32600.0,2020-04-01,ws,1
21503,0,726190000,2022-05-02,2024-07-02,1.0,32600.0,2022-04-01,ws,1
25574,0,726190000,2024-07-02,2025-06-30,1.0,32600.0,2024-06-01,ws,1
465,5,726450000,2010-01-01,2012-05-02,1.0,276000.0,2012-04-01,bdm,0
1744,0,726450000,2012-05-02,2014-05-02,1.0,276000.0,2012-04-01,ws,1
4320,0,726450000,2014-05-02,2016-05-02,1.0,268000.0,2014-04-01,ws,1
6995,0,726450000,2016-05-02,2018-05-02,1.0,258000.0,2016-04-01,ws,1
9615,0,726450000,2018-05-02,2019-11-02,1.0,253000.0,2018-04-01,ws,1
12128,0,726450000,2019-11-02,2020-05-02,1.0,255000.0,2019-10-01,ws,1
14809,0,726450000,2020-05-02,2022-05-02,1.0,254000.0,2020-04-01,ws,1
21504,0,726450000,2022-05-02,2024-07-02,1.0,254000.0,2022-04-01,ws,1
25575,0,726450000,2024-07-02,2025-06-30,1.0,254000.0,2024-06-01,ws,1
466,5,726690000,2010-01-01,2012-05-02,1.0,18500.0,2012-04-01,bdm,0
466,5,726690000,2012-05-02,2013-02-02,1.0,18500.0,2012-04-01,ws,1
1065,5,726690000,2013-02-02,2013-05-02,,16600.0,2013-01-01,ws,1
1745,0,726690000,2013-05-02,2014-05-02,1.0,14700.0,2013-04-01,ws,1
4321,0,726690000,2014-05-02,2016-05-02,1.0,15100.0,2014-04-01,ws,1
6996,0,726690000,2016-05-02,2018-05-02,1.0,15100.0,2016-04-01,ws,1
9616,0,726690000,2018-05-02,2019-11-02,1.0,15100.0,2018-04-01,ws,1
12129,0,726690000,2019-11-02,2020-05-02,1.0,15400.0,2019-10-01,ws,1
14810,0,726690000,2020-05-02,2022-05-02,1.0,15400.0,2020-04-01,ws,1
21505,0,726690000,2022-05-02,2024-07-02,1.0,15400.0,2022-04-01,ws,1
25576,0,726690000,2024-07-02,2025-06-30,1.0,15400.0,2024-06-01,ws,1
467,0,727410000,2010-01-01,2012-05-02,1.0,614000.0,2012-04-01,bdm,0
1746,0,727410000,2012-05-02,2014-05-02,1.0,614000.0,2012-04-01,ws,1
4322,0,727410000,2014-05-02,2016-05-02,1.0,631000.0,2014-04-01,ws,1
5707,5,727410000,2016-05-02,2025-06-30,1.0,791000.0,2016-04-01,ws,1
468,5,727420000,2010-01-01,2012-05-02,1.0,824000.0,2012-04-01,bdm,0
1747,0,727420000,2012-05-02,2014-05-02,1.0,824000.0,2012-04-01,ws,1
4323,0,727420000,2014-05-02,2016-05-02,1.0,805000.0,2014-04-01,ws,1
6997,0,727420000,2016-05-02,2018-05-02,1.0,791000.0,2016-04-01,ws,1
9617,0,727420000,2018-05-02,2019-11-02,1.0,773000.0,2018-04-01,ws,1
12130,0,727420000,2019-11-02,2020-05-02,1.0,779000.0,2019-10-01,ws,1
14811,0,727420000,2020-05-02,2022-05-02,1.0,772000.0,2020-04-01,ws,1
20023,5,727420000,2022-05-02,2023-02-02,1.0,733000.0,2022-04-01,ws,1
20587,5,727420000,2023-02-02,2023-05-02,,656000.0,2023-01-01,ws,1
20623,5,727420000,2023-05-02,2024-02-02,,579000.0,2023-04-01,ws,1
20669,5,727420000,2024-02-02,2024-05-02,,502000.0,2024-01-01,ws,1
21506,5,727420000,2024-05-02,2024-07-02,1.0,386000.0,2024-04-01,ws,1
25577,0,727420000,2024-07-02,2025-06-30,1.0,659000.0,2024-06-01,ws,1
469,5,727430000,2010-01-01,2012-05-02,1.0,816000.0,2012-04-01,bdm,0
1748,0,727430000,2012-05-02,2014-05-02,1.0,816000.0,2012-04-01,ws,1
4324,0,727430000,2014-05-02,2016-05-02,1.0,809000.0,2014-04-01,ws,1
6998,0,727430000,2016-05-02,2018-05-02,1.0,794000.0,2016-04-01,ws,1
9618,0,727430000,2018-05-02,2019-11-02,1.0,776000.0,2018-04-01,ws,1
12131,0,727430000,2019-11-02,2020-05-02,1.0,784000.0,2019-10-01,ws,1
14812,0,727430000,2020-05-02,2022-05-02,1.0,780000.0,2020-04-01,ws,1
21507,0,727430000,2022-05-02,2024-07-02,1.0,780000.0,2022-04-01,ws,1
25578,0,727430000,2024-07-02,2025-06-30,1.0,780000.0,2024-06-01,ws,1
470,5,727440000,2010-01-01,2012-05-02,1.0,907000.0,2012-04-01,bdm,0
1749,0,727440000,2012-05-02,2014-05-02,1.0,907000.0,2012-04-01,ws,1
3115,5,727440000,2014-05-02,2015-02-02,1.0,890000.0,2014-04-01,ws,1
2357,5,727440000,2015-02-02,2015-05-02,,803000.0,2015-01-01,ws,1
4325,0,727440000,2015-05-02,2016-05-02,1.0,716000.0,2015-04-01,ws,1
5710,5,727440000,2016-05-02,2017-02-02,1.0,680000.0,2016-04-01,ws,1
4911,5,727440000,2017-02-02,2017-05-02,,609000.0,2017-01-01,ws,1
6999,0,727440000,2017-05-02,2018-05-02,1.0,537000.0,2017-04-01,ws,1
9619,0,727440000,2018-05-02,2019-11-02,1.0,537000.0,2018-04-01,ws,1
12132,0,727440000,2019-11-02,2020-05-02,1.0,547000.0,2019-10-01,ws,1
14813,0,727440000,2020-05-02,2022-05-02,1.0,547000.0,2020-04-01,ws,1
20025,9,727440000,2022-05-02,2025-06-30,,547000.0,2022-04-01,aes,2
471,5,727450000,2010-01-01,2012-05-02,1.0,998000.0,2012-04-01,bdm,0
471,5,727450000,2012-05-02,2013-02-02,1.0,998000.0,2012-04-01,ws,1
1066,5,727450000,2013-02-02,2013-05-02,,893000.0,2013-01-01,ws,1
1750,0,727450000,2013-05-02,2014-05-02,1.0,788000.0,2013-04-01,ws,1
4326,0,727450000,2014-05-02,2016-05-02,1.0,810000.0,2014-04-01,ws,1
7000,0,727450000,2016-05-02,2018-05-02,1.0,810000.0,2016-04-01,ws,1
9620,0,727450000,2018-05-02,2019-11-02,1.0,810000.0,2018-04-01,ws,1
12133,0,727450000,2019-11-02,2020-05-02,1.0,825000.0,2019-10-01,ws,1
14814,0,727450000,2020-05-02,2022-05-02,1.0,825000.0,2020-04-01,ws,1
21508,0,727450000,2022-05-02,2024-07-02,1.0,825000.0,2022-04-01,ws,1
25579,0,727450000,2024-07-02,2025-06-30,1.0,825000.0,2024-06-01,ws,1
472,5,727470000,2010-01-01,2012-05-02,1.0,268000.0,2012-04-01,bdm,0
1751,0,727470000,2012-05-02,2014-05-02,1.0,268000.0,2012-04-01,ws,1
4327,0,727470000,2014-05-02,2016-05-02,1.0,265000.0,2014-04-01,ws,1
7001,0,727470000,2016-05-02,2018-05-02,1.0,261000.0,2016-04-01,ws,1
9621,0,727470000,2018-05-02,2019-11-02,1.0,239000.0,2018-04-01,ws,1
12134,0,727470000,2019-11-02,2020-05-02,1.0,243000.0,2019-10-01,ws,1
14815,0,727470000,2020-05-02,2022-05-02,1.0,242000.0,2020-04-01,ws,1
21509,0,727470000,2022-05-02,2024-07-02,1.0,242000.0,2022-04-01,ws,1
25580,0,727470000,2024-07-02,2025-06-30,1.0,233000.0,2024-06-01,ws,1
473,5,727610000,2010-01-01,2012-05-02,1.0,191000.0,2012-04-01,bdm,0
1752,0,727610000,2012-05-02,2014-05-02,1.0,191000.0,2012-04-01,ws,1
4328,0,727610000,2014-05-02,2016-05-02,1.0,180000.0,2014-04-01,ws,1
7002,0,727610000,2016-05-02,2018-05-02,1.0,173000.0,2016-04-01,ws,1
9622,0,727610000,2018-05-02,2019-11-02,1.0,164000.0,2018-04-01,ws,1
12135,0,727610000,2019-11-02,2020-05-02,1.0,161000.0,2019-10-01,ws,1
14816,0,727610000,2020-05-02,2022-05-02,1.0,160000.0,2020-04-01,ws,1
21510,0,727610000,2022-05-02,2024-07-02,1.0,154000.0,2022-04-01,ws,1
25581,0,727610000,2024-07-02,2025-06-30,1.0,151000.0,2024-06-01,ws,1
474,5,727620000,2010-01-01,2012-05-02,1.0,185000.0,2012-04-01,bdm,0
1753,0,727620000,2012-05-02,2014-05-02,1.0,185000.0,2012-04-01,ws,1
4329,0,727620000,2014-05-02,2016-05-02,1.0,173000.0,2014-04-01,ws,1
7003,0,727620000,2016-05-02,2018-05-02,1.0,160000.0,2016-04-01,ws,1
9623,0,727620000,2018-05-02,2019-11-02,1.0,144000.0,2018-04-01,ws,1
12136,0,727620000,2019-11-02,2020-05-02,1.0,135000.0,2019-10-01,ws,1
14817,0,727620000,2020-05-02,2022-05-02,1.0,131000.0,2020-04-01,ws,1
21511,0,727620000,2022-05-02,2024-07-02,1.0,122000.0,2022-04-01,ws,1
25582,0,727620000,2024-07-02,2025-06-30,1.0,118000.0,2024-06-01,ws,1
475,5,727630000,2010-01-01,2012-05-02,1.0,212000.0,2012-04-01,bdm,0
1754,0,727630000,2012-05-02,2014-05-02,1.0,212000.0,2012-04-01,ws,1
4330,0,727630000,2014-05-02,2016-05-02,1.0,206000.0,2014-04-01,ws,1
7004,0,727630000,2016-05-02,2018-05-02,1.0,202000.0,2016-04-01,ws,1
9624,0,727630000,2018-05-02,2019-11-02,1.0,190000.0,2018-04-01,ws,1
12137,0,727630000,2019-11-02,2020-05-02,1.0,188000.0,2019-10-01,ws,1
14818,0,727630000,2020-05-02,2022-05-02,1.0,182000.0,2020-04-01,ws,1
21512,0,727630000,2022-05-02,2024-07-02,1.0,177000.0,2022-04-01,ws,1
25583,0,727630000,2024-07-02,2025-06-30,1.0,174000.0,2024-06-01,ws,1
476,0,727640000,2010-01-01,2012-05-02,1.0,216000.0,2012-04-01,bdm,0
1755,0,727640000,2012-05-02,2014-05-02,1.0,216000.0,2012-04-01,ws,1
4331,0,727640000,2014-05-02,2016-05-02,1.0,222000.0,2014-04-01,ws,1
7005,0,727640000,2016-05-02,2018-05-02,1.0,222000.0,2016-04-01,ws,1
9625,0,727640000,2018-05-02,2019-11-02,1.0,198000.0,2018-04-01,ws,1
12138,0,727640000,2019-11-02,2020-05-02,1.0,202000.0,2019-10-01,ws,1
14819,0,727640000,2020-05-02,2022-05-02,1.0,202000.0,2020-04-01,ws,1
21513,0,727640000,2022-05-02,2024-07-02,1.0,202000.0,2022-04-01,ws,1
25584,0,727640000,2024-07-02,2025-06-30,1.0,202000.0,2024-06-01,ws,1
477,0,727820000,2010-01-01,2012-05-02,1.0,347000.0,2012-04-01,bdm,0
1756,0,727820000,2012-05-02,2014-05-02,1.0,347000.0,2012-04-01,ws,1
4332,0,727820000,2014-05-02,2016-05-02,1.0,356000.0,2014-04-01,ws,1
7006,0,727820000,2016-05-02,2018-05-02,1.0,356000.0,2016-04-01,ws,1
9626,0,727820000,2018-05-02,2019-11-02,1.0,356000.0,2018-04-01,ws,1
12139,0,727820000,2019-11-02,2020-05-02,1.0,362000.0,2019-10-01,ws,1
14820,0,727820000,2020-05-02,2022-05-02,1.0,362000.0,2020-04-01,ws,1
21514,0,727820000,2022-05-02,2024-07-02,1.0,362000.0,2022-04-01,ws,1
25585,0,727820000,2024-07-02,2025-06-30,1.0,362000.0,2024-06-01,ws,1
478,5,727850000,2010-01-01,2012-05-02,1.0,203000.0,2012-04-01,bdm,0
1757,0,727850000,2012-05-02,2014-05-02,1.0,203000.0,2012-04-01,ws,1
3123,5,727850000,2014-05-02,2015-02-02,1.0,202000.0,2014-04-01,ws,1
2358,5,727850000,2015-02-02,2015-05-02,,189000.0,2015-01-01,ws,1
4333,0,727850000,2015-05-02,2016-05-02,1.0,176000.0,2015-04-01,ws,1
5718,5,727850000,2016-05-02,2017-07-02,1.0,172000.0,2016-04-01,ws,1
7007,0,727850000,2017-07-02,2018-05-02,1.0,172000.0,2017-06-01,ws,1
9627,0,727850000,2018-05-02,2019-11-02,1.0,163000.0,2018-04-01,ws,1
12140,0,727850000,2019-11-02,2020-05-02,1.0,158000.0,2019-10-01,ws,1
14821,0,727850000,2020-05-02,2022-05-02,1.0,158000.0,2020-04-01,ws,1
21515,0,727850000,2022-05-02,2024-07-02,1.0,156000.0,2022-04-01,ws,1
25586,0,727850000,2024-07-02,2025-06-30,1.0,156000.0,2024-06-01,ws,1
479,5,728040000,2010-01-01,2012-05-02,1.0,1140.0,2012-04-01,bdm,0
1758,0,728040000,2012-05-02,2014-05-02,1.0,1140.0,2012-04-01,ws,1
4334,0,728040000,2014-05-02,2016-05-02,1.0,1160.0,2014-04-01,ws,1
7008,0,728040000,2016-05-02,2018-05-02,1.0,1160.0,2016-04-01,ws,1
9628,0,728040000,2018-05-02,2019-11-02,1.0,1100.0,2018-04-01,ws,1
12141,0,728040000,2019-11-02,2020-05-02,1.0,1120.0,2019-10-01,ws,1
14822,0,728040000,2020-05-02,2022-05-02,1.0,1120.0,2020-04-01,ws,1
21516,0,728040000,2022-05-02,2024-07-02,1.0,1120.0,2022-04-01,ws,1
25587,0,728040000,2024-07-02,2025-06-30,1.0,1120.0,2024-06-01,ws,1
480,5,728080000,2010-01-01,2012-05-02,1.0,1220.0,2012-04-01,bdm,0
1759,0,728080000,2012-05-02,2014-05-02,1.0,1220.0,2012-04-01,ws,1
4335,0,728080000,2014-05-02,2016-05-02,1.0,1240.0,2014-04-01,ws,1
5720,9,728080000,2016-05-02,2025-06-30,,0.0,2016-04-01,aes,2
481,5,728100000,2010-01-01,2012-05-02,1.0,158000.0,2012-04-01,bdm,0
1760,0,728100000,2012-05-02,2014-05-02,1.0,158000.0,2012-04-01,ws,1
4336,0,728100000,2014-05-02,2016-05-02,1.0,149000.0,2014-04-01,ws,1
7009,0,728100000,2016-05-02,2018-05-02,1.0,143000.0,2016-04-01,ws,1
9629,0,728100000,2018-05-02,2019-11-02,1.0,133000.0,2018-04-01,ws,1
12142,0,728100000,2019-11-02,2020-05-02,1.0,126000.0,2019-10-01,ws,1
14823,0,728100000,2020-05-02,2022-05-02,1.0,124000.0,2020-04-01,ws,1
21517,0,728100000,2022-05-02,2024-07-02,1.0,117000.0,2022-04-01,ws,1
25588,0,728100000,2024-07-02,2025-06-30,1.0,112000.0,2024-06-01,ws,1
482,5,728140000,2010-01-01,2012-05-02,1.0,440.0,2012-04-01,bdm,0
1761,0,728140000,2012-05-02,2014-05-02,1.0,440.0,2012-04-01,ws,1
4337,0,728140000,2014-05-02,2016-05-02,1.0,452.0,2014-04-01,ws,1
7010,0,728140000,2016-05-02,2018-05-02,1.0,452.0,2016-04-01,ws,1
9630,0,728140000,2018-05-02,2019-11-02,1.0,451.0,2018-04-01,ws,1
12143,0,728140000,2019-11-02,2020-05-02,1.0,453.0,2019-10-01,ws,1
14824,0,728140000,2020-05-02,2022-05-02,1.0,452.0,2020-04-01,ws,1
21518,0,728140000,2022-05-02,2024-07-02,1.0,452.0,2022-04-01,ws,1
25589,0,728140000,2024-07-02,2025-06-30,1.0,452.0,2024-06-01,ws,1
483,5,728370000,2010-01-01,2012-05-02,1.0,650.0,2012-04-01,bdm,0
1762,0,728370000,2012-05-02,2014-05-02,1.0,650.0,2012-04-01,ws,1
4338,0,728370000,2014-05-02,2016-05-02,1.0,664.0,2014-04-01,ws,1
7011,0,728370000,2016-05-02,2018-05-02,1.0,594.0,2016-04-01,ws,1
9631,0,728370000,2018-05-02,2019-11-02,1.0,564.0,2018-04-01,ws,1
12144,0,728370000,2019-11-02,2020-05-02,1.0,574.0,2019-10-01,ws,1
14825,0,728370000,2020-05-02,2022-05-02,1.0,561.0,2020-04-01,ws,1
21519,0,728370000,2022-05-02,2024-07-02,1.0,561.0,2022-04-01,ws,1
25590,0,728370000,2024-07-02,2025-06-30,1.0,561.0,2024-06-01,ws,1
484,0,728380000,2010-01-01,2012-05-02,1.0,1650.0,2012-04-01,bdm,0
1763,0,728380000,2012-05-02,2014-05-02,1.0,1650.0,2012-04-01,ws,1
4339,0,728380000,2014-05-02,2016-05-02,1.0,1690.0,2014-04-01,ws,1
7012,0,728380000,2016-05-02,2018-05-02,1.0,1620.0,2016-04-01,ws,1
9632,0,728380000,2018-05-02,2019-11-02,1.0,1620.0,2018-04-01,ws,1
12145,0,728380000,2019-11-02,2020-05-02,1.0,1650.0,2019-10-01,ws,1
14826,0,728380000,2020-05-02,2022-05-02,1.0,1650.0,2020-04-01,ws,1
21520,0,728380000,2022-05-02,2024-07-02,1.0,1650.0,2022-04-01,ws,1
25591,0,728380000,2024-07-02,2025-06-30,1.0,1650.0,2024-06-01,ws,1
485,5,728390000,2010-01-01,2012-05-02,1.0,766.0,2012-04-01,bdm,0
1764,0,728390000,2012-05-02,2014-05-02,1.0,766.0,2012-04-01,ws,1
4340,0,728390000,2014-05-02,2016-05-02,1.0,772.0,2014-04-01,ws,1
7013,0,728390000,2016-05-02,2018-05-02,1.0,772.0,2016-04-01,ws,1
9633,0,728390000,2018-05-02,2019-11-02,1.0,748.0,2018-04-01,ws,1
12146,0,728390000,2019-11-02,2020-05-02,1.0,756.0,2019-10-01,ws,1
14827,0,728390000,2020-05-02,2022-05-02,1.0,741.0,2020-04-01,ws,1
21521,0,728390000,2022-05-02,2024-07-02,1.0,741.0,2022-04-01,ws,1
25592,0,728390000,2024-07-02,2025-06-30,1.0,741.0,2024-06-01,ws,1
486,0,728400000,2010-01-01,2012-05-02,1.0,2110.0,2012-04-01,bdm,0
1765,0,728400000,2012-05-02,2014-05-02,1.0,2110.0,2012-04-01,ws,1
4341,0,728400000,2014-05-02,2016-05-02,1.0,2130.0,2014-04-01,ws,1
7014,0,728400000,2016-05-02,2018-05-02,1.0,2090.0,2016-04-01,ws,1
9634,0,728400000,2018-05-02,2019-11-02,1.0,2050.0,2018-04-01,ws,1
12147,0,728400000,2019-11-02,2020-05-02,1.0,2090.0,2019-10-01,ws,1
14828,0,728400000,2020-05-02,2022-05-02,1.0,2090.0,2020-04-01,ws,1
21522,0,728400000,2022-05-02,2024-07-02,1.0,2090.0,2022-04-01,ws,1
25593,0,728400000,2024-07-02,2025-06-30,1.0,2060.0,2024-06-01,ws,1
487,5,728490000,2010-01-01,2012-05-02,1.0,100000.0,2012-04-01,bdm,0
1766,0,728490000,2012-05-02,2014-05-02,1.0,100000.0,2012-04-01,ws,1
4342,0,728490000,2014-05-02,2016-05-02,1.0,94300.0,2014-04-01,ws,1
7015,0,728490000,2016-05-02,2018-05-02,1.0,92800.0,2016-04-01,ws,1
9635,0,728490000,2018-05-02,2019-11-02,1.0,74200.0,2018-04-01,ws,1
12148,0,728490000,2019-11-02,2020-05-02,1.0,68500.0,2019-10-01,ws,1
14829,0,728490000,2020-05-02,2022-05-02,1.0,63600.0,2020-04-01,ws,1
21523,0,728490000,2022-05-02,2024-07-02,1.0,56300.0,2022-04-01,ws,1
25594,0,728490000,2024-07-02,2025-06-30,1.0,52800.0,2024-06-01,ws,1
488,5,728500000,2010-01-01,2012-05-02,1.0,115000.0,2012-04-01,bdm,0
1767,0,728500000,2012-05-02,2014-05-02,1.0,115000.0,2012-04-01,ws,1
4343,0,728500000,2014-05-02,2016-05-02,1.0,109000.0,2014-04-01,ws,1
7016,0,728500000,2016-05-02,2018-05-02,1.0,100000.0,2016-04-01,ws,1
9636,0,728500000,2018-05-02,2019-11-02,1.0,89500.0,2018-04-01,ws,1
12149,0,728500000,2019-11-02,2020-05-02,1.0,84200.0,2019-10-01,ws,1
14830,0,728500000,2020-05-02,2022-05-02,1.0,80300.0,2020-04-01,ws,1
21524,0,728500000,2022-05-02,2024-07-02,1.0,72500.0,2022-04-01,ws,1
25595,0,728500000,2024-07-02,2025-06-30,1.0,66500.0,2024-06-01,ws,1
489,0,728510000,2010-01-01,2012-05-02,1.0,166000.0,2012-04-01,bdm,0
1768,0,728510000,2012-05-02,2014-05-02,1.0,166000.0,2012-04-01,ws,1
4344,0,728510000,2014-05-02,2016-05-02,1.0,170000.0,2014-04-01,ws,1
7017,0,728510000,2016-05-02,2018-05-02,1.0,170000.0,2016-04-01,ws,1
9637,0,728510000,2018-05-02,2019-11-02,1.0,170000.0,2018-04-01,ws,1
12150,0,728510000,2019-11-02,2020-05-02,1.0,173000.0,2019-10-01,ws,1
14831,0,728510000,2020-05-02,2022-05-02,1.0,173000.0,2020-04-01,ws,1
21525,0,728510000,2022-05-02,2024-07-02,1.0,173000.0,2022-04-01,ws,1
25596,0,728510000,2024-07-02,2025-06-30,1.0,173000.0,2024-06-01,ws,1
490,0,728520000,2010-01-01,2012-05-02,1.0,175000.0,2012-04-01,bdm,0
1769,0,728520000,2012-05-02,2014-05-02,1.0,175000.0,2012-04-01,ws,1
4345,0,728520000,2014-05-02,2016-05-02,1.0,180000.0,2014-04-01,ws,1
7018,0,728520000,2016-05-02,2018-05-02,1.0,180000.0,2016-04-01,ws,1
9638,0,728520000,2018-05-02,2019-11-02,1.0,180000.0,2018-04-01,ws,1
12151,0,728520000,2019-11-02,2020-05-02,1.0,183000.0,2019-10-01,ws,1
14832,0,728520000,2020-05-02,2022-05-02,1.0,183000.0,2020-04-01,ws,1
21526,0,728520000,2022-05-02,2024-07-02,1.0,183000.0,2022-04-01,ws,1
25597,0,728520000,2024-07-02,2025-06-30,1.0,183000.0,2024-06-01,ws,1
491,5,728550000,2010-01-01,2012-05-02,1.0,13800.0,2012-04-01,bdm,0
1770,0,728550000,2012-05-02,2014-05-02,1.0,13800.0,2012-04-01,ws,1
4346,0,728550000,2014-05-02,2016-05-02,1.0,13500.0,2014-04-01,ws,1
7019,0,728550000,2016-05-02,2018-05-02,1.0,13500.0,2016-04-01,ws,1
9639,0,728550000,2018-05-02,2019-11-02,1.0,13300.0,2018-04-01,ws,1
12152,0,728550000,2019-11-02,2020-05-02,1.0,13400.0,2019-10-01,ws,1
14833,0,728550000,2020-05-02,2022-05-02,1.0,13400.0,2020-04-01,ws,1
21527,0,728550000,2022-05-02,2024-07-02,1.0,13400.0,2022-04-01,ws,1
25598,0,728550000,2024-07-02,2025-06-30,1.0,13400.0,2024-06-01,ws,1
492,5,728560000,2010-01-01,2012-05-02,1.0,31300.0,2012-04-01,bdm,0
1771,0,728560000,2012-05-02,2014-05-02,1.0,31300.0,2012-04-01,ws,1
4347,0,728560000,2014-05-02,2016-05-02,1.0,31100.0,2014-04-01,ws,1
7020,0,728560000,2016-05-02,2018-05-02,1.0,31100.0,2016-04-01,ws,1
9640,0,728560000,2018-05-02,2019-11-02,1.0,30800.0,2018-04-01,ws,1
12153,0,728560000,2019-11-02,2020-05-02,1.0,30900.0,2019-10-01,ws,1
14834,0,728560000,2020-05-02,2022-05-02,1.0,30900.0,2020-04-01,ws,1
21528,0,728560000,2022-05-02,2024-07-02,1.0,30900.0,2022-04-01,ws,1
25599,0,728560000,2024-07-02,2025-06-30,1.0,30200.0,2024-06-01,ws,1
493,5,728580000,2010-01-01,2012-05-02,1.0,5520.0,2012-04-01,bdm,0
1772,0,728580000,2012-05-02,2014-05-02,1.0,5520.0,2012-04-01,ws,1
4348,0,728580000,2014-05-02,2016-05-02,1.0,4900.0,2014-04-01,ws,1
7021,0,728580000,2016-05-02,2018-05-02,1.0,4240.0,2016-04-01,ws,1
9641,0,728580000,2018-05-02,2019-11-02,1.0,3730.0,2018-04-01,ws,1
12154,0,728580000,2019-11-02,2020-05-02,1.0,3500.0,2019-10-01,ws,1
14835,0,728580000,2020-05-02,2022-05-02,1.0,3400.0,2020-04-01,ws,1
21529,0,728580000,2022-05-02,2024-07-02,1.0,3400.0,2022-04-01,ws,1
25600,0,728580000,2024-07-02,2025-06-30,1.0,3170.0,2024-06-01,ws,1
494,5,728690000,2010-01-01,2012-05-02,1.0,153000.0,2012-04-01,bdm,0
1773,0,728690000,2012-05-02,2014-05-02,1.0,153000.0,2012-04-01,ws,1
4349,0,728690000,2014-05-02,2016-05-02,1.0,155000.0,2014-04-01,ws,1
7022,0,728690000,2016-05-02,2018-05-02,1.0,155000.0,2016-04-01,ws,1
9642,0,728690000,2018-05-02,2019-11-02,1.0,155000.0,2018-04-01,ws,1
12155,0,728690000,2019-11-02,2020-05-02,1.0,158000.0,2019-10-01,ws,1
14836,0,728690000,2020-05-02,2022-05-02,1.0,158000.0,2020-04-01,ws,1
21530,0,728690000,2022-05-02,2024-07-02,1.0,158000.0,2022-04-01,ws,1
25601,0,728690000,2024-07-02,2025-06-30,1.0,158000.0,2024-06-01,ws,1
495,5,728720000,2010-01-01,2012-05-02,1.0,227.0,2012-04-01,bdm,0
1774,0,728720000,2012-05-02,2014-05-02,1.0,227.0,2012-04-01,ws,1
4350,0,728720000,2014-05-02,2016-05-02,1.0,229.0,2014-04-01,ws,1
7023,0,728720000,2016-05-02,2018-05-02,1.0,229.0,2016-04-01,ws,1
9643,0,728720000,2018-05-02,2019-11-02,1.0,229.0,2018-04-01,ws,1
12156,0,728720000,2019-11-02,2020-05-02,1.0,233.0,2019-10-01,ws,1
14837,0,728720000,2020-05-02,2022-05-02,1.0,233.0,2020-04-01,ws,1
21531,0,728720000,2022-05-02,2024-07-02,1.0,233.0,2022-04-01,ws,1
25602,0,728720000,2024-07-02,2025-06-30,1.0,233.0,2024-06-01,ws,1
496,5,728730000,2010-01-01,2012-05-02,1.0,650.0,2012-04-01,bdm,0
1775,0,728730000,2012-05-02,2014-05-02,1.0,650.0,2012-04-01,ws,1
4351,0,728730000,2014-05-02,2016-05-02,1.0,664.0,2014-04-01,ws,1
7024,0,728730000,2016-05-02,2018-05-02,1.0,594.0,2016-04-01,ws,1
9644,0,728730000,2018-05-02,2019-11-02,1.0,564.0,2018-04-01,ws,1
12157,0,728730000,2019-11-02,2020-05-02,1.0,574.0,2019-10-01,ws,1
14838,0,728730000,2020-05-02,2022-05-02,1.0,561.0,2020-04-01,ws,1
21532,0,728730000,2022-05-02,2024-07-02,1.0,561.0,2022-04-01,ws,1
25603,0,728730000,2024-07-02,2025-06-30,1.0,561.0,2024-06-01,ws,1
497,0,728740000,2010-01-01,2012-05-02,1.0,1650.0,2012-04-01,bdm,0
1776,0,728740000,2012-05-02,2014-05-02,1.0,1650.0,2012-04-01,ws,1
4352,0,728740000,2014-05-02,2016-05-02,1.0,1690.0,2014-04-01,ws,1
7025,0,728740000,2016-05-02,2018-05-02,1.0,1620.0,2016-04-01,ws,1
9645,0,728740000,2018-05-02,2019-11-02,1.0,1620.0,2018-04-01,ws,1
12158,0,728740000,2019-11-02,2020-05-02,1.0,1650.0,2019-10-01,ws,1
14839,0,728740000,2020-05-02,2022-05-02,1.0,1650.0,2020-04-01,ws,1
21533,0,728740000,2022-05-02,2024-07-02,1.0,1650.0,2022-04-01,ws,1
25604,0,728740000,2024-07-02,2025-06-30,1.0,1650.0,2024-06-01,ws,1
498,5,728750000,2010-01-01,2012-05-02,1.0,766.0,2012-04-01,bdm,0
1777,0,728750000,2012-05-02,2014-05-02,1.0,766.0,2012-04-01,ws,1
4353,0,728750000,2014-05-02,2016-05-02,1.0,772.0,2014-04-01,ws,1
7026,0,728750000,2016-05-02,2018-05-02,1.0,772.0,2016-04-01,ws,1
9646,0,728750000,2018-05-02,2019-11-02,1.0,748.0,2018-04-01,ws,1
12159,0,728750000,2019-11-02,2020-05-02,1.0,756.0,2019-10-01,ws,1
14840,0,728750000,2020-05-02,2022-05-02,1.0,741.0,2020-04-01,ws,1
21534,0,728750000,2022-05-02,2024-07-02,1.0,741.0,2022-04-01,ws,1
25605,0,728750000,2024-07-02,2025-06-30,1.0,741.0,2024-06-01,ws,1
499,0,728760000,2010-01-01,2012-05-02,1.0,2110.0,2012-04-01,bdm,0
1778,0,728760000,2012-05-02,2014-05-02,1.0,2110.0,2012-04-01,ws,1
4354,0,728760000,2014-05-02,2016-05-02,1.0,2130.0,2014-04-01,ws,1
7027,0,728760000,2016-05-02,2018-05-02,1.0,2090.0,2016-04-01,ws,1
9647,0,728760000,2018-05-02,2019-11-02,1.0,2050.0,2018-04-01,ws,1
12160,0,728760000,2019-11-02,2020-05-02,1.0,2090.0,2019-10-01,ws,1
14841,0,728760000,2020-05-02,2022-05-02,1.0,2090.0,2020-04-01,ws,1
21535,0,728760000,2022-05-02,2024-07-02,1.0,2090.0,2022-04-01,ws,1
25606,0,728760000,2024-07-02,2025-06-30,1.0,2060.0,2024-06-01,ws,1
500,0,728790000,2010-01-01,2012-05-02,1.0,4530.0,2012-04-01,bdm,0
1779,0,728790000,2012-05-02,2014-05-02,1.0,4530.0,2012-04-01,ws,1
4355,0,728790000,2014-05-02,2016-05-02,1.0,4630.0,2014-04-01,ws,1
7028,0,728790000,2016-05-02,2018-05-02,1.0,4600.0,2016-04-01,ws,1
9648,0,728790000,2018-05-02,2019-11-02,1.0,4600.0,2018-04-01,ws,1
12161,0,728790000,2019-11-02,2020-05-02,1.0,4680.0,2019-10-01,ws,1
14842,0,728790000,2020-05-02,2022-05-02,1.0,4610.0,2020-04-01,ws,1
21536,0,728790000,2022-05-02,2024-07-02,1.0,4610.0,2022-04-01,ws,1
25607,0,728790000,2024-07-02,2025-06-30,1.0,4610.0,2024-06-01,ws,1
501,9,728800000,2010-01-01,2012-05-02,0.0,0.0,2012-04-01,bdm,0
501,9,728800000,2012-05-02,2025-06-30,,0.0,2012-04-01,aes,2
502,9,728810000,2010-01-01,2012-05-02,0.0,0.0,2012-04-01,bdm,0
502,9,728810000,2012-05-02,2025-06-30,,0.0,2012-04-01,aes,2
503,5,728890000,2010-01-01,2012-05-02,1.0,6440.0,2012-04-01,bdm,0
503,5,728890000,2012-05-02,2013-05-02,1.0,6440.0,2012-04-01,ws,1
1780,0,728890000,2013-05-02,2014-05-02,1.0,6440.0,2013-04-01,ws,1
4356,0,728890000,2014-05-02,2016-05-02,1.0,6160.0,2014-04-01,ws,1
7029,0,728890000,2016-05-02,2018-05-02,1.0,5970.0,2016-04-01,ws,1
9649,0,728890000,2018-05-02,2019-11-02,1.0,5890.0,2018-04-01,ws,1
12162,0,728890000,2019-11-02,2020-05-02,1.0,5970.0,2019-10-01,ws,1
14843,0,728890000,2020-05-02,2022-05-02,1.0,5970.0,2020-04-01,ws,1
21537,0,728890000,2022-05-02,2024-07-02,1.0,5970.0,2022-04-01,ws,1
25608,0,728890000,2024-07-02,2025-06-30,1.0,5970.0,2024-06-01,ws,1
504,5,728900000,2010-01-01,2012-05-02,1.0,1650.0,2012-04-01,bdm,0
1781,0,728900000,2012-05-02,2014-05-02,1.0,1650.0,2012-04-01,ws,1
4357,0,728900000,2014-05-02,2016-05-02,1.0,1590.0,2014-04-01,ws,1
7030,0,728900000,2016-05-02,2018-05-02,1.0,1540.0,2016-04-01,ws,1
9650,0,728900000,2018-05-02,2019-11-02,1.0,1510.0,2018-04-01,ws,1
12163,0,728900000,2019-11-02,2020-05-02,1.0,1530.0,2019-10-01,ws,1
14844,0,728900000,2020-05-02,2022-05-02,1.0,1530.0,2020-04-01,ws,1
21538,0,728900000,2022-05-02,2024-07-02,1.0,1530.0,2022-04-01,ws,1
25609,0,728900000,2024-07-02,2025-06-30,1.0,1530.0,2024-06-01,ws,1
505,0,728910000,2010-01-01,2012-05-02,1.0,23900.0,2012-04-01,bdm,0
1782,0,728910000,2012-05-02,2014-05-02,1.0,23900.0,2012-04-01,ws,1
4358,0,728910000,2014-05-02,2016-05-02,1.0,24500.0,2014-04-01,ws,1
7031,0,728910000,2016-05-02,2018-05-02,1.0,24500.0,2016-04-01,ws,1
9651,0,728910000,2018-05-02,2019-11-02,1.0,24500.0,2018-04-01,ws,1
12164,0,728910000,2019-11-02,2020-05-02,1.0,25000.0,2019-10-01,ws,1
13432,9,728910000,2020-05-02,2025-06-30,,0.0,2020-04-01,aes,2
506,5,728920000,2010-01-01,2012-05-02,1.0,19000.0,2012-04-01,bdm,0
1783,0,728920000,2012-05-02,2014-05-02,1.0,19000.0,2012-04-01,ws,1
4359,0,728920000,2014-05-02,2016-05-02,1.0,18200.0,2014-04-01,ws,1
7032,0,728920000,2016-05-02,2018-05-02,1.0,18200.0,2016-04-01,ws,1
9652,0,728920000,2018-05-02,2019-11-02,1.0,17400.0,2018-04-01,ws,1
12165,0,728920000,2019-11-02,2020-05-02,1.0,17500.0,2019-10-01,ws,1
14845,0,728920000,2020-05-02,2022-05-02,1.0,17500.0,2020-04-01,ws,1
21539,0,728920000,2022-05-02,2024-07-02,1.0,17500.0,2022-04-01,ws,1
25610,0,728920000,2024-07-02,2025-06-30,1.0,17500.0,2024-06-01,ws,1
507,5,728930000,2010-01-01,2012-05-02,1.0,26900.0,2012-04-01,bdm,0
1784,0,728930000,2012-05-02,2014-05-02,1.0,26900.0,2012-04-01,ws,1
4360,0,728930000,2014-05-02,2016-05-02,1.0,25400.0,2014-04-01,ws,1
7033,0,728930000,2016-05-02,2018-05-02,1.0,24600.0,2016-04-01,ws,1
9653,0,728930000,2018-05-02,2019-11-02,1.0,24000.0,2018-04-01,ws,1
12166,0,728930000,2019-11-02,2020-05-02,1.0,24400.0,2019-10-01,ws,1
14846,0,728930000,2020-05-02,2022-05-02,1.0,24400.0,2020-04-01,ws,1
21540,0,728930000,2022-05-02,2024-07-02,1.0,24400.0,2022-04-01,ws,1
25611,0,728930000,2024-07-02,2025-06-30,1.0,24400.0,2024-06-01,ws,1
508,5,728940000,2010-01-01,2012-05-02,1.0,24700.0,2012-04-01,bdm,0
1785,0,728940000,2012-05-02,2014-05-02,1.0,24700.0,2012-04-01,ws,1
4361,0,728940000,2014-05-02,2016-05-02,1.0,22800.0,2014-04-01,ws,1
5746,9,728940000,2016-05-02,2025-06-30,,0.0,2016-04-01,aes,2
509,0,728950000,2010-01-01,2012-05-02,1.0,26900.0,2012-04-01,bdm,0
1786,0,728950000,2012-05-02,2014-05-02,1.0,26900.0,2012-04-01,ws,1
4362,0,728950000,2014-05-02,2016-05-02,1.0,25700.0,2014-04-01,ws,1
5747,9,728950000,2016-05-02,2025-06-30,,0.0,2016-04-01,aes,2
510,5,728970000,2010-01-01,2012-05-02,1.0,21500.0,2012-04-01,bdm,0
1787,0,728970000,2012-05-02,2014-05-02,1.0,21500.0,2012-04-01,ws,1
4363,0,728970000,2014-05-02,2016-05-02,1.0,20400.0,2014-04-01,ws,1
7034,0,728970000,2016-05-02,2018-05-02,1.0,19400.0,2016-04-01,ws,1
9654,0,728970000,2018-05-02,2019-11-02,1.0,19200.0,2018-04-01,ws,1
12167,0,728970000,2019-11-02,2020-05-02,1.0,19600.0,2019-10-01,ws,1
14847,0,728970000,2020-05-02,2022-05-02,1.0,19600.0,2020-04-01,ws,1
21541,0,728970000,2022-05-02,2024-07-02,1.0,19600.0,2022-04-01,ws,1
25612,0,728970000,2024-07-02,2025-06-30,1.0,19600.0,2024-06-01,ws,1
511,5,728980000,2010-01-01,2012-05-02,1.0,30400.0,2012-04-01,bdm,0
1788,0,728980000,2012-05-02,2014-05-02,1.0,30400.0,2012-04-01,ws,1
4364,0,728980000,2014-05-02,2016-05-02,1.0,28900.0,2014-04-01,ws,1
7035,0,728980000,2016-05-02,2018-05-02,1.0,27600.0,2016-04-01,ws,1
9655,0,728980000,2018-05-02,2019-11-02,1.0,26900.0,2018-04-01,ws,1
12168,0,728980000,2019-11-02,2020-05-02,1.0,27400.0,2019-10-01,ws,1
14848,0,728980000,2020-05-02,2022-05-02,1.0,27400.0,2020-04-01,ws,1
21542,0,728980000,2022-05-02,2024-07-02,1.0,27400.0,2022-04-01,ws,1
25613,0,728980000,2024-07-02,2025-06-30,1.0,27300.0,2024-06-01,ws,1
512,5,728990000,2010-01-01,2012-05-02,1.0,4020.0,2012-04-01,bdm,0
1789,0,728990000,2012-05-02,2014-05-02,1.0,4020.0,2012-04-01,ws,1
4365,0,728990000,2014-05-02,2016-05-02,1.0,3800.0,2014-04-01,ws,1
7036,0,728990000,2016-05-02,2018-05-02,1.0,3500.0,2016-04-01,ws,1
9656,0,728990000,2018-05-02,2019-11-02,1.0,3500.0,2018-04-01,ws,1
12169,0,728990000,2019-11-02,2020-05-02,1.0,3560.0,2019-10-01,ws,1
14849,0,728990000,2020-05-02,2022-05-02,1.0,3560.0,2020-04-01,ws,1
21543,0,728990000,2022-05-02,2024-07-02,1.0,3560.0,2022-04-01,ws,1
25614,0,728990000,2024-07-02,2025-06-30,1.0,3560.0,2024-06-01,ws,1
513,5,729000000,2010-01-01,2012-05-02,1.0,8810.0,2012-04-01,bdm,0
1790,0,729000000,2012-05-02,2014-05-02,1.0,8810.0,2012-04-01,ws,1
4366,0,729000000,2014-05-02,2016-05-02,1.0,8430.0,2014-04-01,ws,1
7037,0,729000000,2016-05-02,2018-05-02,1.0,8140.0,2016-04-01,ws,1
9657,0,729000000,2018-05-02,2019-11-02,1.0,8140.0,2018-04-01,ws,1
12170,0,729000000,2019-11-02,2020-05-02,1.0,8290.0,2019-10-01,ws,1
14850,0,729000000,2020-05-02,2022-05-02,1.0,8290.0,2020-04-01,ws,1
21544,0,729000000,2022-05-02,2024-07-02,1.0,8290.0,2022-04-01,ws,1
25615,0,729000000,2024-07-02,2025-06-30,1.0,8290.0,2024-06-01,ws,1
514,5,729010000,2010-01-01,2012-05-02,1.0,37000.0,2012-04-01,bdm,0
1791,0,729010000,2012-05-02,2014-05-02,1.0,37000.0,2012-04-01,ws,1
4367,0,729010000,2014-05-02,2016-05-02,1.0,36700.0,2014-04-01,ws,1
7038,0,729010000,2016-05-02,2018-05-02,1.0,36100.0,2016-04-01,ws,1
9658,0,729010000,2018-05-02,2019-11-02,1.0,36100.0,2018-04-01,ws,1
12171,0,729010000,2019-11-02,2020-05-02,1.0,36800.0,2019-10-01,ws,1
14851,0,729010000,2020-05-02,2022-05-02,1.0,36100.0,2020-04-01,ws,1
21545,0,729010000,2022-05-02,2024-07-02,1.0,36100.0,2022-04-01,ws,1
25616,0,729010000,2024-07-02,2025-06-30,1.0,36100.0,2024-06-01,ws,1
515,5,729020000,2010-01-01,2012-05-02,1.0,32100.0,2012-04-01,bdm,0
1792,0,729020000,2012-05-02,2014-05-02,1.0,32100.0,2012-04-01,ws,1
4368,0,729020000,2014-05-02,2016-05-02,1.0,31200.0,2014-04-01,ws,1
7039,0,729020000,2016-05-02,2018-05-02,1.0,30400.0,2016-04-01,ws,1
9659,0,729020000,2018-05-02,2019-11-02,1.0,28900.0,2018-04-01,ws,1
12172,0,729020000,2019-11-02,2020-05-02,1.0,29400.0,2019-10-01,ws,1
14852,0,729020000,2020-05-02,2022-05-02,1.0,29400.0,2020-04-01,ws,1
21546,0,729020000,2022-05-02,2024-07-02,1.0,29400.0,2022-04-01,ws,1
25617,0,729020000,2024-07-02,2025-06-30,1.0,29400.0,2024-06-01,ws,1
516,5,729030000,2010-01-01,2012-05-02,1.0,84300.0,2012-04-01,bdm,0
1793,0,729030000,2012-05-02,2014-05-02,1.0,84300.0,2012-04-01,ws,1
4369,0,729030000,2014-05-02,2016-05-02,1.0,80700.0,2014-04-01,ws,1
7040,0,729030000,2016-05-02,2018-05-02,1.0,77500.0,2016-04-01,ws,1
9660,0,729030000,2018-05-02,2019-11-02,1.0,76000.0,2018-04-01,ws,1
12173,0,729030000,2019-11-02,2020-05-02,1.0,77000.0,2019-10-01,ws,1
14853,0,729030000,2020-05-02,2022-05-02,1.0,77000.0,2020-04-01,ws,1
21547,0,729030000,2022-05-02,2024-07-02,1.0,68700.0,2022-04-01,ws,1
25618,0,729030000,2024-07-02,2025-06-30,1.0,68700.0,2024-06-01,ws,1
517,5,729040000,2010-01-01,2012-05-02,1.0,31600.0,2012-04-01,bdm,0
1794,0,729040000,2012-05-02,2014-05-02,1.0,31600.0,2012-04-01,ws,1
4370,0,729040000,2014-05-02,2016-05-02,1.0,30800.0,2014-04-01,ws,1
7041,0,729040000,2016-05-02,2018-05-02,1.0,29600.0,2016-04-01,ws,1
9661,0,729040000,2018-05-02,2019-11-02,1.0,29600.0,2018-04-01,ws,1
12174,0,729040000,2019-11-02,2020-05-02,1.0,30100.0,2019-10-01,ws,1
14854,0,729040000,2020-05-02,2022-05-02,1.0,30100.0,2020-04-01,ws,1
21548,0,729040000,2022-05-02,2024-07-02,1.0,30000.0,2022-04-01,ws,1
25619,0,729040000,2024-07-02,2025-06-30,1.0,29900.0,2024-06-01,ws,1
518,5,729060000,2010-01-01,2012-05-02,1.0,70600.0,2012-04-01,bdm,0
518,5,729060000,2012-05-02,2013-02-02,1.0,70600.0,2012-04-01,ws,1
1067,5,729060000,2013-02-02,2013-05-02,,63200.0,2013-01-01,ws,1
1795,0,729060000,2013-05-02,2014-05-02,1.0,55800.0,2013-04-01,ws,1
4371,0,729060000,2014-05-02,2016-05-02,1.0,53600.0,2014-04-01,ws,1
7042,0,729060000,2016-05-02,2018-05-02,1.0,53500.0,2016-04-01,ws,1
9662,0,729060000,2018-05-02,2019-11-02,1.0,50400.0,2018-04-01,ws,1
12175,0,729060000,2019-11-02,2020-05-02,1.0,51300.0,2019-10-01,ws,1
14855,0,729060000,2020-05-02,2022-05-02,1.0,51300.0,2020-04-01,ws,1
21549,0,729060000,2022-05-02,2024-07-02,1.0,51300.0,2022-04-01,ws,1
25620,0,729060000,2024-07-02,2025-06-30,1.0,51300.0,2024-06-01,ws,1
519,5,729070000,2010-01-01,2012-05-02,1.0,66300.0,2012-04-01,bdm,0
1796,0,729070000,2012-05-02,2014-05-02,1.0,66300.0,2012-04-01,ws,1
4372,0,729070000,2014-05-02,2016-05-02,1.0,66000.0,2014-04-01,ws,1
5757,9,729070000,2016-05-02,2025-06-30,,0.0,2016-04-01,aes,2
520,5,729080000,2010-01-01,2012-05-02,1.0,104000.0,2012-04-01,bdm,0
1797,0,729080000,2012-05-02,2014-05-02,1.0,104000.0,2012-04-01,ws,1
3163,5,729080000,2014-05-02,2015-02-02,1.0,105000.0,2014-04-01,ws,1
2359,5,729080000,2015-02-02,2015-05-02,,102000.0,2015-01-01,ws,1
4373,0,729080000,2015-05-02,2016-05-02,1.0,98100.0,2015-04-01,ws,1
7043,0,729080000,2016-05-02,2018-05-02,1.0,95400.0,2016-04-01,ws,1
9663,0,729080000,2018-05-02,2019-11-02,1.0,90800.0,2018-04-01,ws,1
12176,0,729080000,2019-11-02,2020-05-02,1.0,92400.0,2019-10-01,ws,1
14856,0,729080000,2020-05-02,2022-05-02,1.0,91900.0,2020-04-01,ws,1
21550,0,729080000,2022-05-02,2024-07-02,1.0,91900.0,2022-04-01,ws,1
25621,0,729080000,2024-07-02,2025-06-30,1.0,86700.0,2024-06-01,ws,1
521,0,729090000,2010-01-01,2012-05-02,1.0,106000.0,2012-04-01,bdm,0
1798,0,729090000,2012-05-02,2014-05-02,1.0,106000.0,2012-04-01,ws,1
4374,0,729090000,2014-05-02,2016-05-02,1.0,109000.0,2014-04-01,ws,1
5759,9,729090000,2016-05-02,2025-06-30,,0.0,2016-04-01,aes,2
522,5,729100000,2010-01-01,2012-05-02,1.0,38100.0,2012-04-01,bdm,0
522,5,729100000,2012-05-02,2013-02-02,1.0,38100.0,2012-04-01,ws,1
1068,5,729100000,2013-02-02,2013-05-02,,34100.0,2013-01-01,ws,1
1799,0,729100000,2013-05-02,2014-05-02,1.0,30100.0,2013-04-01,ws,1
4375,0,729100000,2014-05-02,2016-05-02,1.0,29200.0,2014-04-01,ws,1
7044,0,729100000,2016-05-02,2018-05-02,1.0,29100.0,2016-04-01,ws,1
9664,0,729100000,2018-05-02,2019-11-02,1.0,27700.0,2018-04-01,ws,1
12177,0,729100000,2019-11-02,2020-05-02,1.0,28200.0,2019-10-01,ws,1
14857,0,729100000,2020-05-02,2022-05-02,1.0,28200.0,2020-04-01,ws,1
21551,0,729100000,2022-05-02,2024-07-02,1.0,28200.0,2022-04-01,ws,1
25622,0,729100000,2024-07-02,2025-06-30,1.0,28200.0,2024-06-01,ws,1
523,5,729110000,2010-01-01,2012-05-02,1.0,31600.0,2012-04-01,bdm,0
1800,0,729110000,2012-05-02,2014-05-02,1.0,31600.0,2012-04-01,ws,1
4376,0,729110000,2014-05-02,2016-05-02,1.0,31000.0,2014-04-01,ws,1
5761,9,729110000,2016-05-02,2025-06-30,,0.0,2016-04-01,aes,2
524,5,729120000,2010-01-01,2012-05-02,1.0,82800.0,2012-04-01,bdm,0
524,5,729120000,2012-05-02,2013-02-02,1.0,82800.0,2012-04-01,ws,1
1069,5,729120000,2013-02-02,2013-05-02,,74100.0,2013-01-01,ws,1
1801,0,729120000,2013-05-02,2014-05-02,1.0,65400.0,2013-04-01,ws,1
4377,0,729120000,2014-05-02,2016-05-02,1.0,62000.0,2014-04-01,ws,1
7045,0,729120000,2016-05-02,2018-05-02,1.0,60500.0,2016-04-01,ws,1
9665,0,729120000,2018-05-02,2019-11-02,1.0,58800.0,2018-04-01,ws,1
12178,0,729120000,2019-11-02,2020-05-02,1.0,59800.0,2019-10-01,ws,1
13446,5,729120000,2020-05-02,2021-02-02,1.0,56800.0,2020-04-01,ws,1
13971,5,729120000,2021-02-02,2021-05-02,,50800.0,2021-01-01,ws,1
13996,5,729120000,2021-05-02,2022-02-02,,44900.0,2021-04-01,ws,1
14858,5,729120000,2022-02-02,2022-05-02,1.0,38900.0,2022-01-01,ws,1
21552,0,729120000,2022-05-02,2024-07-02,1.0,29900.0,2022-04-01,ws,1
24291,0,729120000,2024-07-02,2025-04-02,1.0,29000.0,2024-06-01,ws,1
22063,5,729120000,2025-04-02,2025-07-02,,27200.0,2025-03-01,ws,1
525,5,729130000,2010-01-01,2012-05-02,1.0,8510.0,2012-04-01,bdm,0
1802,0,729130000,2012-05-02,2014-05-02,1.0,8510.0,2012-04-01,ws,1
4378,0,729130000,2014-05-02,2016-05-02,1.0,8180.0,2014-04-01,ws,1
7046,0,729130000,2016-05-02,2018-05-02,1.0,7560.0,2016-04-01,ws,1
9666,0,729130000,2018-05-02,2019-11-02,1.0,7190.0,2018-04-01,ws,1
12179,0,729130000,2019-11-02,2020-05-02,1.0,7320.0,2019-10-01,ws,1
14859,0,729130000,2020-05-02,2022-05-02,1.0,7050.0,2020-04-01,ws,1
21553,0,729130000,2022-05-02,2024-07-02,1.0,7050.0,2022-04-01,ws,1
25624,0,729130000,2024-07-02,2025-06-30,1.0,6900.0,2024-06-01,ws,1
526,5,729140000,2010-01-01,2012-05-02,1.0,4200.0,2012-04-01,bdm,0
1803,0,729140000,2012-05-02,2014-05-02,1.0,4200.0,2012-04-01,ws,1
4379,0,729140000,2014-05-02,2016-05-02,1.0,4180.0,2014-04-01,ws,1
5764,9,729140000,2016-05-02,2025-06-30,,0.0,2016-04-01,aes,2
527,5,729180000,2010-01-01,2012-05-02,1.0,512.0,2012-04-01,bdm,0
1804,0,729180000,2012-05-02,2014-05-02,1.0,512.0,2012-04-01,ws,1
4380,0,729180000,2014-05-02,2016-05-02,1.0,473.0,2014-04-01,ws,1
7047,0,729180000,2016-05-02,2018-05-02,1.0,458.0,2016-04-01,ws,1
9667,0,729180000,2018-05-02,2019-11-02,1.0,458.0,2018-04-01,ws,1
12180,0,729180000,2019-11-02,2020-05-02,1.0,466.0,2019-10-01,ws,1
14860,0,729180000,2020-05-02,2022-05-02,1.0,466.0,2020-04-01,ws,1
21554,0,729180000,2022-05-02,2024-07-02,1.0,466.0,2022-04-01,ws,1
25625,0,729180000,2024-07-02,2025-06-30,1.0,466.0,2024-06-01,ws,1
528,5,729200000,2010-01-01,2012-05-02,1.0,49000.0,2012-04-01,bdm,0
528,5,729200000,2012-05-02,2013-02-02,1.0,49000.0,2012-04-01,ws,1
1070,5,729200000,2013-02-02,2013-05-02,,47200.0,2013-01-01,ws,1
1805,0,729200000,2013-05-02,2014-05-02,1.0,45300.0,2013-04-01,ws,1
4381,0,729200000,2014-05-02,2016-05-02,1.0,44300.0,2014-04-01,ws,1
5766,5,729200000,2016-05-02,2017-02-02,1.0,42600.0,2016-04-01,ws,1
4912,5,729200000,2017-02-02,2017-05-02,,39300.0,2017-01-01,ws,1
7048,0,729200000,2017-05-02,2018-05-02,1.0,35900.0,2017-04-01,ws,1
9668,0,729200000,2018-05-02,2019-11-02,1.0,35900.0,2018-04-01,ws,1
12181,0,729200000,2019-11-02,2020-05-02,1.0,36600.0,2019-10-01,ws,1
14861,0,729200000,2020-05-02,2022-05-02,1.0,36600.0,2020-04-01,ws,1
21555,0,729200000,2022-05-02,2024-07-02,1.0,36500.0,2022-04-01,ws,1
25626,0,729200000,2024-07-02,2025-06-30,1.0,36500.0,2024-06-01,ws,1
529,5,729240000,2010-01-01,2012-05-02,1.0,40000.0,2012-04-01,bdm,0
1806,0,729240000,2012-05-02,2014-05-02,1.0,40000.0,2012-04-01,ws,1
3172,5,729240000,2014-05-02,2014-08-02,1.0,39500.0,2014-04-01,ws,1
4382,0,729240000,2014-08-02,2016-05-02,1.0,39500.0,2014-07-01,ws,1
7049,0,729240000,2016-05-02,2018-05-02,1.0,38400.0,2016-04-01,ws,1
9669,0,729240000,2018-05-02,2019-11-02,1.0,38600.0,2018-04-01,ws,1
12182,0,729240000,2019-11-02,2020-05-02,1.0,37500.0,2019-10-01,ws,1
14862,0,729240000,2020-05-02,2022-05-02,1.0,37500.0,2020-04-01,ws,1
21556,0,729240000,2022-05-02,2024-07-02,1.0,37000.0,2022-04-01,ws,1
25627,0,729240000,2024-07-02,2025-06-30,1.0,36400.0,2024-06-01,ws,1
8352,3,729240001,2010-01-01,2018-05-02,1.0,124000.0,2018-04-01,bsl,0
8352,3,729240001,2018-05-02,2019-02-02,1.0,124000.0,2018-04-01,ws,1
8846,5,729240001,2019-02-02,2019-05-02,,105000.0,2019-01-01,ws,1
9670,0,729240001,2019-05-02,2019-11-02,1.0,86300.0,2019-04-01,ws,1
12183,0,729240001,2019-11-02,2020-05-02,1.0,87900.0,2019-10-01,ws,1
13451,9,729240001,2020-05-02,2025-06-30,,0.0,2020-04-01,aes,2
530,5,729250000,2010-01-01,2012-05-02,1.0,145000.0,2012-04-01,bdm,0
1807,0,729250000,2012-05-02,2014-05-02,1.0,145000.0,2012-04-01,ws,1
4383,0,729250000,2014-05-02,2016-05-02,1.0,142000.0,2014-04-01,ws,1
7050,0,729250000,2016-05-02,2018-05-02,1.0,134000.0,2016-04-01,ws,1
8353,9,729250000,2018-05-02,2025-06-30,,0.0,2018-04-01,aes,2
531,5,729280000,2010-01-01,2012-05-02,1.0,73700.0,2012-04-01,bdm,0
1808,0,729280000,2012-05-02,2014-05-02,1.0,73700.0,2012-04-01,ws,1
4384,0,729280000,2014-05-02,2016-05-02,1.0,70900.0,2014-04-01,ws,1
7051,0,729280000,2016-05-02,2018-05-02,1.0,68900.0,2016-04-01,ws,1
9671,0,729280000,2018-05-02,2019-11-02,1.0,66500.0,2018-04-01,ws,1
12184,0,729280000,2019-11-02,2020-05-02,1.0,67100.0,2019-10-01,ws,1
14863,0,729280000,2020-05-02,2022-05-02,1.0,66700.0,2020-04-01,ws,1
21557,0,729280000,2022-05-02,2024-07-02,1.0,66000.0,2022-04-01,ws,1
25628,0,729280000,2024-07-02,2025-06-30,1.0,63100.0,2024-06-01,ws,1
532,5,729360000,2010-01-01,2012-05-02,1.0,46400.0,2012-04-01,bdm,0
1809,0,729360000,2012-05-02,2014-05-02,1.0,46400.0,2012-04-01,ws,1
4385,0,729360000,2014-05-02,2016-05-02,1.0,44900.0,2014-04-01,ws,1
7052,0,729360000,2016-05-02,2018-05-02,1.0,44000.0,2016-04-01,ws,1
9672,0,729360000,2018-05-02,2019-11-02,1.0,41400.0,2018-04-01,ws,1
12185,0,729360000,2019-11-02,2020-05-02,1.0,39800.0,2019-10-01,ws,1
14864,0,729360000,2020-05-02,2022-05-02,1.0,39800.0,2020-04-01,ws,1
21558,0,729360000,2022-05-02,2024-07-02,1.0,37800.0,2022-04-01,ws,1
25629,0,729360000,2024-07-02,2025-06-30,1.0,36800.0,2024-06-01,ws,1
533,5,729380000,2010-01-01,2012-05-02,1.0,66500.0,2012-04-01,bdm,0
1810,0,729380000,2012-05-02,2014-05-02,1.0,66500.0,2012-04-01,ws,1
4386,0,729380000,2014-05-02,2016-05-02,1.0,68400.0,2014-04-01,ws,1
7053,0,729380000,2016-05-02,2018-05-02,1.0,65500.0,2016-04-01,ws,1
9673,0,729380000,2018-05-02,2019-11-02,1.0,62200.0,2018-04-01,ws,1
12186,0,729380000,2019-11-02,2020-05-02,1.0,62000.0,2019-10-01,ws,1
14865,0,729380000,2020-05-02,2022-05-02,1.0,61600.0,2020-04-01,ws,1
21559,0,729380000,2022-05-02,2024-07-02,1.0,61000.0,2022-04-01,ws,1
25630,0,729380000,2024-07-02,2025-06-30,1.0,60100.0,2024-06-01,ws,1
534,5,729400000,2010-01-01,2012-05-02,1.0,41400.0,2012-04-01,bdm,0
1811,0,729400000,2012-05-02,2014-05-02,1.0,41400.0,2012-04-01,ws,1
4387,0,729400000,2014-05-02,2016-05-02,1.0,40900.0,2014-04-01,ws,1
7054,0,729400000,2016-05-02,2018-05-02,1.0,39500.0,2016-04-01,ws,1
9674,0,729400000,2018-05-02,2019-11-02,1.0,37300.0,2018-04-01,ws,1
12187,0,729400000,2019-11-02,2020-05-02,1.0,37200.0,2019-10-01,ws,1
14866,0,729400000,2020-05-02,2022-05-02,1.0,36500.0,2020-04-01,ws,1
21560,0,729400000,2022-05-02,2024-07-02,1.0,36200.0,2022-04-01,ws,1
25631,0,729400000,2024-07-02,2025-06-30,1.0,35300.0,2024-06-01,ws,1
535,0,729430000,2010-01-01,2012-05-02,1.0,1580000.0,2012-04-01,bdm,0
1812,0,729430000,2012-05-02,2014-05-02,1.0,1580000.0,2012-04-01,ws,1
4388,0,729430000,2014-05-02,2016-05-02,1.0,1620000.0,2014-04-01,ws,1
7055,0,729430000,2016-05-02,2018-05-02,1.0,1620000.0,2016-04-01,ws,1
9675,0,729430000,2018-05-02,2019-11-02,1.0,1620000.0,2018-04-01,ws,1
12188,0,729430000,2019-11-02,2020-05-02,1.0,1650000.0,2019-10-01,ws,1
14867,0,729430000,2020-05-02,2022-05-02,1.0,1650000.0,2020-04-01,ws,1
21561,0,729430000,2022-05-02,2024-07-02,1.0,1650000.0,2022-04-01,ws,1
25632,0,729430000,2024-07-02,2025-06-30,1.0,1650000.0,2024-06-01,ws,1
536,0,729440000,2010-01-01,2012-05-02,1.0,1060000.0,2012-04-01,bdm,0
1813,0,729440000,2012-05-02,2014-05-02,1.0,1060000.0,2012-04-01,ws,1
3179,5,729440000,2014-05-02,2014-08-02,1.0,1060000.0,2014-04-01,ws,1
2322,5,729440000,2014-08-02,2015-02-02,,1060000.0,2014-07-01,ws,1
2360,5,729440000,2015-02-02,2015-05-02,,990000.0,2015-01-01,ws,1
4389,0,729440000,2015-05-02,2016-05-02,1.0,923000.0,2015-04-01,ws,1
7056,0,729440000,2016-05-02,2018-05-02,1.0,923000.0,2016-04-01,ws,1
9676,0,729440000,2018-05-02,2019-11-02,1.0,923000.0,2018-04-01,ws,1
12189,0,729440000,2019-11-02,2020-05-02,1.0,940000.0,2019-10-01,ws,1
14868,0,729440000,2020-05-02,2022-05-02,1.0,940000.0,2020-04-01,ws,1
21562,0,729440000,2022-05-02,2024-07-02,1.0,940000.0,2022-04-01,ws,1
25633,0,729440000,2024-07-02,2025-06-30,1.0,933000.0,2024-06-01,ws,1
537,0,729450000,2010-01-01,2012-05-02,1.0,64050.0,2012-04-01,bdm,0
1814,0,729450000,2012-05-02,2014-05-02,1.0,64050.0,2012-04-01,ws,1
4390,0,729450000,2014-05-02,2016-05-02,1.0,65770.0,2014-04-01,ws,1
7057,0,729450000,2016-05-02,2018-05-02,1.0,64110.0,2016-04-01,ws,1
9677,0,729450000,2018-05-02,2019-11-02,1.0,63890.0,2018-04-01,ws,1
12190,0,729450000,2019-11-02,2020-05-02,1.0,64790.0,2019-10-01,ws,1
14869,0,729450000,2020-05-02,2022-05-02,1.0,64460.0,2020-04-01,ws,1
21563,0,729450000,2022-05-02,2024-07-02,1.0,64460.0,2022-04-01,ws,1
25634,0,729450000,2024-07-02,2025-06-30,1.0,63670.0,2024-06-01,ws,1
538,5,729480000,2010-01-01,2012-05-02,1.0,4360.0,2012-04-01,bdm,0
1815,0,729480000,2012-05-02,2014-05-02,1.0,4360.0,2012-04-01,ws,1
4391,0,729480000,2014-05-02,2016-05-02,1.0,4340.0,2014-04-01,ws,1
7058,0,729480000,2016-05-02,2018-05-02,1.0,4180.0,2016-04-01,ws,1
9678,0,729480000,2018-05-02,2019-11-02,1.0,3960.0,2018-04-01,ws,1
12191,0,729480000,2019-11-02,2020-05-02,1.0,3920.0,2019-10-01,ws,1
14870,0,729480000,2020-05-02,2022-05-02,1.0,3910.0,2020-04-01,ws,1
21564,0,729480000,2022-05-02,2024-07-02,1.0,3800.0,2022-04-01,ws,1
25635,0,729480000,2024-07-02,2025-06-30,1.0,3690.0,2024-06-01,ws,1
539,0,729490000,2010-01-01,2012-05-02,1.0,7080.0,2012-04-01,bdm,0
1816,0,729490000,2012-05-02,2014-05-02,1.0,7080.0,2012-04-01,ws,1
4392,0,729490000,2014-05-02,2016-05-02,1.0,7280.0,2014-04-01,ws,1
7059,0,729490000,2016-05-02,2018-05-02,1.0,7070.0,2016-04-01,ws,1
9679,0,729490000,2018-05-02,2019-11-02,1.0,7070.0,2018-04-01,ws,1
12192,0,729490000,2019-11-02,2020-05-02,1.0,7200.0,2019-10-01,ws,1
14871,0,729490000,2020-05-02,2022-05-02,1.0,7200.0,2020-04-01,ws,1
21565,0,729490000,2022-05-02,2024-07-02,1.0,7200.0,2022-04-01,ws,1
25636,0,729490000,2024-07-02,2025-06-30,1.0,7200.0,2024-06-01,ws,1
540,0,729500000,2010-01-01,2012-05-02,1.0,4360.0,2012-04-01,bdm,0
1817,0,729500000,2012-05-02,2014-05-02,1.0,4360.0,2012-04-01,ws,1
4393,0,729500000,2014-05-02,2016-05-02,1.0,4420.0,2014-04-01,ws,1
7060,0,729500000,2016-05-02,2018-05-02,1.0,4420.0,2016-04-01,ws,1
9680,0,729500000,2018-05-02,2019-11-02,1.0,4420.0,2018-04-01,ws,1
12193,0,729500000,2019-11-02,2020-05-02,1.0,4500.0,2019-10-01,ws,1
14872,0,729500000,2020-05-02,2022-05-02,1.0,4370.0,2020-04-01,ws,1
21566,0,729500000,2022-05-02,2024-07-02,1.0,4370.0,2022-04-01,ws,1
25637,0,729500000,2024-07-02,2025-06-30,1.0,4370.0,2024-06-01,ws,1
541,0,729510000,2010-01-01,2012-05-02,1.0,32700.0,2012-04-01,bdm,0
1818,0,729510000,2012-05-02,2014-05-02,1.0,32700.0,2012-04-01,ws,1
4394,0,729510000,2014-05-02,2016-05-02,1.0,33600.0,2014-04-01,ws,1
7061,0,729510000,2016-05-02,2018-05-02,1.0,33600.0,2016-04-01,ws,1
9681,0,729510000,2018-05-02,2019-11-02,1.0,33600.0,2018-04-01,ws,1
12194,0,729510000,2019-11-02,2020-05-02,1.0,34200.0,2019-10-01,ws,1
14873,0,729510000,2020-05-02,2022-05-02,1.0,34200.0,2020-04-01,ws,1
21567,0,729510000,2022-05-02,2024-07-02,1.0,34200.0,2022-04-01,ws,1
25638,0,729510000,2024-07-02,2025-06-30,1.0,34200.0,2024-06-01,ws,1
542,0,729520000,2010-01-01,2012-05-02,1.0,24900.0,2012-04-01,bdm,0
1819,0,729520000,2012-05-02,2014-05-02,1.0,24900.0,2012-04-01,ws,1
4395,0,729520000,2014-05-02,2016-05-02,1.0,25200.0,2014-04-01,ws,1
7062,0,729520000,2016-05-02,2018-05-02,1.0,24200.0,2016-04-01,ws,1
9682,0,729520000,2018-05-02,2019-11-02,1.0,24200.0,2018-04-01,ws,1
12195,0,729520000,2019-11-02,2020-05-02,1.0,24600.0,2019-10-01,ws,1
14874,0,729520000,2020-05-02,2022-05-02,1.0,24600.0,2020-04-01,ws,1
21568,0,729520000,2022-05-02,2024-07-02,1.0,24600.0,2022-04-01,ws,1
25639,0,729520000,2024-07-02,2025-06-30,1.0,24600.0,2024-06-01,ws,1
543,5,729550000,2010-01-01,2012-05-02,1.0,2750000.0,2012-04-01,bdm,0
1820,0,729550000,2012-05-02,2014-05-02,1.0,2750000.0,2012-04-01,ws,1
4396,0,729550000,2014-05-02,2016-05-02,1.0,2820000.0,2014-04-01,ws,1
5781,9,729550000,2016-05-02,2025-06-30,,0.0,2016-04-01,aes,2
544,5,729560000,2010-01-01,2012-05-02,1.0,926000.0,2012-04-01,bdm,0
1821,0,729560000,2012-05-02,2014-05-02,1.0,926000.0,2012-04-01,ws,1
3187,5,729560000,2014-05-02,2015-02-02,1.0,928000.0,2014-04-01,ws,1
2361,5,729560000,2015-02-02,2015-05-02,,878000.0,2015-01-01,ws,1
4397,0,729560000,2015-05-02,2016-05-02,1.0,829000.0,2015-04-01,ws,1
7063,0,729560000,2016-05-02,2018-05-02,1.0,829000.0,2016-04-01,ws,1
8366,5,729560000,2018-05-02,2019-02-02,1.0,788000.0,2018-04-01,ws,1
8847,5,729560000,2019-02-02,2019-05-02,,705000.0,2019-01-01,ws,1
9683,0,729560000,2019-05-02,2019-11-02,1.0,622000.0,2019-04-01,ws,1
12196,0,729560000,2019-11-02,2020-05-02,1.0,634000.0,2019-10-01,ws,1
14875,0,729560000,2020-05-02,2022-05-02,1.0,633000.0,2020-04-01,ws,1
21569,0,729560000,2022-05-02,2024-07-02,1.0,612000.0,2022-04-01,ws,1
25640,0,729560000,2024-07-02,2025-06-30,1.0,538000.0,2024-06-01,ws,1
545,5,729570000,2010-01-01,2012-05-02,1.0,220000.0,2012-04-01,bdm,0
1822,0,729570000,2012-05-02,2014-05-02,1.0,220000.0,2012-04-01,ws,1
4398,0,729570000,2014-05-02,2016-05-02,1.0,226000.0,2014-04-01,ws,1
7064,0,729570000,2016-05-02,2018-05-02,1.0,200000.0,2016-04-01,ws,1
9684,0,729570000,2018-05-02,2019-11-02,1.0,198000.0,2018-04-01,ws,1
12197,0,729570000,2019-11-02,2020-05-02,1.0,202000.0,2019-10-01,ws,1
14876,0,729570000,2020-05-02,2022-05-02,1.0,202000.0,2020-04-01,ws,1
21570,0,729570000,2022-05-02,2024-07-02,1.0,199000.0,2022-04-01,ws,1
25641,0,729570000,2024-07-02,2025-06-30,1.0,199000.0,2024-06-01,ws,1
546,5,729610000,2010-01-01,2012-05-02,1.0,4680.0,2012-04-01,bdm,0
1823,0,729610000,2012-05-02,2014-05-02,1.0,4680.0,2012-04-01,ws,1
4399,0,729610000,2014-05-02,2016-05-02,1.0,4810.0,2014-04-01,ws,1
7065,0,729610000,2016-05-02,2018-05-02,1.0,4650.0,2016-04-01,ws,1
9685,0,729610000,2018-05-02,2019-11-02,1.0,4610.0,2018-04-01,ws,1
12198,0,729610000,2019-11-02,2020-05-02,1.0,4620.0,2019-10-01,ws,1
14877,0,729610000,2020-05-02,2022-05-02,1.0,4620.0,2020-04-01,ws,1
21571,0,729610000,2022-05-02,2024-07-02,1.0,4620.0,2022-04-01,ws,1
25642,0,729610000,2024-07-02,2025-06-30,1.0,4620.0,2024-06-01,ws,1
547,5,729620000,2010-01-01,2012-05-02,1.0,7390.0,2012-04-01,bdm,0
1824,0,729620000,2012-05-02,2014-05-02,1.0,7390.0,2012-04-01,ws,1
4400,0,729620000,2014-05-02,2016-05-02,1.0,7250.0,2014-04-01,ws,1
7066,0,729620000,2016-05-02,2018-05-02,1.0,7000.0,2016-04-01,ws,1
9686,0,729620000,2018-05-02,2019-11-02,1.0,6780.0,2018-04-01,ws,1
12199,0,729620000,2019-11-02,2020-05-02,1.0,6800.0,2019-10-01,ws,1
14878,0,729620000,2020-05-02,2022-05-02,1.0,6770.0,2020-04-01,ws,1
21572,0,729620000,2022-05-02,2024-07-02,1.0,6770.0,2022-04-01,ws,1
25643,0,729620000,2024-07-02,2025-06-30,1.0,6770.0,2024-06-01,ws,1
548,0,729630000,2010-01-01,2012-05-02,1.0,8250.0,2012-04-01,bdm,0
1825,0,729630000,2012-05-02,2014-05-02,1.0,8250.0,2012-04-01,ws,1
4401,0,729630000,2014-05-02,2016-05-02,1.0,8480.0,2014-04-01,ws,1
7067,0,729630000,2016-05-02,2018-05-02,1.0,8480.0,2016-04-01,ws,1
9687,0,729630000,2018-05-02,2019-11-02,1.0,8480.0,2018-04-01,ws,1
12200,0,729630000,2019-11-02,2020-05-02,1.0,8640.0,2019-10-01,ws,1
14879,0,729630000,2020-05-02,2022-05-02,1.0,8640.0,2020-04-01,ws,1
21573,0,729630000,2022-05-02,2024-07-02,1.0,8640.0,2022-04-01,ws,1
25644,0,729630000,2024-07-02,2025-06-30,1.0,8640.0,2024-06-01,ws,1
549,5,729640000,2010-01-01,2012-05-02,1.0,8870.0,2012-04-01,bdm,0
1826,0,729640000,2012-05-02,2014-05-02,1.0,8870.0,2012-04-01,ws,1
4402,0,729640000,2014-05-02,2016-05-02,1.0,8750.0,2014-04-01,ws,1
7068,0,729640000,2016-05-02,2018-05-02,1.0,8470.0,2016-04-01,ws,1
9688,0,729640000,2018-05-02,2019-11-02,1.0,8280.0,2018-04-01,ws,1
12201,0,729640000,2019-11-02,2020-05-02,1.0,8190.0,2019-10-01,ws,1
14880,0,729640000,2020-05-02,2022-05-02,1.0,8190.0,2020-04-01,ws,1
21574,0,729640000,2022-05-02,2024-07-02,1.0,8190.0,2022-04-01,ws,1
25645,0,729640000,2024-07-02,2025-06-30,1.0,8190.0,2024-06-01,ws,1
550,5,729650000,2010-01-01,2012-05-02,1.0,4200.0,2012-04-01,bdm,0
1827,0,729650000,2012-05-02,2014-05-02,1.0,4200.0,2012-04-01,ws,1
4403,0,729650000,2014-05-02,2016-05-02,1.0,4180.0,2014-04-01,ws,1
7069,0,729650000,2016-05-02,2018-05-02,1.0,4050.0,2016-04-01,ws,1
9689,0,729650000,2018-05-02,2019-11-02,1.0,3950.0,2018-04-01,ws,1
12202,0,729650000,2019-11-02,2020-05-02,1.0,3950.0,2019-10-01,ws,1
14881,0,729650000,2020-05-02,2022-05-02,1.0,3950.0,2020-04-01,ws,1
21575,0,729650000,2022-05-02,2024-07-02,1.0,3950.0,2022-04-01,ws,1
25646,0,729650000,2024-07-02,2025-06-30,1.0,3950.0,2024-06-01,ws,1
551,5,729660000,2010-01-01,2012-05-02,1.0,6770.0,2012-04-01,bdm,0
1828,0,729660000,2012-05-02,2014-05-02,1.0,6770.0,2012-04-01,ws,1
4404,0,729660000,2014-05-02,2016-05-02,1.0,6650.0,2014-04-01,ws,1
7070,0,729660000,2016-05-02,2018-05-02,1.0,6300.0,2016-04-01,ws,1
9690,0,729660000,2018-05-02,2019-11-02,1.0,6150.0,2018-04-01,ws,1
12203,0,729660000,2019-11-02,2020-05-02,1.0,6200.0,2019-10-01,ws,1
14882,0,729660000,2020-05-02,2022-05-02,1.0,6120.0,2020-04-01,ws,1
21576,0,729660000,2022-05-02,2024-07-02,1.0,6120.0,2022-04-01,ws,1
25647,0,729660000,2024-07-02,2025-06-30,1.0,5890.0,2024-06-01,ws,1
552,5,729670000,2010-01-01,2012-05-02,1.0,20400.0,2012-04-01,bdm,0
1829,0,729670000,2012-05-02,2014-05-02,1.0,20400.0,2012-04-01,ws,1
4405,0,729670000,2014-05-02,2016-05-02,1.0,20400.0,2014-04-01,ws,1
7071,0,729670000,2016-05-02,2018-05-02,1.0,19700.0,2016-04-01,ws,1
9691,0,729670000,2018-05-02,2019-11-02,1.0,19100.0,2018-04-01,ws,1
12204,0,729670000,2019-11-02,2020-05-02,1.0,19100.0,2019-10-01,ws,1
14883,0,729670000,2020-05-02,2022-05-02,1.0,19000.0,2020-04-01,ws,1
21577,0,729670000,2022-05-02,2024-07-02,1.0,19000.0,2022-04-01,ws,1
25648,0,729670000,2024-07-02,2025-06-30,1.0,19000.0,2024-06-01,ws,1
553,5,729680000,2010-01-01,2012-05-02,1.0,3610.0,2012-04-01,bdm,0
1830,0,729680000,2012-05-02,2014-05-02,1.0,3610.0,2012-04-01,ws,1
4406,0,729680000,2014-05-02,2016-05-02,1.0,3530.0,2014-04-01,ws,1
7072,0,729680000,2016-05-02,2018-05-02,1.0,3450.0,2016-04-01,ws,1
9692,0,729680000,2018-05-02,2019-11-02,1.0,3370.0,2018-04-01,ws,1
12205,0,729680000,2019-11-02,2020-05-02,1.0,3360.0,2019-10-01,ws,1
14884,0,729680000,2020-05-02,2022-05-02,1.0,3350.0,2020-04-01,ws,1
21578,0,729680000,2022-05-02,2024-07-02,1.0,3350.0,2022-04-01,ws,1
25649,0,729680000,2024-07-02,2025-06-30,1.0,3350.0,2024-06-01,ws,1
554,5,729690000,2010-01-01,2012-05-02,1.0,43600.0,2012-04-01,bdm,0
1831,0,729690000,2012-05-02,2014-05-02,1.0,43600.0,2012-04-01,ws,1
4407,0,729690000,2014-05-02,2016-05-02,1.0,43200.0,2014-04-01,ws,1
7073,0,729690000,2016-05-02,2018-05-02,1.0,42000.0,2016-04-01,ws,1
9693,0,729690000,2018-05-02,2019-11-02,1.0,39700.0,2018-04-01,ws,1
12206,0,729690000,2019-11-02,2020-05-02,1.0,38600.0,2019-10-01,ws,1
14885,0,729690000,2020-05-02,2022-05-02,1.0,38200.0,2020-04-01,ws,1
21579,0,729690000,2022-05-02,2024-07-02,1.0,37600.0,2022-04-01,ws,1
25650,0,729690000,2024-07-02,2025-06-30,1.0,37000.0,2024-06-01,ws,1
555,0,729700000,2010-01-01,2012-05-02,1.0,1600.0,2012-04-01,bdm,0
1832,0,729700000,2012-05-02,2014-05-02,1.0,1600.0,2012-04-01,ws,1
4408,0,729700000,2014-05-02,2016-05-02,1.0,1600.0,2014-04-01,ws,1
7074,0,729700000,2016-05-02,2018-05-02,1.0,1600.0,2016-04-01,ws,1
9694,0,729700000,2018-05-02,2019-11-02,1.0,1600.0,2018-04-01,ws,1
12207,0,729700000,2019-11-02,2020-05-02,1.0,1600.0,2019-10-01,ws,1
14886,0,729700000,2020-05-02,2022-05-02,1.0,1600.0,2020-04-01,ws,1
21580,0,729700000,2022-05-02,2024-07-02,1.0,1600.0,2022-04-01,ws,1
25651,0,729700000,2024-07-02,2025-06-30,1.0,1600.0,2024-06-01,ws,1
556,0,729710000,2010-01-01,2012-05-02,1.0,3500.0,2012-04-01,bdm,0
1833,0,729710000,2012-05-02,2014-05-02,1.0,3500.0,2012-04-01,ws,1
4409,0,729710000,2014-05-02,2016-05-02,1.0,3500.0,2014-04-01,ws,1
7075,0,729710000,2016-05-02,2018-05-02,1.0,3500.0,2016-04-01,ws,1
9695,0,729710000,2018-05-02,2019-11-02,1.0,3500.0,2018-04-01,ws,1
12208,0,729710000,2019-11-02,2020-05-02,1.0,3500.0,2019-10-01,ws,1
14887,0,729710000,2020-05-02,2022-05-02,1.0,3500.0,2020-04-01,ws,1
21581,0,729710000,2022-05-02,2024-07-02,1.0,3500.0,2022-04-01,ws,1
25652,0,729710000,2024-07-02,2025-06-30,1.0,3500.0,2024-06-01,ws,1
557,0,729780000,2010-01-01,2012-05-02,2.0,0.0,2012-04-01,bdm,0
1834,0,729780000,2012-05-02,2014-05-02,2.0,0.0,2012-04-01,ws,1
3200,0,729780000,2014-05-02,2016-01-02,2.0,0.0,2014-04-01,ws,1
4410,0,729780000,2016-01-02,2016-05-02,2.0,0.0,2015-12-01,ws,1
7076,0,729780000,2016-05-02,2018-05-02,2.0,0.0,2016-04-01,ws,1
9696,0,729780000,2018-05-02,2019-11-02,2.0,0.0,2018-04-01,ws,1
12209,0,729780000,2019-11-02,2020-05-02,2.0,0.0,2019-10-01,ws,1
14888,0,729780000,2020-05-02,2022-05-02,2.0,0.0,2020-04-01,ws,1
21582,0,729780000,2022-05-02,2024-07-02,2.0,0.0,2022-04-01,ws,1
25653,0,729780000,2024-07-02,2025-06-30,2.0,0.0,2024-06-01,ws,1
558,0,729870000,2010-01-01,2012-05-02,1.0,22000.0,2012-04-01,bdm,0
1835,0,729870000,2012-05-02,2014-05-02,1.0,22000.0,2012-04-01,ws,1
4411,0,729870000,2014-05-02,2016-05-02,1.0,22600.0,2014-04-01,ws,1
7077,0,729870000,2016-05-02,2018-05-02,1.0,22600.0,2016-04-01,ws,1
9697,0,729870000,2018-05-02,2019-11-02,1.0,22200.0,2018-04-01,ws,1
12210,0,729870000,2019-11-02,2020-05-02,1.0,22000.0,2019-10-01,ws,1
14889,0,729870000,2020-05-02,2022-05-02,1.0,21700.0,2020-04-01,ws,1
21583,0,729870000,2022-05-02,2024-07-02,1.0,21700.0,2022-04-01,ws,1
25654,0,729870000,2024-07-02,2025-06-30,1.0,21700.0,2024-06-01,ws,1
20604,3,729880000,2010-01-01,2023-04-02,1.0,4720000.0,2023-03-01,bsl,0
21584,0,729880000,2023-04-02,2024-07-02,1.0,4720000.0,2023-03-01,ws,1
25655,0,729880000,2024-07-02,2025-06-30,1.0,4720000.0,2024-06-01,ws,1
20605,3,729890000,2010-01-01,2023-04-02,1.0,189000.0,2023-03-01,bsl,0
21585,0,729890000,2023-04-02,2024-07-02,1.0,189000.0,2023-03-01,ws,1
25656,0,729890000,2024-07-02,2025-06-30,1.0,189000.0,2024-06-01,ws,1
20638,3,729900000,2010-01-01,2023-07-02,1.0,2320000.0,2023-06-01,bsl,0
21586,0,729900000,2023-07-02,2024-07-02,1.0,2320000.0,2023-06-01,ws,1
25657,0,729900000,2024-07-02,2025-06-30,1.0,2320000.0,2024-06-01,ws,1
20639,3,729910000,2010-01-01,2023-07-02,1.0,257000.0,2023-06-01,bsl,0
21587,0,729910000,2023-07-02,2024-07-02,1.0,257000.0,2023-06-01,ws,1
25658,0,729910000,2024-07-02,2025-06-30,1.0,257000.0,2024-06-01,ws,1
20640,3,729920000,2010-01-01,2023-07-02,1.0,344000.0,2023-06-01,bsl,0
21588,0,729920000,2023-07-02,2024-07-02,1.0,344000.0,2023-06-01,ws,1
25659,0,729920000,2024-07-02,2025-06-30,1.0,344000.0,2024-06-01,ws,1
20664,3,729920001,2010-01-01,2024-01-02,1.0,48900.0,2023-12-01,bsl,0
21589,0,729920001,2024-01-02,2024-07-02,1.0,48900.0,2023-12-01,ws,1
25660,0,729920001,2024-07-02,2025-06-30,1.0,48900.0,2024-06-01,ws,1
20665,3,729920002,2010-01-01,2024-01-02,1.0,2260000.0,2023-12-01,bsl,0
21590,0,729920002,2024-01-02,2024-07-02,1.0,2260000.0,2023-12-01,ws,1
25661,0,729920002,2024-07-02,2025-06-30,1.0,2260000.0,2024-06-01,ws,1
20666,3,729920003,2010-01-01,2024-01-02,1.0,90300.0,2023-12-01,bsl,0
21591,0,729920003,2024-01-02,2024-07-02,1.0,90300.0,2023-12-01,ws,1
25662,0,729920003,2024-07-02,2025-06-30,1.0,90300.0,2024-06-01,ws,1
20667,3,729920004,2010-01-01,2024-01-02,1.0,434000.0,2023-12-01,bsl,0
21592,0,729920004,2024-01-02,2024-07-02,1.0,434000.0,2023-12-01,ws,1
25663,0,729920004,2024-07-02,2025-06-30,1.0,434000.0,2024-06-01,ws,1
20668,3,729920005,2010-01-01,2024-01-02,1.0,313000.0,2023-12-01,bsl,0
21593,0,729920005,2024-01-02,2024-07-02,1.0,313000.0,2023-12-01,ws,1
25664,0,729920005,2024-07-02,2025-06-30,1.0,313000.0,2024-06-01,ws,1
20682,3,729920006,2010-01-01,2024-04-02,1.0,3640.0,2024-03-01,bsl,0
21594,0,729920006,2024-04-02,2024-07-02,1.0,3640.0,2024-03-01,ws,1
25665,0,729920006,2024-07-02,2025-06-30,1.0,3640.0,2024-06-01,ws,1
20683,3,729920007,2010-01-01,2024-04-02,1.0,63200.0,2024-03-01,bsl,0
21595,0,729920007,2024-04-02,2024-07-02,1.0,63200.0,2024-03-01,ws,1
25666,0,729920007,2024-07-02,2025-06-30,1.0,63200.0,2024-06-01,ws,1
23000,3,729920008,2010-01-01,2024-07-02,1.0,159000.0,2024-06-01,bsl,0
24335,0,729920008,2024-07-02,2025-01-02,1.0,159000.0,2024-06-01,ws,1
22046,9,729920008,2025-01-02,2025-06-30,,159000.0,2024-12-01,aes,2
23001,3,729920009,2010-01-01,2024-07-02,1.0,38100.0,2024-06-01,bsl,0
24336,0,729920009,2024-07-02,2025-01-02,1.0,38100.0,2024-06-01,ws,1
22047,9,729920009,2025-01-02,2025-06-30,,38100.0,2024-12-01,aes,2
23002,3,729920010,2010-01-01,2024-07-02,1.0,289000.0,2024-06-01,bsl,0
24337,0,729920010,2024-07-02,2025-01-02,1.0,289000.0,2024-06-01,ws,1
22048,9,729920010,2025-01-02,2025-06-30,,289000.0,2024-12-01,aes,2
23003,3,729920011,2010-01-01,2024-07-02,1.0,2460.0,2024-06-01,bsl,0
25667,0,729920011,2024-07-02,2025-06-30,1.0,2460.0,2024-06-01,ws,1
23004,3,729920012,2010-01-01,2024-07-02,1.0,19300.0,2024-06-01,bsl,0
25668,0,729920012,2024-07-02,2025-06-30,1.0,19300.0,2024-06-01,ws,1
23005,3,729920013,2010-01-01,2024-07-02,1.0,2140.0,2024-06-01,bsl,0
25669,0,729920013,2024-07-02,2025-06-30,1.0,2140.0,2024-06-01,ws,1
23006,3,729920014,2010-01-01,2024-07-02,1.0,2180.0,2024-06-01,bsl,0
25670,0,729920014,2024-07-02,2025-06-30,1.0,2180.0,2024-06-01,ws,1
23007,3,729920015,2010-01-01,2024-07-02,1.0,1380.0,2024-06-01,bsl,0
25671,0,729920015,2024-07-02,2025-06-30,1.0,1380.0,2024-06-01,ws,1
23008,3,729920016,2010-01-01,2024-07-02,1.0,129000.0,2024-06-01,bsl,0
25672,0,729920016,2024-07-02,2025-06-30,1.0,129000.0,2024-06-01,ws,1
23009,3,729920017,2010-01-01,2024-07-02,1.0,176000.0,2024-06-01,bsl,0
25673,0,729920017,2024-07-02,2025-06-30,1.0,176000.0,2024-06-01,ws,1
23010,3,729920018,2010-01-01,2024-07-02,1.0,36500.0,2024-06-01,bsl,0
25674,0,729920018,2024-07-02,2025-06-30,1.0,36500.0,2024-06-01,ws,1
23011,3,729920019,2010-01-01,2024-07-02,1.0,79100.0,2024-06-01,bsl,0
25675,0,729920019,2024-07-02,2025-06-30,1.0,79100.0,2024-06-01,ws,1
23012,3,729920020,2010-01-01,2024-07-02,1.0,799000.0,2024-06-01,bsl,0
25676,0,729920020,2024-07-02,2025-06-30,1.0,799000.0,2024-06-01,ws,1
23013,3,729920021,2010-01-01,2024-07-02,1.0,34000.0,2024-06-01,bsl,0
25677,0,729920021,2024-07-02,2025-06-30,1.0,34000.0,2024-06-01,ws,1
23014,3,729920022,2010-01-01,2024-07-02,1.0,13800.0,2024-06-01,bsl,0
25678,0,729920022,2024-07-02,2025-06-30,1.0,15000.0,2024-06-01,ws,1
23015,3,729920023,2010-01-01,2024-07-02,1.0,149000.0,2024-06-01,bsl,0
25679,0,729920023,2024-07-02,2025-06-30,1.0,149000.0,2024-06-01,ws,1
23016,3,729920024,2010-01-01,2024-07-02,1.0,89000.0,2024-06-01,bsl,0
25680,0,729920024,2024-07-02,2025-06-30,1.0,89000.0,2024-06-01,ws,1
23017,3,729920025,2010-01-01,2024-07-02,1.0,96100.0,2024-06-01,bsl,0
25681,0,729920025,2024-07-02,2025-06-30,1.0,96100.0,2024-06-01,ws,1
23018,3,729920026,2010-01-01,2024-07-02,1.0,234000.0,2024-06-01,bsl,0
25682,0,729920026,2024-07-02,2025-06-30,1.0,234000.0,2024-06-01,ws,1
23019,3,729920027,2010-01-01,2024-07-02,1.0,38100.0,2024-06-01,bsl,0
25683,0,729920027,2024-07-02,2025-06-30,1.0,38100.0,2024-06-01,ws,1
23020,3,729920028,2010-01-01,2024-07-02,1.0,388000.0,2024-06-01,bsl,0
25684,0,729920028,2024-07-02,2025-06-30,1.0,388000.0,2024-06-01,ws,1
23021,3,729920029,2010-01-01,2024-07-02,1.0,24000.0,2024-06-01,bsl,0
25685,0,729920029,2024-07-02,2025-06-30,1.0,24000.0,2024-06-01,ws,1
22031,5,729920030,2010-01-01,2024-07-02,,,2024-06-01,bdm,0
25686,0,729920030,2024-07-02,2025-06-30,1.0,7010.0,2024-06-01,ws,1
20647,3,729990000,2010-01-01,2023-10-02,1.0,448000.0,2023-09-01,bsl,0
21596,0,729990000,2023-10-02,2024-07-02,1.0,448000.0,2023-09-01,ws,1
25687,0,729990000,2024-07-02,2025-06-30,1.0,448000.0,2024-06-01,ws,1
20648,3,729990001,2010-01-01,2023-10-02,1.0,1490000.0,2023-09-01,bsl,0
21597,0,729990001,2023-10-02,2024-07-02,1.0,1490000.0,2023-09-01,ws,1
25688,0,729990001,2024-07-02,2025-06-30,1.0,1490000.0,2024-06-01,ws,1
559,0,730090000,2010-01-01,2012-05-02,1.0,5870.0,2012-04-01,bdm,0
1836,0,730090000,2012-05-02,2014-05-02,1.0,5870.0,2012-04-01,ws,1
4412,0,730090000,2014-05-02,2016-05-02,1.0,6030.0,2014-04-01,ws,1
7078,0,730090000,2016-05-02,2018-05-02,1.0,5860.0,2016-04-01,ws,1
9698,0,730090000,2018-05-02,2019-11-02,1.0,5860.0,2018-04-01,ws,1
12211,0,730090000,2019-11-02,2020-05-02,1.0,5970.0,2019-10-01,ws,1
14890,0,730090000,2020-05-02,2022-05-02,1.0,5970.0,2020-04-01,ws,1
21598,0,730090000,2022-05-02,2024-07-02,1.0,5970.0,2022-04-01,ws,1
25689,0,730090000,2024-07-02,2025-06-30,1.0,5900.0,2024-06-01,ws,1
560,5,730560000,2010-01-01,2012-05-02,1.0,210000.0,2012-04-01,bdm,0
560,5,730560000,2012-05-02,2012-08-02,1.0,210000.0,2012-04-01,ws,1
1837,0,730560000,2012-08-02,2014-05-02,1.0,210000.0,2012-07-01,ws,1
3203,5,730560000,2014-05-02,2015-02-02,1.0,210000.0,2014-04-01,ws,1
2362,5,730560000,2015-02-02,2015-05-02,,199000.0,2015-01-01,ws,1
4413,0,730560000,2015-05-02,2016-05-02,1.0,188000.0,2015-04-01,ws,1
7079,0,730560000,2016-05-02,2018-05-02,1.0,188000.0,2016-04-01,ws,1
9699,0,730560000,2018-05-02,2019-11-02,1.0,179000.0,2018-04-01,ws,1
12212,0,730560000,2019-11-02,2020-05-02,1.0,175000.0,2019-10-01,ws,1
14891,0,730560000,2020-05-02,2022-05-02,1.0,174000.0,2020-04-01,ws,1
20103,5,730560000,2022-05-02,2023-02-02,1.0,171000.0,2022-04-01,ws,1
20588,5,730560000,2023-02-02,2023-05-02,,166000.0,2023-01-01,ws,1
21599,0,730560000,2023-05-02,2024-07-02,1.0,160000.0,2023-04-01,ws,1
25690,0,730560000,2024-07-02,2025-06-30,1.0,159000.0,2024-06-01,ws,1
561,5,730660000,2010-01-01,2012-05-02,1.0,3000000.0,2012-04-01,bdm,0
561,5,730660000,2012-05-02,2013-11-02,1.0,3000000.0,2012-04-01,ws,1
1838,0,730660000,2013-11-02,2014-05-02,1.0,3000000.0,2013-10-01,ws,1
4414,0,730660000,2014-05-02,2016-05-02,1.0,2910000.0,2014-04-01,ws,1
7080,0,730660000,2016-05-02,2018-05-02,1.0,2870000.0,2016-04-01,ws,1
9700,0,730660000,2018-05-02,2019-11-02,1.0,2920000.0,2018-04-01,ws,1
12213,0,730660000,2019-11-02,2020-05-02,1.0,2880000.0,2019-10-01,ws,1
14892,0,730660000,2020-05-02,2022-05-02,1.0,2880000.0,2020-04-01,ws,1
21600,0,730660000,2022-05-02,2024-07-02,1.0,2730000.0,2022-04-01,ws,1
25691,0,730660000,2024-07-02,2025-06-30,1.0,2580000.0,2024-06-01,ws,1
562,5,730700000,2010-01-01,2012-05-02,1.0,223000.0,2012-04-01,bdm,0
562,5,730700000,2012-05-02,2012-08-02,1.0,223000.0,2012-04-01,ws,1
1839,0,730700000,2012-08-02,2014-05-02,1.0,223000.0,2012-07-01,ws,1
4415,0,730700000,2014-05-02,2016-05-02,1.0,218000.0,2014-04-01,ws,1
7081,0,730700000,2016-05-02,2018-05-02,1.0,215000.0,2016-04-01,ws,1
9701,0,730700000,2018-05-02,2019-11-02,1.0,211000.0,2018-04-01,ws,1
12214,0,730700000,2019-11-02,2020-05-02,1.0,210000.0,2019-10-01,ws,1
14893,0,730700000,2020-05-02,2022-05-02,1.0,209000.0,2020-04-01,ws,1
20105,5,730700000,2022-05-02,2023-01-02,1.0,207000.0,2022-04-01,ws,1
21601,0,730700000,2023-01-02,2024-07-02,1.0,207000.0,2022-12-01,ws,1
25692,0,730700000,2024-07-02,2025-06-30,1.0,202000.0,2024-06-01,ws,1
563,0,730710000,2010-01-01,2012-05-02,1.0,1200.0,2012-04-01,bdm,0
1840,0,730710000,2012-05-02,2014-05-02,1.0,1200.0,2012-04-01,ws,1
4416,0,730710000,2014-05-02,2016-05-02,1.0,1230.0,2014-04-01,ws,1
7082,0,730710000,2016-05-02,2018-05-02,1.0,1230.0,2016-04-01,ws,1
9702,0,730710000,2018-05-02,2019-11-02,1.0,1230.0,2018-04-01,ws,1
12215,0,730710000,2019-11-02,2020-05-02,1.0,1240.0,2019-10-01,ws,1
13483,9,730710000,2020-05-02,2025-06-30,,0.0,2020-04-01,aes,2
564,5,730720000,2010-01-01,2012-05-02,1.0,4290.0,2012-04-01,bdm,0
1841,0,730720000,2012-05-02,2014-05-02,1.0,4290.0,2012-04-01,ws,1
4417,0,730720000,2014-05-02,2016-05-02,1.0,4410.0,2014-04-01,ws,1
7083,0,730720000,2016-05-02,2018-05-02,1.0,4000.0,2016-04-01,ws,1
9703,0,730720000,2018-05-02,2019-11-02,1.0,3940.0,2018-04-01,ws,1
12216,0,730720000,2019-11-02,2020-05-02,1.0,3930.0,2019-10-01,ws,1
14894,0,730720000,2020-05-02,2022-05-02,1.0,3930.0,2020-04-01,ws,1
21602,0,730720000,2022-05-02,2024-07-02,1.0,3900.0,2022-04-01,ws,1
25693,0,730720000,2024-07-02,2025-06-30,1.0,3900.0,2024-06-01,ws,1
565,5,730730000,2010-01-01,2012-05-02,1.0,46500.0,2012-04-01,bdm,0
1842,0,730730000,2012-05-02,2014-05-02,1.0,46500.0,2012-04-01,ws,1
4418,0,730730000,2014-05-02,2016-05-02,1.0,43400.0,2014-04-01,ws,1
7084,0,730730000,2016-05-02,2018-05-02,1.0,42300.0,2016-04-01,ws,1
9704,0,730730000,2018-05-02,2019-11-02,1.0,39800.0,2018-04-01,ws,1
12217,0,730730000,2019-11-02,2020-05-02,1.0,39200.0,2019-10-01,ws,1
14895,0,730730000,2020-05-02,2022-05-02,1.0,38500.0,2020-04-01,ws,1
21603,0,730730000,2022-05-02,2024-07-02,1.0,37100.0,2022-04-01,ws,1
25694,0,730730000,2024-07-02,2025-06-30,1.0,36700.0,2024-06-01,ws,1
566,0,730740000,2010-01-01,2012-05-02,1.0,21500.0,2012-04-01,bdm,0
1843,0,730740000,2012-05-02,2014-05-02,1.0,21500.0,2012-04-01,ws,1
4419,0,730740000,2014-05-02,2016-05-02,1.0,22100.0,2014-04-01,ws,1
7085,0,730740000,2016-05-02,2018-05-02,1.0,22100.0,2016-04-01,ws,1
8388,9,730740000,2018-05-02,2025-06-30,,0.0,2018-04-01,aes,2
567,5,730760000,2010-01-01,2012-05-02,1.0,1660.0,2012-04-01,bdm,0
1844,0,730760000,2012-05-02,2014-05-02,1.0,1660.0,2012-04-01,ws,1
4420,0,730760000,2014-05-02,2016-05-02,1.0,1610.0,2014-04-01,ws,1
5805,9,730760000,2016-05-02,2025-06-30,,0.0,2016-04-01,aes,2
568,9,730770000,2010-01-01,2012-05-02,0.0,0.0,2012-04-01,bdm,0
568,9,730770000,2012-05-02,2025-06-30,,0.0,2012-04-01,aes,2
569,5,730780000,2010-01-01,2012-05-02,1.0,1660.0,2012-04-01,bdm,0
1845,0,730780000,2012-05-02,2014-05-02,1.0,1660.0,2012-04-01,ws,1
4421,0,730780000,2014-05-02,2016-05-02,1.0,1690.0,2014-04-01,ws,1
5806,9,730780000,2016-05-02,2025-06-30,,0.0,2016-04-01,aes,2
570,9,730790000,2010-01-01,2012-05-02,0.0,0.0,2012-04-01,bdm,0
570,9,730790000,2012-05-02,2025-06-30,,0.0,2012-04-01,aes,2
571,5,730800000,2010-01-01,2012-05-02,1.0,5840.0,2012-04-01,bdm,0
1846,0,730800000,2012-05-02,2014-05-02,1.0,5840.0,2012-04-01,ws,1
4422,0,730800000,2014-05-02,2016-05-02,1.0,5870.0,2014-04-01,ws,1
7086,0,730800000,2016-05-02,2018-05-02,1.0,5780.0,2016-04-01,ws,1
9705,0,730800000,2018-05-02,2019-11-02,1.0,5780.0,2018-04-01,ws,1
12218,0,730800000,2019-11-02,2020-05-02,1.0,5700.0,2019-10-01,ws,1
14896,0,730800000,2020-05-02,2022-05-02,1.0,5700.0,2020-04-01,ws,1
21604,0,730800000,2022-05-02,2024-07-02,1.0,5690.0,2022-04-01,ws,1
25695,0,730800000,2024-07-02,2025-06-30,1.0,5590.0,2024-06-01,ws,1
572,0,730810000,2010-01-01,2012-05-02,1.0,22000.0,2012-04-01,bdm,0
1847,0,730810000,2012-05-02,2014-05-02,1.0,22000.0,2012-04-01,ws,1
4423,0,730810000,2014-05-02,2016-05-02,1.0,22600.0,2014-04-01,ws,1
7087,0,730810000,2016-05-02,2018-05-02,1.0,22600.0,2016-04-01,ws,1
9706,0,730810000,2018-05-02,2019-11-02,1.0,22200.0,2018-04-01,ws,1
12219,0,730810000,2019-11-02,2020-05-02,1.0,22000.0,2019-10-01,ws,1
14897,0,730810000,2020-05-02,2022-05-02,1.0,21700.0,2020-04-01,ws,1
21605,0,730810000,2022-05-02,2024-07-02,1.0,21700.0,2022-04-01,ws,1
25696,0,730810000,2024-07-02,2025-06-30,1.0,21700.0,2024-06-01,ws,1
573,5,730840000,2010-01-01,2012-05-02,1.0,167.0,2012-04-01,bdm,0
1848,0,730840000,2012-05-02,2014-05-02,1.0,167.0,2012-04-01,ws,1
4424,0,730840000,2014-05-02,2016-05-02,1.0,171.0,2014-04-01,ws,1
5809,0,730840000,2016-05-02,2017-01-02,1.0,171.0,2016-04-01,ws,1
7088,0,730840000,2017-01-02,2018-05-02,1.0,171.0,2016-12-01,ws,1
9707,0,730840000,2018-05-02,2019-11-02,1.0,169.0,2018-04-01,ws,1
12220,0,730840000,2019-11-02,2020-05-02,1.0,169.0,2019-10-01,ws,1
14898,0,730840000,2020-05-02,2022-05-02,1.0,169.0,2020-04-01,ws,1
21606,0,730840000,2022-05-02,2024-07-02,1.0,169.0,2022-04-01,ws,1
25697,0,730840000,2024-07-02,2025-06-30,1.0,169.0,2024-06-01,ws,1
574,0,731150000,2010-01-01,2012-05-02,1.0,27200.0,2012-04-01,bdm,0
574,0,731150000,2012-05-02,2012-11-02,1.0,27200.0,2012-04-01,ws,1
1849,0,731150000,2012-11-02,2014-05-02,1.0,27200.0,2012-10-01,ws,1
4425,0,731150000,2014-05-02,2016-05-02,1.0,27900.0,2014-04-01,ws,1
7089,0,731150000,2016-05-02,2018-05-02,1.0,27900.0,2016-04-01,ws,1
9708,0,731150000,2018-05-02,2019-11-02,1.0,27900.0,2018-04-01,ws,1
12221,0,731150000,2019-11-02,2020-05-02,1.0,28400.0,2019-10-01,ws,1
14899,0,731150000,2020-05-02,2022-05-02,1.0,28400.0,2020-04-01,ws,1
21607,0,731150000,2022-05-02,2024-07-02,1.0,28400.0,2022-04-01,ws,1
25698,0,731150000,2024-07-02,2025-06-30,1.0,28400.0,2024-06-01,ws,1
575,0,732010000,2010-01-01,2012-05-02,1.0,160000.0,2012-04-01,bdm,0
1850,0,732010000,2012-05-02,2014-05-02,1.0,160000.0,2012-04-01,ws,1
4426,0,732010000,2014-05-02,2016-05-02,1.0,163000.0,2014-04-01,ws,1
7090,0,732010000,2016-05-02,2018-05-02,1.0,163000.0,2016-04-01,ws,1
9709,0,732010000,2018-05-02,2019-11-02,1.0,163000.0,2018-04-01,ws,1
12222,0,732010000,2019-11-02,2020-05-02,1.0,166000.0,2019-10-01,ws,1
14900,0,732010000,2020-05-02,2022-05-02,1.0,164000.0,2020-04-01,ws,1
21608,0,732010000,2022-05-02,2024-07-02,1.0,164000.0,2022-04-01,ws,1
25699,0,732010000,2024-07-02,2025-06-30,1.0,164000.0,2024-06-01,ws,1
576,0,732030000,2010-01-01,2012-05-02,1.0,120000.0,2012-04-01,bdm,0
1851,0,732030000,2012-05-02,2014-05-02,1.0,120000.0,2012-04-01,ws,1
4427,0,732030000,2014-05-02,2016-05-02,1.0,123000.0,2014-04-01,ws,1
7091,0,732030000,2016-05-02,2018-05-02,1.0,123000.0,2016-04-01,ws,1
9710,0,732030000,2018-05-02,2019-11-02,1.0,123000.0,2018-04-01,ws,1
12223,0,732030000,2019-11-02,2020-05-02,1.0,125000.0,2019-10-01,ws,1
14901,0,732030000,2020-05-02,2022-05-02,1.0,125000.0,2020-04-01,ws,1
21609,0,732030000,2022-05-02,2024-07-02,1.0,122000.0,2022-04-01,ws,1
25700,0,732030000,2024-07-02,2025-06-30,1.0,118000.0,2024-06-01,ws,1
577,0,732040000,2010-01-01,2012-05-02,1.0,3590.0,2012-04-01,bdm,0
1852,0,732040000,2012-05-02,2014-05-02,1.0,3590.0,2012-04-01,ws,1
4428,0,732040000,2014-05-02,2016-05-02,1.0,3690.0,2014-04-01,ws,1
7092,0,732040000,2016-05-02,2018-05-02,1.0,3160.0,2016-04-01,ws,1
9711,0,732040000,2018-05-02,2019-11-02,1.0,3160.0,2018-04-01,ws,1
12224,0,732040000,2019-11-02,2020-05-02,1.0,3220.0,2019-10-01,ws,1
14902,0,732040000,2020-05-02,2022-05-02,1.0,3220.0,2020-04-01,ws,1
21610,0,732040000,2022-05-02,2024-07-02,1.0,3220.0,2022-04-01,ws,1
25701,0,732040000,2024-07-02,2025-06-30,1.0,3220.0,2024-06-01,ws,1
578,5,732060000,2010-01-01,2012-05-02,1.0,1300000.0,2012-04-01,bdm,0
1853,0,732060000,2012-05-02,2014-05-02,1.0,1300000.0,2012-04-01,ws,1
4429,0,732060000,2014-05-02,2016-05-02,1.0,1330000.0,2014-04-01,ws,1
7093,0,732060000,2016-05-02,2018-05-02,1.0,1330000.0,2016-04-01,ws,1
9712,0,732060000,2018-05-02,2019-11-02,1.0,1330000.0,2018-04-01,ws,1
12225,0,732060000,2019-11-02,2020-05-02,1.0,1350000.0,2019-10-01,ws,1
14903,0,732060000,2020-05-02,2022-05-02,1.0,1350000.0,2020-04-01,ws,1
21611,0,732060000,2022-05-02,2024-07-02,1.0,1350000.0,2022-04-01,ws,1
25702,0,732060000,2024-07-02,2025-06-30,1.0,1430000.0,2024-06-01,ws,1
579,5,732070000,2010-01-01,2012-05-02,1.0,1470000.0,2012-04-01,bdm,0
1854,0,732070000,2012-05-02,2014-05-02,1.0,1470000.0,2012-04-01,ws,1
3220,5,732070000,2014-05-02,2015-02-02,1.0,1460000.0,2014-04-01,ws,1
2363,5,732070000,2015-02-02,2015-05-02,,1350000.0,2015-01-01,ws,1
2414,5,732070000,2015-05-02,2016-02-02,,1240000.0,2015-04-01,ws,1
4430,5,732070000,2016-02-02,2016-05-02,1.0,1240000.0,2016-01-01,ws,1
7094,0,732070000,2016-05-02,2018-05-02,1.0,1240000.0,2016-04-01,ws,1
9713,0,732070000,2018-05-02,2019-11-02,1.0,1240000.0,2018-04-01,ws,1
12226,0,732070000,2019-11-02,2020-05-02,1.0,1260000.0,2019-10-01,ws,1
14904,0,732070000,2020-05-02,2022-05-02,1.0,1260000.0,2020-04-01,ws,1
21612,0,732070000,2022-05-02,2024-07-02,1.0,1260000.0,2022-04-01,ws,1
25703,0,732070000,2024-07-02,2025-06-30,1.0,1260000.0,2024-06-01,ws,1
580,0,732080000,2010-01-01,2012-05-02,1.0,45100.0,2012-04-01,bdm,0
1855,0,732080000,2012-05-02,2014-05-02,1.0,45100.0,2012-04-01,ws,1
4431,0,732080000,2014-05-02,2016-05-02,1.0,46300.0,2014-04-01,ws,1
7095,0,732080000,2016-05-02,2018-05-02,1.0,46300.0,2016-04-01,ws,1
9714,0,732080000,2018-05-02,2019-11-02,1.0,46300.0,2018-04-01,ws,1
12227,0,732080000,2019-11-02,2020-05-02,1.0,47200.0,2019-10-01,ws,1
14905,0,732080000,2020-05-02,2022-05-02,1.0,47200.0,2020-04-01,ws,1
21613,0,732080000,2022-05-02,2024-07-02,1.0,47200.0,2022-04-01,ws,1
25704,0,732080000,2024-07-02,2025-06-30,1.0,47200.0,2024-06-01,ws,1
581,0,732090000,2010-01-01,2012-05-02,1.0,85800.0,2012-04-01,bdm,0
1856,0,732090000,2012-05-02,2014-05-02,1.0,85800.0,2012-04-01,ws,1
4432,0,732090000,2014-05-02,2016-05-02,1.0,88200.0,2014-04-01,ws,1
7096,0,732090000,2016-05-02,2018-05-02,1.0,87600.0,2016-04-01,ws,1
9715,0,732090000,2018-05-02,2019-11-02,1.0,87600.0,2018-04-01,ws,1
12228,0,732090000,2019-11-02,2020-05-02,1.0,89200.0,2019-10-01,ws,1
14906,0,732090000,2020-05-02,2022-05-02,1.0,89200.0,2020-04-01,ws,1
21614,0,732090000,2022-05-02,2024-07-02,1.0,89200.0,2022-04-01,ws,1
25705,0,732090000,2024-07-02,2025-06-30,1.0,89200.0,2024-06-01,ws,1
582,5,732100000,2010-01-01,2012-05-02,1.0,36500.0,2012-04-01,bdm,0
1857,0,732100000,2012-05-02,2014-05-02,1.0,36500.0,2012-04-01,ws,1
4433,0,732100000,2014-05-02,2016-05-02,1.0,36900.0,2014-04-01,ws,1
7097,0,732100000,2016-05-02,2018-05-02,1.0,36500.0,2016-04-01,ws,1
9716,0,732100000,2018-05-02,2019-11-02,1.0,36500.0,2018-04-01,ws,1
12229,0,732100000,2019-11-02,2020-05-02,1.0,37200.0,2019-10-01,ws,1
14907,0,732100000,2020-05-02,2022-05-02,1.0,37200.0,2020-04-01,ws,1
21615,0,732100000,2022-05-02,2024-07-02,1.0,37200.0,2022-04-01,ws,1
25706,0,732100000,2024-07-02,2025-06-30,1.0,37200.0,2024-06-01,ws,1
583,0,732120000,2010-01-01,2012-05-02,1.0,1124050.0,2012-04-01,bdm,0
1858,0,732120000,2012-05-02,2014-05-02,1.0,1124050.0,2012-04-01,ws,1
3224,5,732120000,2014-05-02,2014-08-02,1.0,1125770.0,2014-04-01,ws,1
2323,5,732120000,2014-08-02,2015-02-02,,1125770.0,2014-07-01,ws,1
2364,5,732120000,2015-02-02,2015-05-02,,1055770.0,2015-01-01,ws,1
4434,0,732120000,2015-05-02,2016-05-02,1.0,988770.0,2015-04-01,ws,1
7098,0,732120000,2016-05-02,2018-05-02,1.0,987110.0,2016-04-01,ws,1
9717,0,732120000,2018-05-02,2019-11-02,1.0,986890.0,2018-04-01,ws,1
12230,0,732120000,2019-11-02,2020-05-02,1.0,1004790.0,2019-10-01,ws,1
14908,0,732120000,2020-05-02,2022-05-02,1.0,1004460.0,2020-04-01,ws,1
21616,0,732120000,2022-05-02,2024-07-02,1.0,1004460.0,2022-04-01,ws,1
25707,0,732120000,2024-07-02,2025-06-30,1.0,996670.0,2024-06-01,ws,1
584,5,732210000,2010-01-01,2012-05-02,1.0,3060000.0,2012-04-01,bdm,0
1859,0,732210000,2012-05-02,2014-05-02,1.0,3060000.0,2012-04-01,ws,1
4435,0,732210000,2014-05-02,2016-05-02,1.0,2970000.0,2014-04-01,ws,1
5820,9,732210000,2016-05-02,2025-06-30,,0.0,2016-04-01,aes,2
585,5,732530000,2010-01-01,2012-05-02,1.0,733000.0,2012-04-01,bdm,0
585,5,732530000,2012-05-02,2013-08-02,1.0,733000.0,2012-04-01,ws,1
1860,0,732530000,2013-08-02,2014-05-02,1.0,733000.0,2013-07-01,ws,1
4436,0,732530000,2014-05-02,2016-05-02,1.0,646000.0,2014-04-01,ws,1
7099,0,732530000,2016-05-02,2018-05-02,1.0,558000.0,2016-04-01,ws,1
9718,0,732530000,2018-05-02,2019-11-02,1.0,606000.0,2018-04-01,ws,1
12231,0,732530000,2019-11-02,2020-05-02,1.0,552000.0,2019-10-01,ws,1
14909,0,732530000,2020-05-02,2022-05-02,1.0,529000.0,2020-04-01,ws,1
21617,0,732530000,2022-05-02,2024-07-02,1.0,454000.0,2022-04-01,ws,1
25708,0,732530000,2024-07-02,2025-06-30,1.0,391000.0,2024-06-01,ws,1
586,5,732550000,2010-01-01,2012-05-02,1.0,826000.0,2012-04-01,bdm,0
1861,0,732550000,2012-05-02,2014-05-02,1.0,826000.0,2012-04-01,ws,1
4437,0,732550000,2014-05-02,2016-05-02,1.0,733000.0,2014-04-01,ws,1
7100,0,732550000,2016-05-02,2018-05-02,1.0,660000.0,2016-04-01,ws,1
9719,0,732550000,2018-05-02,2019-11-02,1.0,611000.0,2018-04-01,ws,1
12232,0,732550000,2019-11-02,2020-05-02,1.0,580000.0,2019-10-01,ws,1
14910,0,732550000,2020-05-02,2022-05-02,1.0,553000.0,2020-04-01,ws,1
20122,9,732550000,2022-05-02,2025-06-30,,553000.0,2022-04-01,aes,2
587,5,732580000,2010-01-01,2012-05-02,1.0,642000.0,2012-04-01,bdm,0
1862,0,732580000,2012-05-02,2014-05-02,1.0,642000.0,2012-04-01,ws,1
4438,0,732580000,2014-05-02,2016-05-02,1.0,567000.0,2014-04-01,ws,1
7101,0,732580000,2016-05-02,2018-05-02,1.0,478000.0,2016-04-01,ws,1
9720,0,732580000,2018-05-02,2019-11-02,1.0,396000.0,2018-04-01,ws,1
12233,0,732580000,2019-11-02,2020-05-02,1.0,403000.0,2019-10-01,ws,1
14911,0,732580000,2020-05-02,2022-05-02,1.0,403000.0,2020-04-01,ws,1
20123,9,732580000,2022-05-02,2025-06-30,,403000.0,2022-04-01,aes,2
588,5,732590000,2010-01-01,2012-05-02,1.0,79100.0,2012-04-01,bdm,0
1863,0,732590000,2012-05-02,2014-05-02,1.0,79100.0,2012-04-01,ws,1
4439,0,732590000,2014-05-02,2016-05-02,1.0,67300.0,2014-04-01,ws,1
7102,0,732590000,2016-05-02,2018-05-02,1.0,59200.0,2016-04-01,ws,1
9721,0,732590000,2018-05-02,2019-11-02,1.0,45400.0,2018-04-01,ws,1
12234,0,732590000,2019-11-02,2020-05-02,1.0,38900.0,2019-10-01,ws,1
14912,0,732590000,2020-05-02,2022-05-02,1.0,35500.0,2020-04-01,ws,1
21618,0,732590000,2022-05-02,2024-07-02,1.0,32000.0,2022-04-01,ws,1
25709,0,732590000,2024-07-02,2025-06-30,1.0,29000.0,2024-06-01,ws,1
589,0,732600000,2010-01-01,2012-05-02,1.0,150000.0,2012-04-01,bdm,0
1864,0,732600000,2012-05-02,2014-05-02,1.0,150000.0,2012-04-01,ws,1
4440,0,732600000,2014-05-02,2016-05-02,1.0,154000.0,2014-04-01,ws,1
7103,0,732600000,2016-05-02,2018-05-02,1.0,154000.0,2016-04-01,ws,1
9722,0,732600000,2018-05-02,2019-11-02,1.0,154000.0,2018-04-01,ws,1
12235,0,732600000,2019-11-02,2020-05-02,1.0,157000.0,2019-10-01,ws,1
14913,0,732600000,2020-05-02,2022-05-02,1.0,157000.0,2020-04-01,ws,1
21619,0,732600000,2022-05-02,2024-07-02,1.0,157000.0,2022-04-01,ws,1
25710,0,732600000,2024-07-02,2025-06-30,1.0,157000.0,2024-06-01,ws,1
590,0,732610000,2010-01-01,2012-05-02,1.0,153000.0,2012-04-01,bdm,0
1865,0,732610000,2012-05-02,2014-05-02,1.0,153000.0,2012-04-01,ws,1
4441,0,732610000,2014-05-02,2016-05-02,1.0,151000.0,2014-04-01,ws,1
7104,0,732610000,2016-05-02,2018-05-02,1.0,151000.0,2016-04-01,ws,1
9723,0,732610000,2018-05-02,2019-11-02,1.0,147000.0,2018-04-01,ws,1
12236,0,732610000,2019-11-02,2020-05-02,1.0,146000.0,2019-10-01,ws,1
14914,0,732610000,2020-05-02,2022-05-02,1.0,146000.0,2020-04-01,ws,1
21620,0,732610000,2022-05-02,2024-07-02,1.0,146000.0,2022-04-01,ws,1
25711,0,732610000,2024-07-02,2025-06-30,1.0,146000.0,2024-06-01,ws,1
591,5,732620000,2010-01-01,2012-05-02,1.0,142000.0,2012-04-01,bdm,0
1866,0,732620000,2012-05-02,2014-05-02,1.0,142000.0,2012-04-01,ws,1
4442,0,732620000,2014-05-02,2016-05-02,1.0,136000.0,2014-04-01,ws,1
7105,0,732620000,2016-05-02,2018-05-02,1.0,133000.0,2016-04-01,ws,1
9724,0,732620000,2018-05-02,2019-11-02,1.0,126000.0,2018-04-01,ws,1
12237,0,732620000,2019-11-02,2020-05-02,1.0,122000.0,2019-10-01,ws,1
14915,0,732620000,2020-05-02,2022-05-02,1.0,121000.0,2020-04-01,ws,1
21621,0,732620000,2022-05-02,2024-07-02,1.0,116000.0,2022-04-01,ws,1
25712,0,732620000,2024-07-02,2025-06-30,1.0,110000.0,2024-06-01,ws,1
592,0,732650000,2010-01-01,2012-05-02,1.0,130000.0,2012-04-01,bdm,0
1867,0,732650000,2012-05-02,2014-05-02,1.0,130000.0,2012-04-01,ws,1
4443,0,732650000,2014-05-02,2016-05-02,1.0,129000.0,2014-04-01,ws,1
7106,0,732650000,2016-05-02,2018-05-02,1.0,127000.0,2016-04-01,ws,1
9725,0,732650000,2018-05-02,2019-11-02,1.0,126000.0,2018-04-01,ws,1
12238,0,732650000,2019-11-02,2020-05-02,1.0,127000.0,2019-10-01,ws,1
14916,0,732650000,2020-05-02,2022-05-02,1.0,127000.0,2020-04-01,ws,1
21622,0,732650000,2022-05-02,2024-07-02,1.0,127000.0,2022-04-01,ws,1
25713,0,732650000,2024-07-02,2025-06-30,1.0,127000.0,2024-06-01,ws,1
593,5,732670000,2010-01-01,2012-05-02,1.0,538.0,2012-04-01,bdm,0
1868,0,732670000,2012-05-02,2014-05-02,1.0,538.0,2012-04-01,ws,1
4444,0,732670000,2014-05-02,2016-05-02,1.0,544.0,2014-04-01,ws,1
7107,0,732670000,2016-05-02,2018-05-02,1.0,544.0,2016-04-01,ws,1
9726,0,732670000,2018-05-02,2019-11-02,1.0,544.0,2018-04-01,ws,1
12239,0,732670000,2019-11-02,2020-05-02,1.0,554.0,2019-10-01,ws,1
14917,0,732670000,2020-05-02,2022-05-02,1.0,554.0,2020-04-01,ws,1
21623,0,732670000,2022-05-02,2024-07-02,1.0,554.0,2022-04-01,ws,1
25714,0,732670000,2024-07-02,2025-06-30,1.0,554.0,2024-06-01,ws,1
594,0,732680000,2010-01-01,2012-05-02,1.0,867.0,2012-04-01,bdm,0
1869,0,732680000,2012-05-02,2014-05-02,1.0,867.0,2012-04-01,ws,1
4445,0,732680000,2014-05-02,2016-05-02,1.0,875.0,2014-04-01,ws,1
7108,0,732680000,2016-05-02,2018-05-02,1.0,873.0,2016-04-01,ws,1
9727,0,732680000,2018-05-02,2019-11-02,1.0,868.0,2018-04-01,ws,1
12240,0,732680000,2019-11-02,2020-05-02,1.0,884.0,2019-10-01,ws,1
14918,0,732680000,2020-05-02,2022-05-02,1.0,884.0,2020-04-01,ws,1
21624,0,732680000,2022-05-02,2024-07-02,1.0,884.0,2022-04-01,ws,1
25715,0,732680000,2024-07-02,2025-06-30,1.0,884.0,2024-06-01,ws,1
595,5,732690000,2010-01-01,2012-05-02,1.0,5430.0,2012-04-01,bdm,0
1870,0,732690000,2012-05-02,2014-05-02,1.0,5430.0,2012-04-01,ws,1
4446,0,732690000,2014-05-02,2016-05-02,1.0,5450.0,2014-04-01,ws,1
7109,0,732690000,2016-05-02,2018-05-02,1.0,5370.0,2016-04-01,ws,1
9728,0,732690000,2018-05-02,2019-11-02,1.0,5370.0,2018-04-01,ws,1
12241,0,732690000,2019-11-02,2020-05-02,1.0,5470.0,2019-10-01,ws,1
14919,0,732690000,2020-05-02,2022-05-02,1.0,5470.0,2020-04-01,ws,1
21625,0,732690000,2022-05-02,2024-07-02,1.0,5470.0,2022-04-01,ws,1
25716,0,732690000,2024-07-02,2025-06-30,1.0,5470.0,2024-06-01,ws,1
596,5,732700000,2010-01-01,2012-05-02,1.0,992.0,2012-04-01,bdm,0
1871,0,732700000,2012-05-02,2014-05-02,1.0,992.0,2012-04-01,ws,1
4447,0,732700000,2014-05-02,2016-05-02,1.0,1020.0,2014-04-01,ws,1
7110,0,732700000,2016-05-02,2018-05-02,1.0,1020.0,2016-04-01,ws,1
9729,0,732700000,2018-05-02,2019-11-02,1.0,1020.0,2018-04-01,ws,1
12242,0,732700000,2019-11-02,2020-05-02,1.0,1040.0,2019-10-01,ws,1
14920,0,732700000,2020-05-02,2022-05-02,1.0,1040.0,2020-04-01,ws,1
21626,0,732700000,2022-05-02,2024-07-02,1.0,1040.0,2022-04-01,ws,1
25717,0,732700000,2024-07-02,2025-06-30,1.0,1040.0,2024-06-01,ws,1
597,5,732730000,2010-01-01,2012-05-02,1.0,4570.0,2012-04-01,bdm,0
1872,0,732730000,2012-05-02,2014-05-02,1.0,4570.0,2012-04-01,ws,1
4448,0,732730000,2014-05-02,2016-05-02,1.0,4460.0,2014-04-01,ws,1
7111,0,732730000,2016-05-02,2018-05-02,1.0,4350.0,2016-04-01,ws,1
9730,0,732730000,2018-05-02,2019-11-02,1.0,4350.0,2018-04-01,ws,1
12243,0,732730000,2019-11-02,2020-05-02,1.0,4190.0,2019-10-01,ws,1
14921,0,732730000,2020-05-02,2022-05-02,1.0,4190.0,2020-04-01,ws,1
21627,0,732730000,2022-05-02,2024-07-02,1.0,4110.0,2022-04-01,ws,1
25718,0,732730000,2024-07-02,2025-06-30,1.0,4020.0,2024-06-01,ws,1
598,5,732740000,2010-01-01,2012-05-02,1.0,6110.0,2012-04-01,bdm,0
1873,0,732740000,2012-05-02,2014-05-02,1.0,6110.0,2012-04-01,ws,1
4449,0,732740000,2014-05-02,2016-05-02,1.0,5970.0,2014-04-01,ws,1
7112,0,732740000,2016-05-02,2018-05-02,1.0,5870.0,2016-04-01,ws,1
9731,0,732740000,2018-05-02,2019-11-02,1.0,5870.0,2018-04-01,ws,1
12244,0,732740000,2019-11-02,2020-05-02,1.0,5840.0,2019-10-01,ws,1
14922,0,732740000,2020-05-02,2022-05-02,1.0,5790.0,2020-04-01,ws,1
21628,0,732740000,2022-05-02,2024-07-02,1.0,5790.0,2022-04-01,ws,1
25719,0,732740000,2024-07-02,2025-06-30,1.0,5690.0,2024-06-01,ws,1
599,5,732750000,2010-01-01,2012-05-02,1.0,3630.0,2012-04-01,bdm,0
1874,0,732750000,2012-05-02,2014-05-02,1.0,3630.0,2012-04-01,ws,1
4450,0,732750000,2014-05-02,2016-05-02,1.0,3730.0,2014-04-01,ws,1
7113,0,732750000,2016-05-02,2018-05-02,1.0,3730.0,2016-04-01,ws,1
9732,0,732750000,2018-05-02,2019-11-02,1.0,3730.0,2018-04-01,ws,1
12245,0,732750000,2019-11-02,2020-05-02,1.0,3800.0,2019-10-01,ws,1
14923,0,732750000,2020-05-02,2022-05-02,1.0,3800.0,2020-04-01,ws,1
21629,0,732750000,2022-05-02,2024-07-02,1.0,3800.0,2022-04-01,ws,1
25720,0,732750000,2024-07-02,2025-06-30,1.0,3800.0,2024-06-01,ws,1
600,5,732760000,2010-01-01,2012-05-02,1.0,6160.0,2012-04-01,bdm,0
1875,0,732760000,2012-05-02,2014-05-02,1.0,6160.0,2012-04-01,ws,1
4451,0,732760000,2014-05-02,2016-05-02,1.0,6150.0,2014-04-01,ws,1
7114,0,732760000,2016-05-02,2018-05-02,1.0,6030.0,2016-04-01,ws,1
9733,0,732760000,2018-05-02,2019-11-02,1.0,6030.0,2018-04-01,ws,1
12246,0,732760000,2019-11-02,2020-05-02,1.0,6140.0,2019-10-01,ws,1
14924,0,732760000,2020-05-02,2022-05-02,1.0,6140.0,2020-04-01,ws,1
21630,0,732760000,2022-05-02,2024-07-02,1.0,6080.0,2022-04-01,ws,1
25721,0,732760000,2024-07-02,2025-06-30,1.0,6080.0,2024-06-01,ws,1
601,0,732770000,2010-01-01,2012-05-02,1.0,4240.0,2012-04-01,bdm,0
1876,0,732770000,2012-05-02,2014-05-02,1.0,4240.0,2012-04-01,ws,1
4452,0,732770000,2014-05-02,2016-05-02,1.0,4200.0,2014-04-01,ws,1
7115,0,732770000,2016-05-02,2018-05-02,1.0,4120.0,2016-04-01,ws,1
9734,0,732770000,2018-05-02,2019-11-02,1.0,4120.0,2018-04-01,ws,1
12247,0,732770000,2019-11-02,2020-05-02,1.0,4100.0,2019-10-01,ws,1
14925,0,732770000,2020-05-02,2022-05-02,1.0,4080.0,2020-04-01,ws,1
21631,0,732770000,2022-05-02,2024-07-02,1.0,4080.0,2022-04-01,ws,1
25722,0,732770000,2024-07-02,2025-06-30,1.0,4080.0,2024-06-01,ws,1
602,5,732780000,2010-01-01,2012-05-02,1.0,4690.0,2012-04-01,bdm,0
1877,0,732780000,2012-05-02,2014-05-02,1.0,4690.0,2012-04-01,ws,1
4453,0,732780000,2014-05-02,2016-05-02,1.0,4820.0,2014-04-01,ws,1
7116,0,732780000,2016-05-02,2018-05-02,1.0,3750.0,2016-04-01,ws,1
9735,0,732780000,2018-05-02,2019-11-02,1.0,3750.0,2018-04-01,ws,1
12248,0,732780000,2019-11-02,2020-05-02,1.0,3600.0,2019-10-01,ws,1
14926,0,732780000,2020-05-02,2022-05-02,1.0,3510.0,2020-04-01,ws,1
21632,0,732780000,2022-05-02,2024-07-02,1.0,2740.0,2022-04-01,ws,1
25723,0,732780000,2024-07-02,2025-06-30,1.0,2030.0,2024-06-01,ws,1
603,5,732790000,2010-01-01,2012-05-02,1.0,5980.0,2012-04-01,bdm,0
1878,0,732790000,2012-05-02,2014-05-02,1.0,5980.0,2012-04-01,ws,1
4454,0,732790000,2014-05-02,2016-05-02,1.0,6100.0,2014-04-01,ws,1
7117,0,732790000,2016-05-02,2018-05-02,1.0,6100.0,2016-04-01,ws,1
9736,0,732790000,2018-05-02,2019-11-02,1.0,6100.0,2018-04-01,ws,1
12249,0,732790000,2019-11-02,2020-05-02,1.0,6180.0,2019-10-01,ws,1
14927,0,732790000,2020-05-02,2022-05-02,1.0,6180.0,2020-04-01,ws,1
21633,0,732790000,2022-05-02,2024-07-02,1.0,6140.0,2022-04-01,ws,1
25724,0,732790000,2024-07-02,2025-06-30,1.0,6140.0,2024-06-01,ws,1
604,0,732800000,2010-01-01,2012-05-02,1.0,175.0,2012-04-01,bdm,0
1879,0,732800000,2012-05-02,2014-05-02,1.0,175.0,2012-04-01,ws,1
4455,0,732800000,2014-05-02,2016-05-02,1.0,180.0,2014-04-01,ws,1
7118,0,732800000,2016-05-02,2018-05-02,1.0,180.0,2016-04-01,ws,1
9737,0,732800000,2018-05-02,2019-11-02,1.0,180.0,2018-04-01,ws,1
12250,0,732800000,2019-11-02,2020-05-02,1.0,183.0,2019-10-01,ws,1
14928,0,732800000,2020-05-02,2022-05-02,1.0,183.0,2020-04-01,ws,1
21634,0,732800000,2022-05-02,2024-07-02,1.0,183.0,2022-04-01,ws,1
25725,0,732800000,2024-07-02,2025-06-30,1.0,183.0,2024-06-01,ws,1
605,5,732820000,2010-01-01,2012-05-02,1.0,1630.0,2012-04-01,bdm,0
1880,0,732820000,2012-05-02,2014-05-02,1.0,1630.0,2012-04-01,ws,1
4456,0,732820000,2014-05-02,2016-05-02,1.0,1600.0,2014-04-01,ws,1
7119,0,732820000,2016-05-02,2018-05-02,1.0,1600.0,2016-04-01,ws,1
9738,0,732820000,2018-05-02,2019-11-02,1.0,1600.0,2018-04-01,ws,1
12251,0,732820000,2019-11-02,2020-05-02,1.0,1630.0,2019-10-01,ws,1
14929,0,732820000,2020-05-02,2022-05-02,1.0,1630.0,2020-04-01,ws,1
21635,0,732820000,2022-05-02,2024-07-02,1.0,1630.0,2022-04-01,ws,1
25726,0,732820000,2024-07-02,2025-06-30,1.0,1600.0,2024-06-01,ws,1
606,0,732830000,2010-01-01,2012-05-02,1.0,2020.0,2012-04-01,bdm,0
1881,0,732830000,2012-05-02,2014-05-02,1.0,2020.0,2012-04-01,ws,1
4457,0,732830000,2014-05-02,2016-05-02,1.0,2070.0,2014-04-01,ws,1
7120,0,732830000,2016-05-02,2018-05-02,1.0,2070.0,2016-04-01,ws,1
9739,0,732830000,2018-05-02,2019-11-02,1.0,2070.0,2018-04-01,ws,1
12252,0,732830000,2019-11-02,2020-05-02,1.0,2110.0,2019-10-01,ws,1
14930,0,732830000,2020-05-02,2022-05-02,1.0,2110.0,2020-04-01,ws,1
21636,0,732830000,2022-05-02,2024-07-02,1.0,2110.0,2022-04-01,ws,1
25727,0,732830000,2024-07-02,2025-06-30,1.0,2110.0,2024-06-01,ws,1
607,0,732840000,2010-01-01,2012-05-02,1.0,4350.0,2012-04-01,bdm,0
1882,0,732840000,2012-05-02,2014-05-02,1.0,4350.0,2012-04-01,ws,1
4458,0,732840000,2014-05-02,2016-05-02,1.0,4470.0,2014-04-01,ws,1
7121,0,732840000,2016-05-02,2018-05-02,1.0,4470.0,2016-04-01,ws,1
9740,0,732840000,2018-05-02,2019-11-02,1.0,4470.0,2018-04-01,ws,1
12253,0,732840000,2019-11-02,2020-05-02,1.0,3880.0,2019-10-01,ws,1
14931,0,732840000,2020-05-02,2022-05-02,1.0,3880.0,2020-04-01,ws,1
21637,0,732840000,2022-05-02,2024-07-02,1.0,3870.0,2022-04-01,ws,1
25728,0,732840000,2024-07-02,2025-06-30,1.0,3870.0,2024-06-01,ws,1
608,5,732850000,2010-01-01,2012-05-02,1.0,14400.0,2012-04-01,bdm,0
1883,0,732850000,2012-05-02,2014-05-02,1.0,14400.0,2012-04-01,ws,1
4459,0,732850000,2014-05-02,2016-05-02,1.0,14100.0,2014-04-01,ws,1
7122,0,732850000,2016-05-02,2018-05-02,1.0,14100.0,2016-04-01,ws,1
9741,0,732850000,2018-05-02,2019-11-02,1.0,14100.0,2018-04-01,ws,1
12254,0,732850000,2019-11-02,2020-05-02,1.0,14100.0,2019-10-01,ws,1
14932,0,732850000,2020-05-02,2022-05-02,1.0,14100.0,2020-04-01,ws,1
21638,0,732850000,2022-05-02,2024-07-02,1.0,14100.0,2022-04-01,ws,1
25729,0,732850000,2024-07-02,2025-06-30,1.0,14000.0,2024-06-01,ws,1
609,5,732860000,2010-01-01,2012-05-02,1.0,2130.0,2012-04-01,bdm,0
1884,0,732860000,2012-05-02,2014-05-02,1.0,2130.0,2012-04-01,ws,1
4460,0,732860000,2014-05-02,2016-05-02,1.0,2110.0,2014-04-01,ws,1
7123,0,732860000,2016-05-02,2018-05-02,1.0,2100.0,2016-04-01,ws,1
9742,0,732860000,2018-05-02,2019-11-02,1.0,2100.0,2018-04-01,ws,1
12255,0,732860000,2019-11-02,2020-05-02,1.0,2140.0,2019-10-01,ws,1
14933,0,732860000,2020-05-02,2022-05-02,1.0,2130.0,2020-04-01,ws,1
21639,0,732860000,2022-05-02,2024-07-02,1.0,2130.0,2022-04-01,ws,1
25730,0,732860000,2024-07-02,2025-06-30,1.0,2120.0,2024-06-01,ws,1
610,5,732870000,2010-01-01,2012-05-02,1.0,5400.0,2012-04-01,bdm,0
1885,0,732870000,2012-05-02,2014-05-02,1.0,5400.0,2012-04-01,ws,1
4461,0,732870000,2014-05-02,2016-05-02,1.0,4820.0,2014-04-01,ws,1
7124,0,732870000,2016-05-02,2018-05-02,1.0,4180.0,2016-04-01,ws,1
9743,0,732870000,2018-05-02,2019-11-02,1.0,3660.0,2018-04-01,ws,1
12256,0,732870000,2019-11-02,2020-05-02,1.0,3540.0,2019-10-01,ws,1
14934,0,732870000,2020-05-02,2022-05-02,1.0,3520.0,2020-04-01,ws,1
21640,0,732870000,2022-05-02,2024-07-02,1.0,3350.0,2022-04-01,ws,1
25731,0,732870000,2024-07-02,2025-06-30,1.0,3350.0,2024-06-01,ws,1
611,5,732880000,2010-01-01,2012-05-02,1.0,15400.0,2012-04-01,bdm,0
1886,0,732880000,2012-05-02,2014-05-02,1.0,15400.0,2012-04-01,ws,1
4462,0,732880000,2014-05-02,2016-05-02,1.0,13600.0,2014-04-01,ws,1
7125,0,732880000,2016-05-02,2018-05-02,1.0,12300.0,2016-04-01,ws,1
9744,0,732880000,2018-05-02,2019-11-02,1.0,11100.0,2018-04-01,ws,1
12257,0,732880000,2019-11-02,2020-05-02,1.0,10400.0,2019-10-01,ws,1
14935,0,732880000,2020-05-02,2022-05-02,1.0,10000.0,2020-04-01,ws,1
21641,0,732880000,2022-05-02,2024-07-02,1.0,10000.0,2022-04-01,ws,1
25732,0,732880000,2024-07-02,2025-06-30,1.0,9790.0,2024-06-01,ws,1
612,5,732890000,2010-01-01,2012-05-02,1.0,28800.0,2012-04-01,bdm,0
1887,0,732890000,2012-05-02,2014-05-02,1.0,28800.0,2012-04-01,ws,1
4463,0,732890000,2014-05-02,2016-05-02,1.0,27000.0,2014-04-01,ws,1
7126,0,732890000,2016-05-02,2018-05-02,1.0,25200.0,2016-04-01,ws,1
9745,0,732890000,2018-05-02,2019-11-02,1.0,21000.0,2018-04-01,ws,1
12258,0,732890000,2019-11-02,2020-05-02,1.0,18000.0,2019-10-01,ws,1
14936,0,732890000,2020-05-02,2022-05-02,1.0,16700.0,2020-04-01,ws,1
21642,0,732890000,2022-05-02,2024-07-02,1.0,16600.0,2022-04-01,ws,1
25733,0,732890000,2024-07-02,2025-06-30,1.0,13700.0,2024-06-01,ws,1
613,5,732900000,2010-01-01,2012-05-02,1.0,51900.0,2012-04-01,bdm,0
1888,0,732900000,2012-05-02,2014-05-02,1.0,51900.0,2012-04-01,ws,1
4464,0,732900000,2014-05-02,2016-05-02,1.0,52000.0,2014-04-01,ws,1
7127,0,732900000,2016-05-02,2018-05-02,1.0,51400.0,2016-04-01,ws,1
9746,0,732900000,2018-05-02,2019-11-02,1.0,51400.0,2018-04-01,ws,1
12259,0,732900000,2019-11-02,2020-05-02,1.0,52400.0,2019-10-01,ws,1
14937,0,732900000,2020-05-02,2022-05-02,1.0,52400.0,2020-04-01,ws,1
21643,0,732900000,2022-05-02,2024-07-02,1.0,52400.0,2022-04-01,ws,1
25734,0,732900000,2024-07-02,2025-06-30,1.0,52400.0,2024-06-01,ws,1
614,5,732910000,2010-01-01,2012-05-02,1.0,47000.0,2012-04-01,bdm,0
1889,0,732910000,2012-05-02,2014-05-02,1.0,47000.0,2012-04-01,ws,1
4465,0,732910000,2014-05-02,2016-05-02,1.0,46100.0,2014-04-01,ws,1
7128,0,732910000,2016-05-02,2018-05-02,1.0,41500.0,2016-04-01,ws,1
9747,0,732910000,2018-05-02,2019-11-02,1.0,37800.0,2018-04-01,ws,1
12260,0,732910000,2019-11-02,2020-05-02,1.0,38500.0,2019-10-01,ws,1
14938,0,732910000,2020-05-02,2022-05-02,1.0,38200.0,2020-04-01,ws,1
21644,0,732910000,2022-05-02,2024-07-02,1.0,37100.0,2022-04-01,ws,1
25735,0,732910000,2024-07-02,2025-06-30,1.0,37100.0,2024-06-01,ws,1
615,5,732920000,2010-01-01,2012-05-02,1.0,41600.0,2012-04-01,bdm,0
1890,0,732920000,2012-05-02,2014-05-02,1.0,41600.0,2012-04-01,ws,1
4466,0,732920000,2014-05-02,2016-05-02,1.0,41000.0,2014-04-01,ws,1
7129,0,732920000,2016-05-02,2018-05-02,1.0,41000.0,2016-04-01,ws,1
8432,9,732920000,2018-05-02,2025-06-30,,0.0,2018-04-01,aes,2
616,5,732930000,2010-01-01,2012-05-02,1.0,23800.0,2012-04-01,bdm,0
1891,0,732930000,2012-05-02,2014-05-02,1.0,23800.0,2012-04-01,ws,1
4467,0,732930000,2014-05-02,2016-05-02,1.0,22300.0,2014-04-01,ws,1
7130,0,732930000,2016-05-02,2018-05-02,1.0,20500.0,2016-04-01,ws,1
8433,9,732930000,2018-05-02,2025-06-30,,0.0,2018-04-01,aes,2
617,5,732940000,2010-01-01,2012-05-02,1.0,54000.0,2012-04-01,bdm,0
1892,0,732940000,2012-05-02,2014-05-02,1.0,54000.0,2012-04-01,ws,1
4468,0,732940000,2014-05-02,2016-05-02,1.0,52500.0,2014-04-01,ws,1
7131,0,732940000,2016-05-02,2018-05-02,1.0,52100.0,2016-04-01,ws,1
9748,0,732940000,2018-05-02,2019-11-02,1.0,50900.0,2018-04-01,ws,1
12261,0,732940000,2019-11-02,2020-05-02,1.0,51200.0,2019-10-01,ws,1
14939,0,732940000,2020-05-02,2022-05-02,1.0,51100.0,2020-04-01,ws,1
21645,0,732940000,2022-05-02,2024-07-02,1.0,51100.0,2022-04-01,ws,1
25736,0,732940000,2024-07-02,2025-06-30,1.0,51100.0,2024-06-01,ws,1
618,5,732950000,2010-01-01,2012-05-02,1.0,46500.0,2012-04-01,bdm,0
1893,0,732950000,2012-05-02,2014-05-02,1.0,46500.0,2012-04-01,ws,1
4469,0,732950000,2014-05-02,2016-05-02,1.0,46700.0,2014-04-01,ws,1
7132,0,732950000,2016-05-02,2018-05-02,1.0,46000.0,2016-04-01,ws,1
9749,0,732950000,2018-05-02,2019-11-02,1.0,46000.0,2018-04-01,ws,1
12262,0,732950000,2019-11-02,2020-05-02,1.0,46700.0,2019-10-01,ws,1
14940,0,732950000,2020-05-02,2022-05-02,1.0,46700.0,2020-04-01,ws,1
21646,0,732950000,2022-05-02,2024-07-02,1.0,46700.0,2022-04-01,ws,1
25737,0,732950000,2024-07-02,2025-06-30,1.0,41100.0,2024-06-01,ws,1
619,5,732960000,2010-01-01,2012-05-02,1.0,78200.0,2012-04-01,bdm,0
1894,0,732960000,2012-05-02,2014-05-02,1.0,78200.0,2012-04-01,ws,1
4470,0,732960000,2014-05-02,2016-05-02,1.0,79100.0,2014-04-01,ws,1
7133,0,732960000,2016-05-02,2018-05-02,1.0,74400.0,2016-04-01,ws,1
9750,0,732960000,2018-05-02,2019-11-02,1.0,74400.0,2018-04-01,ws,1
12263,0,732960000,2019-11-02,2020-05-02,1.0,74600.0,2019-10-01,ws,1
14941,0,732960000,2020-05-02,2022-05-02,1.0,74600.0,2020-04-01,ws,1
21647,0,732960000,2022-05-02,2024-07-02,1.0,74600.0,2022-04-01,ws,1
25738,0,732960000,2024-07-02,2025-06-30,1.0,74600.0,2024-06-01,ws,1
620,5,732970000,2010-01-01,2012-05-02,1.0,46400.0,2012-04-01,bdm,0
1895,0,732970000,2012-05-02,2014-05-02,1.0,46400.0,2012-04-01,ws,1
4471,0,732970000,2014-05-02,2016-05-02,1.0,44000.0,2014-04-01,ws,1
7134,0,732970000,2016-05-02,2018-05-02,1.0,41800.0,2016-04-01,ws,1
9751,0,732970000,2018-05-02,2019-11-02,1.0,39500.0,2018-04-01,ws,1
12264,0,732970000,2019-11-02,2020-05-02,1.0,38500.0,2019-10-01,ws,1
14942,0,732970000,2020-05-02,2022-05-02,1.0,37900.0,2020-04-01,ws,1
21648,0,732970000,2022-05-02,2024-07-02,1.0,36900.0,2022-04-01,ws,1
25739,0,732970000,2024-07-02,2025-06-30,1.0,36600.0,2024-06-01,ws,1
621,5,732980000,2010-01-01,2012-05-02,1.0,37600.0,2012-04-01,bdm,0
1896,0,732980000,2012-05-02,2014-05-02,1.0,37600.0,2012-04-01,ws,1
4472,0,732980000,2014-05-02,2016-05-02,1.0,37700.0,2014-04-01,ws,1
7135,0,732980000,2016-05-02,2018-05-02,1.0,37700.0,2016-04-01,ws,1
9752,0,732980000,2018-05-02,2019-11-02,1.0,35100.0,2018-04-01,ws,1
12265,0,732980000,2019-11-02,2020-05-02,1.0,35800.0,2019-10-01,ws,1
14943,0,732980000,2020-05-02,2022-05-02,1.0,35800.0,2020-04-01,ws,1
21649,0,732980000,2022-05-02,2024-07-02,1.0,35800.0,2022-04-01,ws,1
25740,0,732980000,2024-07-02,2025-06-30,1.0,35800.0,2024-06-01,ws,1
622,5,732990000,2010-01-01,2012-05-02,1.0,34300.0,2012-04-01,bdm,0
1897,0,732990000,2012-05-02,2014-05-02,1.0,34300.0,2012-04-01,ws,1
4473,0,732990000,2014-05-02,2016-05-02,1.0,32300.0,2014-04-01,ws,1
7136,0,732990000,2016-05-02,2018-05-02,1.0,31400.0,2016-04-01,ws,1
9753,0,732990000,2018-05-02,2019-11-02,1.0,30800.0,2018-04-01,ws,1
12266,0,732990000,2019-11-02,2020-05-02,1.0,30800.0,2019-10-01,ws,1
14944,0,732990000,2020-05-02,2022-05-02,1.0,30400.0,2020-04-01,ws,1
21650,0,732990000,2022-05-02,2024-07-02,1.0,30300.0,2022-04-01,ws,1
25741,0,732990000,2024-07-02,2025-06-30,1.0,30100.0,2024-06-01,ws,1
623,5,733010000,2010-01-01,2012-05-02,1.0,59600.0,2012-04-01,bdm,0
1898,0,733010000,2012-05-02,2014-05-02,1.0,59600.0,2012-04-01,ws,1
4474,0,733010000,2014-05-02,2016-05-02,1.0,58200.0,2014-04-01,ws,1
7137,0,733010000,2016-05-02,2018-05-02,1.0,55400.0,2016-04-01,ws,1
9754,0,733010000,2018-05-02,2019-11-02,1.0,53600.0,2018-04-01,ws,1
12267,0,733010000,2019-11-02,2020-05-02,1.0,53400.0,2019-10-01,ws,1
14945,0,733010000,2020-05-02,2022-05-02,1.0,52200.0,2020-04-01,ws,1
21651,0,733010000,2022-05-02,2024-07-02,1.0,50900.0,2022-04-01,ws,1
25742,0,733010000,2024-07-02,2025-06-30,1.0,49700.0,2024-06-01,ws,1
624,5,733020000,2010-01-01,2012-05-02,1.0,68900.0,2012-04-01,bdm,0
1899,0,733020000,2012-05-02,2014-05-02,1.0,68900.0,2012-04-01,ws,1
4475,0,733020000,2014-05-02,2016-05-02,1.0,67600.0,2014-04-01,ws,1
7138,0,733020000,2016-05-02,2018-05-02,1.0,66400.0,2016-04-01,ws,1
9755,0,733020000,2018-05-02,2019-11-02,1.0,64600.0,2018-04-01,ws,1
12268,0,733020000,2019-11-02,2020-05-02,1.0,64300.0,2019-10-01,ws,1
14946,0,733020000,2020-05-02,2022-05-02,1.0,64300.0,2020-04-01,ws,1
21652,0,733020000,2022-05-02,2024-07-02,1.0,64300.0,2022-04-01,ws,1
25743,0,733020000,2024-07-02,2025-06-30,1.0,64300.0,2024-06-01,ws,1
625,5,733030000,2010-01-01,2012-05-02,1.0,111000.0,2012-04-01,bdm,0
1900,0,733030000,2012-05-02,2014-05-02,1.0,111000.0,2012-04-01,ws,1
4476,0,733030000,2014-05-02,2016-05-02,1.0,114000.0,2014-04-01,ws,1
7139,0,733030000,2016-05-02,2018-05-02,1.0,113000.0,2016-04-01,ws,1
9756,0,733030000,2018-05-02,2019-11-02,1.0,111000.0,2018-04-01,ws,1
12269,0,733030000,2019-11-02,2020-05-02,1.0,113000.0,2019-10-01,ws,1
14947,0,733030000,2020-05-02,2022-05-02,1.0,113000.0,2020-04-01,ws,1
21653,0,733030000,2022-05-02,2024-07-02,1.0,113000.0,2022-04-01,ws,1
25744,0,733030000,2024-07-02,2025-06-30,1.0,113000.0,2024-06-01,ws,1
626,5,733040000,2010-01-01,2012-05-02,1.0,265000.0,2012-04-01,bdm,0
1901,0,733040000,2012-05-02,2014-05-02,1.0,265000.0,2012-04-01,ws,1
4477,0,733040000,2014-05-02,2016-05-02,1.0,257000.0,2014-04-01,ws,1
7140,0,733040000,2016-05-02,2018-05-02,1.0,257000.0,2016-04-01,ws,1
9757,0,733040000,2018-05-02,2019-11-02,1.0,257000.0,2018-04-01,ws,1
12270,0,733040000,2019-11-02,2020-05-02,1.0,262000.0,2019-10-01,ws,1
13538,5,733040000,2020-05-02,2021-02-02,1.0,252000.0,2020-04-01,ws,1
13972,5,733040000,2021-02-02,2021-05-02,,232000.0,2021-01-01,ws,1
14948,0,733040000,2021-05-02,2022-05-02,1.0,211000.0,2021-04-01,ws,1
21654,0,733040000,2022-05-02,2024-07-02,1.0,211000.0,2022-04-01,ws,1
25745,0,733040000,2024-07-02,2025-06-30,1.0,211000.0,2024-06-01,ws,1
627,0,733050000,2010-01-01,2012-05-02,1.0,23900.0,2012-04-01,bdm,0
1902,0,733050000,2012-05-02,2014-05-02,1.0,23900.0,2012-04-01,ws,1
4478,0,733050000,2014-05-02,2016-05-02,1.0,24500.0,2014-04-01,ws,1
7141,0,733050000,2016-05-02,2018-05-02,1.0,24500.0,2016-04-01,ws,1
9758,0,733050000,2018-05-02,2019-11-02,1.0,24500.0,2018-04-01,ws,1
12271,0,733050000,2019-11-02,2020-05-02,1.0,24400.0,2019-10-01,ws,1
14949,0,733050000,2020-05-02,2022-05-02,1.0,24400.0,2020-04-01,ws,1
21655,0,733050000,2022-05-02,2024-07-02,1.0,24400.0,2022-04-01,ws,1
25746,0,733050000,2024-07-02,2025-06-30,1.0,24400.0,2024-06-01,ws,1
628,5,733060000,2010-01-01,2012-05-02,1.0,23500.0,2012-04-01,bdm,0
1903,0,733060000,2012-05-02,2014-05-02,1.0,23500.0,2012-04-01,ws,1
4479,0,733060000,2014-05-02,2016-05-02,1.0,24100.0,2014-04-01,ws,1
7142,0,733060000,2016-05-02,2018-05-02,1.0,24100.0,2016-04-01,ws,1
9759,0,733060000,2018-05-02,2019-11-02,1.0,24100.0,2018-04-01,ws,1
12272,0,733060000,2019-11-02,2020-05-02,1.0,24500.0,2019-10-01,ws,1
14950,0,733060000,2020-05-02,2022-05-02,1.0,24500.0,2020-04-01,ws,1
21656,0,733060000,2022-05-02,2024-07-02,1.0,24500.0,2022-04-01,ws,1
25747,0,733060000,2024-07-02,2025-06-30,1.0,24500.0,2024-06-01,ws,1
629,5,733080000,2010-01-01,2012-05-02,1.0,2700.0,2012-04-01,bdm,0
1904,0,733080000,2012-05-02,2014-05-02,1.0,2700.0,2012-04-01,ws,1
4480,0,733080000,2014-05-02,2016-05-02,1.0,2720.0,2014-04-01,ws,1
7143,0,733080000,2016-05-02,2018-05-02,1.0,2720.0,2016-04-01,ws,1
9760,0,733080000,2018-05-02,2019-11-02,1.0,7080.0,2018-04-01,ws,1
12273,0,733080000,2019-11-02,2020-05-02,1.0,7210.0,2019-10-01,ws,1
14951,0,733080000,2020-05-02,2022-05-02,1.0,7210.0,2020-04-01,ws,1
21657,0,733080000,2022-05-02,2024-07-02,1.0,7210.0,2022-04-01,ws,1
25748,0,733080000,2024-07-02,2025-06-30,1.0,7210.0,2024-06-01,ws,1
630,5,733090000,2010-01-01,2012-05-02,1.0,7080.0,2012-04-01,bdm,0
1905,0,733090000,2012-05-02,2014-05-02,1.0,7080.0,2012-04-01,ws,1
4481,0,733090000,2014-05-02,2016-05-02,1.0,7190.0,2014-04-01,ws,1
7144,0,733090000,2016-05-02,2018-05-02,1.0,7190.0,2016-04-01,ws,1
8447,9,733090000,2018-05-02,2025-06-30,,0.0,2018-04-01,aes,2
631,5,733100000,2010-01-01,2012-05-02,1.0,2190.0,2012-04-01,bdm,0
1906,0,733100000,2012-05-02,2014-05-02,1.0,2190.0,2012-04-01,ws,1
4482,0,733100000,2014-05-02,2016-05-02,1.0,2250.0,2014-04-01,ws,1
7145,0,733100000,2016-05-02,2018-05-02,1.0,2250.0,2016-04-01,ws,1
9761,0,733100000,2018-05-02,2019-11-02,1.0,2250.0,2018-04-01,ws,1
12274,0,733100000,2019-11-02,2020-05-02,1.0,2290.0,2019-10-01,ws,1
14952,0,733100000,2020-05-02,2022-05-02,1.0,2290.0,2020-04-01,ws,1
21658,0,733100000,2022-05-02,2024-07-02,1.0,2290.0,2022-04-01,ws,1
25749,0,733100000,2024-07-02,2025-06-30,1.0,2290.0,2024-06-01,ws,1
632,5,733110000,2010-01-01,2012-05-02,1.0,7150.0,2012-04-01,bdm,0
1907,0,733110000,2012-05-02,2014-05-02,1.0,7150.0,2012-04-01,ws,1
4483,0,733110000,2014-05-02,2016-05-02,1.0,7350.0,2014-04-01,ws,1
7146,0,733110000,2016-05-02,2018-05-02,1.0,7350.0,2016-04-01,ws,1
9762,0,733110000,2018-05-02,2019-11-02,1.0,7350.0,2018-04-01,ws,1
12275,0,733110000,2019-11-02,2020-05-02,1.0,7490.0,2019-10-01,ws,1
14953,0,733110000,2020-05-02,2022-05-02,1.0,7490.0,2020-04-01,ws,1
21659,0,733110000,2022-05-02,2024-07-02,1.0,7490.0,2022-04-01,ws,1
25750,0,733110000,2024-07-02,2025-06-30,1.0,7490.0,2024-06-01,ws,1
633,5,733120000,2010-01-01,2012-05-02,1.0,19100.0,2012-04-01,bdm,0
1908,0,733120000,2012-05-02,2014-05-02,1.0,19100.0,2012-04-01,ws,1
4484,0,733120000,2014-05-02,2016-05-02,1.0,19600.0,2014-04-01,ws,1
7147,0,733120000,2016-05-02,2018-05-02,1.0,19600.0,2016-04-01,ws,1
9763,0,733120000,2018-05-02,2019-11-02,1.0,19600.0,2018-04-01,ws,1
12276,0,733120000,2019-11-02,2020-05-02,1.0,20000.0,2019-10-01,ws,1
14954,0,733120000,2020-05-02,2022-05-02,1.0,20000.0,2020-04-01,ws,1
21660,0,733120000,2022-05-02,2024-07-02,1.0,20000.0,2022-04-01,ws,1
25751,0,733120000,2024-07-02,2025-06-30,1.0,20000.0,2024-06-01,ws,1
634,5,733130000,2010-01-01,2012-05-02,1.0,19600.0,2012-04-01,bdm,0
1909,0,733130000,2012-05-02,2014-05-02,1.0,19600.0,2012-04-01,ws,1
4485,0,733130000,2014-05-02,2016-05-02,1.0,18900.0,2014-04-01,ws,1
7148,0,733130000,2016-05-02,2018-05-02,1.0,18800.0,2016-04-01,ws,1
9764,0,733130000,2018-05-02,2019-11-02,1.0,18500.0,2018-04-01,ws,1
12277,0,733130000,2019-11-02,2020-05-02,1.0,18800.0,2019-10-01,ws,1
14955,0,733130000,2020-05-02,2022-05-02,1.0,18800.0,2020-04-01,ws,1
21661,0,733130000,2022-05-02,2024-07-02,1.0,18800.0,2022-04-01,ws,1
25752,0,733130000,2024-07-02,2025-06-30,1.0,18300.0,2024-06-01,ws,1
635,0,733140000,2010-01-01,2012-05-02,1.0,2780.0,2012-04-01,bdm,0
1910,0,733140000,2012-05-02,2014-05-02,1.0,2780.0,2012-04-01,ws,1
4486,0,733140000,2014-05-02,2016-05-02,1.0,2810.0,2014-04-01,ws,1
7149,0,733140000,2016-05-02,2018-05-02,1.0,2810.0,2016-04-01,ws,1
9765,0,733140000,2018-05-02,2019-11-02,1.0,2810.0,2018-04-01,ws,1
12278,0,733140000,2019-11-02,2020-05-02,1.0,2860.0,2019-10-01,ws,1
14956,0,733140000,2020-05-02,2022-05-02,1.0,2810.0,2020-04-01,ws,1
21662,0,733140000,2022-05-02,2024-07-02,1.0,2810.0,2022-04-01,ws,1
25753,0,733140000,2024-07-02,2025-06-30,1.0,2810.0,2024-06-01,ws,1
636,5,733150000,2010-01-01,2012-05-02,1.0,6190.0,2012-04-01,bdm,0
1911,0,733150000,2012-05-02,2014-05-02,1.0,6190.0,2012-04-01,ws,1
4487,0,733150000,2014-05-02,2016-05-02,1.0,6290.0,2014-04-01,ws,1
7150,0,733150000,2016-05-02,2018-05-02,1.0,6240.0,2016-04-01,ws,1
9766,0,733150000,2018-05-02,2019-11-02,1.0,6180.0,2018-04-01,ws,1
12279,0,733150000,2019-11-02,2020-05-02,1.0,6170.0,2019-10-01,ws,1
14957,0,733150000,2020-05-02,2022-05-02,1.0,6150.0,2020-04-01,ws,1
21663,0,733150000,2022-05-02,2024-07-02,1.0,6150.0,2022-04-01,ws,1
25754,0,733150000,2024-07-02,2025-06-30,1.0,6130.0,2024-06-01,ws,1
637,0,733160000,2010-01-01,2012-05-02,1.0,13000.0,2012-04-01,bdm,0
1912,0,733160000,2012-05-02,2014-05-02,1.0,13000.0,2012-04-01,ws,1
4488,0,733160000,2014-05-02,2016-05-02,1.0,13000.0,2014-04-01,ws,1
7151,0,733160000,2016-05-02,2018-05-02,1.0,12400.0,2016-04-01,ws,1
9767,0,733160000,2018-05-02,2019-11-02,1.0,12400.0,2018-04-01,ws,1
12280,0,733160000,2019-11-02,2020-05-02,1.0,12100.0,2019-10-01,ws,1
14958,0,733160000,2020-05-02,2022-05-02,1.0,12100.0,2020-04-01,ws,1
21664,0,733160000,2022-05-02,2024-07-02,1.0,12100.0,2022-04-01,ws,1
25755,0,733160000,2024-07-02,2025-06-30,1.0,11200.0,2024-06-01,ws,1
638,5,733170000,2010-01-01,2012-05-02,1.0,72900.0,2012-04-01,bdm,0
1913,0,733170000,2012-05-02,2014-05-02,1.0,72900.0,2012-04-01,ws,1
4489,0,733170000,2014-05-02,2016-05-02,1.0,73500.0,2014-04-01,ws,1
7152,0,733170000,2016-05-02,2018-05-02,1.0,73500.0,2016-04-01,ws,1
9768,0,733170000,2018-05-02,2019-11-02,1.0,73500.0,2018-04-01,ws,1
12281,0,733170000,2019-11-02,2020-05-02,1.0,74900.0,2019-10-01,ws,1
14959,0,733170000,2020-05-02,2022-05-02,1.0,74900.0,2020-04-01,ws,1
21665,0,733170000,2022-05-02,2024-07-02,1.0,74900.0,2022-04-01,ws,1
25756,0,733170000,2024-07-02,2025-06-30,1.0,74900.0,2024-06-01,ws,1
639,0,733180000,2010-01-01,2012-05-02,1.0,2000.0,2012-04-01,bdm,0
1914,0,733180000,2012-05-02,2014-05-02,1.0,2000.0,2012-04-01,ws,1
4490,0,733180000,2014-05-02,2016-05-02,1.0,2050.0,2014-04-01,ws,1
7153,0,733180000,2016-05-02,2018-05-02,1.0,1980.0,2016-04-01,ws,1
9769,0,733180000,2018-05-02,2019-11-02,1.0,1980.0,2018-04-01,ws,1
12282,0,733180000,2019-11-02,2020-05-02,1.0,2020.0,2019-10-01,ws,1
14960,0,733180000,2020-05-02,2022-05-02,1.0,1990.0,2020-04-01,ws,1
21666,0,733180000,2022-05-02,2024-07-02,1.0,1990.0,2022-04-01,ws,1
25757,0,733180000,2024-07-02,2025-06-30,1.0,1980.0,2024-06-01,ws,1
640,5,733190000,2010-01-01,2012-05-02,1.0,5100.0,2012-04-01,bdm,0
1915,0,733190000,2012-05-02,2014-05-02,1.0,5100.0,2012-04-01,ws,1
4491,0,733190000,2014-05-02,2016-05-02,1.0,5160.0,2014-04-01,ws,1
7154,0,733190000,2016-05-02,2018-05-02,1.0,5160.0,2016-04-01,ws,1
9770,0,733190000,2018-05-02,2019-11-02,1.0,5160.0,2018-04-01,ws,1
12283,0,733190000,2019-11-02,2020-05-02,1.0,5150.0,2019-10-01,ws,1
14961,0,733190000,2020-05-02,2022-05-02,1.0,5150.0,2020-04-01,ws,1
21667,0,733190000,2022-05-02,2024-07-02,1.0,5150.0,2022-04-01,ws,1
25758,0,733190000,2024-07-02,2025-06-30,1.0,5150.0,2024-06-01,ws,1
641,0,733200000,2010-01-01,2012-05-02,1.0,2660.0,2012-04-01,bdm,0
1916,0,733200000,2012-05-02,2014-05-02,1.0,2660.0,2012-04-01,ws,1
4492,0,733200000,2014-05-02,2016-05-02,1.0,2690.0,2014-04-01,ws,1
7155,0,733200000,2016-05-02,2018-05-02,1.0,2610.0,2016-04-01,ws,1
9771,0,733200000,2018-05-02,2019-11-02,1.0,2490.0,2018-04-01,ws,1
12284,0,733200000,2019-11-02,2020-05-02,1.0,2540.0,2019-10-01,ws,1
14962,0,733200000,2020-05-02,2022-05-02,1.0,2540.0,2020-04-01,ws,1
21668,0,733200000,2022-05-02,2024-07-02,1.0,2540.0,2022-04-01,ws,1
25759,0,733200000,2024-07-02,2025-06-30,1.0,2540.0,2024-06-01,ws,1
642,5,733210000,2010-01-01,2012-05-02,1.0,49300.0,2012-04-01,bdm,0
1917,0,733210000,2012-05-02,2014-05-02,1.0,49300.0,2012-04-01,ws,1
4493,0,733210000,2014-05-02,2016-05-02,1.0,50700.0,2014-04-01,ws,1
7156,0,733210000,2016-05-02,2018-05-02,1.0,49600.0,2016-04-01,ws,1
9772,0,733210000,2018-05-02,2019-11-02,1.0,49600.0,2018-04-01,ws,1
12285,0,733210000,2019-11-02,2020-05-02,1.0,48000.0,2019-10-01,ws,1
14963,0,733210000,2020-05-02,2022-05-02,1.0,48000.0,2020-04-01,ws,1
21669,0,733210000,2022-05-02,2024-07-02,1.0,48000.0,2022-04-01,ws,1
25760,0,733210000,2024-07-02,2025-06-30,1.0,48000.0,2024-06-01,ws,1
643,0,733220000,2010-01-01,2012-05-02,1.0,175.0,2012-04-01,bdm,0
1918,0,733220000,2012-05-02,2014-05-02,1.0,175.0,2012-04-01,ws,1
4494,0,733220000,2014-05-02,2016-05-02,1.0,180.0,2014-04-01,ws,1
7157,0,733220000,2016-05-02,2018-05-02,1.0,180.0,2016-04-01,ws,1
9773,0,733220000,2018-05-02,2019-11-02,1.0,180.0,2018-04-01,ws,1
12286,0,733220000,2019-11-02,2020-05-02,1.0,183.0,2019-10-01,ws,1
14964,0,733220000,2020-05-02,2022-05-02,1.0,183.0,2020-04-01,ws,1
21670,0,733220000,2022-05-02,2024-07-02,1.0,183.0,2022-04-01,ws,1
25761,0,733220000,2024-07-02,2025-06-30,1.0,183.0,2024-06-01,ws,1
644,5,733240000,2010-01-01,2012-05-02,1.0,1630.0,2012-04-01,bdm,0
1919,0,733240000,2012-05-02,2014-05-02,1.0,1630.0,2012-04-01,ws,1
4495,0,733240000,2014-05-02,2016-05-02,1.0,1600.0,2014-04-01,ws,1
7158,0,733240000,2016-05-02,2018-05-02,1.0,1600.0,2016-04-01,ws,1
9774,0,733240000,2018-05-02,2019-11-02,1.0,1600.0,2018-04-01,ws,1
12287,0,733240000,2019-11-02,2020-05-02,1.0,1630.0,2019-10-01,ws,1
14965,0,733240000,2020-05-02,2022-05-02,1.0,1630.0,2020-04-01,ws,1
21671,0,733240000,2022-05-02,2024-07-02,1.0,1630.0,2022-04-01,ws,1
25762,0,733240000,2024-07-02,2025-06-30,1.0,1600.0,2024-06-01,ws,1
645,0,733250000,2010-01-01,2012-05-02,1.0,2020.0,2012-04-01,bdm,0
1920,0,733250000,2012-05-02,2014-05-02,1.0,2020.0,2012-04-01,ws,1
4496,0,733250000,2014-05-02,2016-05-02,1.0,2070.0,2014-04-01,ws,1
7159,0,733250000,2016-05-02,2018-05-02,1.0,2070.0,2016-04-01,ws,1
9775,0,733250000,2018-05-02,2019-11-02,1.0,2070.0,2018-04-01,ws,1
12288,0,733250000,2019-11-02,2020-05-02,1.0,2110.0,2019-10-01,ws,1
14966,0,733250000,2020-05-02,2022-05-02,1.0,2110.0,2020-04-01,ws,1
21672,0,733250000,2022-05-02,2024-07-02,1.0,2110.0,2022-04-01,ws,1
25763,0,733250000,2024-07-02,2025-06-30,1.0,2110.0,2024-06-01,ws,1
646,0,733260000,2010-01-01,2012-05-02,1.0,4350.0,2012-04-01,bdm,0
1921,0,733260000,2012-05-02,2014-05-02,1.0,4350.0,2012-04-01,ws,1
4497,0,733260000,2014-05-02,2016-05-02,1.0,4470.0,2014-04-01,ws,1
7160,0,733260000,2016-05-02,2018-05-02,1.0,4470.0,2016-04-01,ws,1
9776,0,733260000,2018-05-02,2019-11-02,1.0,4470.0,2018-04-01,ws,1
12289,0,733260000,2019-11-02,2020-05-02,1.0,3880.0,2019-10-01,ws,1
14967,0,733260000,2020-05-02,2022-05-02,1.0,3880.0,2020-04-01,ws,1
21673,0,733260000,2022-05-02,2024-07-02,1.0,3870.0,2022-04-01,ws,1
25764,0,733260000,2024-07-02,2025-06-30,1.0,3870.0,2024-06-01,ws,1
647,0,733270000,2010-01-01,2012-05-02,1.0,2640.0,2012-04-01,bdm,0
1922,0,733270000,2012-05-02,2014-05-02,1.0,2640.0,2012-04-01,ws,1
4498,0,733270000,2014-05-02,2016-05-02,1.0,2710.0,2014-04-01,ws,1
7161,0,733270000,2016-05-02,2018-05-02,1.0,2710.0,2016-04-01,ws,1
9777,0,733270000,2018-05-02,2019-11-02,1.0,2560.0,2018-04-01,ws,1
12290,0,733270000,2019-11-02,2020-05-02,1.0,2610.0,2019-10-01,ws,1
14968,0,733270000,2020-05-02,2022-05-02,1.0,2610.0,2020-04-01,ws,1
21674,0,733270000,2022-05-02,2024-07-02,1.0,2610.0,2022-04-01,ws,1
25765,0,733270000,2024-07-02,2025-06-30,1.0,2610.0,2024-06-01,ws,1
648,5,733280000,2010-01-01,2012-05-02,1.0,694.0,2012-04-01,bdm,0
1923,0,733280000,2012-05-02,2014-05-02,1.0,694.0,2012-04-01,ws,1
4499,0,733280000,2014-05-02,2016-05-02,1.0,645.0,2014-04-01,ws,1
7162,0,733280000,2016-05-02,2018-05-02,1.0,587.0,2016-04-01,ws,1
9778,0,733280000,2018-05-02,2019-11-02,1.0,562.0,2018-04-01,ws,1
12291,0,733280000,2019-11-02,2020-05-02,1.0,569.0,2019-10-01,ws,1
14969,0,733280000,2020-05-02,2022-05-02,1.0,569.0,2020-04-01,ws,1
21675,0,733280000,2022-05-02,2024-07-02,1.0,569.0,2022-04-01,ws,1
25766,0,733280000,2024-07-02,2025-06-30,1.0,569.0,2024-06-01,ws,1
649,5,733290000,2010-01-01,2012-05-02,1.0,618.0,2012-04-01,bdm,0
1924,0,733290000,2012-05-02,2014-05-02,1.0,618.0,2012-04-01,ws,1
4500,0,733290000,2014-05-02,2016-05-02,1.0,635.0,2014-04-01,ws,1
7163,0,733290000,2016-05-02,2018-05-02,1.0,605.0,2016-04-01,ws,1
9779,0,733290000,2018-05-02,2019-11-02,1.0,605.0,2018-04-01,ws,1
12292,0,733290000,2019-11-02,2020-05-02,1.0,616.0,2019-10-01,ws,1
14970,0,733290000,2020-05-02,2022-05-02,1.0,616.0,2020-04-01,ws,1
21676,0,733290000,2022-05-02,2024-07-02,1.0,616.0,2022-04-01,ws,1
25767,0,733290000,2024-07-02,2025-06-30,1.0,606.0,2024-06-01,ws,1
650,0,733300000,2010-01-01,2012-05-02,1.0,87.0,2012-04-01,bdm,0
1925,0,733300000,2012-05-02,2014-05-02,1.0,87.0,2012-04-01,ws,1
4501,0,733300000,2014-05-02,2016-05-02,1.0,89.0,2014-04-01,ws,1
7164,0,733300000,2016-05-02,2018-05-02,1.0,89.0,2016-04-01,ws,1
9780,0,733300000,2018-05-02,2019-11-02,1.0,87.0,2018-04-01,ws,1
12293,0,733300000,2019-11-02,2020-05-02,1.0,89.0,2019-10-01,ws,1
14971,0,733300000,2020-05-02,2022-05-02,1.0,88.0,2020-04-01,ws,1
21677,0,733300000,2022-05-02,2024-07-02,1.0,88.0,2022-04-01,ws,1
25768,0,733300000,2024-07-02,2025-06-30,1.0,88.0,2024-06-01,ws,1
651,0,733310000,2010-01-01,2012-05-02,1.0,495.0,2012-04-01,bdm,0
1926,0,733310000,2012-05-02,2014-05-02,1.0,495.0,2012-04-01,ws,1
4502,0,733310000,2014-05-02,2016-05-02,1.0,502.0,2014-04-01,ws,1
7165,0,733310000,2016-05-02,2018-05-02,1.0,496.0,2016-04-01,ws,1
9781,0,733310000,2018-05-02,2019-11-02,1.0,496.0,2018-04-01,ws,1
12294,0,733310000,2019-11-02,2020-05-02,1.0,447.0,2019-10-01,ws,1
14972,0,733310000,2020-05-02,2022-05-02,1.0,447.0,2020-04-01,ws,1
21678,0,733310000,2022-05-02,2024-07-02,1.0,447.0,2022-04-01,ws,1
25769,0,733310000,2024-07-02,2025-06-30,1.0,447.0,2024-06-01,ws,1
652,0,733320000,2010-01-01,2012-05-02,1.0,1460.0,2012-04-01,bdm,0
1927,0,733320000,2012-05-02,2014-05-02,1.0,1460.0,2012-04-01,ws,1
4503,0,733320000,2014-05-02,2016-05-02,1.0,1480.0,2014-04-01,ws,1
7166,0,733320000,2016-05-02,2018-05-02,1.0,1480.0,2016-04-01,ws,1
9782,0,733320000,2018-05-02,2019-11-02,1.0,1480.0,2018-04-01,ws,1
12295,0,733320000,2019-11-02,2020-05-02,1.0,1510.0,2019-10-01,ws,1
14973,0,733320000,2020-05-02,2022-05-02,1.0,1510.0,2020-04-01,ws,1
21679,0,733320000,2022-05-02,2024-07-02,1.0,1510.0,2022-04-01,ws,1
25770,0,733320000,2024-07-02,2025-06-30,1.0,1510.0,2024-06-01,ws,1
653,0,733330000,2010-01-01,2012-05-02,1.0,5990.0,2012-04-01,bdm,0
1928,0,733330000,2012-05-02,2014-05-02,1.0,5990.0,2012-04-01,ws,1
4504,0,733330000,2014-05-02,2016-05-02,1.0,6160.0,2014-04-01,ws,1
7167,0,733330000,2016-05-02,2018-05-02,1.0,6160.0,2016-04-01,ws,1
9783,0,733330000,2018-05-02,2019-11-02,1.0,6160.0,2018-04-01,ws,1
12296,0,733330000,2019-11-02,2020-05-02,1.0,6270.0,2019-10-01,ws,1
14974,0,733330000,2020-05-02,2022-05-02,1.0,6250.0,2020-04-01,ws,1
21680,0,733330000,2022-05-02,2024-07-02,1.0,6250.0,2022-04-01,ws,1
25771,0,733330000,2024-07-02,2025-06-30,1.0,6250.0,2024-06-01,ws,1
654,5,733340000,2010-01-01,2012-05-02,1.0,1640.0,2012-04-01,bdm,0
1929,0,733340000,2012-05-02,2014-05-02,1.0,1640.0,2012-04-01,ws,1
4505,0,733340000,2014-05-02,2016-05-02,1.0,1680.0,2014-04-01,ws,1
7168,0,733340000,2016-05-02,2018-05-02,1.0,1680.0,2016-04-01,ws,1
9784,0,733340000,2018-05-02,2019-11-02,1.0,1680.0,2018-04-01,ws,1
12297,0,733340000,2019-11-02,2020-05-02,1.0,1710.0,2019-10-01,ws,1
14975,0,733340000,2020-05-02,2022-05-02,1.0,1700.0,2020-04-01,ws,1
21681,0,733340000,2022-05-02,2024-07-02,1.0,1700.0,2022-04-01,ws,1
25772,0,733340000,2024-07-02,2025-06-30,1.0,1700.0,2024-06-01,ws,1
655,0,733350000,2010-01-01,2012-05-02,1.0,1180.0,2012-04-01,bdm,0
1930,0,733350000,2012-05-02,2014-05-02,1.0,1180.0,2012-04-01,ws,1
4506,0,733350000,2014-05-02,2016-05-02,1.0,1180.0,2014-04-01,ws,1
7169,0,733350000,2016-05-02,2018-05-02,1.0,1150.0,2016-04-01,ws,1
9785,0,733350000,2018-05-02,2019-11-02,1.0,1130.0,2018-04-01,ws,1
12298,0,733350000,2019-11-02,2020-05-02,1.0,1150.0,2019-10-01,ws,1
14976,0,733350000,2020-05-02,2022-05-02,1.0,1150.0,2020-04-01,ws,1
21682,0,733350000,2022-05-02,2024-07-02,1.0,1150.0,2022-04-01,ws,1
25773,0,733350000,2024-07-02,2025-06-30,1.0,1150.0,2024-06-01,ws,1
656,0,733360000,2010-01-01,2012-05-02,1.0,3330.0,2012-04-01,bdm,0
1931,0,733360000,2012-05-02,2014-05-02,1.0,3330.0,2012-04-01,ws,1
4507,0,733360000,2014-05-02,2016-05-02,1.0,3280.0,2014-04-01,ws,1
7170,0,733360000,2016-05-02,2018-05-02,1.0,3200.0,2016-04-01,ws,1
9786,0,733360000,2018-05-02,2019-11-02,1.0,3080.0,2018-04-01,ws,1
12299,0,733360000,2019-11-02,2020-05-02,1.0,2950.0,2019-10-01,ws,1
14977,0,733360000,2020-05-02,2022-05-02,1.0,2950.0,2020-04-01,ws,1
21683,0,733360000,2022-05-02,2024-07-02,1.0,2730.0,2022-04-01,ws,1
25774,0,733360000,2024-07-02,2025-06-30,1.0,2730.0,2024-06-01,ws,1
657,5,733370000,2010-01-01,2012-05-02,1.0,15800.0,2012-04-01,bdm,0
1932,0,733370000,2012-05-02,2014-05-02,1.0,15800.0,2012-04-01,ws,1
4508,0,733370000,2014-05-02,2016-05-02,1.0,15200.0,2014-04-01,ws,1
7171,0,733370000,2016-05-02,2018-05-02,1.0,15200.0,2016-04-01,ws,1
9787,0,733370000,2018-05-02,2019-11-02,1.0,15200.0,2018-04-01,ws,1
12300,0,733370000,2019-11-02,2020-05-02,1.0,15500.0,2019-10-01,ws,1
14978,0,733370000,2020-05-02,2022-05-02,1.0,15500.0,2020-04-01,ws,1
21684,0,733370000,2022-05-02,2024-07-02,1.0,11400.0,2022-04-01,ws,1
25775,0,733370000,2024-07-02,2025-06-30,1.0,11400.0,2024-06-01,ws,1
658,0,733380000,2010-01-01,2012-05-02,1.0,34400.0,2012-04-01,bdm,0
1933,0,733380000,2012-05-02,2014-05-02,1.0,34400.0,2012-04-01,ws,1
4509,0,733380000,2014-05-02,2016-05-02,1.0,34800.0,2014-04-01,ws,1
7172,0,733380000,2016-05-02,2018-05-02,1.0,34800.0,2016-04-01,ws,1
9788,0,733380000,2018-05-02,2019-11-02,1.0,34800.0,2018-04-01,ws,1
12301,0,733380000,2019-11-02,2020-05-02,1.0,35400.0,2019-10-01,ws,1
14979,0,733380000,2020-05-02,2022-05-02,1.0,35400.0,2020-04-01,ws,1
21685,0,733380000,2022-05-02,2024-07-02,1.0,35000.0,2022-04-01,ws,1
25776,0,733380000,2024-07-02,2025-06-30,1.0,35000.0,2024-06-01,ws,1
659,5,733390000,2010-01-01,2012-05-02,1.0,6340.0,2012-04-01,bdm,0
1934,0,733390000,2012-05-02,2014-05-02,1.0,6340.0,2012-04-01,ws,1
3300,5,733390000,2014-05-02,2015-02-02,1.0,6230.0,2014-04-01,ws,1
2365,5,733390000,2015-02-02,2015-05-02,,5650.0,2015-01-01,ws,1
4510,0,733390000,2015-05-02,2016-05-02,1.0,5070.0,2015-04-01,ws,1
7173,0,733390000,2016-05-02,2018-05-02,1.0,5050.0,2016-04-01,ws,1
9789,0,733390000,2018-05-02,2019-11-02,1.0,4570.0,2018-04-01,ws,1
12302,0,733390000,2019-11-02,2020-05-02,1.0,4650.0,2019-10-01,ws,1
14980,0,733390000,2020-05-02,2022-05-02,1.0,4630.0,2020-04-01,ws,1
21686,0,733390000,2022-05-02,2024-07-02,1.0,4380.0,2022-04-01,ws,1
25777,0,733390000,2024-07-02,2025-06-30,1.0,4360.0,2024-06-01,ws,1
660,0,733400000,2010-01-01,2012-05-02,1.0,3880.0,2012-04-01,bdm,0
1935,0,733400000,2012-05-02,2014-05-02,1.0,3880.0,2012-04-01,ws,1
4511,0,733400000,2014-05-02,2016-05-02,1.0,3990.0,2014-04-01,ws,1
7174,0,733400000,2016-05-02,2018-05-02,1.0,3990.0,2016-04-01,ws,1
9790,0,733400000,2018-05-02,2019-11-02,1.0,3990.0,2018-04-01,ws,1
12303,0,733400000,2019-11-02,2020-05-02,1.0,4060.0,2019-10-01,ws,1
14981,0,733400000,2020-05-02,2022-05-02,1.0,4060.0,2020-04-01,ws,1
21687,0,733400000,2022-05-02,2024-07-02,1.0,4060.0,2022-04-01,ws,1
25778,0,733400000,2024-07-02,2025-06-30,1.0,4060.0,2024-06-01,ws,1
661,5,733410000,2010-01-01,2012-05-02,1.0,3510.0,2012-04-01,bdm,0
1936,0,733410000,2012-05-02,2014-05-02,1.0,3510.0,2012-04-01,ws,1
4512,0,733410000,2014-05-02,2016-05-02,1.0,3610.0,2014-04-01,ws,1
7175,0,733410000,2016-05-02,2018-05-02,1.0,2920.0,2016-04-01,ws,1
9791,0,733410000,2018-05-02,2019-11-02,1.0,2650.0,2018-04-01,ws,1
12304,0,733410000,2019-11-02,2020-05-02,1.0,2700.0,2019-10-01,ws,1
14982,0,733410000,2020-05-02,2022-05-02,1.0,2530.0,2020-04-01,ws,1
21688,0,733410000,2022-05-02,2024-07-02,1.0,2530.0,2022-04-01,ws,1
25779,0,733410000,2024-07-02,2025-06-30,1.0,2520.0,2024-06-01,ws,1
662,0,733420000,2010-01-01,2012-05-02,1.0,263.0,2012-04-01,bdm,0
1937,0,733420000,2012-05-02,2014-05-02,1.0,263.0,2012-04-01,ws,1
4513,0,733420000,2014-05-02,2016-05-02,1.0,264.0,2014-04-01,ws,1
7176,0,733420000,2016-05-02,2018-05-02,1.0,262.0,2016-04-01,ws,1
9792,0,733420000,2018-05-02,2019-11-02,1.0,261.0,2018-04-01,ws,1
12305,0,733420000,2019-11-02,2020-05-02,1.0,264.0,2019-10-01,ws,1
14983,0,733420000,2020-05-02,2022-05-02,1.0,264.0,2020-04-01,ws,1
21689,0,733420000,2022-05-02,2024-07-02,1.0,264.0,2022-04-01,ws,1
25780,0,733420000,2024-07-02,2025-06-30,1.0,264.0,2024-06-01,ws,1
663,5,733430000,2010-01-01,2012-05-02,1.0,917.0,2012-04-01,bdm,0
1938,0,733430000,2012-05-02,2014-05-02,1.0,917.0,2012-04-01,ws,1
4514,0,733430000,2014-05-02,2016-05-02,1.0,932.0,2014-04-01,ws,1
7177,0,733430000,2016-05-02,2018-05-02,1.0,920.0,2016-04-01,ws,1
9793,0,733430000,2018-05-02,2019-11-02,1.0,896.0,2018-04-01,ws,1
12306,0,733430000,2019-11-02,2020-05-02,1.0,907.0,2019-10-01,ws,1
14984,0,733430000,2020-05-02,2022-05-02,1.0,897.0,2020-04-01,ws,1
21690,0,733430000,2022-05-02,2024-07-02,1.0,897.0,2022-04-01,ws,1
25781,0,733430000,2024-07-02,2025-06-30,1.0,897.0,2024-06-01,ws,1
664,0,733440000,2010-01-01,2012-05-02,1.0,1910.0,2012-04-01,bdm,0
1939,0,733440000,2012-05-02,2014-05-02,1.0,1910.0,2012-04-01,ws,1
4515,0,733440000,2014-05-02,2016-05-02,1.0,1960.0,2014-04-01,ws,1
7178,0,733440000,2016-05-02,2018-05-02,1.0,1960.0,2016-04-01,ws,1
9794,0,733440000,2018-05-02,2019-11-02,1.0,1960.0,2018-04-01,ws,1
12307,0,733440000,2019-11-02,2020-05-02,1.0,2000.0,2019-10-01,ws,1
14985,0,733440000,2020-05-02,2022-05-02,1.0,2000.0,2020-04-01,ws,1
21691,0,733440000,2022-05-02,2024-07-02,1.0,2000.0,2022-04-01,ws,1
25782,0,733440000,2024-07-02,2025-06-30,1.0,2000.0,2024-06-01,ws,1
665,0,733450000,2010-01-01,2012-05-02,1.0,12200.0,2012-04-01,bdm,0
1940,0,733450000,2012-05-02,2014-05-02,1.0,12200.0,2012-04-01,ws,1
4516,0,733450000,2014-05-02,2016-05-02,1.0,12500.0,2014-04-01,ws,1
7179,0,733450000,2016-05-02,2018-05-02,1.0,12500.0,2016-04-01,ws,1
9795,0,733450000,2018-05-02,2019-11-02,1.0,12500.0,2018-04-01,ws,1
12308,0,733450000,2019-11-02,2020-05-02,1.0,12700.0,2019-10-01,ws,1
14986,0,733450000,2020-05-02,2022-05-02,1.0,12700.0,2020-04-01,ws,1
21692,0,733450000,2022-05-02,2024-07-02,1.0,12700.0,2022-04-01,ws,1
25783,0,733450000,2024-07-02,2025-06-30,1.0,12700.0,2024-06-01,ws,1
666,0,733460000,2010-01-01,2012-05-02,1.0,5890.0,2012-04-01,bdm,0
1941,0,733460000,2012-05-02,2014-05-02,1.0,5890.0,2012-04-01,ws,1
4517,0,733460000,2014-05-02,2016-05-02,1.0,6050.0,2014-04-01,ws,1
7180,0,733460000,2016-05-02,2018-05-02,1.0,6050.0,2016-04-01,ws,1
9796,0,733460000,2018-05-02,2019-11-02,1.0,5990.0,2018-04-01,ws,1
12309,0,733460000,2019-11-02,2020-05-02,1.0,5800.0,2019-10-01,ws,1
14987,0,733460000,2020-05-02,2022-05-02,1.0,5800.0,2020-04-01,ws,1
21693,0,733460000,2022-05-02,2024-07-02,1.0,5800.0,2022-04-01,ws,1
25784,0,733460000,2024-07-02,2025-06-30,1.0,5800.0,2024-06-01,ws,1
667,0,733480000,2010-01-01,2012-05-02,1.0,26300.0,2012-04-01,bdm,0
1942,0,733480000,2012-05-02,2014-05-02,1.0,26300.0,2012-04-01,ws,1
4518,0,733480000,2014-05-02,2016-05-02,1.0,27000.0,2014-04-01,ws,1
7181,0,733480000,2016-05-02,2018-05-02,1.0,25700.0,2016-04-01,ws,1
9797,0,733480000,2018-05-02,2019-11-02,1.0,24200.0,2018-04-01,ws,1
12310,0,733480000,2019-11-02,2020-05-02,1.0,22500.0,2019-10-01,ws,1
14988,0,733480000,2020-05-02,2022-05-02,1.0,22500.0,2020-04-01,ws,1
21694,0,733480000,2022-05-02,2024-07-02,1.0,22500.0,2022-04-01,ws,1
25785,0,733480000,2024-07-02,2025-06-30,1.0,22500.0,2024-06-01,ws,1
668,5,733490000,2010-01-01,2012-05-02,1.0,41600.0,2012-04-01,bdm,0
1943,0,733490000,2012-05-02,2014-05-02,1.0,41600.0,2012-04-01,ws,1
4519,0,733490000,2014-05-02,2016-05-02,1.0,41500.0,2014-04-01,ws,1
7182,0,733490000,2016-05-02,2018-05-02,1.0,41500.0,2016-04-01,ws,1
9798,0,733490000,2018-05-02,2019-11-02,1.0,41500.0,2018-04-01,ws,1
12311,0,733490000,2019-11-02,2020-05-02,1.0,42300.0,2019-10-01,ws,1
14989,0,733490000,2020-05-02,2022-05-02,1.0,42300.0,2020-04-01,ws,1
21695,0,733490000,2022-05-02,2024-07-02,1.0,42300.0,2022-04-01,ws,1
25786,0,733490000,2024-07-02,2025-06-30,1.0,42300.0,2024-06-01,ws,1
669,5,733500000,2010-01-01,2012-05-02,1.0,37300.0,2012-04-01,bdm,0
1944,0,733500000,2012-05-02,2014-05-02,1.0,37300.0,2012-04-01,ws,1
4520,0,733500000,2014-05-02,2016-05-02,1.0,37300.0,2014-04-01,ws,1
7183,0,733500000,2016-05-02,2018-05-02,1.0,37000.0,2016-04-01,ws,1
9799,0,733500000,2018-05-02,2019-11-02,1.0,35600.0,2018-04-01,ws,1
12312,0,733500000,2019-11-02,2020-05-02,1.0,36200.0,2019-10-01,ws,1
14990,0,733500000,2020-05-02,2022-05-02,1.0,36100.0,2020-04-01,ws,1
21696,0,733500000,2022-05-02,2024-07-02,1.0,36100.0,2022-04-01,ws,1
25787,0,733500000,2024-07-02,2025-06-30,1.0,36100.0,2024-06-01,ws,1
670,5,733570000,2010-01-01,2012-05-02,1.0,4290.0,2012-04-01,bdm,0
1945,0,733570000,2012-05-02,2014-05-02,1.0,4290.0,2012-04-01,ws,1
4521,0,733570000,2014-05-02,2016-05-02,1.0,4290.0,2014-04-01,ws,1
7184,0,733570000,2016-05-02,2018-05-02,1.0,4090.0,2016-04-01,ws,1
9800,0,733570000,2018-05-02,2019-11-02,1.0,3940.0,2018-04-01,ws,1
12313,0,733570000,2019-11-02,2020-05-02,1.0,4010.0,2019-10-01,ws,1
14991,0,733570000,2020-05-02,2022-05-02,1.0,4010.0,2020-04-01,ws,1
21697,0,733570000,2022-05-02,2024-07-02,1.0,4010.0,2022-04-01,ws,1
25788,0,733570000,2024-07-02,2025-06-30,1.0,4010.0,2024-06-01,ws,1
671,5,733580000,2010-01-01,2012-05-02,1.0,2290.0,2012-04-01,bdm,0
1946,0,733580000,2012-05-02,2014-05-02,1.0,2290.0,2012-04-01,ws,1
4522,0,733580000,2014-05-02,2016-05-02,1.0,2330.0,2014-04-01,ws,1
7185,0,733580000,2016-05-02,2018-05-02,1.0,2320.0,2016-04-01,ws,1
9801,0,733580000,2018-05-02,2019-11-02,1.0,2280.0,2018-04-01,ws,1
12314,0,733580000,2019-11-02,2020-05-02,1.0,2320.0,2019-10-01,ws,1
14992,0,733580000,2020-05-02,2022-05-02,1.0,2320.0,2020-04-01,ws,1
21698,0,733580000,2022-05-02,2024-07-02,1.0,2300.0,2022-04-01,ws,1
25789,0,733580000,2024-07-02,2025-06-30,1.0,2300.0,2024-06-01,ws,1
672,5,733590000,2010-01-01,2012-05-02,1.0,11100.0,2012-04-01,bdm,0
1947,0,733590000,2012-05-02,2014-05-02,1.0,11100.0,2012-04-01,ws,1
4523,0,733590000,2014-05-02,2016-05-02,1.0,11400.0,2014-04-01,ws,1
5908,9,733590000,2016-05-02,2025-06-30,,0.0,2016-04-01,aes,2
673,5,733600000,2010-01-01,2012-05-02,1.0,16900.0,2012-04-01,bdm,0
1948,0,733600000,2012-05-02,2014-05-02,1.0,16900.0,2012-04-01,ws,1
4524,0,733600000,2014-05-02,2016-05-02,1.0,17300.0,2014-04-01,ws,1
5909,9,733600000,2016-05-02,2025-06-30,,0.0,2016-04-01,aes,2
674,0,733610000,2010-01-01,2012-05-02,1.0,13500.0,2012-04-01,bdm,0
1949,0,733610000,2012-05-02,2014-05-02,1.0,13500.0,2012-04-01,ws,1
4525,0,733610000,2014-05-02,2016-05-02,1.0,13800.0,2014-04-01,ws,1
5910,9,733610000,2016-05-02,2025-06-30,,0.0,2016-04-01,aes,2
675,0,733620000,2010-01-01,2012-05-02,1.0,25000.0,2012-04-01,bdm,0
1950,0,733620000,2012-05-02,2014-05-02,1.0,25000.0,2012-04-01,ws,1
4526,0,733620000,2014-05-02,2016-05-02,1.0,25700.0,2014-04-01,ws,1
5911,9,733620000,2016-05-02,2025-06-30,,0.0,2016-04-01,aes,2
676,0,733630000,2010-01-01,2012-05-02,1.0,10100.0,2012-04-01,bdm,0
1951,0,733630000,2012-05-02,2014-05-02,1.0,10100.0,2012-04-01,ws,1
4527,0,733630000,2014-05-02,2016-05-02,1.0,9470.0,2014-04-01,ws,1
5912,9,733630000,2016-05-02,2025-06-30,,0.0,2016-04-01,aes,2
677,5,733640000,2010-01-01,2012-05-02,1.0,96100.0,2012-04-01,bdm,0
1952,0,733640000,2012-05-02,2014-05-02,1.0,96100.0,2012-04-01,ws,1
4528,0,733640000,2014-05-02,2016-05-02,1.0,95300.0,2014-04-01,ws,1
7186,0,733640000,2016-05-02,2018-05-02,1.0,95300.0,2016-04-01,ws,1
9802,0,733640000,2018-05-02,2019-11-02,1.0,91900.0,2018-04-01,ws,1
12315,0,733640000,2019-11-02,2020-05-02,1.0,93600.0,2019-10-01,ws,1
14993,0,733640000,2020-05-02,2022-05-02,1.0,93600.0,2020-04-01,ws,1
21699,0,733640000,2022-05-02,2024-07-02,1.0,93600.0,2022-04-01,ws,1
25790,0,733640000,2024-07-02,2025-06-30,1.0,93600.0,2024-06-01,ws,1
678,0,733650000,2010-01-01,2012-05-02,1.0,75400.0,2012-04-01,bdm,0
1953,0,733650000,2012-05-02,2014-05-02,1.0,75400.0,2012-04-01,ws,1
4529,0,733650000,2014-05-02,2016-05-02,1.0,77500.0,2014-04-01,ws,1
7187,0,733650000,2016-05-02,2018-05-02,1.0,77500.0,2016-04-01,ws,1
9803,0,733650000,2018-05-02,2019-11-02,1.0,77500.0,2018-04-01,ws,1
12316,0,733650000,2019-11-02,2020-05-02,1.0,78900.0,2019-10-01,ws,1
14994,0,733650000,2020-05-02,2022-05-02,1.0,78900.0,2020-04-01,ws,1
21700,0,733650000,2022-05-02,2024-07-02,1.0,78900.0,2022-04-01,ws,1
25791,0,733650000,2024-07-02,2025-06-30,1.0,78900.0,2024-06-01,ws,1
679,0,733660000,2010-01-01,2012-05-02,1.0,24300.0,2012-04-01,bdm,0
1954,0,733660000,2012-05-02,2014-05-02,1.0,24300.0,2012-04-01,ws,1
4530,0,733660000,2014-05-02,2016-05-02,1.0,24900.0,2014-04-01,ws,1
7188,0,733660000,2016-05-02,2018-05-02,1.0,24900.0,2016-04-01,ws,1
9804,0,733660000,2018-05-02,2019-11-02,1.0,24900.0,2018-04-01,ws,1
12317,0,733660000,2019-11-02,2020-05-02,1.0,25400.0,2019-10-01,ws,1
14995,0,733660000,2020-05-02,2022-05-02,1.0,25400.0,2020-04-01,ws,1
21701,0,733660000,2022-05-02,2024-07-02,1.0,25400.0,2022-04-01,ws,1
25792,0,733660000,2024-07-02,2025-06-30,1.0,25400.0,2024-06-01,ws,1
680,5,733670000,2010-01-01,2012-05-02,1.0,4300.0,2012-04-01,bdm,0
1955,0,733670000,2012-05-02,2014-05-02,1.0,4300.0,2012-04-01,ws,1
4531,0,733670000,2014-05-02,2016-05-02,1.0,4420.0,2014-04-01,ws,1
7189,0,733670000,2016-05-02,2018-05-02,1.0,4120.0,2016-04-01,ws,1
9805,0,733670000,2018-05-02,2019-11-02,1.0,3950.0,2018-04-01,ws,1
12318,0,733670000,2019-11-02,2020-05-02,1.0,4020.0,2019-10-01,ws,1
14996,0,733670000,2020-05-02,2022-05-02,1.0,3860.0,2020-04-01,ws,1
21702,0,733670000,2022-05-02,2024-07-02,1.0,3860.0,2022-04-01,ws,1
25793,0,733670000,2024-07-02,2025-06-30,1.0,3860.0,2024-06-01,ws,1
681,5,733680000,2010-01-01,2012-05-02,1.0,14900.0,2012-04-01,bdm,0
1956,0,733680000,2012-05-02,2014-05-02,1.0,14900.0,2012-04-01,ws,1
4532,0,733680000,2014-05-02,2016-05-02,1.0,14300.0,2014-04-01,ws,1
7190,0,733680000,2016-05-02,2018-05-02,1.0,13900.0,2016-04-01,ws,1
9806,0,733680000,2018-05-02,2019-11-02,1.0,13500.0,2018-04-01,ws,1
12319,0,733680000,2019-11-02,2020-05-02,1.0,13200.0,2019-10-01,ws,1
14997,0,733680000,2020-05-02,2022-05-02,1.0,13100.0,2020-04-01,ws,1
21703,0,733680000,2022-05-02,2024-07-02,1.0,13100.0,2022-04-01,ws,1
25794,0,733680000,2024-07-02,2025-06-30,1.0,13100.0,2024-06-01,ws,1
682,0,733690000,2010-01-01,2012-05-02,1.0,239000.0,2012-04-01,bdm,0
1957,0,733690000,2012-05-02,2014-05-02,1.0,239000.0,2012-04-01,ws,1
4533,0,733690000,2014-05-02,2016-05-02,1.0,242000.0,2014-04-01,ws,1
7191,0,733690000,2016-05-02,2018-05-02,1.0,239000.0,2016-04-01,ws,1
9807,0,733690000,2018-05-02,2019-11-02,1.0,232000.0,2018-04-01,ws,1
12320,0,733690000,2019-11-02,2020-05-02,1.0,231000.0,2019-10-01,ws,1
14998,0,733690000,2020-05-02,2022-05-02,1.0,231000.0,2020-04-01,ws,1
21704,0,733690000,2022-05-02,2024-07-02,1.0,227000.0,2022-04-01,ws,1
25795,0,733690000,2024-07-02,2025-06-30,1.0,224000.0,2024-06-01,ws,1
683,5,733700000,2010-01-01,2012-05-02,1.0,251000.0,2012-04-01,bdm,0
683,5,733700000,2012-05-02,2013-02-02,1.0,251000.0,2012-04-01,ws,1
1071,5,733700000,2013-02-02,2013-05-02,,248000.0,2013-01-01,ws,1
1958,0,733700000,2013-05-02,2014-05-02,1.0,245000.0,2013-04-01,ws,1
3324,5,733700000,2014-05-02,2015-02-02,1.0,246000.0,2014-04-01,ws,1
2366,5,733700000,2015-02-02,2015-05-02,,233000.0,2015-01-01,ws,1
4534,0,733700000,2015-05-02,2016-05-02,1.0,221000.0,2015-04-01,ws,1
7192,0,733700000,2016-05-02,2018-05-02,1.0,221000.0,2016-04-01,ws,1
9808,0,733700000,2018-05-02,2019-11-02,1.0,216000.0,2018-04-01,ws,1
12321,0,733700000,2019-11-02,2020-05-02,1.0,218000.0,2019-10-01,ws,1
14999,0,733700000,2020-05-02,2022-05-02,1.0,218000.0,2020-04-01,ws,1
21705,0,733700000,2022-05-02,2024-07-02,1.0,215000.0,2022-04-01,ws,1
25796,0,733700000,2024-07-02,2025-06-30,1.0,212000.0,2024-06-01,ws,1
684,5,733710000,2010-01-01,2012-05-02,1.0,52000.0,2012-04-01,bdm,0
684,5,733710000,2012-05-02,2013-02-02,1.0,52000.0,2012-04-01,ws,1
1072,5,733710000,2013-02-02,2013-05-02,,51200.0,2013-01-01,ws,1
1959,0,733710000,2013-05-02,2014-05-02,1.0,50400.0,2013-04-01,ws,1
4535,0,733710000,2014-05-02,2016-05-02,1.0,44800.0,2014-04-01,ws,1
7193,0,733710000,2016-05-02,2018-05-02,1.0,44800.0,2016-04-01,ws,1
9809,0,733710000,2018-05-02,2019-11-02,1.0,44800.0,2018-04-01,ws,1
12322,0,733710000,2019-11-02,2020-05-02,1.0,45600.0,2019-10-01,ws,1
15000,0,733710000,2020-05-02,2022-05-02,1.0,45600.0,2020-04-01,ws,1
21706,0,733710000,2022-05-02,2024-07-02,1.0,45600.0,2022-04-01,ws,1
24468,0,733710000,2024-07-02,2025-04-02,1.0,43300.0,2024-06-01,ws,1
22064,5,733710000,2025-04-02,2025-07-02,,38800.0,2025-03-01,ws,1
685,5,733720000,2010-01-01,2012-05-02,1.0,21300.0,2012-04-01,bdm,0
1960,0,733720000,2012-05-02,2014-05-02,1.0,21300.0,2012-04-01,ws,1
4536,0,733720000,2014-05-02,2016-05-02,1.0,20300.0,2014-04-01,ws,1
7194,0,733720000,2016-05-02,2018-05-02,1.0,18100.0,2016-04-01,ws,1
9810,0,733720000,2018-05-02,2019-11-02,1.0,15000.0,2018-04-01,ws,1
12323,0,733720000,2019-11-02,2020-05-02,1.0,15300.0,2019-10-01,ws,1
15001,0,733720000,2020-05-02,2022-05-02,1.0,15300.0,2020-04-01,ws,1
21707,0,733720000,2022-05-02,2024-07-02,1.0,15200.0,2022-04-01,ws,1
25798,0,733720000,2024-07-02,2025-06-30,1.0,13200.0,2024-06-01,ws,1
686,5,733730000,2010-01-01,2012-05-02,1.0,26100.0,2012-04-01,bdm,0
1961,0,733730000,2012-05-02,2014-05-02,1.0,26100.0,2012-04-01,ws,1
4537,0,733730000,2014-05-02,2016-05-02,1.0,24800.0,2014-04-01,ws,1
7195,0,733730000,2016-05-02,2018-05-02,1.0,23600.0,2016-04-01,ws,1
9811,0,733730000,2018-05-02,2019-11-02,1.0,23400.0,2018-04-01,ws,1
12324,0,733730000,2019-11-02,2020-05-02,1.0,23800.0,2019-10-01,ws,1
15002,0,733730000,2020-05-02,2022-05-02,1.0,23800.0,2020-04-01,ws,1
21708,0,733730000,2022-05-02,2024-07-02,1.0,23100.0,2022-04-01,ws,1
25799,0,733730000,2024-07-02,2025-06-30,1.0,23100.0,2024-06-01,ws,1
687,5,733740000,2010-01-01,2012-05-02,1.0,8320.0,2012-04-01,bdm,0
1962,0,733740000,2012-05-02,2014-05-02,1.0,8320.0,2012-04-01,ws,1
4538,0,733740000,2014-05-02,2016-05-02,1.0,8010.0,2014-04-01,ws,1
7196,0,733740000,2016-05-02,2018-05-02,1.0,8010.0,2016-04-01,ws,1
9812,0,733740000,2018-05-02,2019-11-02,1.0,7760.0,2018-04-01,ws,1
12325,0,733740000,2019-11-02,2020-05-02,1.0,7900.0,2019-10-01,ws,1
15003,0,733740000,2020-05-02,2022-05-02,1.0,7900.0,2020-04-01,ws,1
21709,0,733740000,2022-05-02,2024-07-02,1.0,7900.0,2022-04-01,ws,1
25800,0,733740000,2024-07-02,2025-06-30,1.0,7900.0,2024-06-01,ws,1
688,5,733750000,2010-01-01,2012-05-02,1.0,46500.0,2012-04-01,bdm,0
1963,0,733750000,2012-05-02,2014-05-02,1.0,46500.0,2012-04-01,ws,1
4539,0,733750000,2014-05-02,2016-05-02,1.0,47800.0,2014-04-01,ws,1
7197,0,733750000,2016-05-02,2018-05-02,1.0,44300.0,2016-04-01,ws,1
9813,0,733750000,2018-05-02,2019-11-02,1.0,42600.0,2018-04-01,ws,1
12326,0,733750000,2019-11-02,2020-05-02,1.0,42900.0,2019-10-01,ws,1
13594,5,733750000,2020-05-02,2021-02-02,1.0,40800.0,2020-04-01,ws,1
13973,5,733750000,2021-02-02,2021-05-02,,36500.0,2021-01-01,ws,1
13998,5,733750000,2021-05-02,2022-02-02,,32200.0,2021-04-01,ws,1
15004,5,733750000,2022-02-02,2022-05-02,1.0,29600.0,2022-01-01,ws,1
21710,0,733750000,2022-05-02,2024-07-02,1.0,29600.0,2022-04-01,ws,1
25801,0,733750000,2024-07-02,2025-06-30,1.0,29600.0,2024-06-01,ws,1
689,5,733760000,2010-01-01,2012-05-02,1.0,2040.0,2012-04-01,bdm,0
1964,0,733760000,2012-05-02,2014-05-02,1.0,2040.0,2012-04-01,ws,1
4540,0,733760000,2014-05-02,2016-05-02,1.0,2070.0,2014-04-01,ws,1
7198,0,733760000,2016-05-02,2018-05-02,1.0,2070.0,2016-04-01,ws,1
9814,0,733760000,2018-05-02,2019-11-02,1.0,1970.0,2018-04-01,ws,1
12327,0,733760000,2019-11-02,2020-05-02,1.0,2010.0,2019-10-01,ws,1
15005,0,733760000,2020-05-02,2022-05-02,1.0,2010.0,2020-04-01,ws,1
21711,0,733760000,2022-05-02,2024-07-02,1.0,1960.0,2022-04-01,ws,1
25802,0,733760000,2024-07-02,2025-06-30,1.0,1920.0,2024-06-01,ws,1
690,5,733770000,2010-01-01,2012-05-02,1.0,27700.0,2012-04-01,bdm,0
1965,0,733770000,2012-05-02,2014-05-02,1.0,27700.0,2012-04-01,ws,1
4541,0,733770000,2014-05-02,2016-05-02,1.0,27800.0,2014-04-01,ws,1
7199,0,733770000,2016-05-02,2018-05-02,1.0,27500.0,2016-04-01,ws,1
9815,0,733770000,2018-05-02,2019-11-02,1.0,26500.0,2018-04-01,ws,1
12328,0,733770000,2019-11-02,2020-05-02,1.0,21600.0,2019-10-01,ws,1
15006,0,733770000,2020-05-02,2022-05-02,1.0,21600.0,2020-04-01,ws,1
21712,0,733770000,2022-05-02,2024-07-02,1.0,21600.0,2022-04-01,ws,1
25803,0,733770000,2024-07-02,2025-06-30,1.0,21600.0,2024-06-01,ws,1
691,5,733810000,2010-01-01,2012-05-02,1.0,8200.0,2012-04-01,bdm,0
1966,0,733810000,2012-05-02,2014-05-02,1.0,8200.0,2012-04-01,ws,1
4542,0,733810000,2014-05-02,2016-05-02,1.0,8000.0,2014-04-01,ws,1
7200,0,733810000,2016-05-02,2018-05-02,1.0,7430.0,2016-04-01,ws,1
9816,0,733810000,2018-05-02,2019-11-02,1.0,7340.0,2018-04-01,ws,1
12329,0,733810000,2019-11-02,2020-05-02,1.0,7480.0,2019-10-01,ws,1
15007,0,733810000,2020-05-02,2022-05-02,1.0,7480.0,2020-04-01,ws,1
21713,0,733810000,2022-05-02,2024-07-02,1.0,7480.0,2022-04-01,ws,1
25804,0,733810000,2024-07-02,2025-06-30,1.0,7420.0,2024-06-01,ws,1
692,5,733820000,2010-01-01,2012-05-02,1.0,16300.0,2012-04-01,bdm,0
1967,0,733820000,2012-05-02,2014-05-02,1.0,16300.0,2012-04-01,ws,1
4543,0,733820000,2014-05-02,2016-05-02,1.0,15900.0,2014-04-01,ws,1
7201,0,733820000,2016-05-02,2018-05-02,1.0,15800.0,2016-04-01,ws,1
9817,0,733820000,2018-05-02,2019-11-02,1.0,15500.0,2018-04-01,ws,1
11058,5,733820000,2019-11-02,2020-01-02,1.0,15800.0,2019-10-01,ws,1
12330,5,733820000,2020-01-02,2020-05-02,1.0,15800.0,2019-12-01,ws,1
15008,0,733820000,2020-05-02,2022-05-02,1.0,15800.0,2020-04-01,ws,1
21714,0,733820000,2022-05-02,2024-07-02,1.0,15800.0,2022-04-01,ws,1
25805,0,733820000,2024-07-02,2025-06-30,1.0,15800.0,2024-06-01,ws,1
693,5,733830000,2010-01-01,2012-05-02,1.0,4570.0,2012-04-01,bdm,0
1968,0,733830000,2012-05-02,2014-05-02,1.0,4570.0,2012-04-01,ws,1
4544,0,733830000,2014-05-02,2016-05-02,1.0,4460.0,2014-04-01,ws,1
7202,0,733830000,2016-05-02,2018-05-02,1.0,4350.0,2016-04-01,ws,1
9818,0,733830000,2018-05-02,2019-11-02,1.0,4350.0,2018-04-01,ws,1
12331,0,733830000,2019-11-02,2020-05-02,1.0,4190.0,2019-10-01,ws,1
15009,0,733830000,2020-05-02,2022-05-02,1.0,4190.0,2020-04-01,ws,1
21715,0,733830000,2022-05-02,2024-07-02,1.0,4110.0,2022-04-01,ws,1
25806,0,733830000,2024-07-02,2025-06-30,1.0,4020.0,2024-06-01,ws,1
694,5,733840000,2010-01-01,2012-05-02,1.0,6110.0,2012-04-01,bdm,0
1969,0,733840000,2012-05-02,2014-05-02,1.0,6110.0,2012-04-01,ws,1
4545,0,733840000,2014-05-02,2016-05-02,1.0,5970.0,2014-04-01,ws,1
7203,0,733840000,2016-05-02,2018-05-02,1.0,5870.0,2016-04-01,ws,1
9819,0,733840000,2018-05-02,2019-11-02,1.0,5870.0,2018-04-01,ws,1
12332,0,733840000,2019-11-02,2020-05-02,1.0,5840.0,2019-10-01,ws,1
15010,0,733840000,2020-05-02,2022-05-02,1.0,5790.0,2020-04-01,ws,1
21716,0,733840000,2022-05-02,2024-07-02,1.0,5790.0,2022-04-01,ws,1
25807,0,733840000,2024-07-02,2025-06-30,1.0,5690.0,2024-06-01,ws,1
695,5,733850000,2010-01-01,2012-05-02,1.0,3630.0,2012-04-01,bdm,0
1970,0,733850000,2012-05-02,2014-05-02,1.0,3630.0,2012-04-01,ws,1
4546,0,733850000,2014-05-02,2016-05-02,1.0,3730.0,2014-04-01,ws,1
7204,0,733850000,2016-05-02,2018-05-02,1.0,3730.0,2016-04-01,ws,1
9820,0,733850000,2018-05-02,2019-11-02,1.0,3730.0,2018-04-01,ws,1
12333,0,733850000,2019-11-02,2020-05-02,1.0,3800.0,2019-10-01,ws,1
15011,0,733850000,2020-05-02,2022-05-02,1.0,3800.0,2020-04-01,ws,1
21717,0,733850000,2022-05-02,2024-07-02,1.0,3800.0,2022-04-01,ws,1
25808,0,733850000,2024-07-02,2025-06-30,1.0,3800.0,2024-06-01,ws,1
696,5,733860000,2010-01-01,2012-05-02,1.0,6160.0,2012-04-01,bdm,0
1971,0,733860000,2012-05-02,2014-05-02,1.0,6160.0,2012-04-01,ws,1
4547,0,733860000,2014-05-02,2016-05-02,1.0,6150.0,2014-04-01,ws,1
7205,0,733860000,2016-05-02,2018-05-02,1.0,6030.0,2016-04-01,ws,1
9821,0,733860000,2018-05-02,2019-11-02,1.0,6030.0,2018-04-01,ws,1
12334,0,733860000,2019-11-02,2020-05-02,1.0,6140.0,2019-10-01,ws,1
15012,0,733860000,2020-05-02,2022-05-02,1.0,6140.0,2020-04-01,ws,1
21718,0,733860000,2022-05-02,2024-07-02,1.0,6080.0,2022-04-01,ws,1
25809,0,733860000,2024-07-02,2025-06-30,1.0,6080.0,2024-06-01,ws,1
697,0,733870000,2010-01-01,2012-05-02,1.0,4240.0,2012-04-01,bdm,0
1972,0,733870000,2012-05-02,2014-05-02,1.0,4240.0,2012-04-01,ws,1
4548,0,733870000,2014-05-02,2016-05-02,1.0,4200.0,2014-04-01,ws,1
7206,0,733870000,2016-05-02,2018-05-02,1.0,4120.0,2016-04-01,ws,1
9822,0,733870000,2018-05-02,2019-11-02,1.0,4120.0,2018-04-01,ws,1
12335,0,733870000,2019-11-02,2020-05-02,1.0,4100.0,2019-10-01,ws,1
15013,0,733870000,2020-05-02,2022-05-02,1.0,4080.0,2020-04-01,ws,1
21719,0,733870000,2022-05-02,2024-07-02,1.0,4080.0,2022-04-01,ws,1
25810,0,733870000,2024-07-02,2025-06-30,1.0,4080.0,2024-06-01,ws,1
698,5,733880000,2010-01-01,2012-05-02,1.0,4690.0,2012-04-01,bdm,0
1973,0,733880000,2012-05-02,2014-05-02,1.0,4690.0,2012-04-01,ws,1
4549,0,733880000,2014-05-02,2016-05-02,1.0,4820.0,2014-04-01,ws,1
7207,0,733880000,2016-05-02,2018-05-02,1.0,3750.0,2016-04-01,ws,1
9823,0,733880000,2018-05-02,2019-11-02,1.0,3750.0,2018-04-01,ws,1
12336,0,733880000,2019-11-02,2020-05-02,1.0,3600.0,2019-10-01,ws,1
15014,0,733880000,2020-05-02,2022-05-02,1.0,3510.0,2020-04-01,ws,1
21720,0,733880000,2022-05-02,2024-07-02,1.0,2740.0,2022-04-01,ws,1
25811,0,733880000,2024-07-02,2025-06-30,1.0,2030.0,2024-06-01,ws,1
699,5,733890000,2010-01-01,2012-05-02,1.0,5980.0,2012-04-01,bdm,0
1974,0,733890000,2012-05-02,2014-05-02,1.0,5980.0,2012-04-01,ws,1
4550,0,733890000,2014-05-02,2016-05-02,1.0,6100.0,2014-04-01,ws,1
7208,0,733890000,2016-05-02,2018-05-02,1.0,6100.0,2016-04-01,ws,1
9824,0,733890000,2018-05-02,2019-11-02,1.0,6100.0,2018-04-01,ws,1
12337,0,733890000,2019-11-02,2020-05-02,1.0,6180.0,2019-10-01,ws,1
15015,0,733890000,2020-05-02,2022-05-02,1.0,6180.0,2020-04-01,ws,1
21721,0,733890000,2022-05-02,2024-07-02,1.0,6140.0,2022-04-01,ws,1
25812,0,733890000,2024-07-02,2025-06-30,1.0,6140.0,2024-06-01,ws,1
700,0,733900000,2010-01-01,2012-05-02,1.0,24000.0,2012-04-01,bdm,0
1975,0,733900000,2012-05-02,2014-05-02,1.0,24000.0,2012-04-01,ws,1
4551,0,733900000,2014-05-02,2016-05-02,1.0,24600.0,2014-04-01,ws,1
5936,9,733900000,2016-05-02,2025-06-30,,0.0,2016-04-01,aes,2
701,0,733910000,2010-01-01,2012-05-02,1.0,4350.0,2012-04-01,bdm,0
1976,0,733910000,2012-05-02,2014-05-02,1.0,4350.0,2012-04-01,ws,1
4552,0,733910000,2014-05-02,2016-05-02,1.0,4470.0,2014-04-01,ws,1
5937,9,733910000,2016-05-02,2025-06-30,,0.0,2016-04-01,aes,2
702,0,733920000,2010-01-01,2012-05-02,1.0,189.0,2012-04-01,bdm,0
1977,0,733920000,2012-05-02,2014-05-02,1.0,189.0,2012-04-01,ws,1
4553,0,733920000,2014-05-02,2016-05-02,1.0,194.0,2014-04-01,ws,1
5938,9,733920000,2016-05-02,2025-06-30,,0.0,2016-04-01,aes,2
703,0,733930000,2010-01-01,2012-05-02,1.0,7620.0,2012-04-01,bdm,0
1978,0,733930000,2012-05-02,2014-05-02,1.0,7620.0,2012-04-01,ws,1
4554,0,733930000,2014-05-02,2016-05-02,1.0,7830.0,2014-04-01,ws,1
7209,0,733930000,2016-05-02,2018-05-02,1.0,7830.0,2016-04-01,ws,1
9825,0,733930000,2018-05-02,2019-11-02,1.0,7830.0,2018-04-01,ws,1
12338,0,733930000,2019-11-02,2020-05-02,1.0,7980.0,2019-10-01,ws,1
15016,0,733930000,2020-05-02,2022-05-02,1.0,7980.0,2020-04-01,ws,1
21722,0,733930000,2022-05-02,2024-07-02,1.0,7980.0,2022-04-01,ws,1
25813,0,733930000,2024-07-02,2025-06-30,1.0,7980.0,2024-06-01,ws,1
704,5,733940000,2010-01-01,2012-05-02,1.0,2010.0,2012-04-01,bdm,0
1979,0,733940000,2012-05-02,2014-05-02,1.0,2010.0,2012-04-01,ws,1
4555,0,733940000,2014-05-02,2016-05-02,1.0,2060.0,2014-04-01,ws,1
7210,0,733940000,2016-05-02,2018-05-02,1.0,2060.0,2016-04-01,ws,1
9826,0,733940000,2018-05-02,2019-11-02,1.0,2050.0,2018-04-01,ws,1
12339,0,733940000,2019-11-02,2020-05-02,1.0,1870.0,2019-10-01,ws,1
15017,0,733940000,2020-05-02,2022-05-02,1.0,1870.0,2020-04-01,ws,1
21723,0,733940000,2022-05-02,2024-07-02,1.0,1870.0,2022-04-01,ws,1
25814,0,733940000,2024-07-02,2025-06-30,1.0,1870.0,2024-06-01,ws,1
705,5,733950000,2010-01-01,2012-05-02,1.0,14900.0,2012-04-01,bdm,0
1980,0,733950000,2012-05-02,2014-05-02,1.0,14900.0,2012-04-01,ws,1
4556,0,733950000,2014-05-02,2016-05-02,1.0,15000.0,2014-04-01,ws,1
7211,0,733950000,2016-05-02,2018-05-02,1.0,15000.0,2016-04-01,ws,1
9827,0,733950000,2018-05-02,2019-11-02,1.0,14800.0,2018-04-01,ws,1
12340,0,733950000,2019-11-02,2020-05-02,1.0,15100.0,2019-10-01,ws,1
15018,0,733950000,2020-05-02,2022-05-02,1.0,14600.0,2020-04-01,ws,1
21724,0,733950000,2022-05-02,2024-07-02,1.0,14600.0,2022-04-01,ws,1
25815,0,733950000,2024-07-02,2025-06-30,1.0,14600.0,2024-06-01,ws,1
706,5,733970000,2010-01-01,2012-05-02,1.0,44200.0,2012-04-01,bdm,0
1981,0,733970000,2012-05-02,2014-05-02,1.0,44200.0,2012-04-01,ws,1
4557,0,733970000,2014-05-02,2016-05-02,1.0,45400.0,2014-04-01,ws,1
7212,0,733970000,2016-05-02,2018-05-02,1.0,45400.0,2016-04-01,ws,1
9828,0,733970000,2018-05-02,2019-11-02,1.0,41600.0,2018-04-01,ws,1
12341,0,733970000,2019-11-02,2020-05-02,1.0,42400.0,2019-10-01,ws,1
15019,0,733970000,2020-05-02,2022-05-02,1.0,42400.0,2020-04-01,ws,1
21725,0,733970000,2022-05-02,2024-07-02,1.0,42400.0,2022-04-01,ws,1
25816,0,733970000,2024-07-02,2025-06-30,1.0,42400.0,2024-06-01,ws,1
707,0,733980000,2010-01-01,2012-05-02,1.0,28300.0,2012-04-01,bdm,0
1982,0,733980000,2012-05-02,2014-05-02,1.0,28300.0,2012-04-01,ws,1
4558,0,733980000,2014-05-02,2016-05-02,1.0,29100.0,2014-04-01,ws,1
7213,0,733980000,2016-05-02,2018-05-02,1.0,29100.0,2016-04-01,ws,1
9829,0,733980000,2018-05-02,2019-11-02,1.0,29000.0,2018-04-01,ws,1
12342,0,733980000,2019-11-02,2020-05-02,1.0,29500.0,2019-10-01,ws,1
15020,0,733980000,2020-05-02,2022-05-02,1.0,30200.0,2020-04-01,ws,1
21726,0,733980000,2022-05-02,2024-07-02,1.0,30200.0,2022-04-01,ws,1
25817,0,733980000,2024-07-02,2025-06-30,1.0,30200.0,2024-06-01,ws,1
708,0,733990000,2010-01-01,2012-05-02,1.0,24100.0,2012-04-01,bdm,0
1983,0,733990000,2012-05-02,2014-05-02,1.0,24100.0,2012-04-01,ws,1
4559,0,733990000,2014-05-02,2016-05-02,1.0,24500.0,2014-04-01,ws,1
7214,0,733990000,2016-05-02,2018-05-02,1.0,24300.0,2016-04-01,ws,1
9830,0,733990000,2018-05-02,2019-11-02,1.0,23700.0,2018-04-01,ws,1
12343,0,733990000,2019-11-02,2020-05-02,1.0,24100.0,2019-10-01,ws,1
15021,0,733990000,2020-05-02,2022-05-02,1.0,24100.0,2020-04-01,ws,1
21727,0,733990000,2022-05-02,2024-07-02,1.0,23900.0,2022-04-01,ws,1
25818,0,733990000,2024-07-02,2025-06-30,1.0,23700.0,2024-06-01,ws,1
709,0,734000000,2010-01-01,2012-05-02,1.0,13200.0,2012-04-01,bdm,0
1984,0,734000000,2012-05-02,2014-05-02,1.0,13200.0,2012-04-01,ws,1
4560,0,734000000,2014-05-02,2016-05-02,1.0,13400.0,2014-04-01,ws,1
7215,0,734000000,2016-05-02,2018-05-02,1.0,13000.0,2016-04-01,ws,1
9831,0,734000000,2018-05-02,2019-11-02,1.0,12800.0,2018-04-01,ws,1
12344,0,734000000,2019-11-02,2020-05-02,1.0,12900.0,2019-10-01,ws,1
15022,0,734000000,2020-05-02,2022-05-02,1.0,12900.0,2020-04-01,ws,1
21728,0,734000000,2022-05-02,2024-07-02,1.0,12900.0,2022-04-01,ws,1
25819,0,734000000,2024-07-02,2025-06-30,1.0,12800.0,2024-06-01,ws,1
710,0,734010000,2010-01-01,2012-05-02,1.0,64500.0,2012-04-01,bdm,0
1985,0,734010000,2012-05-02,2014-05-02,1.0,64500.0,2012-04-01,ws,1
4561,0,734010000,2014-05-02,2016-05-02,1.0,63400.0,2014-04-01,ws,1
7216,0,734010000,2016-05-02,2018-05-02,1.0,63400.0,2016-04-01,ws,1
9832,0,734010000,2018-05-02,2019-11-02,1.0,94400.0,2018-04-01,ws,1
12345,0,734010000,2019-11-02,2020-05-02,1.0,96100.0,2019-10-01,ws,1
15023,0,734010000,2020-05-02,2022-05-02,1.0,96100.0,2020-04-01,ws,1
21729,0,734010000,2022-05-02,2024-07-02,1.0,96100.0,2022-04-01,ws,1
25820,0,734010000,2024-07-02,2025-06-30,1.0,96100.0,2024-06-01,ws,1
711,0,734020000,2010-01-01,2012-05-02,1.0,107000.0,2012-04-01,bdm,0
1986,0,734020000,2012-05-02,2014-05-02,1.0,107000.0,2012-04-01,ws,1
4562,0,734020000,2014-05-02,2016-05-02,1.0,110000.0,2014-04-01,ws,1
7217,0,734020000,2016-05-02,2018-05-02,1.0,110000.0,2016-04-01,ws,1
8520,9,734020000,2018-05-02,2025-06-30,,0.0,2018-04-01,aes,2
712,5,734030000,2010-01-01,2012-05-02,1.0,949.0,2012-04-01,bdm,0
1987,0,734030000,2012-05-02,2014-05-02,1.0,949.0,2012-04-01,ws,1
4563,0,734030000,2014-05-02,2016-05-02,1.0,976.0,2014-04-01,ws,1
7218,0,734030000,2016-05-02,2018-05-02,1.0,921.0,2016-04-01,ws,1
9833,0,734030000,2018-05-02,2019-11-02,1.0,812.0,2018-04-01,ws,1
12346,0,734030000,2019-11-02,2020-05-02,1.0,827.0,2019-10-01,ws,1
15024,0,734030000,2020-05-02,2022-05-02,1.0,825.0,2020-04-01,ws,1
21730,0,734030000,2022-05-02,2024-07-02,1.0,825.0,2022-04-01,ws,1
25821,0,734030000,2024-07-02,2025-06-30,1.0,825.0,2024-06-01,ws,1
713,5,734040000,2010-01-01,2012-05-02,1.0,2560.0,2012-04-01,bdm,0
1988,0,734040000,2012-05-02,2014-05-02,1.0,2560.0,2012-04-01,ws,1
4564,0,734040000,2014-05-02,2016-05-02,1.0,2630.0,2014-04-01,ws,1
7219,0,734040000,2016-05-02,2018-05-02,1.0,2630.0,2016-04-01,ws,1
9834,0,734040000,2018-05-02,2019-11-02,1.0,1600.0,2018-04-01,ws,1
12347,0,734040000,2019-11-02,2020-05-02,1.0,1450.0,2019-10-01,ws,1
15025,0,734040000,2020-05-02,2022-05-02,1.0,1450.0,2020-04-01,ws,1
21731,0,734040000,2022-05-02,2024-07-02,1.0,1380.0,2022-04-01,ws,1
25822,0,734040000,2024-07-02,2025-06-30,1.0,1380.0,2024-06-01,ws,1
714,0,734050000,2010-01-01,2012-05-02,1.0,1700.0,2012-04-01,bdm,0
1989,0,734050000,2012-05-02,2014-05-02,1.0,1700.0,2012-04-01,ws,1
4565,0,734050000,2014-05-02,2016-05-02,1.0,1740.0,2014-04-01,ws,1
7220,0,734050000,2016-05-02,2018-05-02,1.0,1740.0,2016-04-01,ws,1
9835,0,734050000,2018-05-02,2019-11-02,1.0,1740.0,2018-04-01,ws,1
12348,0,734050000,2019-11-02,2020-05-02,1.0,1770.0,2019-10-01,ws,1
15026,0,734050000,2020-05-02,2022-05-02,1.0,1770.0,2020-04-01,ws,1
21732,0,734050000,2022-05-02,2024-07-02,1.0,1770.0,2022-04-01,ws,1
25823,0,734050000,2024-07-02,2025-06-30,1.0,1770.0,2024-06-01,ws,1
715,0,734060000,2010-01-01,2012-05-02,1.0,4490.0,2012-04-01,bdm,0
1990,0,734060000,2012-05-02,2014-05-02,1.0,4490.0,2012-04-01,ws,1
4566,0,734060000,2014-05-02,2016-05-02,1.0,4610.0,2014-04-01,ws,1
7221,0,734060000,2016-05-02,2018-05-02,1.0,4610.0,2016-04-01,ws,1
9836,0,734060000,2018-05-02,2019-11-02,1.0,4610.0,2018-04-01,ws,1
12349,0,734060000,2019-11-02,2020-05-02,1.0,4700.0,2019-10-01,ws,1
15027,0,734060000,2020-05-02,2022-05-02,1.0,4700.0,2020-04-01,ws,1
21733,0,734060000,2022-05-02,2024-07-02,1.0,4700.0,2022-04-01,ws,1
25824,0,734060000,2024-07-02,2025-06-30,1.0,4700.0,2024-06-01,ws,1
716,0,734070000,2010-01-01,2012-05-02,1.0,985.0,2012-04-01,bdm,0
1991,0,734070000,2012-05-02,2014-05-02,1.0,985.0,2012-04-01,ws,1
4567,0,734070000,2014-05-02,2016-05-02,1.0,1010.0,2014-04-01,ws,1
7222,0,734070000,2016-05-02,2018-05-02,1.0,1010.0,2016-04-01,ws,1
9837,0,734070000,2018-05-02,2019-11-02,1.0,1010.0,2018-04-01,ws,1
12350,0,734070000,2019-11-02,2020-05-02,1.0,1030.0,2019-10-01,ws,1
15028,0,734070000,2020-05-02,2022-05-02,1.0,1030.0,2020-04-01,ws,1
21734,0,734070000,2022-05-02,2024-07-02,1.0,1030.0,2022-04-01,ws,1
25825,0,734070000,2024-07-02,2025-06-30,1.0,1030.0,2024-06-01,ws,1
717,5,734080000,2010-01-01,2012-05-02,1.0,118.0,2012-04-01,bdm,0
1992,0,734080000,2012-05-02,2014-05-02,1.0,118.0,2012-04-01,ws,1
4568,0,734080000,2014-05-02,2016-05-02,1.0,121.0,2014-04-01,ws,1
7223,0,734080000,2016-05-02,2018-05-02,1.0,121.0,2016-04-01,ws,1
9838,0,734080000,2018-05-02,2019-11-02,1.0,118.0,2018-04-01,ws,1
12351,0,734080000,2019-11-02,2020-05-02,1.0,118.0,2019-10-01,ws,1
15029,0,734080000,2020-05-02,2022-05-02,1.0,118.0,2020-04-01,ws,1
21735,0,734080000,2022-05-02,2024-07-02,1.0,118.0,2022-04-01,ws,1
25826,0,734080000,2024-07-02,2025-06-30,1.0,118.0,2024-06-01,ws,1
718,5,734090000,2010-01-01,2012-05-02,1.0,463.0,2012-04-01,bdm,0
1993,0,734090000,2012-05-02,2014-05-02,1.0,463.0,2012-04-01,ws,1
4569,0,734090000,2014-05-02,2016-05-02,1.0,476.0,2014-04-01,ws,1
7224,0,734090000,2016-05-02,2018-05-02,1.0,403.0,2016-04-01,ws,1
9839,0,734090000,2018-05-02,2019-11-02,1.0,403.0,2018-04-01,ws,1
12352,0,734090000,2019-11-02,2020-05-02,1.0,410.0,2019-10-01,ws,1
15030,0,734090000,2020-05-02,2022-05-02,1.0,410.0,2020-04-01,ws,1
21736,0,734090000,2022-05-02,2024-07-02,1.0,410.0,2022-04-01,ws,1
25827,0,734090000,2024-07-02,2025-06-30,1.0,410.0,2024-06-01,ws,1
719,0,734100000,2010-01-01,2012-05-02,1.0,694.0,2012-04-01,bdm,0
1994,0,734100000,2012-05-02,2014-05-02,1.0,694.0,2012-04-01,ws,1
4570,0,734100000,2014-05-02,2016-05-02,1.0,713.0,2014-04-01,ws,1
7225,0,734100000,2016-05-02,2018-05-02,1.0,701.0,2016-04-01,ws,1
9840,0,734100000,2018-05-02,2019-11-02,1.0,679.0,2018-04-01,ws,1
12353,0,734100000,2019-11-02,2020-05-02,1.0,648.0,2019-10-01,ws,1
15031,0,734100000,2020-05-02,2022-05-02,1.0,648.0,2020-04-01,ws,1
21737,0,734100000,2022-05-02,2024-07-02,1.0,648.0,2022-04-01,ws,1
25828,0,734100000,2024-07-02,2025-06-30,1.0,648.0,2024-06-01,ws,1
720,0,734110000,2010-01-01,2012-05-02,1.0,4910.0,2012-04-01,bdm,0
1995,0,734110000,2012-05-02,2014-05-02,1.0,4910.0,2012-04-01,ws,1
4571,0,734110000,2014-05-02,2016-05-02,1.0,5050.0,2014-04-01,ws,1
7226,0,734110000,2016-05-02,2018-05-02,1.0,5050.0,2016-04-01,ws,1
9841,0,734110000,2018-05-02,2019-11-02,1.0,5050.0,2018-04-01,ws,1
12354,0,734110000,2019-11-02,2020-05-02,1.0,5140.0,2019-10-01,ws,1
15032,0,734110000,2020-05-02,2022-05-02,1.0,5140.0,2020-04-01,ws,1
21738,0,734110000,2022-05-02,2024-07-02,1.0,5140.0,2022-04-01,ws,1
25829,0,734110000,2024-07-02,2025-06-30,1.0,5140.0,2024-06-01,ws,1
721,0,734120000,2010-01-01,2012-05-02,1.0,448.0,2012-04-01,bdm,0
1996,0,734120000,2012-05-02,2014-05-02,1.0,448.0,2012-04-01,ws,1
4572,0,734120000,2014-05-02,2016-05-02,1.0,460.0,2014-04-01,ws,1
7227,0,734120000,2016-05-02,2018-05-02,1.0,363.0,2016-04-01,ws,1
9842,0,734120000,2018-05-02,2019-11-02,1.0,363.0,2018-04-01,ws,1
12355,0,734120000,2019-11-02,2020-05-02,1.0,370.0,2019-10-01,ws,1
15033,0,734120000,2020-05-02,2022-05-02,1.0,370.0,2020-04-01,ws,1
21739,0,734120000,2022-05-02,2024-07-02,1.0,370.0,2022-04-01,ws,1
25830,0,734120000,2024-07-02,2025-06-30,1.0,370.0,2024-06-01,ws,1
722,5,734170000,2010-01-01,2012-05-02,1.0,3610.0,2012-04-01,bdm,0
1997,0,734170000,2012-05-02,2014-05-02,1.0,3610.0,2012-04-01,ws,1
4573,0,734170000,2014-05-02,2016-05-02,1.0,3390.0,2014-04-01,ws,1
7228,0,734170000,2016-05-02,2018-05-02,1.0,3170.0,2016-04-01,ws,1
9843,0,734170000,2018-05-02,2019-11-02,1.0,3010.0,2018-04-01,ws,1
12356,0,734170000,2019-11-02,2020-05-02,1.0,2970.0,2019-10-01,ws,1
15034,0,734170000,2020-05-02,2022-05-02,1.0,2930.0,2020-04-01,ws,1
21740,0,734170000,2022-05-02,2024-07-02,1.0,2930.0,2022-04-01,ws,1
25831,0,734170000,2024-07-02,2025-06-30,1.0,2930.0,2024-06-01,ws,1
723,5,734180000,2010-01-01,2012-05-02,1.0,34300.0,2012-04-01,bdm,0
1998,0,734180000,2012-05-02,2014-05-02,1.0,34300.0,2012-04-01,ws,1
4574,0,734180000,2014-05-02,2016-05-02,1.0,35200.0,2014-04-01,ws,1
5959,9,734180000,2016-05-02,2025-06-30,,0.0,2016-04-01,aes,2
724,5,734190000,2010-01-01,2012-05-02,1.0,45800.0,2012-04-01,bdm,0
1999,0,734190000,2012-05-02,2014-05-02,1.0,45800.0,2012-04-01,ws,1
4575,0,734190000,2014-05-02,2016-05-02,1.0,42400.0,2014-04-01,ws,1
5960,9,734190000,2016-05-02,2025-06-30,,0.0,2016-04-01,aes,2
725,5,734200000,2010-01-01,2012-05-02,1.0,21500.0,2012-04-01,bdm,0
2000,0,734200000,2012-05-02,2014-05-02,1.0,21500.0,2012-04-01,ws,1
4576,0,734200000,2014-05-02,2016-05-02,1.0,21500.0,2014-04-01,ws,1
7229,0,734200000,2016-05-02,2018-05-02,1.0,21400.0,2016-04-01,ws,1
9844,0,734200000,2018-05-02,2019-11-02,1.0,21200.0,2018-04-01,ws,1
12357,0,734200000,2019-11-02,2020-05-02,1.0,21500.0,2019-10-01,ws,1
15035,0,734200000,2020-05-02,2022-05-02,1.0,21500.0,2020-04-01,ws,1
21741,0,734200000,2022-05-02,2024-07-02,1.0,21500.0,2022-04-01,ws,1
25832,0,734200000,2024-07-02,2025-06-30,1.0,21500.0,2024-06-01,ws,1
726,5,734210000,2010-01-01,2012-05-02,1.0,108000.0,2012-04-01,bdm,0
2001,0,734210000,2012-05-02,2014-05-02,1.0,108000.0,2012-04-01,ws,1
4577,0,734210000,2014-05-02,2016-05-02,1.0,103000.0,2014-04-01,ws,1
7230,0,734210000,2016-05-02,2018-05-02,1.0,103000.0,2016-04-01,ws,1
8533,5,734210000,2018-05-02,2019-02-02,1.0,97900.0,2018-04-01,ws,1
8848,5,734210000,2019-02-02,2019-05-02,,87600.0,2019-01-01,ws,1
9845,0,734210000,2019-05-02,2019-11-02,1.0,77300.0,2019-04-01,ws,1
12358,0,734210000,2019-11-02,2020-05-02,1.0,78700.0,2019-10-01,ws,1
15036,0,734210000,2020-05-02,2022-05-02,1.0,78700.0,2020-04-01,ws,1
21742,0,734210000,2022-05-02,2024-07-02,1.0,78700.0,2022-04-01,ws,1
25833,0,734210000,2024-07-02,2025-06-30,1.0,78700.0,2024-06-01,ws,1
727,5,734220000,2010-01-01,2012-05-02,1.0,52000.0,2012-04-01,bdm,0
727,5,734220000,2012-05-02,2013-02-02,1.0,52000.0,2012-04-01,ws,1
1073,5,734220000,2013-02-02,2013-05-02,,46500.0,2013-01-01,ws,1
2002,0,734220000,2013-05-02,2014-05-02,1.0,41100.0,2013-04-01,ws,1
4578,0,734220000,2014-05-02,2016-05-02,1.0,40300.0,2014-04-01,ws,1
5963,5,734220000,2016-05-02,2017-02-02,1.0,38300.0,2016-04-01,ws,1
4913,5,734220000,2017-02-02,2017-05-02,,34300.0,2017-01-01,ws,1
7231,0,734220000,2017-05-02,2018-05-02,1.0,30300.0,2017-04-01,ws,1
9846,0,734220000,2018-05-02,2019-11-02,1.0,30300.0,2018-04-01,ws,1
12359,0,734220000,2019-11-02,2020-05-02,1.0,30900.0,2019-10-01,ws,1
15037,0,734220000,2020-05-02,2022-05-02,1.0,30900.0,2020-04-01,ws,1
21743,0,734220000,2022-05-02,2024-07-02,1.0,30900.0,2022-04-01,ws,1
25834,0,734220000,2024-07-02,2025-06-30,1.0,30900.0,2024-06-01,ws,1
728,0,734230000,2010-01-01,2012-05-02,1.0,22200.0,2012-04-01,bdm,0
2003,0,734230000,2012-05-02,2014-05-02,1.0,22200.0,2012-04-01,ws,1
4579,0,734230000,2014-05-02,2016-05-02,1.0,22800.0,2014-04-01,ws,1
7232,0,734230000,2016-05-02,2018-05-02,1.0,22800.0,2016-04-01,ws,1
9847,0,734230000,2018-05-02,2019-11-02,1.0,22800.0,2018-04-01,ws,1
12360,0,734230000,2019-11-02,2020-05-02,1.0,23200.0,2019-10-01,ws,1
13628,9,734230000,2020-05-02,2025-06-30,,0.0,2020-04-01,aes,2
729,5,734240000,2010-01-01,2012-05-02,1.0,13900.0,2012-04-01,bdm,0
2004,0,734240000,2012-05-02,2014-05-02,1.0,13900.0,2012-04-01,ws,1
4580,0,734240000,2014-05-02,2016-05-02,1.0,13300.0,2014-04-01,ws,1
7233,0,734240000,2016-05-02,2018-05-02,1.0,12700.0,2016-04-01,ws,1
9848,0,734240000,2018-05-02,2019-11-02,1.0,12000.0,2018-04-01,ws,1
12361,0,734240000,2019-11-02,2020-05-02,1.0,11800.0,2019-10-01,ws,1
15038,0,734240000,2020-05-02,2022-05-02,1.0,11700.0,2020-04-01,ws,1
21744,0,734240000,2022-05-02,2024-07-02,1.0,11700.0,2022-04-01,ws,1
25835,0,734240000,2024-07-02,2025-06-30,1.0,11700.0,2024-06-01,ws,1
730,5,734280000,2010-01-01,2012-05-02,1.0,81900.0,2012-04-01,bdm,0
2005,0,734280000,2012-05-02,2014-05-02,1.0,81900.0,2012-04-01,ws,1
4581,0,734280000,2014-05-02,2016-05-02,1.0,75600.0,2014-04-01,ws,1
7234,0,734280000,2016-05-02,2018-05-02,1.0,69500.0,2016-04-01,ws,1
9849,0,734280000,2018-05-02,2019-11-02,1.0,64200.0,2018-04-01,ws,1
12362,0,734280000,2019-11-02,2020-05-02,1.0,62800.0,2019-10-01,ws,1
15039,0,734280000,2020-05-02,2022-05-02,1.0,60800.0,2020-04-01,ws,1
21745,0,734280000,2022-05-02,2024-07-02,1.0,58200.0,2022-04-01,ws,1
25836,0,734280000,2024-07-02,2025-06-30,1.0,55600.0,2024-06-01,ws,1
731,5,734320000,2010-01-01,2012-05-02,1.0,69500.0,2012-04-01,bdm,0
731,5,734320000,2012-05-02,2013-11-02,1.0,69500.0,2012-04-01,ws,1
2006,0,734320000,2013-11-02,2014-05-02,1.0,69500.0,2013-10-01,ws,1
4582,0,734320000,2014-05-02,2016-05-02,1.0,65600.0,2014-04-01,ws,1
7235,0,734320000,2016-05-02,2018-05-02,1.0,62200.0,2016-04-01,ws,1
9850,0,734320000,2018-05-02,2019-11-02,1.0,61400.0,2018-04-01,ws,1
12363,0,734320000,2019-11-02,2020-05-02,1.0,62300.0,2019-10-01,ws,1
15040,0,734320000,2020-05-02,2022-05-02,1.0,62300.0,2020-04-01,ws,1
21746,0,734320000,2022-05-02,2024-07-02,1.0,62300.0,2022-04-01,ws,1
25837,0,734320000,2024-07-02,2025-06-30,1.0,62300.0,2024-06-01,ws,1
732,5,734330000,2010-01-01,2012-05-02,1.0,113000.0,2012-04-01,bdm,0
2007,0,734330000,2012-05-02,2014-05-02,1.0,113000.0,2012-04-01,ws,1
4583,0,734330000,2014-05-02,2016-05-02,1.0,116000.0,2014-04-01,ws,1
7236,0,734330000,2016-05-02,2018-05-02,1.0,113000.0,2016-04-01,ws,1
9851,0,734330000,2018-05-02,2019-11-02,1.0,113000.0,2018-04-01,ws,1
12364,0,734330000,2019-11-02,2020-05-02,1.0,115000.0,2019-10-01,ws,1
15041,0,734330000,2020-05-02,2022-05-02,1.0,115000.0,2020-04-01,ws,1
21747,0,734330000,2022-05-02,2024-07-02,1.0,115000.0,2022-04-01,ws,1
25838,0,734330000,2024-07-02,2025-06-30,1.0,115000.0,2024-06-01,ws,1
733,5,734340000,2010-01-01,2012-05-02,1.0,18200.0,2012-04-01,bdm,0
2008,0,734340000,2012-05-02,2014-05-02,1.0,18200.0,2012-04-01,ws,1
4584,0,734340000,2014-05-02,2016-05-02,1.0,16900.0,2014-04-01,ws,1
7237,0,734340000,2016-05-02,2018-05-02,1.0,15500.0,2016-04-01,ws,1
9852,0,734340000,2018-05-02,2019-11-02,1.0,14400.0,2018-04-01,ws,1
12365,0,734340000,2019-11-02,2020-05-02,1.0,13900.0,2019-10-01,ws,1
15042,0,734340000,2020-05-02,2022-05-02,1.0,13600.0,2020-04-01,ws,1
21748,0,734340000,2022-05-02,2024-07-02,1.0,13200.0,2022-04-01,ws,1
25839,0,734340000,2024-07-02,2025-06-30,1.0,12400.0,2024-06-01,ws,1
734,5,734350000,2010-01-01,2012-05-02,1.0,19900.0,2012-04-01,bdm,0
2009,0,734350000,2012-05-02,2014-05-02,1.0,19900.0,2012-04-01,ws,1
4585,0,734350000,2014-05-02,2016-05-02,1.0,19200.0,2014-04-01,ws,1
7238,0,734350000,2016-05-02,2018-05-02,1.0,19100.0,2016-04-01,ws,1
9853,0,734350000,2018-05-02,2019-11-02,1.0,19100.0,2018-04-01,ws,1
12366,0,734350000,2019-11-02,2020-05-02,1.0,18800.0,2019-10-01,ws,1
15043,0,734350000,2020-05-02,2022-05-02,1.0,18700.0,2020-04-01,ws,1
21749,0,734350000,2022-05-02,2024-07-02,1.0,18700.0,2022-04-01,ws,1
25840,0,734350000,2024-07-02,2025-06-30,1.0,18400.0,2024-06-01,ws,1
735,0,734360000,2010-01-01,2012-05-02,1.0,118000.0,2012-04-01,bdm,0
2010,0,734360000,2012-05-02,2014-05-02,1.0,118000.0,2012-04-01,ws,1
4586,0,734360000,2014-05-02,2016-05-02,1.0,119000.0,2014-04-01,ws,1
7239,0,734360000,2016-05-02,2018-05-02,1.0,118000.0,2016-04-01,ws,1
9854,0,734360000,2018-05-02,2019-11-02,1.0,114000.0,2018-04-01,ws,1
12367,0,734360000,2019-11-02,2020-05-02,1.0,116000.0,2019-10-01,ws,1
15044,0,734360000,2020-05-02,2022-05-02,1.0,116000.0,2020-04-01,ws,1
21750,0,734360000,2022-05-02,2024-07-02,1.0,116000.0,2022-04-01,ws,1
25841,0,734360000,2024-07-02,2025-06-30,1.0,116000.0,2024-06-01,ws,1
736,5,734370000,2010-01-01,2012-05-02,1.0,175000.0,2012-04-01,bdm,0
2011,0,734370000,2012-05-02,2014-05-02,1.0,175000.0,2012-04-01,ws,1
4587,0,734370000,2014-05-02,2016-05-02,1.0,173000.0,2014-04-01,ws,1
7240,0,734370000,2016-05-02,2018-05-02,1.0,173000.0,2016-04-01,ws,1
9855,0,734370000,2018-05-02,2019-11-02,1.0,173000.0,2018-04-01,ws,1
12368,0,734370000,2019-11-02,2020-05-02,1.0,176000.0,2019-10-01,ws,1
15045,0,734370000,2020-05-02,2022-05-02,1.0,176000.0,2020-04-01,ws,1
21751,0,734370000,2022-05-02,2024-07-02,1.0,176000.0,2022-04-01,ws,1
25842,0,734370000,2024-07-02,2025-06-30,1.0,176000.0,2024-06-01,ws,1
737,5,734380000,2010-01-01,2012-05-02,1.0,12900.0,2012-04-01,bdm,0
2012,0,734380000,2012-05-02,2014-05-02,1.0,12900.0,2012-04-01,ws,1
4588,0,734380000,2014-05-02,2016-05-02,1.0,12600.0,2014-04-01,ws,1
7241,0,734380000,2016-05-02,2018-05-02,1.0,12000.0,2016-04-01,ws,1
8544,9,734380000,2018-05-02,2025-06-30,,0.0,2018-04-01,aes,2
738,5,735990000,2010-01-01,2012-05-02,1.0,203000.0,2012-04-01,bdm,0
2013,0,735990000,2012-05-02,2014-05-02,1.0,203000.0,2012-04-01,ws,1
4589,0,735990000,2014-05-02,2016-05-02,1.0,208000.0,2014-04-01,ws,1
7242,0,735990000,2016-05-02,2018-05-02,1.0,206000.0,2016-04-01,ws,1
8545,9,735990000,2018-05-02,2025-06-30,,0.0,2018-04-01,aes,2
739,5,736000000,2010-01-01,2012-05-02,1.0,164000.0,2012-04-01,bdm,0
2014,0,736000000,2012-05-02,2014-05-02,1.0,164000.0,2012-04-01,ws,1
4590,0,736000000,2014-05-02,2016-05-02,1.0,164000.0,2014-04-01,ws,1
5975,5,736000000,2016-05-02,2017-02-02,1.0,158000.0,2016-04-01,ws,1
4914,5,736000000,2017-02-02,2017-05-02,,147000.0,2017-01-01,ws,1
7243,0,736000000,2017-05-02,2018-05-02,1.0,135000.0,2017-04-01,ws,1
9856,0,736000000,2018-05-02,2019-11-02,1.0,135000.0,2018-04-01,ws,1
12369,0,736000000,2019-11-02,2020-05-02,1.0,138000.0,2019-10-01,ws,1
15046,0,736000000,2020-05-02,2022-05-02,1.0,138000.0,2020-04-01,ws,1
20258,5,736000000,2022-05-02,2023-02-02,1.0,131000.0,2022-04-01,ws,1
20589,5,736000000,2023-02-02,2023-05-02,,117000.0,2023-01-01,ws,1
20625,5,736000000,2023-05-02,2024-02-02,,104000.0,2023-04-01,ws,1
20670,5,736000000,2024-02-02,2024-05-02,,89700.0,2024-01-01,ws,1
21752,5,736000000,2024-05-02,2024-07-02,1.0,89500.0,2024-04-01,ws,1
25843,0,736000000,2024-07-02,2025-06-30,1.0,89500.0,2024-06-01,ws,1
740,5,736010000,2010-01-01,2012-05-02,1.0,171000.0,2012-04-01,bdm,0
2015,0,736010000,2012-05-02,2014-05-02,1.0,171000.0,2012-04-01,ws,1
3381,5,736010000,2014-05-02,2015-02-02,1.0,173000.0,2014-04-01,ws,1
2367,5,736010000,2015-02-02,2015-05-02,,166000.0,2015-01-01,ws,1
4591,0,736010000,2015-05-02,2016-05-02,1.0,159000.0,2015-04-01,ws,1
7244,0,736010000,2016-05-02,2018-05-02,1.0,152000.0,2016-04-01,ws,1
9857,0,736010000,2018-05-02,2019-11-02,1.0,152000.0,2018-04-01,ws,1
12370,0,736010000,2019-11-02,2020-05-02,1.0,151000.0,2019-10-01,ws,1
15047,0,736010000,2020-05-02,2022-05-02,1.0,151000.0,2020-04-01,ws,1
20259,0,736010000,2022-05-02,2023-01-02,1.0,151000.0,2022-04-01,ws,1
21753,0,736010000,2023-01-02,2024-07-02,1.0,151000.0,2022-12-01,ws,1
25844,0,736010000,2024-07-02,2025-06-30,1.0,151000.0,2024-06-01,ws,1
741,5,736020000,2010-01-01,2012-05-02,1.0,7910.0,2012-04-01,bdm,0
2016,0,736020000,2012-05-02,2014-05-02,1.0,7910.0,2012-04-01,ws,1
4592,0,736020000,2014-05-02,2016-05-02,1.0,7720.0,2014-04-01,ws,1
7245,0,736020000,2016-05-02,2018-05-02,1.0,7500.0,2016-04-01,ws,1
9858,0,736020000,2018-05-02,2019-11-02,1.0,7070.0,2018-04-01,ws,1
12371,0,736020000,2019-11-02,2020-05-02,1.0,6710.0,2019-10-01,ws,1
15048,0,736020000,2020-05-02,2022-05-02,1.0,6710.0,2020-04-01,ws,1
21754,0,736020000,2022-05-02,2024-07-02,1.0,6710.0,2022-04-01,ws,1
25845,0,736020000,2024-07-02,2025-06-30,1.0,6710.0,2024-06-01,ws,1
742,5,736030000,2010-01-01,2012-05-02,1.0,319000.0,2012-04-01,bdm,0
2017,0,736030000,2012-05-02,2014-05-02,1.0,319000.0,2012-04-01,ws,1
4593,0,736030000,2014-05-02,2016-05-02,1.0,315000.0,2014-04-01,ws,1
7246,0,736030000,2016-05-02,2018-05-02,1.0,315000.0,2016-04-01,ws,1
9859,0,736030000,2018-05-02,2019-11-02,1.0,296000.0,2018-04-01,ws,1
12372,0,736030000,2019-11-02,2020-05-02,1.0,301000.0,2019-10-01,ws,1
15049,0,736030000,2020-05-02,2022-05-02,1.0,301000.0,2020-04-01,ws,1
21755,0,736030000,2022-05-02,2024-07-02,1.0,301000.0,2022-04-01,ws,1
25846,0,736030000,2024-07-02,2025-06-30,1.0,301000.0,2024-06-01,ws,1
743,5,736040000,2010-01-01,2012-05-02,1.0,21400.0,2012-04-01,bdm,0
743,5,736040000,2012-05-02,2013-02-02,1.0,21400.0,2012-04-01,ws,1
1074,5,736040000,2013-02-02,2013-05-02,,19100.0,2013-01-01,ws,1
2018,0,736040000,2013-05-02,2014-05-02,1.0,16900.0,2013-04-01,ws,1
4594,0,736040000,2014-05-02,2016-05-02,1.0,16200.0,2014-04-01,ws,1
7247,0,736040000,2016-05-02,2018-05-02,1.0,15500.0,2016-04-01,ws,1
9860,0,736040000,2018-05-02,2019-11-02,1.0,15000.0,2018-04-01,ws,1
12373,0,736040000,2019-11-02,2020-05-02,1.0,15000.0,2019-10-01,ws,1
15050,0,736040000,2020-05-02,2022-05-02,1.0,15000.0,2020-04-01,ws,1
21756,0,736040000,2022-05-02,2024-07-02,1.0,15000.0,2022-04-01,ws,1
25847,0,736040000,2024-07-02,2025-06-30,1.0,13800.0,2024-06-01,ws,1
744,5,736050000,2010-01-01,2012-05-02,1.0,54000.0,2012-04-01,bdm,0
744,5,736050000,2012-05-02,2013-02-02,1.0,54000.0,2012-04-01,ws,1
1075,5,736050000,2013-02-02,2013-05-02,,48300.0,2013-01-01,ws,1
2019,0,736050000,2013-05-02,2014-05-02,1.0,42600.0,2013-04-01,ws,1
4595,0,736050000,2014-05-02,2016-05-02,1.0,40200.0,2014-04-01,ws,1
5980,5,736050000,2016-05-02,2017-02-02,1.0,38800.0,2016-04-01,ws,1
4915,5,736050000,2017-02-02,2017-05-02,,36100.0,2017-01-01,ws,1
7248,0,736050000,2017-05-02,2018-05-02,1.0,33400.0,2017-04-01,ws,1
9861,0,736050000,2018-05-02,2019-11-02,1.0,33400.0,2018-04-01,ws,1
12374,0,736050000,2019-11-02,2020-05-02,1.0,34000.0,2019-10-01,ws,1
15051,0,736050000,2020-05-02,2022-05-02,1.0,34000.0,2020-04-01,ws,1
20263,0,736050000,2022-05-02,2023-01-02,1.0,34000.0,2022-04-01,ws,1
21757,0,736050000,2023-01-02,2024-07-02,1.0,34000.0,2022-12-01,ws,1
25848,0,736050000,2024-07-02,2025-06-30,1.0,34000.0,2024-06-01,ws,1
745,5,736060000,2010-01-01,2012-05-02,1.0,21600.0,2012-04-01,bdm,0
2020,0,736060000,2012-05-02,2014-05-02,1.0,21600.0,2012-04-01,ws,1
4596,0,736060000,2014-05-02,2016-05-02,1.0,20900.0,2014-04-01,ws,1
7249,0,736060000,2016-05-02,2018-05-02,1.0,19900.0,2016-04-01,ws,1
9862,0,736060000,2018-05-02,2019-11-02,1.0,19800.0,2018-04-01,ws,1
12375,0,736060000,2019-11-02,2020-05-02,1.0,19800.0,2019-10-01,ws,1
15052,0,736060000,2020-05-02,2022-05-02,1.0,19800.0,2020-04-01,ws,1
21758,0,736060000,2022-05-02,2024-07-02,1.0,19800.0,2022-04-01,ws,1
25849,0,736060000,2024-07-02,2025-06-30,1.0,19800.0,2024-06-01,ws,1
746,5,736070000,2010-01-01,2012-05-02,1.0,17500.0,2012-04-01,bdm,0
2021,0,736070000,2012-05-02,2014-05-02,1.0,17500.0,2012-04-01,ws,1
4597,0,736070000,2014-05-02,2016-05-02,1.0,17200.0,2014-04-01,ws,1
7250,0,736070000,2016-05-02,2018-05-02,1.0,16800.0,2016-04-01,ws,1
9863,0,736070000,2018-05-02,2019-11-02,1.0,16100.0,2018-04-01,ws,1
12376,0,736070000,2019-11-02,2020-05-02,1.0,16400.0,2019-10-01,ws,1
15053,0,736070000,2020-05-02,2022-05-02,1.0,16300.0,2020-04-01,ws,1
21759,0,736070000,2022-05-02,2024-07-02,1.0,16100.0,2022-04-01,ws,1
25850,0,736070000,2024-07-02,2025-06-30,1.0,16100.0,2024-06-01,ws,1
747,5,736080000,2010-01-01,2012-05-02,1.0,29600.0,2012-04-01,bdm,0
2022,0,736080000,2012-05-02,2014-05-02,1.0,29600.0,2012-04-01,ws,1
4598,0,736080000,2014-05-02,2016-05-02,1.0,30200.0,2014-04-01,ws,1
7251,0,736080000,2016-05-02,2018-05-02,1.0,30100.0,2016-04-01,ws,1
9864,0,736080000,2018-05-02,2019-11-02,1.0,30100.0,2018-04-01,ws,1
12377,0,736080000,2019-11-02,2020-05-02,1.0,30700.0,2019-10-01,ws,1
15054,0,736080000,2020-05-02,2022-05-02,1.0,30700.0,2020-04-01,ws,1
21760,0,736080000,2022-05-02,2024-07-02,1.0,30700.0,2022-04-01,ws,1
25851,0,736080000,2024-07-02,2025-06-30,1.0,30700.0,2024-06-01,ws,1
748,5,736090000,2010-01-01,2012-05-02,1.0,92800.0,2012-04-01,bdm,0
2023,0,736090000,2012-05-02,2014-05-02,1.0,92800.0,2012-04-01,ws,1
4599,0,736090000,2014-05-02,2016-05-02,1.0,91400.0,2014-04-01,ws,1
7252,0,736090000,2016-05-02,2018-05-02,1.0,91400.0,2016-04-01,ws,1
9865,0,736090000,2018-05-02,2019-11-02,1.0,91400.0,2018-04-01,ws,1
12378,0,736090000,2019-11-02,2020-05-02,1.0,93100.0,2019-10-01,ws,1
13646,9,736090000,2020-05-02,2025-06-30,,0.0,2020-04-01,aes,2
749,5,736100000,2010-01-01,2012-05-02,1.0,17.0,2012-04-01,bdm,0
2024,0,736100000,2012-05-02,2014-05-02,1.0,17.0,2012-04-01,ws,1
4600,0,736100000,2014-05-02,2016-05-02,1.0,17.0,2014-04-01,ws,1
7253,0,736100000,2016-05-02,2018-05-02,1.0,17.0,2016-04-01,ws,1
9866,0,736100000,2018-05-02,2019-11-02,1.0,16.0,2018-04-01,ws,1
12379,0,736100000,2019-11-02,2020-05-02,1.0,16.0,2019-10-01,ws,1
15055,0,736100000,2020-05-02,2022-05-02,1.0,16.0,2020-04-01,ws,1
21761,0,736100000,2022-05-02,2024-07-02,1.0,16.0,2022-04-01,ws,1
25852,0,736100000,2024-07-02,2025-06-30,1.0,16.0,2024-06-01,ws,1
750,5,736110000,2010-01-01,2012-05-02,1.0,58200.0,2012-04-01,bdm,0
750,5,736110000,2012-05-02,2013-02-02,1.0,58200.0,2012-04-01,ws,1
1076,5,736110000,2013-02-02,2013-05-02,,55000.0,2013-01-01,ws,1
2025,0,736110000,2013-05-02,2014-05-02,1.0,51800.0,2013-04-01,ws,1
3391,5,736110000,2014-05-02,2015-02-02,1.0,50600.0,2014-04-01,ws,1
2368,5,736110000,2015-02-02,2015-05-02,,45300.0,2015-01-01,ws,1
4601,0,736110000,2015-05-02,2016-05-02,1.0,40000.0,2015-04-01,ws,1
7254,0,736110000,2016-05-02,2018-05-02,1.0,40000.0,2016-04-01,ws,1
9867,0,736110000,2018-05-02,2019-11-02,1.0,40000.0,2018-04-01,ws,1
12380,0,736110000,2019-11-02,2020-05-02,1.0,40700.0,2019-10-01,ws,1
15056,0,736110000,2020-05-02,2022-05-02,1.0,40700.0,2020-04-01,ws,1
21762,0,736110000,2022-05-02,2024-07-02,1.0,40700.0,2022-04-01,ws,1
25853,0,736110000,2024-07-02,2025-06-30,1.0,40700.0,2024-06-01,ws,1
751,5,736120000,2010-01-01,2012-05-02,1.0,131000.0,2012-04-01,bdm,0
2026,0,736120000,2012-05-02,2014-05-02,1.0,131000.0,2012-04-01,ws,1
4602,0,736120000,2014-05-02,2016-05-02,1.0,128000.0,2014-04-01,ws,1
7255,0,736120000,2016-05-02,2018-05-02,1.0,123000.0,2016-04-01,ws,1
9868,0,736120000,2018-05-02,2019-11-02,1.0,122000.0,2018-04-01,ws,1
12381,0,736120000,2019-11-02,2020-05-02,1.0,122000.0,2019-10-01,ws,1
15057,0,736120000,2020-05-02,2022-05-02,1.0,122000.0,2020-04-01,ws,1
21763,0,736120000,2022-05-02,2024-07-02,1.0,122000.0,2022-04-01,ws,1
25854,0,736120000,2024-07-02,2025-06-30,1.0,120000.0,2024-06-01,ws,1
752,5,736130000,2010-01-01,2012-05-02,1.0,41000.0,2012-04-01,bdm,0
2027,0,736130000,2012-05-02,2014-05-02,1.0,41000.0,2012-04-01,ws,1
3393,5,736130000,2014-05-02,2015-02-02,1.0,40100.0,2014-04-01,ws,1
2369,5,736130000,2015-02-02,2015-05-02,,35900.0,2015-01-01,ws,1
4603,0,736130000,2015-05-02,2016-05-02,1.0,31700.0,2015-04-01,ws,1
7256,0,736130000,2016-05-02,2018-05-02,1.0,29100.0,2016-04-01,ws,1
8559,5,736130000,2018-05-02,2019-02-02,1.0,27600.0,2018-04-01,ws,1
8849,5,736130000,2019-02-02,2019-05-02,,24700.0,2019-01-01,ws,1
9869,0,736130000,2019-05-02,2019-11-02,1.0,21800.0,2019-04-01,ws,1
12382,0,736130000,2019-11-02,2020-05-02,1.0,22200.0,2019-10-01,ws,1
15058,0,736130000,2020-05-02,2022-05-02,1.0,22200.0,2020-04-01,ws,1
21764,0,736130000,2022-05-02,2024-07-02,1.0,22200.0,2022-04-01,ws,1
25855,0,736130000,2024-07-02,2025-06-30,1.0,22200.0,2024-06-01,ws,1
753,5,736140000,2010-01-01,2012-05-02,1.0,14400.0,2012-04-01,bdm,0
2028,0,736140000,2012-05-02,2014-05-02,1.0,14400.0,2012-04-01,ws,1
4604,0,736140000,2014-05-02,2016-05-02,1.0,13900.0,2014-04-01,ws,1
7257,0,736140000,2016-05-02,2018-05-02,1.0,13800.0,2016-04-01,ws,1
9870,0,736140000,2018-05-02,2019-11-02,1.0,13500.0,2018-04-01,ws,1
12383,0,736140000,2019-11-02,2020-05-02,1.0,13800.0,2019-10-01,ws,1
15059,0,736140000,2020-05-02,2022-05-02,1.0,13800.0,2020-04-01,ws,1
21765,0,736140000,2022-05-02,2024-07-02,1.0,13800.0,2022-04-01,ws,1
25856,0,736140000,2024-07-02,2025-06-30,1.0,13700.0,2024-06-01,ws,1
754,5,736150000,2010-01-01,2012-05-02,1.0,28000.0,2012-04-01,bdm,0
2029,0,736150000,2012-05-02,2014-05-02,1.0,28000.0,2012-04-01,ws,1
4605,0,736150000,2014-05-02,2016-05-02,1.0,27100.0,2014-04-01,ws,1
7258,0,736150000,2016-05-02,2018-05-02,1.0,26500.0,2016-04-01,ws,1
9871,0,736150000,2018-05-02,2019-11-02,1.0,25100.0,2018-04-01,ws,1
12384,0,736150000,2019-11-02,2020-05-02,1.0,25600.0,2019-10-01,ws,1
15060,0,736150000,2020-05-02,2022-05-02,1.0,25600.0,2020-04-01,ws,1
21766,0,736150000,2022-05-02,2024-07-02,1.0,25600.0,2022-04-01,ws,1
25857,0,736150000,2024-07-02,2025-06-30,1.0,25600.0,2024-06-01,ws,1
755,5,736160000,2010-01-01,2012-05-02,1.0,516.0,2012-04-01,bdm,0
2030,0,736160000,2012-05-02,2014-05-02,1.0,516.0,2012-04-01,ws,1
4606,0,736160000,2014-05-02,2016-05-02,1.0,496.0,2014-04-01,ws,1
7259,0,736160000,2016-05-02,2018-05-02,1.0,496.0,2016-04-01,ws,1
9872,0,736160000,2018-05-02,2019-11-02,1.0,496.0,2018-04-01,ws,1
12385,0,736160000,2019-11-02,2020-05-02,1.0,505.0,2019-10-01,ws,1
15061,0,736160000,2020-05-02,2022-05-02,1.0,505.0,2020-04-01,ws,1
21767,0,736160000,2022-05-02,2024-07-02,1.0,505.0,2022-04-01,ws,1
25858,0,736160000,2024-07-02,2025-06-30,1.0,505.0,2024-06-01,ws,1
756,5,736170000,2010-01-01,2012-05-02,1.0,119000.0,2012-04-01,bdm,0
756,5,736170000,2012-05-02,2013-02-02,1.0,119000.0,2012-04-01,ws,1
1077,5,736170000,2013-02-02,2013-05-02,,108000.0,2013-01-01,ws,1
2031,0,736170000,2013-05-02,2014-05-02,1.0,97700.0,2013-04-01,ws,1
3397,5,736170000,2014-05-02,2015-02-02,1.0,95500.0,2014-04-01,ws,1
2370,5,736170000,2015-02-02,2015-05-02,,85400.0,2015-01-01,ws,1
4607,0,736170000,2015-05-02,2016-05-02,1.0,75400.0,2015-04-01,ws,1
5992,5,736170000,2016-05-02,2017-02-02,1.0,71600.0,2016-04-01,ws,1
4916,5,736170000,2017-02-02,2017-05-02,,64100.0,2017-01-01,ws,1
7260,0,736170000,2017-05-02,2018-05-02,1.0,56600.0,2017-04-01,ws,1
9873,0,736170000,2018-05-02,2019-11-02,1.0,56600.0,2018-04-01,ws,1
12386,0,736170000,2019-11-02,2020-05-02,1.0,57600.0,2019-10-01,ws,1
15062,0,736170000,2020-05-02,2022-05-02,1.0,57600.0,2020-04-01,ws,1
21768,0,736170000,2022-05-02,2024-07-02,1.0,57600.0,2022-04-01,ws,1
25859,0,736170000,2024-07-02,2025-06-30,1.0,56900.0,2024-06-01,ws,1
757,5,736180000,2010-01-01,2012-05-02,1.0,136000.0,2012-04-01,bdm,0
757,5,736180000,2012-05-02,2013-02-02,1.0,136000.0,2012-04-01,ws,1
1078,5,736180000,2013-02-02,2013-05-02,,122000.0,2013-01-01,ws,1
2032,0,736180000,2013-05-02,2014-05-02,1.0,108000.0,2013-04-01,ws,1
3398,5,736180000,2014-05-02,2015-02-02,1.0,106000.0,2014-04-01,ws,1
2371,5,736180000,2015-02-02,2015-05-02,,94500.0,2015-01-01,ws,1
4608,0,736180000,2015-05-02,2016-05-02,1.0,83400.0,2015-04-01,ws,1
5993,5,736180000,2016-05-02,2017-02-02,1.0,79200.0,2016-04-01,ws,1
4917,5,736180000,2017-02-02,2017-05-02,,70900.0,2017-01-01,ws,1
7261,0,736180000,2017-05-02,2018-05-02,1.0,62600.0,2017-04-01,ws,1
9874,0,736180000,2018-05-02,2019-11-02,1.0,62600.0,2018-04-01,ws,1
12387,0,736180000,2019-11-02,2020-05-02,1.0,63800.0,2019-10-01,ws,1
15063,0,736180000,2020-05-02,2022-05-02,1.0,63800.0,2020-04-01,ws,1
20275,9,736180000,2022-05-02,2025-06-30,,63800.0,2022-04-01,aes,2
758,5,736190000,2010-01-01,2012-05-02,1.0,6100.0,2012-04-01,bdm,0
2033,0,736190000,2012-05-02,2014-05-02,1.0,6100.0,2012-04-01,ws,1
4609,0,736190000,2014-05-02,2016-05-02,1.0,6270.0,2014-04-01,ws,1
7262,0,736190000,2016-05-02,2018-05-02,1.0,6270.0,2016-04-01,ws,1
9875,0,736190000,2018-05-02,2019-11-02,1.0,6270.0,2018-04-01,ws,1
12388,0,736190000,2019-11-02,2020-05-02,1.0,6390.0,2019-10-01,ws,1
15064,0,736190000,2020-05-02,2022-05-02,1.0,6390.0,2020-04-01,ws,1
21769,0,736190000,2022-05-02,2024-07-02,1.0,6390.0,2022-04-01,ws,1
25860,0,736190000,2024-07-02,2025-06-30,1.0,6390.0,2024-06-01,ws,1
759,5,736200000,2010-01-01,2012-05-02,1.0,14700.0,2012-04-01,bdm,0
2034,0,736200000,2012-05-02,2014-05-02,1.0,14700.0,2012-04-01,ws,1
4610,0,736200000,2014-05-02,2016-05-02,1.0,14200.0,2014-04-01,ws,1
7263,0,736200000,2016-05-02,2018-05-02,1.0,13500.0,2016-04-01,ws,1
9876,0,736200000,2018-05-02,2019-11-02,1.0,13500.0,2018-04-01,ws,1
12389,0,736200000,2019-11-02,2020-05-02,1.0,13700.0,2019-10-01,ws,1
15065,0,736200000,2020-05-02,2022-05-02,1.0,13200.0,2020-04-01,ws,1
21770,0,736200000,2022-05-02,2024-07-02,1.0,12400.0,2022-04-01,ws,1
25861,0,736200000,2024-07-02,2025-06-30,1.0,12400.0,2024-06-01,ws,1
760,0,736210000,2010-01-01,2012-05-02,1.0,45800.0,2012-04-01,bdm,0
2035,0,736210000,2012-05-02,2014-05-02,1.0,45800.0,2012-04-01,ws,1
4611,0,736210000,2014-05-02,2016-05-02,1.0,47100.0,2014-04-01,ws,1
7264,0,736210000,2016-05-02,2018-05-02,1.0,47100.0,2016-04-01,ws,1
9877,0,736210000,2018-05-02,2019-11-02,1.0,47100.0,2018-04-01,ws,1
12390,0,736210000,2019-11-02,2020-05-02,1.0,48000.0,2019-10-01,ws,1
13658,9,736210000,2020-05-02,2025-06-30,,0.0,2020-04-01,aes,2
761,5,736220000,2010-01-01,2012-05-02,1.0,18300.0,2012-04-01,bdm,0
2036,0,736220000,2012-05-02,2014-05-02,1.0,18300.0,2012-04-01,ws,1
4612,0,736220000,2014-05-02,2016-05-02,1.0,17500.0,2014-04-01,ws,1
7265,0,736220000,2016-05-02,2018-05-02,1.0,16500.0,2016-04-01,ws,1
9878,0,736220000,2018-05-02,2019-11-02,1.0,15500.0,2018-04-01,ws,1
12391,0,736220000,2019-11-02,2020-05-02,1.0,15100.0,2019-10-01,ws,1
15066,0,736220000,2020-05-02,2022-05-02,1.0,15000.0,2020-04-01,ws,1
21771,0,736220000,2022-05-02,2024-07-02,1.0,14600.0,2022-04-01,ws,1
25862,0,736220000,2024-07-02,2025-06-30,1.0,14600.0,2024-06-01,ws,1
762,5,736230000,2010-01-01,2012-05-02,1.0,14300.0,2012-04-01,bdm,0
2037,0,736230000,2012-05-02,2014-05-02,1.0,14300.0,2012-04-01,ws,1
4613,0,736230000,2014-05-02,2016-05-02,1.0,13800.0,2014-04-01,ws,1
7266,0,736230000,2016-05-02,2018-05-02,1.0,13300.0,2016-04-01,ws,1
9879,0,736230000,2018-05-02,2019-11-02,1.0,13300.0,2018-04-01,ws,1
12392,0,736230000,2019-11-02,2020-05-02,1.0,12900.0,2019-10-01,ws,1
15067,0,736230000,2020-05-02,2022-05-02,1.0,12900.0,2020-04-01,ws,1
21772,0,736230000,2022-05-02,2024-07-02,1.0,12000.0,2022-04-01,ws,1
25863,0,736230000,2024-07-02,2025-06-30,1.0,12000.0,2024-06-01,ws,1
763,5,736240000,2010-01-01,2012-05-02,1.0,14900.0,2012-04-01,bdm,0
763,5,736240000,2012-05-02,2013-02-02,1.0,14900.0,2012-04-01,ws,1
2038,0,736240000,2013-02-02,2014-05-02,1.0,14900.0,2013-01-01,ws,1
4614,0,736240000,2014-05-02,2016-05-02,1.0,15000.0,2014-04-01,ws,1
7267,0,736240000,2016-05-02,2018-05-02,1.0,14400.0,2016-04-01,ws,1
9880,0,736240000,2018-05-02,2019-11-02,1.0,14400.0,2018-04-01,ws,1
12393,0,736240000,2019-11-02,2020-05-02,1.0,14300.0,2019-10-01,ws,1
15068,0,736240000,2020-05-02,2022-05-02,1.0,14300.0,2020-04-01,ws,1
21773,0,736240000,2022-05-02,2024-07-02,1.0,14000.0,2022-04-01,ws,1
25864,0,736240000,2024-07-02,2025-06-30,1.0,14000.0,2024-06-01,ws,1
764,5,736250000,2010-01-01,2012-05-02,1.0,12600.0,2012-04-01,bdm,0
2039,0,736250000,2012-05-02,2014-05-02,1.0,12600.0,2012-04-01,ws,1
4615,0,736250000,2014-05-02,2016-05-02,1.0,12300.0,2014-04-01,ws,1
7268,0,736250000,2016-05-02,2018-05-02,1.0,11600.0,2016-04-01,ws,1
9881,0,736250000,2018-05-02,2019-11-02,1.0,11500.0,2018-04-01,ws,1
12394,0,736250000,2019-11-02,2020-05-02,1.0,11500.0,2019-10-01,ws,1
15069,0,736250000,2020-05-02,2022-05-02,1.0,11100.0,2020-04-01,ws,1
21774,0,736250000,2022-05-02,2024-07-02,1.0,11100.0,2022-04-01,ws,1
25865,0,736250000,2024-07-02,2025-06-30,1.0,11100.0,2024-06-01,ws,1
20578,3,736260000,2010-01-01,2023-01-02,1.0,162000.0,2022-12-01,bsl,0
21775,0,736260000,2023-01-02,2024-07-02,1.0,159000.0,2022-12-01,ws,1
25866,0,736260000,2024-07-02,2025-06-30,1.0,156000.0,2024-06-01,ws,1
20579,3,736270000,2010-01-01,2023-01-02,1.0,36600.0,2022-12-01,bsl,0
21776,0,736270000,2023-01-02,2024-07-02,1.0,38100.0,2022-12-01,ws,1
25867,0,736270000,2024-07-02,2025-06-30,1.0,36700.0,2024-06-01,ws,1
765,5,736280000,2010-01-01,2012-05-02,1.0,9920.0,2012-04-01,bdm,0
2040,0,736280000,2012-05-02,2014-05-02,1.0,9920.0,2012-04-01,ws,1
4616,0,736280000,2014-05-02,2016-05-02,1.0,9770.0,2014-04-01,ws,1
7269,0,736280000,2016-05-02,2018-05-02,1.0,9470.0,2016-04-01,ws,1
9882,0,736280000,2018-05-02,2019-11-02,1.0,9140.0,2018-04-01,ws,1
12395,0,736280000,2019-11-02,2020-05-02,1.0,9020.0,2019-10-01,ws,1
15070,0,736280000,2020-05-02,2022-05-02,1.0,8930.0,2020-04-01,ws,1
21777,0,736280000,2022-05-02,2024-07-02,1.0,8810.0,2022-04-01,ws,1
25868,0,736280000,2024-07-02,2025-06-30,1.0,8680.0,2024-06-01,ws,1
766,5,736290000,2010-01-01,2012-05-02,1.0,47100.0,2012-04-01,bdm,0
2041,0,736290000,2012-05-02,2014-05-02,1.0,47100.0,2012-04-01,ws,1
4617,0,736290000,2014-05-02,2016-05-02,1.0,46000.0,2014-04-01,ws,1
7270,0,736290000,2016-05-02,2018-05-02,1.0,43600.0,2016-04-01,ws,1
9883,0,736290000,2018-05-02,2019-11-02,1.0,41200.0,2018-04-01,ws,1
12396,0,736290000,2019-11-02,2020-05-02,1.0,40100.0,2019-10-01,ws,1
15071,0,736290000,2020-05-02,2022-05-02,1.0,40100.0,2020-04-01,ws,1
21778,0,736290000,2022-05-02,2024-07-02,1.0,38500.0,2022-04-01,ws,1
25869,0,736290000,2024-07-02,2025-06-30,1.0,38400.0,2024-06-01,ws,1
767,5,736310000,2010-01-01,2012-05-02,1.0,38900.0,2012-04-01,bdm,0
2042,0,736310000,2012-05-02,2014-05-02,1.0,38900.0,2012-04-01,ws,1
4618,0,736310000,2014-05-02,2016-05-02,1.0,37400.0,2014-04-01,ws,1
7271,0,736310000,2016-05-02,2018-05-02,1.0,35000.0,2016-04-01,ws,1
9884,0,736310000,2018-05-02,2019-11-02,1.0,32500.0,2018-04-01,ws,1
12397,0,736310000,2019-11-02,2020-05-02,1.0,31900.0,2019-10-01,ws,1
15072,0,736310000,2020-05-02,2022-05-02,1.0,31600.0,2020-04-01,ws,1
21779,0,736310000,2022-05-02,2024-07-02,1.0,30200.0,2022-04-01,ws,1
25870,0,736310000,2024-07-02,2025-06-30,1.0,29600.0,2024-06-01,ws,1
768,5,736320000,2010-01-01,2012-05-02,1.0,174000.0,2012-04-01,bdm,0
2043,0,736320000,2012-05-02,2014-05-02,1.0,174000.0,2012-04-01,ws,1
4619,0,736320000,2014-05-02,2016-05-02,1.0,164000.0,2014-04-01,ws,1
7272,0,736320000,2016-05-02,2018-05-02,1.0,159000.0,2016-04-01,ws,1
9885,0,736320000,2018-05-02,2019-11-02,1.0,154000.0,2018-04-01,ws,1
12398,0,736320000,2019-11-02,2020-05-02,1.0,152000.0,2019-10-01,ws,1
15073,0,736320000,2020-05-02,2022-05-02,1.0,152000.0,2020-04-01,ws,1
21780,0,736320000,2022-05-02,2024-07-02,1.0,149000.0,2022-04-01,ws,1
25871,0,736320000,2024-07-02,2025-06-30,1.0,148000.0,2024-06-01,ws,1
769,5,736330000,2010-01-01,2012-05-02,1.0,345000.0,2012-04-01,bdm,0
2044,0,736330000,2012-05-02,2014-05-02,1.0,345000.0,2012-04-01,ws,1
4620,0,736330000,2014-05-02,2016-05-02,1.0,326000.0,2014-04-01,ws,1
7273,0,736330000,2016-05-02,2018-05-02,1.0,326000.0,2016-04-01,ws,1
9886,0,736330000,2018-05-02,2019-11-02,1.0,317000.0,2018-04-01,ws,1
12399,0,736330000,2019-11-02,2020-05-02,1.0,318000.0,2019-10-01,ws,1
15074,0,736330000,2020-05-02,2022-05-02,1.0,314000.0,2020-04-01,ws,1
21781,0,736330000,2022-05-02,2024-07-02,1.0,309000.0,2022-04-01,ws,1
25872,0,736330000,2024-07-02,2025-06-30,1.0,303000.0,2024-06-01,ws,1
770,5,736340000,2010-01-01,2012-05-02,1.0,69500.0,2012-04-01,bdm,0
2045,0,736340000,2012-05-02,2014-05-02,1.0,69500.0,2012-04-01,ws,1
4621,0,736340000,2014-05-02,2016-05-02,1.0,67500.0,2014-04-01,ws,1
7274,0,736340000,2016-05-02,2018-05-02,1.0,64600.0,2016-04-01,ws,1
9887,0,736340000,2018-05-02,2019-11-02,1.0,61200.0,2018-04-01,ws,1
12400,0,736340000,2019-11-02,2020-05-02,1.0,61200.0,2019-10-01,ws,1
15075,0,736340000,2020-05-02,2022-05-02,1.0,61200.0,2020-04-01,ws,1
21782,0,736340000,2022-05-02,2024-07-02,1.0,60000.0,2022-04-01,ws,1
25873,0,736340000,2024-07-02,2025-06-30,1.0,59400.0,2024-06-01,ws,1
771,5,736350000,2010-01-01,2012-05-02,1.0,186000.0,2012-04-01,bdm,0
2046,0,736350000,2012-05-02,2014-05-02,1.0,186000.0,2012-04-01,ws,1
4622,0,736350000,2014-05-02,2016-05-02,1.0,177000.0,2014-04-01,ws,1
7275,0,736350000,2016-05-02,2018-05-02,1.0,174000.0,2016-04-01,ws,1
9888,0,736350000,2018-05-02,2019-11-02,1.0,167000.0,2018-04-01,ws,1
12401,0,736350000,2019-11-02,2020-05-02,1.0,162000.0,2019-10-01,ws,1
15076,0,736350000,2020-05-02,2022-05-02,1.0,162000.0,2020-04-01,ws,1
21783,0,736350000,2022-05-02,2024-07-02,1.0,161000.0,2022-04-01,ws,1
25874,0,736350000,2024-07-02,2025-06-30,1.0,161000.0,2024-06-01,ws,1
772,0,736370000,2010-01-01,2012-05-02,1.0,31100.0,2012-04-01,bdm,0
2047,0,736370000,2012-05-02,2014-05-02,1.0,31100.0,2012-04-01,ws,1
4623,0,736370000,2014-05-02,2016-05-02,1.0,30300.0,2014-04-01,ws,1
7276,0,736370000,2016-05-02,2018-05-02,1.0,30100.0,2016-04-01,ws,1
9889,0,736370000,2018-05-02,2019-11-02,1.0,30100.0,2018-04-01,ws,1
12402,0,736370000,2019-11-02,2020-05-02,1.0,30300.0,2019-10-01,ws,1
15077,0,736370000,2020-05-02,2022-05-02,1.0,30300.0,2020-04-01,ws,1
21784,0,736370000,2022-05-02,2024-07-02,1.0,30300.0,2022-04-01,ws,1
25875,0,736370000,2024-07-02,2025-06-30,1.0,30300.0,2024-06-01,ws,1
773,0,736400000,2010-01-01,2012-05-02,1.0,649.0,2012-04-01,bdm,0
2048,0,736400000,2012-05-02,2014-05-02,1.0,649.0,2012-04-01,ws,1
4624,0,736400000,2014-05-02,2016-05-02,1.0,667.0,2014-04-01,ws,1
7277,0,736400000,2016-05-02,2018-05-02,1.0,610.0,2016-04-01,ws,1
9890,0,736400000,2018-05-02,2019-11-02,1.0,610.0,2018-04-01,ws,1
12403,0,736400000,2019-11-02,2020-05-02,1.0,621.0,2019-10-01,ws,1
15078,0,736400000,2020-05-02,2022-05-02,1.0,621.0,2020-04-01,ws,1
21785,0,736400000,2022-05-02,2024-07-02,1.0,621.0,2022-04-01,ws,1
25876,0,736400000,2024-07-02,2025-06-30,1.0,621.0,2024-06-01,ws,1
774,5,736410000,2010-01-01,2012-05-02,1.0,491.0,2012-04-01,bdm,0
2049,0,736410000,2012-05-02,2014-05-02,1.0,491.0,2012-04-01,ws,1
3415,5,736410000,2014-05-02,2015-02-02,1.0,480.0,2014-04-01,ws,1
2372,5,736410000,2015-02-02,2015-05-02,,429.0,2015-01-01,ws,1
4625,0,736410000,2015-05-02,2016-05-02,1.0,379.0,2015-04-01,ws,1
7278,0,736410000,2016-05-02,2018-05-02,1.0,303.0,2016-04-01,ws,1
9891,0,736410000,2018-05-02,2019-11-02,1.0,302.0,2018-04-01,ws,1
12404,0,736410000,2019-11-02,2020-05-02,1.0,306.0,2019-10-01,ws,1
15079,0,736410000,2020-05-02,2022-05-02,1.0,302.0,2020-04-01,ws,1
21786,0,736410000,2022-05-02,2024-07-02,1.0,302.0,2022-04-01,ws,1
25877,0,736410000,2024-07-02,2025-06-30,1.0,302.0,2024-06-01,ws,1
775,5,736420000,2010-01-01,2012-05-02,1.0,67200.0,2012-04-01,bdm,0
2050,0,736420000,2012-05-02,2014-05-02,1.0,67200.0,2012-04-01,ws,1
4626,0,736420000,2014-05-02,2016-05-02,1.0,64700.0,2014-04-01,ws,1
7279,0,736420000,2016-05-02,2018-05-02,1.0,61700.0,2016-04-01,ws,1
9892,0,736420000,2018-05-02,2019-11-02,1.0,59600.0,2018-04-01,ws,1
12405,0,736420000,2019-11-02,2020-05-02,1.0,60300.0,2019-10-01,ws,1
15080,0,736420000,2020-05-02,2022-05-02,1.0,60300.0,2020-04-01,ws,1
21787,0,736420000,2022-05-02,2024-07-02,1.0,60100.0,2022-04-01,ws,1
25878,0,736420000,2024-07-02,2025-06-30,1.0,60100.0,2024-06-01,ws,1
776,5,736430000,2010-01-01,2012-05-02,1.0,33700.0,2012-04-01,bdm,0
2051,0,736430000,2012-05-02,2014-05-02,1.0,33700.0,2012-04-01,ws,1
4627,0,736430000,2014-05-02,2016-05-02,1.0,33900.0,2014-04-01,ws,1
7280,0,736430000,2016-05-02,2018-05-02,1.0,33700.0,2016-04-01,ws,1
9893,0,736430000,2018-05-02,2019-11-02,1.0,32700.0,2018-04-01,ws,1
12406,0,736430000,2019-11-02,2020-05-02,1.0,33000.0,2019-10-01,ws,1
15081,0,736430000,2020-05-02,2022-05-02,1.0,33000.0,2020-04-01,ws,1
21788,0,736430000,2022-05-02,2024-07-02,1.0,33000.0,2022-04-01,ws,1
25879,0,736430000,2024-07-02,2025-06-30,1.0,33000.0,2024-06-01,ws,1
777,5,736440000,2010-01-01,2012-05-02,1.0,38200.0,2012-04-01,bdm,0
2052,0,736440000,2012-05-02,2014-05-02,1.0,38200.0,2012-04-01,ws,1
4628,0,736440000,2014-05-02,2016-05-02,1.0,38600.0,2014-04-01,ws,1
7281,0,736440000,2016-05-02,2018-05-02,1.0,38500.0,2016-04-01,ws,1
9894,0,736440000,2018-05-02,2019-11-02,1.0,37900.0,2018-04-01,ws,1
12407,0,736440000,2019-11-02,2020-05-02,1.0,38300.0,2019-10-01,ws,1
15082,0,736440000,2020-05-02,2022-05-02,1.0,38200.0,2020-04-01,ws,1
21789,0,736440000,2022-05-02,2024-07-02,1.0,38200.0,2022-04-01,ws,1
25880,0,736440000,2024-07-02,2025-06-30,1.0,38200.0,2024-06-01,ws,1
778,5,736450000,2010-01-01,2012-05-02,1.0,53500.0,2012-04-01,bdm,0
2053,0,736450000,2012-05-02,2014-05-02,1.0,53500.0,2012-04-01,ws,1
4629,0,736450000,2014-05-02,2016-05-02,1.0,54100.0,2014-04-01,ws,1
7282,0,736450000,2016-05-02,2018-05-02,1.0,53900.0,2016-04-01,ws,1
9895,0,736450000,2018-05-02,2019-11-02,1.0,53600.0,2018-04-01,ws,1
12408,0,736450000,2019-11-02,2020-05-02,1.0,54200.0,2019-10-01,ws,1
15083,0,736450000,2020-05-02,2022-05-02,1.0,54200.0,2020-04-01,ws,1
21790,0,736450000,2022-05-02,2024-07-02,1.0,54200.0,2022-04-01,ws,1
25881,0,736450000,2024-07-02,2025-06-30,1.0,54200.0,2024-06-01,ws,1
779,5,736460000,2010-01-01,2012-05-02,1.0,132000.0,2012-04-01,bdm,0
2054,0,736460000,2012-05-02,2014-05-02,1.0,132000.0,2012-04-01,ws,1
4630,0,736460000,2014-05-02,2016-05-02,1.0,131000.0,2014-04-01,ws,1
7283,0,736460000,2016-05-02,2018-05-02,1.0,53000.0,2016-04-01,ws,1
9896,0,736460000,2018-05-02,2019-11-02,1.0,51400.0,2018-04-01,ws,1
12409,0,736460000,2019-11-02,2020-05-02,1.0,52400.0,2019-10-01,ws,1
13677,5,736460000,2020-05-02,2021-02-02,1.0,50800.0,2020-04-01,ws,1
13974,5,736460000,2021-02-02,2021-05-02,,47500.0,2021-01-01,ws,1
15084,0,736460000,2021-05-02,2022-05-02,1.0,44300.0,2021-04-01,ws,1
21791,0,736460000,2022-05-02,2024-07-02,1.0,42300.0,2022-04-01,ws,1
25882,0,736460000,2024-07-02,2025-06-30,1.0,42300.0,2024-06-01,ws,1
780,5,736470000,2010-01-01,2012-05-02,1.0,51700.0,2012-04-01,bdm,0
2055,0,736470000,2012-05-02,2014-05-02,1.0,51700.0,2012-04-01,ws,1
3421,5,736470000,2014-05-02,2015-02-02,1.0,51200.0,2014-04-01,ws,1
2373,5,736470000,2015-02-02,2015-05-02,,47300.0,2015-01-01,ws,1
4631,0,736470000,2015-05-02,2016-05-02,1.0,43300.0,2015-04-01,ws,1
6016,9,736470000,2016-05-02,2025-06-30,,0.0,2016-04-01,aes,2
781,0,736480000,2010-01-01,2012-05-02,1.0,79000.0,2012-04-01,bdm,0
2056,0,736480000,2012-05-02,2014-05-02,1.0,79000.0,2012-04-01,ws,1
4632,0,736480000,2014-05-02,2016-05-02,1.0,81200.0,2014-04-01,ws,1
7284,0,736480000,2016-05-02,2018-05-02,1.0,81200.0,2016-04-01,ws,1
9897,0,736480000,2018-05-02,2019-11-02,1.0,81200.0,2018-04-01,ws,1
12410,0,736480000,2019-11-02,2020-05-02,1.0,82700.0,2019-10-01,ws,1
13678,9,736480000,2020-05-02,2025-06-30,,0.0,2020-04-01,aes,2
782,5,736490000,2010-01-01,2012-05-02,1.0,18600.0,2012-04-01,bdm,0
2057,0,736490000,2012-05-02,2014-05-02,1.0,18600.0,2012-04-01,ws,1
4633,0,736490000,2014-05-02,2016-05-02,1.0,17900.0,2014-04-01,ws,1
7285,0,736490000,2016-05-02,2018-05-02,1.0,17000.0,2016-04-01,ws,1
9898,0,736490000,2018-05-02,2019-11-02,1.0,16900.0,2018-04-01,ws,1
12411,0,736490000,2019-11-02,2020-05-02,1.0,17000.0,2019-10-01,ws,1
15085,0,736490000,2020-05-02,2022-05-02,1.0,17000.0,2020-04-01,ws,1
21792,0,736490000,2022-05-02,2024-07-02,1.0,16700.0,2022-04-01,ws,1
25883,0,736490000,2024-07-02,2025-06-30,1.0,16700.0,2024-06-01,ws,1
783,5,736500000,2010-01-01,2012-05-02,1.0,42200.0,2012-04-01,bdm,0
2058,0,736500000,2012-05-02,2014-05-02,1.0,42200.0,2012-04-01,ws,1
4634,0,736500000,2014-05-02,2016-05-02,1.0,41000.0,2014-04-01,ws,1
7286,0,736500000,2016-05-02,2018-05-02,1.0,39800.0,2016-04-01,ws,1
9899,0,736500000,2018-05-02,2019-11-02,1.0,38900.0,2018-04-01,ws,1
12412,0,736500000,2019-11-02,2020-05-02,1.0,39500.0,2019-10-01,ws,1
15086,0,736500000,2020-05-02,2022-05-02,1.0,39500.0,2020-04-01,ws,1
21793,0,736500000,2022-05-02,2024-07-02,1.0,39500.0,2022-04-01,ws,1
25884,0,736500000,2024-07-02,2025-06-30,1.0,39500.0,2024-06-01,ws,1
784,5,736510000,2010-01-01,2012-05-02,1.0,37900.0,2012-04-01,bdm,0
2059,0,736510000,2012-05-02,2014-05-02,1.0,37900.0,2012-04-01,ws,1
4635,0,736510000,2014-05-02,2016-05-02,1.0,37400.0,2014-04-01,ws,1
7287,0,736510000,2016-05-02,2018-05-02,1.0,36100.0,2016-04-01,ws,1
9900,0,736510000,2018-05-02,2019-11-02,1.0,33200.0,2018-04-01,ws,1
12413,0,736510000,2019-11-02,2020-05-02,1.0,32900.0,2019-10-01,ws,1
15087,0,736510000,2020-05-02,2022-05-02,1.0,32300.0,2020-04-01,ws,1
21794,0,736510000,2022-05-02,2024-07-02,1.0,32300.0,2022-04-01,ws,1
25885,0,736510000,2024-07-02,2025-06-30,1.0,31800.0,2024-06-01,ws,1
785,5,736520000,2010-01-01,2012-05-02,1.0,18300.0,2012-04-01,bdm,0
2060,0,736520000,2012-05-02,2014-05-02,1.0,18300.0,2012-04-01,ws,1
4636,0,736520000,2014-05-02,2016-05-02,1.0,17900.0,2014-04-01,ws,1
7288,0,736520000,2016-05-02,2018-05-02,1.0,17700.0,2016-04-01,ws,1
9901,0,736520000,2018-05-02,2019-11-02,1.0,17400.0,2018-04-01,ws,1
12414,0,736520000,2019-11-02,2020-05-02,1.0,17500.0,2019-10-01,ws,1
15088,0,736520000,2020-05-02,2022-05-02,1.0,17500.0,2020-04-01,ws,1
21795,0,736520000,2022-05-02,2024-07-02,1.0,17500.0,2022-04-01,ws,1
25886,0,736520000,2024-07-02,2025-06-30,1.0,17500.0,2024-06-01,ws,1
786,0,736530000,2010-01-01,2012-05-02,1.0,19800.0,2012-04-01,bdm,0
2061,0,736530000,2012-05-02,2014-05-02,1.0,19800.0,2012-04-01,ws,1
4637,0,736530000,2014-05-02,2016-05-02,1.0,19800.0,2014-04-01,ws,1
7289,0,736530000,2016-05-02,2018-05-02,1.0,19800.0,2016-04-01,ws,1
9902,0,736530000,2018-05-02,2019-11-02,1.0,19800.0,2018-04-01,ws,1
12415,0,736530000,2019-11-02,2020-05-02,1.0,20200.0,2019-10-01,ws,1
15089,0,736530000,2020-05-02,2022-05-02,1.0,20200.0,2020-04-01,ws,1
21796,0,736530000,2022-05-02,2024-07-02,1.0,20200.0,2022-04-01,ws,1
25887,0,736530000,2024-07-02,2025-06-30,1.0,20200.0,2024-06-01,ws,1
787,5,736540000,2010-01-01,2012-05-02,1.0,8110.0,2012-04-01,bdm,0
2062,0,736540000,2012-05-02,2014-05-02,1.0,8110.0,2012-04-01,ws,1
4638,0,736540000,2014-05-02,2016-05-02,1.0,8070.0,2014-04-01,ws,1
7290,0,736540000,2016-05-02,2018-05-02,1.0,7890.0,2016-04-01,ws,1
9903,0,736540000,2018-05-02,2019-11-02,1.0,7870.0,2018-04-01,ws,1
12416,0,736540000,2019-11-02,2020-05-02,1.0,7840.0,2019-10-01,ws,1
15090,0,736540000,2020-05-02,2022-05-02,1.0,7450.0,2020-04-01,ws,1
21797,0,736540000,2022-05-02,2024-07-02,1.0,7450.0,2022-04-01,ws,1
25888,0,736540000,2024-07-02,2025-06-30,1.0,7450.0,2024-06-01,ws,1
788,0,736580000,2010-01-01,2012-05-02,1.0,10700.0,2012-04-01,bdm,0
2063,0,736580000,2012-05-02,2014-05-02,1.0,10700.0,2012-04-01,ws,1
4639,0,736580000,2014-05-02,2016-05-02,1.0,10000.0,2014-04-01,ws,1
7291,0,736580000,2016-05-02,2018-05-02,1.0,9630.0,2016-04-01,ws,1
9904,0,736580000,2018-05-02,2019-11-02,1.0,9630.0,2018-04-01,ws,1
12417,0,736580000,2019-11-02,2020-05-02,1.0,9810.0,2019-10-01,ws,1
15091,0,736580000,2020-05-02,2022-05-02,1.0,9810.0,2020-04-01,ws,1
21798,0,736580000,2022-05-02,2024-07-02,1.0,9810.0,2022-04-01,ws,1
25889,0,736580000,2024-07-02,2025-06-30,1.0,9810.0,2024-06-01,ws,1
789,0,736590000,2010-01-01,2012-05-02,1.0,60400.0,2012-04-01,bdm,0
2064,0,736590000,2012-05-02,2014-05-02,1.0,60400.0,2012-04-01,ws,1
4640,0,736590000,2014-05-02,2016-05-02,1.0,62100.0,2014-04-01,ws,1
7292,0,736590000,2016-05-02,2018-05-02,1.0,51700.0,2016-04-01,ws,1
9905,0,736590000,2018-05-02,2019-11-02,1.0,51200.0,2018-04-01,ws,1
12418,0,736590000,2019-11-02,2020-05-02,1.0,51700.0,2019-10-01,ws,1
15092,0,736590000,2020-05-02,2022-05-02,1.0,51100.0,2020-04-01,ws,1
21799,0,736590000,2022-05-02,2024-07-02,1.0,51100.0,2022-04-01,ws,1
25890,0,736590000,2024-07-02,2025-06-30,1.0,51100.0,2024-06-01,ws,1
790,5,736610000,2010-01-01,2012-05-02,1.0,28200.0,2012-04-01,bdm,0
2065,0,736610000,2012-05-02,2014-05-02,1.0,28200.0,2012-04-01,ws,1
4641,0,736610000,2014-05-02,2016-05-02,1.0,29000.0,2014-04-01,ws,1
7293,0,736610000,2016-05-02,2018-05-02,1.0,29000.0,2016-04-01,ws,1
9906,0,736610000,2018-05-02,2019-11-02,1.0,28800.0,2018-04-01,ws,1
12419,0,736610000,2019-11-02,2020-05-02,1.0,29300.0,2019-10-01,ws,1
15093,0,736610000,2020-05-02,2022-05-02,1.0,29300.0,2020-04-01,ws,1
21800,0,736610000,2022-05-02,2024-07-02,1.0,29300.0,2022-04-01,ws,1
25891,0,736610000,2024-07-02,2025-06-30,1.0,29300.0,2024-06-01,ws,1
791,0,736620000,2010-01-01,2012-05-02,1.0,29500.0,2012-04-01,bdm,0
2066,0,736620000,2012-05-02,2014-05-02,1.0,29500.0,2012-04-01,ws,1
4642,0,736620000,2014-05-02,2016-05-02,1.0,30200.0,2014-04-01,ws,1
7294,0,736620000,2016-05-02,2018-05-02,1.0,29700.0,2016-04-01,ws,1
9907,0,736620000,2018-05-02,2019-11-02,1.0,29700.0,2018-04-01,ws,1
12420,0,736620000,2019-11-02,2020-05-02,1.0,30300.0,2019-10-01,ws,1
15094,0,736620000,2020-05-02,2022-05-02,1.0,29200.0,2020-04-01,ws,1
21801,0,736620000,2022-05-02,2024-07-02,1.0,29200.0,2022-04-01,ws,1
25892,0,736620000,2024-07-02,2025-06-30,1.0,29200.0,2024-06-01,ws,1
792,0,736630000,2010-01-01,2012-05-02,1.0,55100.0,2012-04-01,bdm,0
2067,0,736630000,2012-05-02,2014-05-02,1.0,55100.0,2012-04-01,ws,1
4643,0,736630000,2014-05-02,2016-05-02,1.0,56600.0,2014-04-01,ws,1
7295,0,736630000,2016-05-02,2018-05-02,1.0,56600.0,2016-04-01,ws,1
9908,0,736630000,2018-05-02,2019-11-02,1.0,55600.0,2018-04-01,ws,1
12421,0,736630000,2019-11-02,2020-05-02,1.0,56600.0,2019-10-01,ws,1
15095,0,736630000,2020-05-02,2022-05-02,1.0,56600.0,2020-04-01,ws,1
21802,0,736630000,2022-05-02,2024-07-02,1.0,56400.0,2022-04-01,ws,1
25893,0,736630000,2024-07-02,2025-06-30,1.0,56400.0,2024-06-01,ws,1
793,0,736640000,2010-01-01,2012-05-02,1.0,128.0,2012-04-01,bdm,0
2068,0,736640000,2012-05-02,2014-05-02,1.0,128.0,2012-04-01,ws,1
4644,0,736640000,2014-05-02,2016-05-02,1.0,131.0,2014-04-01,ws,1
7296,0,736640000,2016-05-02,2018-05-02,1.0,131.0,2016-04-01,ws,1
9909,0,736640000,2018-05-02,2019-11-02,1.0,131.0,2018-04-01,ws,1
12422,0,736640000,2019-11-02,2020-05-02,1.0,133.0,2019-10-01,ws,1
15096,0,736640000,2020-05-02,2022-05-02,1.0,133.0,2020-04-01,ws,1
21803,0,736640000,2022-05-02,2024-07-02,1.0,133.0,2022-04-01,ws,1
25894,0,736640000,2024-07-02,2025-06-30,1.0,133.0,2024-06-01,ws,1
794,5,736670000,2010-01-01,2012-05-02,1.0,72.0,2012-04-01,bdm,0
2069,0,736670000,2012-05-02,2014-05-02,1.0,72.0,2012-04-01,ws,1
4645,0,736670000,2014-05-02,2016-05-02,1.0,74.0,2014-04-01,ws,1
7297,0,736670000,2016-05-02,2018-05-02,1.0,74.0,2016-04-01,ws,1
9910,0,736670000,2018-05-02,2019-11-02,1.0,74.0,2018-04-01,ws,1
12423,0,736670000,2019-11-02,2020-05-02,1.0,75.0,2019-10-01,ws,1
15097,0,736670000,2020-05-02,2022-05-02,1.0,75.0,2020-04-01,ws,1
21804,0,736670000,2022-05-02,2024-07-02,1.0,75.0,2022-04-01,ws,1
25895,0,736670000,2024-07-02,2025-06-30,1.0,75.0,2024-06-01,ws,1
795,0,736680000,2010-01-01,2012-05-02,1.0,19100.0,2012-04-01,bdm,0
2070,0,736680000,2012-05-02,2014-05-02,1.0,19100.0,2012-04-01,ws,1
4646,0,736680000,2014-05-02,2016-05-02,1.0,19600.0,2014-04-01,ws,1
7298,0,736680000,2016-05-02,2018-05-02,1.0,19100.0,2016-04-01,ws,1
9911,0,736680000,2018-05-02,2019-11-02,1.0,19100.0,2018-04-01,ws,1
12424,0,736680000,2019-11-02,2020-05-02,1.0,19500.0,2019-10-01,ws,1
15098,0,736680000,2020-05-02,2022-05-02,1.0,19500.0,2020-04-01,ws,1
21805,0,736680000,2022-05-02,2024-07-02,1.0,19500.0,2022-04-01,ws,1
25896,0,736680000,2024-07-02,2025-06-30,1.0,19500.0,2024-06-01,ws,1
796,0,736690000,2010-01-01,2012-05-02,1.0,394.0,2012-04-01,bdm,0
2071,0,736690000,2012-05-02,2014-05-02,1.0,394.0,2012-04-01,ws,1
4647,0,736690000,2014-05-02,2016-05-02,1.0,405.0,2014-04-01,ws,1
7299,0,736690000,2016-05-02,2018-05-02,1.0,405.0,2016-04-01,ws,1
9912,0,736690000,2018-05-02,2019-11-02,1.0,405.0,2018-04-01,ws,1
12425,0,736690000,2019-11-02,2020-05-02,1.0,413.0,2019-10-01,ws,1
15099,0,736690000,2020-05-02,2022-05-02,1.0,413.0,2020-04-01,ws,1
21806,0,736690000,2022-05-02,2024-07-02,1.0,413.0,2022-04-01,ws,1
25897,0,736690000,2024-07-02,2025-06-30,1.0,413.0,2024-06-01,ws,1
797,5,736700000,2010-01-01,2012-05-02,1.0,167.0,2012-04-01,bdm,0
2072,0,736700000,2012-05-02,2014-05-02,1.0,167.0,2012-04-01,ws,1
4648,0,736700000,2014-05-02,2016-05-02,1.0,169.0,2014-04-01,ws,1
7300,0,736700000,2016-05-02,2018-05-02,1.0,164.0,2016-04-01,ws,1
9913,0,736700000,2018-05-02,2019-11-02,1.0,164.0,2018-04-01,ws,1
12426,0,736700000,2019-11-02,2020-05-02,1.0,167.0,2019-10-01,ws,1
15100,0,736700000,2020-05-02,2022-05-02,1.0,167.0,2020-04-01,ws,1
21807,0,736700000,2022-05-02,2024-07-02,1.0,167.0,2022-04-01,ws,1
25898,0,736700000,2024-07-02,2025-06-30,1.0,167.0,2024-06-01,ws,1
798,5,736710000,2010-01-01,2012-05-02,1.0,16900.0,2012-04-01,bdm,0
2073,0,736710000,2012-05-02,2014-05-02,1.0,16900.0,2012-04-01,ws,1
4649,0,736710000,2014-05-02,2016-05-02,1.0,17300.0,2014-04-01,ws,1
7301,0,736710000,2016-05-02,2018-05-02,1.0,17300.0,2016-04-01,ws,1
9914,0,736710000,2018-05-02,2019-11-02,1.0,17300.0,2018-04-01,ws,1
12427,0,736710000,2019-11-02,2020-05-02,1.0,17600.0,2019-10-01,ws,1
15101,0,736710000,2020-05-02,2022-05-02,1.0,17600.0,2020-04-01,ws,1
21808,0,736710000,2022-05-02,2024-07-02,1.0,17600.0,2022-04-01,ws,1
25899,0,736710000,2024-07-02,2025-06-30,1.0,17600.0,2024-06-01,ws,1
799,0,736720000,2010-01-01,2012-05-02,1.0,216.0,2012-04-01,bdm,0
2074,0,736720000,2012-05-02,2014-05-02,1.0,216.0,2012-04-01,ws,1
4650,0,736720000,2014-05-02,2016-05-02,1.0,222.0,2014-04-01,ws,1
7302,0,736720000,2016-05-02,2018-05-02,1.0,222.0,2016-04-01,ws,1
9915,0,736720000,2018-05-02,2019-11-02,1.0,222.0,2018-04-01,ws,1
12428,0,736720000,2019-11-02,2020-05-02,1.0,179.0,2019-10-01,ws,1
15102,0,736720000,2020-05-02,2022-05-02,1.0,179.0,2020-04-01,ws,1
21809,0,736720000,2022-05-02,2024-07-02,1.0,179.0,2022-04-01,ws,1
25900,0,736720000,2024-07-02,2025-06-30,1.0,162.0,2024-06-01,ws,1
800,5,736730000,2010-01-01,2012-05-02,1.0,7.0,2012-04-01,bdm,0
2075,0,736730000,2012-05-02,2014-05-02,1.0,7.0,2012-04-01,ws,1
4651,0,736730000,2014-05-02,2016-05-02,1.0,7.0,2014-04-01,ws,1
7303,0,736730000,2016-05-02,2018-05-02,1.0,6.0,2016-04-01,ws,1
9916,0,736730000,2018-05-02,2019-11-02,1.0,6.0,2018-04-01,ws,1
12429,0,736730000,2019-11-02,2020-05-02,1.0,6.0,2019-10-01,ws,1
15103,0,736730000,2020-05-02,2022-05-02,1.0,6.0,2020-04-01,ws,1
21810,0,736730000,2022-05-02,2024-07-02,1.0,6.0,2022-04-01,ws,1
25901,0,736730000,2024-07-02,2025-06-30,1.0,6.0,2024-06-01,ws,1
801,5,736740000,2010-01-01,2012-05-02,1.0,12.0,2012-04-01,bdm,0
2076,0,736740000,2012-05-02,2014-05-02,1.0,12.0,2012-04-01,ws,1
3442,5,736740000,2014-05-02,2015-02-02,1.0,12.0,2014-04-01,ws,1
2374,5,736740000,2015-02-02,2015-05-02,,11.0,2015-01-01,ws,1
4652,0,736740000,2015-05-02,2016-05-02,1.0,10.0,2015-04-01,ws,1
7304,0,736740000,2016-05-02,2018-05-02,1.0,10.0,2016-04-01,ws,1
9917,0,736740000,2018-05-02,2019-11-02,1.0,10.0,2018-04-01,ws,1
12430,0,736740000,2019-11-02,2020-05-02,1.0,10.0,2019-10-01,ws,1
15104,0,736740000,2020-05-02,2022-05-02,1.0,10.0,2020-04-01,ws,1
21811,0,736740000,2022-05-02,2024-07-02,1.0,10.0,2022-04-01,ws,1
25902,0,736740000,2024-07-02,2025-06-30,1.0,10.0,2024-06-01,ws,1
802,5,736750000,2010-01-01,2012-05-02,1.0,36.0,2012-04-01,bdm,0
2077,0,736750000,2012-05-02,2014-05-02,1.0,36.0,2012-04-01,ws,1
4653,0,736750000,2014-05-02,2016-05-02,1.0,37.0,2014-04-01,ws,1
7305,0,736750000,2016-05-02,2018-05-02,1.0,37.0,2016-04-01,ws,1
9918,0,736750000,2018-05-02,2019-11-02,1.0,37.0,2018-04-01,ws,1
12431,0,736750000,2019-11-02,2020-05-02,1.0,35.0,2019-10-01,ws,1
15105,0,736750000,2020-05-02,2022-05-02,1.0,35.0,2020-04-01,ws,1
21812,0,736750000,2022-05-02,2024-07-02,1.0,35.0,2022-04-01,ws,1
25903,0,736750000,2024-07-02,2025-06-30,1.0,35.0,2024-06-01,ws,1
803,0,736760000,2010-01-01,2012-05-02,1.0,25.0,2012-04-01,bdm,0
2078,0,736760000,2012-05-02,2014-05-02,1.0,25.0,2012-04-01,ws,1
4654,0,736760000,2014-05-02,2016-05-02,1.0,25.0,2014-04-01,ws,1
7306,0,736760000,2016-05-02,2018-05-02,1.0,25.0,2016-04-01,ws,1
9919,0,736760000,2018-05-02,2019-11-02,1.0,25.0,2018-04-01,ws,1
12432,0,736760000,2019-11-02,2020-05-02,1.0,25.0,2019-10-01,ws,1
15106,0,736760000,2020-05-02,2022-05-02,1.0,25.0,2020-04-01,ws,1
21813,0,736760000,2022-05-02,2024-07-02,1.0,25.0,2022-04-01,ws,1
25904,0,736760000,2024-07-02,2025-06-30,1.0,25.0,2024-06-01,ws,1
804,5,736770000,2010-01-01,2012-05-02,1.0,1040.0,2012-04-01,bdm,0
2079,0,736770000,2012-05-02,2014-05-02,1.0,1040.0,2012-04-01,ws,1
4655,0,736770000,2014-05-02,2016-05-02,1.0,1060.0,2014-04-01,ws,1
7307,0,736770000,2016-05-02,2018-05-02,1.0,1060.0,2016-04-01,ws,1
9920,0,736770000,2018-05-02,2019-11-02,1.0,1060.0,2018-04-01,ws,1
12433,0,736770000,2019-11-02,2020-05-02,1.0,1080.0,2019-10-01,ws,1
15107,0,736770000,2020-05-02,2022-05-02,1.0,1080.0,2020-04-01,ws,1
21814,0,736770000,2022-05-02,2024-07-02,1.0,1080.0,2022-04-01,ws,1
25905,0,736770000,2024-07-02,2025-06-30,1.0,1080.0,2024-06-01,ws,1
805,5,736780000,2010-01-01,2012-05-02,1.0,139.0,2012-04-01,bdm,0
2080,0,736780000,2012-05-02,2014-05-02,1.0,139.0,2012-04-01,ws,1
4656,0,736780000,2014-05-02,2016-05-02,1.0,139.0,2014-04-01,ws,1
7308,0,736780000,2016-05-02,2018-05-02,1.0,139.0,2016-04-01,ws,1
9921,0,736780000,2018-05-02,2019-11-02,1.0,139.0,2018-04-01,ws,1
12434,0,736780000,2019-11-02,2020-05-02,1.0,142.0,2019-10-01,ws,1
15108,0,736780000,2020-05-02,2022-05-02,1.0,142.0,2020-04-01,ws,1
21815,0,736780000,2022-05-02,2024-07-02,1.0,142.0,2022-04-01,ws,1
25906,0,736780000,2024-07-02,2025-06-30,1.0,142.0,2024-06-01,ws,1
806,5,736790000,2010-01-01,2012-05-02,1.0,317.0,2012-04-01,bdm,0
2081,0,736790000,2012-05-02,2014-05-02,1.0,317.0,2012-04-01,ws,1
4657,0,736790000,2014-05-02,2016-05-02,1.0,326.0,2014-04-01,ws,1
7309,0,736790000,2016-05-02,2018-05-02,1.0,326.0,2016-04-01,ws,1
9922,0,736790000,2018-05-02,2019-11-02,1.0,303.0,2018-04-01,ws,1
12435,0,736790000,2019-11-02,2020-05-02,1.0,309.0,2019-10-01,ws,1
15109,0,736790000,2020-05-02,2022-05-02,1.0,309.0,2020-04-01,ws,1
21816,0,736790000,2022-05-02,2024-07-02,1.0,309.0,2022-04-01,ws,1
25907,0,736790000,2024-07-02,2025-06-30,1.0,309.0,2024-06-01,ws,1
807,5,736800000,2010-01-01,2012-05-02,1.0,22700.0,2012-04-01,bdm,0
2082,0,736800000,2012-05-02,2014-05-02,1.0,22700.0,2012-04-01,ws,1
4658,0,736800000,2014-05-02,2016-05-02,1.0,22700.0,2014-04-01,ws,1
7310,0,736800000,2016-05-02,2018-05-02,1.0,22300.0,2016-04-01,ws,1
9923,0,736800000,2018-05-02,2019-11-02,1.0,22000.0,2018-04-01,ws,1
12436,0,736800000,2019-11-02,2020-05-02,1.0,22400.0,2019-10-01,ws,1
15110,0,736800000,2020-05-02,2022-05-02,1.0,22400.0,2020-04-01,ws,1
21817,0,736800000,2022-05-02,2024-07-02,1.0,22400.0,2022-04-01,ws,1
25908,0,736800000,2024-07-02,2025-06-30,1.0,22400.0,2024-06-01,ws,1
808,0,736810000,2010-01-01,2012-05-02,1.0,41700.0,2012-04-01,bdm,0
2083,0,736810000,2012-05-02,2014-05-02,1.0,41700.0,2012-04-01,ws,1
4659,0,736810000,2014-05-02,2016-05-02,1.0,42800.0,2014-04-01,ws,1
7311,0,736810000,2016-05-02,2018-05-02,1.0,42800.0,2016-04-01,ws,1
9924,0,736810000,2018-05-02,2019-11-02,1.0,42800.0,2018-04-01,ws,1
12437,0,736810000,2019-11-02,2020-05-02,1.0,43600.0,2019-10-01,ws,1
15111,0,736810000,2020-05-02,2022-05-02,1.0,43600.0,2020-04-01,ws,1
21818,0,736810000,2022-05-02,2024-07-02,1.0,43600.0,2022-04-01,ws,1
25909,0,736810000,2024-07-02,2025-06-30,1.0,43600.0,2024-06-01,ws,1
809,5,736820000,2010-01-01,2012-05-02,1.0,21400.0,2012-04-01,bdm,0
2084,0,736820000,2012-05-02,2014-05-02,1.0,21400.0,2012-04-01,ws,1
4660,0,736820000,2014-05-02,2016-05-02,1.0,21200.0,2014-04-01,ws,1
7312,0,736820000,2016-05-02,2018-05-02,1.0,20700.0,2016-04-01,ws,1
9925,0,736820000,2018-05-02,2019-11-02,1.0,20400.0,2018-04-01,ws,1
12438,0,736820000,2019-11-02,2020-05-02,1.0,20800.0,2019-10-01,ws,1
15112,0,736820000,2020-05-02,2022-05-02,1.0,20800.0,2020-04-01,ws,1
21819,0,736820000,2022-05-02,2024-07-02,1.0,20800.0,2022-04-01,ws,1
25910,0,736820000,2024-07-02,2025-06-30,1.0,20800.0,2024-06-01,ws,1
810,0,736830000,2010-01-01,2012-05-02,1.0,49100.0,2012-04-01,bdm,0
2085,0,736830000,2012-05-02,2014-05-02,1.0,49100.0,2012-04-01,ws,1
4661,0,736830000,2014-05-02,2016-05-02,1.0,48500.0,2014-04-01,ws,1
7313,0,736830000,2016-05-02,2018-05-02,1.0,47800.0,2016-04-01,ws,1
9926,0,736830000,2018-05-02,2019-11-02,1.0,45800.0,2018-04-01,ws,1
12439,0,736830000,2019-11-02,2020-05-02,1.0,46600.0,2019-10-01,ws,1
15113,0,736830000,2020-05-02,2022-05-02,1.0,46600.0,2020-04-01,ws,1
21820,0,736830000,2022-05-02,2024-07-02,1.0,46600.0,2022-04-01,ws,1
25911,0,736830000,2024-07-02,2025-06-30,1.0,46600.0,2024-06-01,ws,1
811,0,736840000,2010-01-01,2012-05-02,1.0,181000.0,2012-04-01,bdm,0
2086,0,736840000,2012-05-02,2014-05-02,1.0,181000.0,2012-04-01,ws,1
4662,0,736840000,2014-05-02,2016-05-02,1.0,181000.0,2014-04-01,ws,1
7314,0,736840000,2016-05-02,2018-05-02,1.0,179000.0,2016-04-01,ws,1
9927,0,736840000,2018-05-02,2019-11-02,1.0,175000.0,2018-04-01,ws,1
12440,0,736840000,2019-11-02,2020-05-02,1.0,178000.0,2019-10-01,ws,1
15114,0,736840000,2020-05-02,2022-05-02,1.0,178000.0,2020-04-01,ws,1
21821,0,736840000,2022-05-02,2024-07-02,1.0,178000.0,2022-04-01,ws,1
25912,0,736840000,2024-07-02,2025-06-30,1.0,178000.0,2024-06-01,ws,1
812,5,736850000,2010-01-01,2012-05-02,1.0,30400.0,2012-04-01,bdm,0
2087,0,736850000,2012-05-02,2014-05-02,1.0,30400.0,2012-04-01,ws,1
4663,0,736850000,2014-05-02,2016-05-02,1.0,30700.0,2014-04-01,ws,1
7315,0,736850000,2016-05-02,2018-05-02,1.0,30600.0,2016-04-01,ws,1
9928,0,736850000,2018-05-02,2019-11-02,1.0,30200.0,2018-04-01,ws,1
12441,0,736850000,2019-11-02,2020-05-02,1.0,30800.0,2019-10-01,ws,1
15115,0,736850000,2020-05-02,2022-05-02,1.0,30800.0,2020-04-01,ws,1
21822,0,736850000,2022-05-02,2024-07-02,1.0,30800.0,2022-04-01,ws,1
25913,0,736850000,2024-07-02,2025-06-30,1.0,30800.0,2024-06-01,ws,1
813,0,736860000,2010-01-01,2012-05-02,1.0,26100.0,2012-04-01,bdm,0
2088,0,736860000,2012-05-02,2014-05-02,1.0,26100.0,2012-04-01,ws,1
4664,0,736860000,2014-05-02,2016-05-02,1.0,26500.0,2014-04-01,ws,1
7316,0,736860000,2016-05-02,2018-05-02,1.0,26500.0,2016-04-01,ws,1
9929,0,736860000,2018-05-02,2019-11-02,1.0,26500.0,2018-04-01,ws,1
12442,0,736860000,2019-11-02,2020-05-02,1.0,27000.0,2019-10-01,ws,1
15116,0,736860000,2020-05-02,2022-05-02,1.0,27000.0,2020-04-01,ws,1
21823,0,736860000,2022-05-02,2024-07-02,1.0,27000.0,2022-04-01,ws,1
25914,0,736860000,2024-07-02,2025-06-30,1.0,27000.0,2024-06-01,ws,1
814,0,736870000,2010-01-01,2012-05-02,1.0,7900.0,2012-04-01,bdm,0
2089,0,736870000,2012-05-02,2014-05-02,1.0,7900.0,2012-04-01,ws,1
4665,0,736870000,2014-05-02,2016-05-02,1.0,7830.0,2014-04-01,ws,1
7317,0,736870000,2016-05-02,2018-05-02,1.0,7690.0,2016-04-01,ws,1
9930,0,736870000,2018-05-02,2019-11-02,1.0,7490.0,2018-04-01,ws,1
12443,0,736870000,2019-11-02,2020-05-02,1.0,7630.0,2019-10-01,ws,1
15117,0,736870000,2020-05-02,2022-05-02,1.0,7630.0,2020-04-01,ws,1
21824,0,736870000,2022-05-02,2024-07-02,1.0,7630.0,2022-04-01,ws,1
25915,0,736870000,2024-07-02,2025-06-30,1.0,7630.0,2024-06-01,ws,1
815,5,736880000,2010-01-01,2012-05-02,1.0,12700.0,2012-04-01,bdm,0
2090,0,736880000,2012-05-02,2014-05-02,1.0,12700.0,2012-04-01,ws,1
4666,0,736880000,2014-05-02,2016-05-02,1.0,12800.0,2014-04-01,ws,1
7318,0,736880000,2016-05-02,2018-05-02,1.0,12200.0,2016-04-01,ws,1
9931,0,736880000,2018-05-02,2019-11-02,1.0,12200.0,2018-04-01,ws,1
12444,0,736880000,2019-11-02,2020-05-02,1.0,12400.0,2019-10-01,ws,1
15118,0,736880000,2020-05-02,2022-05-02,1.0,12400.0,2020-04-01,ws,1
21825,0,736880000,2022-05-02,2024-07-02,1.0,12400.0,2022-04-01,ws,1
25916,0,736880000,2024-07-02,2025-06-30,1.0,12400.0,2024-06-01,ws,1
816,0,736890000,2010-01-01,2012-05-02,1.0,67600.0,2012-04-01,bdm,0
2091,0,736890000,2012-05-02,2014-05-02,1.0,67600.0,2012-04-01,ws,1
4667,0,736890000,2014-05-02,2016-05-02,1.0,67100.0,2014-04-01,ws,1
7319,0,736890000,2016-05-02,2018-05-02,1.0,65900.0,2016-04-01,ws,1
9932,0,736890000,2018-05-02,2019-11-02,1.0,64100.0,2018-04-01,ws,1
12445,0,736890000,2019-11-02,2020-05-02,1.0,65300.0,2019-10-01,ws,1
15119,0,736890000,2020-05-02,2022-05-02,1.0,65300.0,2020-04-01,ws,1
21826,0,736890000,2022-05-02,2024-07-02,1.0,64300.0,2022-04-01,ws,1
25917,0,736890000,2024-07-02,2025-06-30,1.0,64300.0,2024-06-01,ws,1
817,5,736900000,2010-01-01,2012-05-02,1.0,59700.0,2012-04-01,bdm,0
2092,0,736900000,2012-05-02,2014-05-02,1.0,59700.0,2012-04-01,ws,1
4668,0,736900000,2014-05-02,2016-05-02,1.0,60900.0,2014-04-01,ws,1
7320,0,736900000,2016-05-02,2018-05-02,1.0,58100.0,2016-04-01,ws,1
9933,0,736900000,2018-05-02,2019-11-02,1.0,57300.0,2018-04-01,ws,1
12446,0,736900000,2019-11-02,2020-05-02,1.0,58300.0,2019-10-01,ws,1
15120,0,736900000,2020-05-02,2022-05-02,1.0,58300.0,2020-04-01,ws,1
21827,0,736900000,2022-05-02,2024-07-02,1.0,53400.0,2022-04-01,ws,1
25918,0,736900000,2024-07-02,2025-06-30,1.0,53400.0,2024-06-01,ws,1
818,5,736910000,2010-01-01,2012-05-02,1.0,168000.0,2012-04-01,bdm,0
2093,0,736910000,2012-05-02,2014-05-02,1.0,168000.0,2012-04-01,ws,1
4669,0,736910000,2014-05-02,2016-05-02,1.0,172000.0,2014-04-01,ws,1
7321,0,736910000,2016-05-02,2018-05-02,1.0,172000.0,2016-04-01,ws,1
9934,0,736910000,2018-05-02,2019-11-02,1.0,172000.0,2018-04-01,ws,1
12447,0,736910000,2019-11-02,2020-05-02,1.0,175000.0,2019-10-01,ws,1
15121,0,736910000,2020-05-02,2022-05-02,1.0,175000.0,2020-04-01,ws,1
21828,0,736910000,2022-05-02,2024-07-02,1.0,175000.0,2022-04-01,ws,1
25919,0,736910000,2024-07-02,2025-06-30,1.0,186000.0,2024-06-01,ws,1
819,0,736920000,2010-01-01,2012-05-02,1.0,23200.0,2012-04-01,bdm,0
2094,0,736920000,2012-05-02,2014-05-02,1.0,23200.0,2012-04-01,ws,1
4670,0,736920000,2014-05-02,2016-05-02,1.0,23800.0,2014-04-01,ws,1
7322,0,736920000,2016-05-02,2018-05-02,1.0,23800.0,2016-04-01,ws,1
9935,0,736920000,2018-05-02,2019-11-02,1.0,23800.0,2018-04-01,ws,1
12448,0,736920000,2019-11-02,2020-05-02,1.0,24200.0,2019-10-01,ws,1
15122,0,736920000,2020-05-02,2022-05-02,1.0,24200.0,2020-04-01,ws,1
21829,0,736920000,2022-05-02,2024-07-02,1.0,24200.0,2022-04-01,ws,1
25920,0,736920000,2024-07-02,2025-06-30,1.0,24200.0,2024-06-01,ws,1
820,0,736930000,2010-01-01,2012-05-02,1.0,25600.0,2012-04-01,bdm,0
2095,0,736930000,2012-05-02,2014-05-02,1.0,25600.0,2012-04-01,ws,1
4671,0,736930000,2014-05-02,2016-05-02,1.0,26300.0,2014-04-01,ws,1
7323,0,736930000,2016-05-02,2018-05-02,1.0,26300.0,2016-04-01,ws,1
9936,0,736930000,2018-05-02,2019-11-02,1.0,26300.0,2018-04-01,ws,1
12449,0,736930000,2019-11-02,2020-05-02,1.0,25600.0,2019-10-01,ws,1
15123,0,736930000,2020-05-02,2022-05-02,1.0,25600.0,2020-04-01,ws,1
21830,0,736930000,2022-05-02,2024-07-02,1.0,25600.0,2022-04-01,ws,1
25921,0,736930000,2024-07-02,2025-06-30,1.0,25600.0,2024-06-01,ws,1
821,0,736940000,2010-01-01,2012-05-02,1.0,4610.0,2012-04-01,bdm,0
2096,0,736940000,2012-05-02,2014-05-02,1.0,4610.0,2012-04-01,ws,1
4672,0,736940000,2014-05-02,2016-05-02,1.0,4740.0,2014-04-01,ws,1
7324,0,736940000,2016-05-02,2018-05-02,1.0,4740.0,2016-04-01,ws,1
9937,0,736940000,2018-05-02,2019-11-02,1.0,4740.0,2018-04-01,ws,1
12450,0,736940000,2019-11-02,2020-05-02,1.0,4830.0,2019-10-01,ws,1
15124,0,736940000,2020-05-02,2022-05-02,1.0,4830.0,2020-04-01,ws,1
21831,0,736940000,2022-05-02,2024-07-02,1.0,4830.0,2022-04-01,ws,1
25922,0,736940000,2024-07-02,2025-06-30,1.0,4830.0,2024-06-01,ws,1
822,5,736950000,2010-01-01,2012-05-02,1.0,132000.0,2012-04-01,bdm,0
2097,0,736950000,2012-05-02,2014-05-02,1.0,132000.0,2012-04-01,ws,1
4673,0,736950000,2014-05-02,2016-05-02,1.0,122000.0,2014-04-01,ws,1
7325,0,736950000,2016-05-02,2018-05-02,1.0,114000.0,2016-04-01,ws,1
9938,0,736950000,2018-05-02,2019-11-02,1.0,100000.0,2018-04-01,ws,1
12451,0,736950000,2019-11-02,2020-05-02,1.0,92500.0,2019-10-01,ws,1
15125,0,736950000,2020-05-02,2022-05-02,1.0,88600.0,2020-04-01,ws,1
21832,0,736950000,2022-05-02,2024-07-02,1.0,79000.0,2022-04-01,ws,1
25923,0,736950000,2024-07-02,2025-06-30,1.0,71100.0,2024-06-01,ws,1
823,5,736960000,2010-01-01,2012-05-02,1.0,199000.0,2012-04-01,bdm,0
2098,0,736960000,2012-05-02,2014-05-02,1.0,199000.0,2012-04-01,ws,1
4674,0,736960000,2014-05-02,2016-05-02,1.0,172000.0,2014-04-01,ws,1
7326,0,736960000,2016-05-02,2018-05-02,1.0,154000.0,2016-04-01,ws,1
9939,0,736960000,2018-05-02,2019-11-02,1.0,133000.0,2018-04-01,ws,1
12452,0,736960000,2019-11-02,2020-05-02,1.0,126000.0,2019-10-01,ws,1
15126,0,736960000,2020-05-02,2022-05-02,1.0,114000.0,2020-04-01,ws,1
21833,0,736960000,2022-05-02,2024-07-02,1.0,106000.0,2022-04-01,ws,1
25924,0,736960000,2024-07-02,2025-06-30,1.0,106000.0,2024-06-01,ws,1
824,5,736970000,2010-01-01,2012-05-02,1.0,131000.0,2012-04-01,bdm,0
2099,0,736970000,2012-05-02,2014-05-02,1.0,131000.0,2012-04-01,ws,1
4675,0,736970000,2014-05-02,2016-05-02,1.0,117000.0,2014-04-01,ws,1
7327,0,736970000,2016-05-02,2018-05-02,1.0,104000.0,2016-04-01,ws,1
9940,0,736970000,2018-05-02,2019-11-02,1.0,96300.0,2018-04-01,ws,1
12453,0,736970000,2019-11-02,2020-05-02,1.0,93000.0,2019-10-01,ws,1
15127,0,736970000,2020-05-02,2022-05-02,1.0,87900.0,2020-04-01,ws,1
21834,0,736970000,2022-05-02,2024-07-02,1.0,85500.0,2022-04-01,ws,1
25925,0,736970000,2024-07-02,2025-06-30,1.0,81700.0,2024-06-01,ws,1
825,5,736980000,2010-01-01,2012-05-02,1.0,168000.0,2012-04-01,bdm,0
2100,0,736980000,2012-05-02,2014-05-02,1.0,168000.0,2012-04-01,ws,1
4676,0,736980000,2014-05-02,2016-05-02,1.0,149000.0,2014-04-01,ws,1
7328,0,736980000,2016-05-02,2018-05-02,1.0,135000.0,2016-04-01,ws,1
9941,0,736980000,2018-05-02,2019-11-02,1.0,120000.0,2018-04-01,ws,1
12454,0,736980000,2019-11-02,2020-05-02,1.0,115000.0,2019-10-01,ws,1
15128,0,736980000,2020-05-02,2022-05-02,1.0,113000.0,2020-04-01,ws,1
21835,0,736980000,2022-05-02,2024-07-02,1.0,102000.0,2022-04-01,ws,1
25926,0,736980000,2024-07-02,2025-06-30,1.0,95500.0,2024-06-01,ws,1
826,5,736990000,2010-01-01,2012-05-02,1.0,30800.0,2012-04-01,bdm,0
2101,0,736990000,2012-05-02,2014-05-02,1.0,30800.0,2012-04-01,ws,1
4677,0,736990000,2014-05-02,2016-05-02,1.0,28800.0,2014-04-01,ws,1
7329,0,736990000,2016-05-02,2018-05-02,1.0,27600.0,2016-04-01,ws,1
9942,0,736990000,2018-05-02,2019-11-02,1.0,26600.0,2018-04-01,ws,1
12455,0,736990000,2019-11-02,2020-05-02,1.0,27100.0,2019-10-01,ws,1
15129,0,736990000,2020-05-02,2022-05-02,1.0,26400.0,2020-04-01,ws,1
21836,0,736990000,2022-05-02,2024-07-02,1.0,26400.0,2022-04-01,ws,1
25927,0,736990000,2024-07-02,2025-06-30,1.0,26400.0,2024-06-01,ws,1
827,5,737000000,2010-01-01,2012-05-02,1.0,5850.0,2012-04-01,bdm,0
2102,0,737000000,2012-05-02,2014-05-02,1.0,5850.0,2012-04-01,ws,1
4678,0,737000000,2014-05-02,2016-05-02,1.0,5260.0,2014-04-01,ws,1
7330,0,737000000,2016-05-02,2018-05-02,1.0,4610.0,2016-04-01,ws,1
9943,0,737000000,2018-05-02,2019-11-02,1.0,4170.0,2018-04-01,ws,1
12456,0,737000000,2019-11-02,2020-05-02,1.0,3860.0,2019-10-01,ws,1
15130,0,737000000,2020-05-02,2022-05-02,1.0,3830.0,2020-04-01,ws,1
21837,0,737000000,2022-05-02,2024-07-02,1.0,3470.0,2022-04-01,ws,1
25928,0,737000000,2024-07-02,2025-06-30,1.0,3200.0,2024-06-01,ws,1
828,5,737010000,2010-01-01,2012-05-02,1.0,21800.0,2012-04-01,bdm,0
2103,0,737010000,2012-05-02,2014-05-02,1.0,21800.0,2012-04-01,ws,1
4679,0,737010000,2014-05-02,2016-05-02,1.0,20000.0,2014-04-01,ws,1
7331,0,737010000,2016-05-02,2018-05-02,1.0,18400.0,2016-04-01,ws,1
9944,0,737010000,2018-05-02,2019-11-02,1.0,16800.0,2018-04-01,ws,1
12457,0,737010000,2019-11-02,2020-05-02,1.0,16000.0,2019-10-01,ws,1
15131,0,737010000,2020-05-02,2022-05-02,1.0,15600.0,2020-04-01,ws,1
21838,0,737010000,2022-05-02,2024-07-02,1.0,15100.0,2022-04-01,ws,1
25929,0,737010000,2024-07-02,2025-06-30,1.0,14400.0,2024-06-01,ws,1
829,5,737020000,2010-01-01,2012-05-02,1.0,72800.0,2012-04-01,bdm,0
2104,0,737020000,2012-05-02,2014-05-02,1.0,72800.0,2012-04-01,ws,1
4680,0,737020000,2014-05-02,2016-05-02,1.0,66200.0,2014-04-01,ws,1
7332,0,737020000,2016-05-02,2018-05-02,1.0,61000.0,2016-04-01,ws,1
9945,0,737020000,2018-05-02,2019-11-02,1.0,54900.0,2018-04-01,ws,1
12458,0,737020000,2019-11-02,2020-05-02,1.0,52100.0,2019-10-01,ws,1
15132,0,737020000,2020-05-02,2022-05-02,1.0,51000.0,2020-04-01,ws,1
21839,0,737020000,2022-05-02,2024-07-02,1.0,46800.0,2022-04-01,ws,1
25930,0,737020000,2024-07-02,2025-06-30,1.0,43100.0,2024-06-01,ws,1
830,5,737030000,2010-01-01,2012-05-02,1.0,101000.0,2012-04-01,bdm,0
2105,0,737030000,2012-05-02,2014-05-02,1.0,101000.0,2012-04-01,ws,1
4681,0,737030000,2014-05-02,2016-05-02,1.0,92500.0,2014-04-01,ws,1
7333,0,737030000,2016-05-02,2018-05-02,1.0,87800.0,2016-04-01,ws,1
9946,0,737030000,2018-05-02,2019-11-02,1.0,79500.0,2018-04-01,ws,1
12459,0,737030000,2019-11-02,2020-05-02,1.0,75500.0,2019-10-01,ws,1
15133,0,737030000,2020-05-02,2022-05-02,1.0,73400.0,2020-04-01,ws,1
21840,0,737030000,2022-05-02,2024-07-02,1.0,66100.0,2022-04-01,ws,1
25931,0,737030000,2024-07-02,2025-06-30,1.0,64000.0,2024-06-01,ws,1
831,5,737040000,2010-01-01,2012-05-02,1.0,219000.0,2012-04-01,bdm,0
2106,0,737040000,2012-05-02,2014-05-02,1.0,219000.0,2012-04-01,ws,1
4682,0,737040000,2014-05-02,2016-05-02,1.0,204000.0,2014-04-01,ws,1
7334,0,737040000,2016-05-02,2018-05-02,1.0,191000.0,2016-04-01,ws,1
9947,0,737040000,2018-05-02,2019-11-02,1.0,177000.0,2018-04-01,ws,1
12460,0,737040000,2019-11-02,2020-05-02,1.0,168000.0,2019-10-01,ws,1
15134,0,737040000,2020-05-02,2022-05-02,1.0,167000.0,2020-04-01,ws,1
21841,0,737040000,2022-05-02,2024-07-02,1.0,152000.0,2022-04-01,ws,1
25932,0,737040000,2024-07-02,2025-06-30,1.0,145000.0,2024-06-01,ws,1
832,5,737050000,2010-01-01,2012-05-02,1.0,404000.0,2012-04-01,bdm,0
2107,0,737050000,2012-05-02,2014-05-02,1.0,404000.0,2012-04-01,ws,1
4683,0,737050000,2014-05-02,2016-05-02,1.0,396000.0,2014-04-01,ws,1
7335,0,737050000,2016-05-02,2018-05-02,1.0,396000.0,2016-04-01,ws,1
9948,0,737050000,2018-05-02,2019-11-02,1.0,396000.0,2018-04-01,ws,1
12461,0,737050000,2019-11-02,2020-05-02,1.0,403000.0,2019-10-01,ws,1
15135,0,737050000,2020-05-02,2022-05-02,1.0,403000.0,2020-04-01,ws,1
21842,0,737050000,2022-05-02,2024-07-02,1.0,403000.0,2022-04-01,ws,1
25933,0,737050000,2024-07-02,2025-06-30,1.0,403000.0,2024-06-01,ws,1
833,0,737060000,2010-01-01,2012-05-02,1.0,4280.0,2012-04-01,bdm,0
2108,0,737060000,2012-05-02,2014-05-02,1.0,4280.0,2012-04-01,ws,1
4684,0,737060000,2014-05-02,2016-05-02,1.0,4400.0,2014-04-01,ws,1
7336,0,737060000,2016-05-02,2018-05-02,1.0,4400.0,2016-04-01,ws,1
9949,0,737060000,2018-05-02,2019-11-02,1.0,4400.0,2018-04-01,ws,1
12462,0,737060000,2019-11-02,2020-05-02,1.0,4480.0,2019-10-01,ws,1
15136,0,737060000,2020-05-02,2022-05-02,1.0,4480.0,2020-04-01,ws,1
21843,0,737060000,2022-05-02,2024-07-02,1.0,4480.0,2022-04-01,ws,1
25934,0,737060000,2024-07-02,2025-06-30,1.0,4480.0,2024-06-01,ws,1
834,5,737070000,2010-01-01,2012-05-02,1.0,4450.0,2012-04-01,bdm,0
2109,0,737070000,2012-05-02,2014-05-02,1.0,4450.0,2012-04-01,ws,1
4685,0,737070000,2014-05-02,2016-05-02,1.0,4570.0,2014-04-01,ws,1
7337,0,737070000,2016-05-02,2018-05-02,1.0,4460.0,2016-04-01,ws,1
9950,0,737070000,2018-05-02,2019-11-02,1.0,4250.0,2018-04-01,ws,1
12463,0,737070000,2019-11-02,2020-05-02,1.0,4300.0,2019-10-01,ws,1
15137,0,737070000,2020-05-02,2022-05-02,1.0,4300.0,2020-04-01,ws,1
21844,0,737070000,2022-05-02,2024-07-02,1.0,3910.0,2022-04-01,ws,1
25935,0,737070000,2024-07-02,2025-06-30,1.0,3910.0,2024-06-01,ws,1
835,5,737080000,2010-01-01,2012-05-02,1.0,2760.0,2012-04-01,bdm,0
2110,0,737080000,2012-05-02,2014-05-02,1.0,2760.0,2012-04-01,ws,1
4686,0,737080000,2014-05-02,2016-05-02,1.0,2750.0,2014-04-01,ws,1
7338,0,737080000,2016-05-02,2018-05-02,1.0,2720.0,2016-04-01,ws,1
9951,0,737080000,2018-05-02,2019-11-02,1.0,2720.0,2018-04-01,ws,1
12464,0,737080000,2019-11-02,2020-05-02,1.0,2510.0,2019-10-01,ws,1
15138,0,737080000,2020-05-02,2022-05-02,1.0,2510.0,2020-04-01,ws,1
21845,0,737080000,2022-05-02,2024-07-02,1.0,2510.0,2022-04-01,ws,1
25936,0,737080000,2024-07-02,2025-06-30,1.0,2510.0,2024-06-01,ws,1
836,5,737090000,2010-01-01,2012-05-02,1.0,7180.0,2012-04-01,bdm,0
2111,0,737090000,2012-05-02,2014-05-02,1.0,7180.0,2012-04-01,ws,1
4687,0,737090000,2014-05-02,2016-05-02,1.0,6850.0,2014-04-01,ws,1
7339,0,737090000,2016-05-02,2018-05-02,1.0,6630.0,2016-04-01,ws,1
9952,0,737090000,2018-05-02,2019-11-02,1.0,6380.0,2018-04-01,ws,1
12465,0,737090000,2019-11-02,2020-05-02,1.0,6500.0,2019-10-01,ws,1
15139,0,737090000,2020-05-02,2022-05-02,1.0,6500.0,2020-04-01,ws,1
21846,0,737090000,2022-05-02,2024-07-02,1.0,6500.0,2022-04-01,ws,1
25937,0,737090000,2024-07-02,2025-06-30,1.0,6500.0,2024-06-01,ws,1
837,0,737100000,2010-01-01,2012-05-02,1.0,72600.0,2012-04-01,bdm,0
2112,0,737100000,2012-05-02,2014-05-02,1.0,72600.0,2012-04-01,ws,1
4688,0,737100000,2014-05-02,2016-05-02,1.0,70100.0,2014-04-01,ws,1
7340,0,737100000,2016-05-02,2018-05-02,1.0,68600.0,2016-04-01,ws,1
9953,0,737100000,2018-05-02,2019-11-02,1.0,65700.0,2018-04-01,ws,1
12466,0,737100000,2019-11-02,2020-05-02,1.0,66900.0,2019-10-01,ws,1
15140,0,737100000,2020-05-02,2022-05-02,1.0,63800.0,2020-04-01,ws,1
21847,0,737100000,2022-05-02,2024-07-02,1.0,63100.0,2022-04-01,ws,1
25938,0,737100000,2024-07-02,2025-06-30,1.0,61700.0,2024-06-01,ws,1
838,5,737110000,2010-01-01,2012-05-02,1.0,54600.0,2012-04-01,bdm,0
2113,0,737110000,2012-05-02,2014-05-02,1.0,54600.0,2012-04-01,ws,1
4689,0,737110000,2014-05-02,2016-05-02,1.0,51900.0,2014-04-01,ws,1
7341,0,737110000,2016-05-02,2018-05-02,1.0,49400.0,2016-04-01,ws,1
9954,0,737110000,2018-05-02,2019-11-02,1.0,48500.0,2018-04-01,ws,1
12467,0,737110000,2019-11-02,2020-05-02,1.0,47000.0,2019-10-01,ws,1
15141,0,737110000,2020-05-02,2022-05-02,1.0,46500.0,2020-04-01,ws,1
21848,0,737110000,2022-05-02,2024-07-02,1.0,46500.0,2022-04-01,ws,1
25939,0,737110000,2024-07-02,2025-06-30,1.0,46500.0,2024-06-01,ws,1
839,5,737120000,2010-01-01,2012-05-02,1.0,83400.0,2012-04-01,bdm,0
2114,0,737120000,2012-05-02,2014-05-02,1.0,83400.0,2012-04-01,ws,1
4690,0,737120000,2014-05-02,2016-05-02,1.0,78200.0,2014-04-01,ws,1
7342,0,737120000,2016-05-02,2018-05-02,1.0,74000.0,2016-04-01,ws,1
8645,5,737120000,2018-05-02,2019-02-02,1.0,70300.0,2018-04-01,ws,1
8850,5,737120000,2019-02-02,2019-05-02,,62900.0,2019-01-01,ws,1
9955,0,737120000,2019-05-02,2019-11-02,1.0,55500.0,2019-04-01,ws,1
12468,0,737120000,2019-11-02,2020-05-02,1.0,56500.0,2019-10-01,ws,1
15142,0,737120000,2020-05-02,2022-05-02,1.0,56500.0,2020-04-01,ws,1
21849,0,737120000,2022-05-02,2024-07-02,1.0,56500.0,2022-04-01,ws,1
24611,0,737120000,2024-07-02,2025-04-02,1.0,54200.0,2024-06-01,ws,1
22065,5,737120000,2025-04-02,2025-07-02,,49600.0,2025-03-01,ws,1
840,0,737130000,2010-01-01,2012-05-02,1.0,157000.0,2012-04-01,bdm,0
2115,0,737130000,2012-05-02,2014-05-02,1.0,157000.0,2012-04-01,ws,1
4691,0,737130000,2014-05-02,2016-05-02,1.0,146000.0,2014-04-01,ws,1
7343,0,737130000,2016-05-02,2018-05-02,1.0,133000.0,2016-04-01,ws,1
9956,0,737130000,2018-05-02,2019-11-02,1.0,121000.0,2018-04-01,ws,1
12469,0,737130000,2019-11-02,2020-05-02,1.0,118000.0,2019-10-01,ws,1
15143,0,737130000,2020-05-02,2022-05-02,1.0,117000.0,2020-04-01,ws,1
21850,0,737130000,2022-05-02,2024-07-02,1.0,117000.0,2022-04-01,ws,1
25941,0,737130000,2024-07-02,2025-06-30,1.0,117000.0,2024-06-01,ws,1
8647,3,737130001,2010-01-01,2018-05-02,1.0,133000.0,2018-04-01,bsl,0
9957,0,737130001,2018-05-02,2019-11-02,1.0,133000.0,2018-04-01,ws,1
12470,0,737130001,2019-11-02,2020-05-02,1.0,135000.0,2019-10-01,ws,1
15144,0,737130001,2020-05-02,2022-05-02,1.0,134000.0,2020-04-01,ws,1
21851,0,737130001,2022-05-02,2024-07-02,1.0,134000.0,2022-04-01,ws,1
25942,0,737130001,2024-07-02,2025-06-30,1.0,134000.0,2024-06-01,ws,1
841,5,737140000,2010-01-01,2012-05-02,1.0,136000.0,2012-04-01,bdm,0
2116,0,737140000,2012-05-02,2014-05-02,1.0,136000.0,2012-04-01,ws,1
4692,0,737140000,2014-05-02,2016-05-02,1.0,132000.0,2014-04-01,ws,1
7344,0,737140000,2016-05-02,2018-05-02,1.0,130000.0,2016-04-01,ws,1
9958,0,737140000,2018-05-02,2019-11-02,1.0,119000.0,2018-04-01,ws,1
12471,0,737140000,2019-11-02,2020-05-02,1.0,113000.0,2019-10-01,ws,1
15145,0,737140000,2020-05-02,2022-05-02,1.0,110000.0,2020-04-01,ws,1
21852,0,737140000,2022-05-02,2024-07-02,1.0,106000.0,2022-04-01,ws,1
25943,0,737140000,2024-07-02,2025-06-30,1.0,106000.0,2024-06-01,ws,1
8649,3,737140001,2010-01-01,2018-05-02,1.0,122000.0,2018-04-01,bsl,0
9959,0,737140001,2018-05-02,2019-11-02,1.0,122000.0,2018-04-01,ws,1
12472,0,737140001,2019-11-02,2020-05-02,1.0,124000.0,2019-10-01,ws,1
15146,0,737140001,2020-05-02,2022-05-02,1.0,124000.0,2020-04-01,ws,1
21853,0,737140001,2022-05-02,2024-07-02,1.0,124000.0,2022-04-01,ws,1
25944,0,737140001,2024-07-02,2025-06-30,1.0,124000.0,2024-06-01,ws,1
842,5,737150000,2010-01-01,2012-05-02,1.0,76800.0,2012-04-01,bdm,0
2117,0,737150000,2012-05-02,2014-05-02,1.0,76800.0,2012-04-01,ws,1
4693,0,737150000,2014-05-02,2016-05-02,1.0,73600.0,2014-04-01,ws,1
7345,0,737150000,2016-05-02,2018-05-02,1.0,70900.0,2016-04-01,ws,1
9960,0,737150000,2018-05-02,2019-11-02,1.0,68600.0,2018-04-01,ws,1
12473,0,737150000,2019-11-02,2020-05-02,1.0,69600.0,2019-10-01,ws,1
15147,0,737150000,2020-05-02,2022-05-02,1.0,69600.0,2020-04-01,ws,1
21854,0,737150000,2022-05-02,2024-07-02,1.0,69600.0,2022-04-01,ws,1
25945,0,737150000,2024-07-02,2025-06-30,1.0,69600.0,2024-06-01,ws,1
8651,3,737150001,2010-01-01,2018-05-02,1.0,70900.0,2018-04-01,bsl,0
9961,0,737150001,2018-05-02,2019-11-02,1.0,70900.0,2018-04-01,ws,1
12474,0,737150001,2019-11-02,2020-05-02,1.0,70900.0,2019-10-01,ws,1
15148,0,737150001,2020-05-02,2022-05-02,1.0,70900.0,2020-04-01,ws,1
21855,0,737150001,2022-05-02,2024-07-02,1.0,70900.0,2022-04-01,ws,1
25946,0,737150001,2024-07-02,2025-06-30,1.0,70900.0,2024-06-01,ws,1
843,5,737160000,2010-01-01,2012-05-02,1.0,39900.0,2012-04-01,bdm,0
2118,0,737160000,2012-05-02,2014-05-02,1.0,39900.0,2012-04-01,ws,1
4694,0,737160000,2014-05-02,2016-05-02,1.0,41000.0,2014-04-01,ws,1
7346,0,737160000,2016-05-02,2018-05-02,1.0,39700.0,2016-04-01,ws,1
9962,0,737160000,2018-05-02,2019-11-02,1.0,39700.0,2018-04-01,ws,1
12475,0,737160000,2019-11-02,2020-05-02,1.0,40400.0,2019-10-01,ws,1
15149,0,737160000,2020-05-02,2022-05-02,1.0,40400.0,2020-04-01,ws,1
21856,0,737160000,2022-05-02,2024-07-02,1.0,40400.0,2022-04-01,ws,1
25947,0,737160000,2024-07-02,2025-06-30,1.0,40400.0,2024-06-01,ws,1
8653,3,737160001,2010-01-01,2018-05-02,1.0,39700.0,2018-04-01,bsl,0
9963,0,737160001,2018-05-02,2019-11-02,1.0,39700.0,2018-04-01,ws,1
12476,0,737160001,2019-11-02,2020-05-02,1.0,40400.0,2019-10-01,ws,1
15150,0,737160001,2020-05-02,2022-05-02,1.0,40400.0,2020-04-01,ws,1
21857,0,737160001,2022-05-02,2024-07-02,1.0,40400.0,2022-04-01,ws,1
25948,0,737160001,2024-07-02,2025-06-30,1.0,40400.0,2024-06-01,ws,1
844,5,737170000,2010-01-01,2012-05-02,1.0,20600.0,2012-04-01,bdm,0
2119,0,737170000,2012-05-02,2014-05-02,1.0,20600.0,2012-04-01,ws,1
4695,0,737170000,2014-05-02,2016-05-02,1.0,18300.0,2014-04-01,ws,1
7347,0,737170000,2016-05-02,2018-05-02,1.0,16200.0,2016-04-01,ws,1
9964,0,737170000,2018-05-02,2019-11-02,1.0,14800.0,2018-04-01,ws,1
12477,0,737170000,2019-11-02,2020-05-02,1.0,14600.0,2019-10-01,ws,1
15151,0,737170000,2020-05-02,2022-05-02,1.0,14600.0,2020-04-01,ws,1
21858,0,737170000,2022-05-02,2024-07-02,1.0,14600.0,2022-04-01,ws,1
25949,0,737170000,2024-07-02,2025-06-30,1.0,14600.0,2024-06-01,ws,1
845,5,737180000,2010-01-01,2012-05-02,1.0,30900.0,2012-04-01,bdm,0
2120,0,737180000,2012-05-02,2014-05-02,1.0,30900.0,2012-04-01,ws,1
4696,0,737180000,2014-05-02,2016-05-02,1.0,29400.0,2014-04-01,ws,1
7348,0,737180000,2016-05-02,2018-05-02,1.0,27200.0,2016-04-01,ws,1
9965,0,737180000,2018-05-02,2019-11-02,1.0,25900.0,2018-04-01,ws,1
12478,0,737180000,2019-11-02,2020-05-02,1.0,25400.0,2019-10-01,ws,1
15152,0,737180000,2020-05-02,2022-05-02,1.0,25200.0,2020-04-01,ws,1
21859,0,737180000,2022-05-02,2024-07-02,1.0,24900.0,2022-04-01,ws,1
25950,0,737180000,2024-07-02,2025-06-30,1.0,24000.0,2024-06-01,ws,1
846,5,737190000,2010-01-01,2012-05-02,1.0,47100.0,2012-04-01,bdm,0
2121,0,737190000,2012-05-02,2014-05-02,1.0,47100.0,2012-04-01,ws,1
4697,0,737190000,2014-05-02,2016-05-02,1.0,45700.0,2014-04-01,ws,1
7349,0,737190000,2016-05-02,2018-05-02,1.0,43800.0,2016-04-01,ws,1
9966,0,737190000,2018-05-02,2019-11-02,1.0,41700.0,2018-04-01,ws,1
12479,0,737190000,2019-11-02,2020-05-02,1.0,41100.0,2019-10-01,ws,1
15153,0,737190000,2020-05-02,2022-05-02,1.0,41100.0,2020-04-01,ws,1
21860,0,737190000,2022-05-02,2024-07-02,1.0,41100.0,2022-04-01,ws,1
25951,0,737190000,2024-07-02,2025-06-30,1.0,40600.0,2024-06-01,ws,1
847,5,737200000,2010-01-01,2012-05-02,1.0,10100.0,2012-04-01,bdm,0
2122,0,737200000,2012-05-02,2014-05-02,1.0,10100.0,2012-04-01,ws,1
4698,0,737200000,2014-05-02,2016-05-02,1.0,10100.0,2014-04-01,ws,1
7350,0,737200000,2016-05-02,2018-05-02,1.0,9670.0,2016-04-01,ws,1
9967,0,737200000,2018-05-02,2019-11-02,1.0,9420.0,2018-04-01,ws,1
12480,0,737200000,2019-11-02,2020-05-02,1.0,9050.0,2019-10-01,ws,1
15154,0,737200000,2020-05-02,2022-05-02,1.0,9050.0,2020-04-01,ws,1
21861,0,737200000,2022-05-02,2024-07-02,1.0,9030.0,2022-04-01,ws,1
25952,0,737200000,2024-07-02,2025-06-30,1.0,9030.0,2024-06-01,ws,1
848,5,737210000,2010-01-01,2012-05-02,1.0,32700.0,2012-04-01,bdm,0
2123,0,737210000,2012-05-02,2014-05-02,1.0,32700.0,2012-04-01,ws,1
4699,0,737210000,2014-05-02,2016-05-02,1.0,31400.0,2014-04-01,ws,1
7351,0,737210000,2016-05-02,2018-05-02,1.0,30000.0,2016-04-01,ws,1
9968,0,737210000,2018-05-02,2019-11-02,1.0,28600.0,2018-04-01,ws,1
12481,0,737210000,2019-11-02,2020-05-02,1.0,28200.0,2019-10-01,ws,1
15155,0,737210000,2020-05-02,2022-05-02,1.0,27800.0,2020-04-01,ws,1
21862,0,737210000,2022-05-02,2024-07-02,1.0,27400.0,2022-04-01,ws,1
25953,0,737210000,2024-07-02,2025-06-30,1.0,25200.0,2024-06-01,ws,1
849,5,737220000,2010-01-01,2012-05-02,1.0,35100.0,2012-04-01,bdm,0
2124,0,737220000,2012-05-02,2014-05-02,1.0,35100.0,2012-04-01,ws,1
4700,0,737220000,2014-05-02,2016-05-02,1.0,32600.0,2014-04-01,ws,1
7352,0,737220000,2016-05-02,2018-05-02,1.0,30500.0,2016-04-01,ws,1
9969,0,737220000,2018-05-02,2019-11-02,1.0,28100.0,2018-04-01,ws,1
12482,0,737220000,2019-11-02,2020-05-02,1.0,27600.0,2019-10-01,ws,1
15156,0,737220000,2020-05-02,2022-05-02,1.0,27000.0,2020-04-01,ws,1
21863,0,737220000,2022-05-02,2024-07-02,1.0,27000.0,2022-04-01,ws,1
25954,0,737220000,2024-07-02,2025-06-30,1.0,26800.0,2024-06-01,ws,1
850,0,737230000,2010-01-01,2012-05-02,1.0,12300.0,2012-04-01,bdm,0
2125,0,737230000,2012-05-02,2014-05-02,1.0,12300.0,2012-04-01,ws,1
4701,0,737230000,2014-05-02,2016-05-02,1.0,12600.0,2014-04-01,ws,1
7353,0,737230000,2016-05-02,2018-05-02,1.0,10800.0,2016-04-01,ws,1
9970,0,737230000,2018-05-02,2019-11-02,1.0,9290.0,2018-04-01,ws,1
12483,0,737230000,2019-11-02,2020-05-02,1.0,8950.0,2019-10-01,ws,1
15157,0,737230000,2020-05-02,2022-05-02,1.0,8950.0,2020-04-01,ws,1
21864,0,737230000,2022-05-02,2024-07-02,1.0,8950.0,2022-04-01,ws,1
25955,0,737230000,2024-07-02,2025-06-30,1.0,8950.0,2024-06-01,ws,1
851,5,737240000,2010-01-01,2012-05-02,1.0,18400.0,2012-04-01,bdm,0
2126,0,737240000,2012-05-02,2014-05-02,1.0,18400.0,2012-04-01,ws,1
3492,5,737240000,2014-05-02,2015-02-02,1.0,18300.0,2014-04-01,ws,1
2375,5,737240000,2015-02-02,2015-05-02,,17100.0,2015-01-01,ws,1
4702,0,737240000,2015-05-02,2016-05-02,1.0,15800.0,2015-04-01,ws,1
7354,0,737240000,2016-05-02,2018-05-02,1.0,15400.0,2016-04-01,ws,1
8661,5,737240000,2018-05-02,2019-02-02,1.0,14900.0,2018-04-01,ws,1
8851,5,737240000,2019-02-02,2019-05-02,,13900.0,2019-01-01,ws,1
9971,0,737240000,2019-05-02,2019-11-02,1.0,12900.0,2019-04-01,ws,1
12484,0,737240000,2019-11-02,2020-05-02,1.0,13100.0,2019-10-01,ws,1
15158,0,737240000,2020-05-02,2022-05-02,1.0,13000.0,2020-04-01,ws,1
21865,0,737240000,2022-05-02,2024-07-02,1.0,13000.0,2022-04-01,ws,1
25956,0,737240000,2024-07-02,2025-06-30,1.0,12800.0,2024-06-01,ws,1
852,5,737250000,2010-01-01,2012-05-02,1.0,4900.0,2012-04-01,bdm,0
2127,0,737250000,2012-05-02,2014-05-02,1.0,4900.0,2012-04-01,ws,1
4703,0,737250000,2014-05-02,2016-05-02,1.0,4830.0,2014-04-01,ws,1
7355,0,737250000,2016-05-02,2018-05-02,1.0,4740.0,2016-04-01,ws,1
9972,0,737250000,2018-05-02,2019-11-02,1.0,4310.0,2018-04-01,ws,1
12485,0,737250000,2019-11-02,2020-05-02,1.0,4100.0,2019-10-01,ws,1
15159,0,737250000,2020-05-02,2022-05-02,1.0,4100.0,2020-04-01,ws,1
21866,0,737250000,2022-05-02,2024-07-02,1.0,4100.0,2022-04-01,ws,1
25957,0,737250000,2024-07-02,2025-06-30,1.0,4100.0,2024-06-01,ws,1
853,5,737260000,2010-01-01,2012-05-02,1.0,17100.0,2012-04-01,bdm,0
853,5,737260000,2012-05-02,2013-02-02,1.0,17100.0,2012-04-01,ws,1
1080,5,737260000,2013-02-02,2013-05-02,,15300.0,2013-01-01,ws,1
2128,0,737260000,2013-05-02,2014-05-02,1.0,13500.0,2013-04-01,ws,1
4704,0,737260000,2014-05-02,2016-05-02,1.0,12900.0,2014-04-01,ws,1
6089,5,737260000,2016-05-02,2017-02-02,1.0,12300.0,2016-04-01,ws,1
4918,5,737260000,2017-02-02,2017-05-02,,11000.0,2017-01-01,ws,1
7356,0,737260000,2017-05-02,2018-05-02,1.0,9680.0,2017-04-01,ws,1
8663,5,737260000,2018-05-02,2019-02-02,1.0,9200.0,2018-04-01,ws,1
8852,5,737260000,2019-02-02,2019-05-02,,8230.0,2019-01-01,ws,1
9973,0,737260000,2019-05-02,2019-11-02,1.0,7260.0,2019-04-01,ws,1
12486,0,737260000,2019-11-02,2020-05-02,1.0,7390.0,2019-10-01,ws,1
15160,0,737260000,2020-05-02,2022-05-02,1.0,7110.0,2020-04-01,ws,1
21867,0,737260000,2022-05-02,2024-07-02,1.0,7110.0,2022-04-01,ws,1
25958,0,737260000,2024-07-02,2025-06-30,1.0,7110.0,2024-06-01,ws,1
854,5,737270000,2010-01-01,2012-05-02,1.0,16800.0,2012-04-01,bdm,0
2129,0,737270000,2012-05-02,2014-05-02,1.0,16800.0,2012-04-01,ws,1
4705,0,737270000,2014-05-02,2016-05-02,1.0,14900.0,2014-04-01,ws,1
7357,0,737270000,2016-05-02,2018-05-02,1.0,13300.0,2016-04-01,ws,1
9974,0,737270000,2018-05-02,2019-11-02,1.0,12100.0,2018-04-01,ws,1
12487,0,737270000,2019-11-02,2020-05-02,1.0,11900.0,2019-10-01,ws,1
15161,0,737270000,2020-05-02,2022-05-02,1.0,11900.0,2020-04-01,ws,1
21868,0,737270000,2022-05-02,2024-07-02,1.0,11900.0,2022-04-01,ws,1
25959,0,737270000,2024-07-02,2025-06-30,1.0,11900.0,2024-06-01,ws,1
855,5,737280000,2010-01-01,2012-05-02,1.0,5840.0,2012-04-01,bdm,0
2130,0,737280000,2012-05-02,2014-05-02,1.0,5840.0,2012-04-01,ws,1
4706,0,737280000,2014-05-02,2016-05-02,1.0,5480.0,2014-04-01,ws,1
7358,0,737280000,2016-05-02,2018-05-02,1.0,5170.0,2016-04-01,ws,1
9975,0,737280000,2018-05-02,2019-11-02,1.0,4810.0,2018-04-01,ws,1
12488,0,737280000,2019-11-02,2020-05-02,1.0,4560.0,2019-10-01,ws,1
15162,0,737280000,2020-05-02,2022-05-02,1.0,4560.0,2020-04-01,ws,1
21869,0,737280000,2022-05-02,2024-07-02,1.0,4560.0,2022-04-01,ws,1
25960,0,737280000,2024-07-02,2025-06-30,1.0,4560.0,2024-06-01,ws,1
856,5,737290000,2010-01-01,2012-05-02,1.0,146000.0,2012-04-01,bdm,0
2131,0,737290000,2012-05-02,2014-05-02,1.0,146000.0,2012-04-01,ws,1
4707,0,737290000,2014-05-02,2016-05-02,1.0,150000.0,2014-04-01,ws,1
7359,0,737290000,2016-05-02,2018-05-02,1.0,150000.0,2016-04-01,ws,1
9976,0,737290000,2018-05-02,2019-11-02,1.0,148000.0,2018-04-01,ws,1
12489,0,737290000,2019-11-02,2020-05-02,1.0,151000.0,2019-10-01,ws,1
15163,0,737290000,2020-05-02,2022-05-02,1.0,151000.0,2020-04-01,ws,1
21870,0,737290000,2022-05-02,2024-07-02,1.0,151000.0,2022-04-01,ws,1
25961,0,737290000,2024-07-02,2025-06-30,1.0,151000.0,2024-06-01,ws,1
857,5,737300000,2010-01-01,2012-05-02,1.0,28800.0,2012-04-01,bdm,0
2132,0,737300000,2012-05-02,2014-05-02,1.0,28800.0,2012-04-01,ws,1
4708,0,737300000,2014-05-02,2016-05-02,1.0,27800.0,2014-04-01,ws,1
7360,0,737300000,2016-05-02,2018-05-02,1.0,27100.0,2016-04-01,ws,1
9977,0,737300000,2018-05-02,2019-11-02,1.0,25900.0,2018-04-01,ws,1
12490,0,737300000,2019-11-02,2020-05-02,1.0,25500.0,2019-10-01,ws,1
15164,0,737300000,2020-05-02,2022-05-02,1.0,25500.0,2020-04-01,ws,1
21871,0,737300000,2022-05-02,2024-07-02,1.0,57900.0,2022-04-01,ws,1
25962,0,737300000,2024-07-02,2025-06-30,1.0,57900.0,2024-06-01,ws,1
858,5,737310000,2010-01-01,2012-05-02,1.0,201000.0,2012-04-01,bdm,0
2133,0,737310000,2012-05-02,2014-05-02,1.0,201000.0,2012-04-01,ws,1
4709,0,737310000,2014-05-02,2016-05-02,1.0,206000.0,2014-04-01,ws,1
7361,0,737310000,2016-05-02,2018-05-02,1.0,206000.0,2016-04-01,ws,1
9978,0,737310000,2018-05-02,2019-11-02,1.0,206000.0,2018-04-01,ws,1
12491,0,737310000,2019-11-02,2020-05-02,1.0,210000.0,2019-10-01,ws,1
15165,0,737310000,2020-05-02,2022-05-02,1.0,210000.0,2020-04-01,ws,1
21872,0,737310000,2022-05-02,2024-07-02,1.0,210000.0,2022-04-01,ws,1
25963,0,737310000,2024-07-02,2025-06-30,1.0,210000.0,2024-06-01,ws,1
859,5,737320000,2010-01-01,2012-05-02,1.0,54100.0,2012-04-01,bdm,0
2134,0,737320000,2012-05-02,2014-05-02,1.0,54100.0,2012-04-01,ws,1
4710,0,737320000,2014-05-02,2016-05-02,1.0,50300.0,2014-04-01,ws,1
7362,0,737320000,2016-05-02,2018-05-02,1.0,46600.0,2016-04-01,ws,1
9979,0,737320000,2018-05-02,2019-11-02,1.0,40900.0,2018-04-01,ws,1
12492,0,737320000,2019-11-02,2020-05-02,1.0,37800.0,2019-10-01,ws,1
15166,0,737320000,2020-05-02,2022-05-02,1.0,37800.0,2020-04-01,ws,1
21873,0,737320000,2022-05-02,2024-07-02,1.0,35300.0,2022-04-01,ws,1
25964,0,737320000,2024-07-02,2025-06-30,1.0,33800.0,2024-06-01,ws,1
860,5,737330000,2010-01-01,2012-05-02,1.0,103000.0,2012-04-01,bdm,0
860,5,737330000,2012-05-02,2013-02-02,1.0,103000.0,2012-04-01,ws,1
1081,5,737330000,2013-02-02,2013-05-02,,91800.0,2013-01-01,ws,1
2135,0,737330000,2013-05-02,2014-05-02,1.0,81000.0,2013-04-01,ws,1
4711,0,737330000,2014-05-02,2016-05-02,1.0,72500.0,2014-04-01,ws,1
7363,0,737330000,2016-05-02,2018-05-02,1.0,67500.0,2016-04-01,ws,1
9980,0,737330000,2018-05-02,2019-11-02,1.0,60500.0,2018-04-01,ws,1
12493,0,737330000,2019-11-02,2020-05-02,1.0,56100.0,2019-10-01,ws,1
15167,0,737330000,2020-05-02,2022-05-02,1.0,55200.0,2020-04-01,ws,1
21874,0,737330000,2022-05-02,2024-07-02,1.0,50900.0,2022-04-01,ws,1
25965,0,737330000,2024-07-02,2025-06-30,1.0,47700.0,2024-06-01,ws,1
861,0,737360000,2010-01-01,2012-05-02,1.0,50100.0,2012-04-01,bdm,0
2136,0,737360000,2012-05-02,2014-05-02,1.0,50100.0,2012-04-01,ws,1
4712,0,737360000,2014-05-02,2016-05-02,1.0,51500.0,2014-04-01,ws,1
7364,0,737360000,2016-05-02,2018-05-02,1.0,51500.0,2016-04-01,ws,1
9981,0,737360000,2018-05-02,2019-11-02,1.0,51500.0,2018-04-01,ws,1
12494,0,737360000,2019-11-02,2020-05-02,1.0,52500.0,2019-10-01,ws,1
15168,0,737360000,2020-05-02,2022-05-02,1.0,52500.0,2020-04-01,ws,1
21875,0,737360000,2022-05-02,2024-07-02,1.0,52500.0,2022-04-01,ws,1
25966,0,737360000,2024-07-02,2025-06-30,1.0,52500.0,2024-06-01,ws,1
862,0,737380000,2010-01-01,2012-05-02,1.0,23500.0,2012-04-01,bdm,0
2137,0,737380000,2012-05-02,2014-05-02,1.0,23500.0,2012-04-01,ws,1
4713,0,737380000,2014-05-02,2016-05-02,1.0,24100.0,2014-04-01,ws,1
7365,0,737380000,2016-05-02,2018-05-02,1.0,24100.0,2016-04-01,ws,1
9982,0,737380000,2018-05-02,2019-11-02,1.0,24100.0,2018-04-01,ws,1
12495,0,737380000,2019-11-02,2020-05-02,1.0,24500.0,2019-10-01,ws,1
15169,0,737380000,2020-05-02,2022-05-02,1.0,24500.0,2020-04-01,ws,1
21876,0,737380000,2022-05-02,2024-07-02,1.0,24500.0,2022-04-01,ws,1
25967,0,737380000,2024-07-02,2025-06-30,1.0,24500.0,2024-06-01,ws,1
863,5,737410000,2010-01-01,2012-05-02,1.0,18300.0,2012-04-01,bdm,0
2138,0,737410000,2012-05-02,2014-05-02,1.0,18300.0,2012-04-01,ws,1
4714,0,737410000,2014-05-02,2016-05-02,1.0,18300.0,2014-04-01,ws,1
7366,0,737410000,2016-05-02,2018-05-02,1.0,17000.0,2016-04-01,ws,1
9983,0,737410000,2018-05-02,2019-11-02,1.0,21800.0,2018-04-01,ws,1
12496,0,737410000,2019-11-02,2020-05-02,1.0,19400.0,2019-10-01,ws,1
15170,0,737410000,2020-05-02,2022-05-02,1.0,19400.0,2020-04-01,ws,1
21877,0,737410000,2022-05-02,2024-07-02,1.0,18400.0,2022-04-01,ws,1
25968,0,737410000,2024-07-02,2025-06-30,1.0,15600.0,2024-06-01,ws,1
8674,3,737410001,2010-01-01,2018-05-02,1.0,102000.0,2018-04-01,bsl,0
8674,3,737410001,2018-05-02,2019-02-02,1.0,102000.0,2018-04-01,ws,1
8853,5,737410001,2019-02-02,2019-05-02,,84200.0,2019-01-01,ws,1
9984,0,737410001,2019-05-02,2019-11-02,1.0,66400.0,2019-04-01,ws,1
12497,0,737410001,2019-11-02,2020-05-02,1.0,67600.0,2019-10-01,ws,1
13765,9,737410001,2020-05-02,2025-06-30,,0.0,2020-04-01,aes,2
864,5,737420000,2010-01-01,2012-05-02,1.0,123000.0,2012-04-01,bdm,0
2139,0,737420000,2012-05-02,2014-05-02,1.0,123000.0,2012-04-01,ws,1
3505,5,737420000,2014-05-02,2015-02-02,1.0,123000.0,2014-04-01,ws,1
2376,5,737420000,2015-02-02,2015-05-02,,117000.0,2015-01-01,ws,1
4715,0,737420000,2015-05-02,2016-05-02,1.0,111000.0,2015-04-01,ws,1
7367,0,737420000,2016-05-02,2018-05-02,1.0,111000.0,2016-04-01,ws,1
9985,0,737420000,2018-05-02,2019-11-02,1.0,109000.0,2018-04-01,ws,1
12498,0,737420000,2019-11-02,2020-05-02,1.0,110000.0,2019-10-01,ws,1
15171,0,737420000,2020-05-02,2022-05-02,1.0,109000.0,2020-04-01,ws,1
21878,0,737420000,2022-05-02,2024-07-02,1.0,108000.0,2022-04-01,ws,1
25969,0,737420000,2024-07-02,2025-06-30,1.0,108000.0,2024-06-01,ws,1
865,5,737440000,2010-01-01,2012-05-02,1.0,105000.0,2012-04-01,bdm,0
2140,0,737440000,2012-05-02,2014-05-02,1.0,105000.0,2012-04-01,ws,1
3506,5,737440000,2014-05-02,2015-02-02,1.0,104000.0,2014-04-01,ws,1
2377,5,737440000,2015-02-02,2015-05-02,,97300.0,2015-01-01,ws,1
4716,0,737440000,2015-05-02,2016-05-02,1.0,90200.0,2015-04-01,ws,1
7368,0,737440000,2016-05-02,2018-05-02,1.0,90200.0,2016-04-01,ws,1
9986,0,737440000,2018-05-02,2019-11-02,1.0,88500.0,2018-04-01,ws,1
12499,0,737440000,2019-11-02,2020-05-02,1.0,89100.0,2019-10-01,ws,1
15172,0,737440000,2020-05-02,2022-05-02,1.0,88800.0,2020-04-01,ws,1
21879,0,737440000,2022-05-02,2024-07-02,1.0,88700.0,2022-04-01,ws,1
25970,0,737440000,2024-07-02,2025-06-30,1.0,88700.0,2024-06-01,ws,1
866,5,737450000,2010-01-01,2012-05-02,1.0,45600.0,2012-04-01,bdm,0
2141,0,737450000,2012-05-02,2014-05-02,1.0,45600.0,2012-04-01,ws,1
4717,0,737450000,2014-05-02,2016-05-02,1.0,44900.0,2014-04-01,ws,1
7369,0,737450000,2016-05-02,2018-05-02,1.0,44000.0,2016-04-01,ws,1
9987,0,737450000,2018-05-02,2019-11-02,1.0,42900.0,2018-04-01,ws,1
12500,0,737450000,2019-11-02,2020-05-02,1.0,43100.0,2019-10-01,ws,1
15173,0,737450000,2020-05-02,2022-05-02,1.0,42900.0,2020-04-01,ws,1
21880,0,737450000,2022-05-02,2024-07-02,1.0,42800.0,2022-04-01,ws,1
25971,0,737450000,2024-07-02,2025-06-30,1.0,42800.0,2024-06-01,ws,1
867,5,737460000,2010-01-01,2012-05-02,1.0,12700.0,2012-04-01,bdm,0
2142,0,737460000,2012-05-02,2014-05-02,1.0,12700.0,2012-04-01,ws,1
4718,0,737460000,2014-05-02,2016-05-02,1.0,12400.0,2014-04-01,ws,1
7370,0,737460000,2016-05-02,2018-05-02,1.0,12100.0,2016-04-01,ws,1
9988,0,737460000,2018-05-02,2019-11-02,1.0,11700.0,2018-04-01,ws,1
12501,0,737460000,2019-11-02,2020-05-02,1.0,11800.0,2019-10-01,ws,1
15174,0,737460000,2020-05-02,2022-05-02,1.0,11600.0,2020-04-01,ws,1
21881,0,737460000,2022-05-02,2024-07-02,1.0,11600.0,2022-04-01,ws,1
25972,0,737460000,2024-07-02,2025-06-30,1.0,11600.0,2024-06-01,ws,1
868,5,737470000,2010-01-01,2012-05-02,1.0,16700.0,2012-04-01,bdm,0
2143,0,737470000,2012-05-02,2014-05-02,1.0,16700.0,2012-04-01,ws,1
4719,0,737470000,2014-05-02,2016-05-02,1.0,16400.0,2014-04-01,ws,1
7371,0,737470000,2016-05-02,2018-05-02,1.0,16000.0,2016-04-01,ws,1
9989,0,737470000,2018-05-02,2019-11-02,1.0,15100.0,2018-04-01,ws,1
12502,0,737470000,2019-11-02,2020-05-02,1.0,15400.0,2019-10-01,ws,1
15175,0,737470000,2020-05-02,2022-05-02,1.0,15400.0,2020-04-01,ws,1
21882,0,737470000,2022-05-02,2024-07-02,1.0,15400.0,2022-04-01,ws,1
25973,0,737470000,2024-07-02,2025-06-30,1.0,15400.0,2024-06-01,ws,1
869,5,737480000,2010-01-01,2012-05-02,1.0,19500.0,2012-04-01,bdm,0
2144,0,737480000,2012-05-02,2014-05-02,1.0,19500.0,2012-04-01,ws,1
4720,0,737480000,2014-05-02,2016-05-02,1.0,19200.0,2014-04-01,ws,1
7372,0,737480000,2016-05-02,2018-05-02,1.0,18800.0,2016-04-01,ws,1
9990,0,737480000,2018-05-02,2019-11-02,1.0,17900.0,2018-04-01,ws,1
12503,0,737480000,2019-11-02,2020-05-02,1.0,18000.0,2019-10-01,ws,1
15176,0,737480000,2020-05-02,2022-05-02,1.0,17900.0,2020-04-01,ws,1
21883,0,737480000,2022-05-02,2024-07-02,1.0,17400.0,2022-04-01,ws,1
25974,0,737480000,2024-07-02,2025-06-30,1.0,17400.0,2024-06-01,ws,1
870,5,737490000,2010-01-01,2012-05-02,1.0,34000.0,2012-04-01,bdm,0
2145,0,737490000,2012-05-02,2014-05-02,1.0,34000.0,2012-04-01,ws,1
4721,0,737490000,2014-05-02,2016-05-02,1.0,34900.0,2014-04-01,ws,1
7373,0,737490000,2016-05-02,2018-05-02,1.0,34900.0,2016-04-01,ws,1
9991,0,737490000,2018-05-02,2019-11-02,1.0,34900.0,2018-04-01,ws,1
12504,0,737490000,2019-11-02,2020-05-02,1.0,35400.0,2019-10-01,ws,1
15177,0,737490000,2020-05-02,2022-05-02,1.0,35400.0,2020-04-01,ws,1
21884,0,737490000,2022-05-02,2024-07-02,1.0,35400.0,2022-04-01,ws,1
25975,0,737490000,2024-07-02,2025-06-30,1.0,35400.0,2024-06-01,ws,1
871,5,737500000,2010-01-01,2012-05-02,1.0,51800.0,2012-04-01,bdm,0
2146,0,737500000,2012-05-02,2014-05-02,1.0,51800.0,2012-04-01,ws,1
4722,0,737500000,2014-05-02,2016-05-02,1.0,47800.0,2014-04-01,ws,1
7374,0,737500000,2016-05-02,2018-05-02,1.0,45600.0,2016-04-01,ws,1
9992,0,737500000,2018-05-02,2019-11-02,1.0,40800.0,2018-04-01,ws,1
12505,0,737500000,2019-11-02,2020-05-02,1.0,38200.0,2019-10-01,ws,1
15178,0,737500000,2020-05-02,2022-05-02,1.0,37100.0,2020-04-01,ws,1
20390,5,737500000,2022-05-02,2023-10-02,1.0,34000.0,2022-04-01,ws,1
21885,0,737500000,2023-10-02,2024-07-02,1.0,34000.0,2023-09-01,ws,1
25976,0,737500000,2024-07-02,2025-06-30,1.0,31700.0,2024-06-01,ws,1
872,0,737510000,2010-01-01,2012-05-02,1.0,57700.0,2012-04-01,bdm,0
2147,0,737510000,2012-05-02,2014-05-02,1.0,57700.0,2012-04-01,ws,1
4723,0,737510000,2014-05-02,2016-05-02,1.0,59300.0,2014-04-01,ws,1
7375,0,737510000,2016-05-02,2018-05-02,1.0,59300.0,2016-04-01,ws,1
9993,0,737510000,2018-05-02,2019-11-02,1.0,59300.0,2018-04-01,ws,1
12506,0,737510000,2019-11-02,2020-05-02,1.0,60400.0,2019-10-01,ws,1
13774,9,737510000,2020-05-02,2025-06-30,,0.0,2020-04-01,aes,2
873,0,737520000,2010-01-01,2012-05-02,1.0,68300.0,2012-04-01,bdm,0
2148,0,737520000,2012-05-02,2014-05-02,1.0,68300.0,2012-04-01,ws,1
4724,0,737520000,2014-05-02,2016-05-02,1.0,70200.0,2014-04-01,ws,1
7376,0,737520000,2016-05-02,2018-05-02,1.0,70200.0,2016-04-01,ws,1
9994,0,737520000,2018-05-02,2019-11-02,1.0,70200.0,2018-04-01,ws,1
12507,0,737520000,2019-11-02,2020-05-02,1.0,71500.0,2019-10-01,ws,1
13775,9,737520000,2020-05-02,2025-06-30,,0.0,2020-04-01,aes,2
874,5,737530000,2010-01-01,2012-05-02,1.0,12600.0,2012-04-01,bdm,0
2149,0,737530000,2012-05-02,2014-05-02,1.0,12600.0,2012-04-01,ws,1
4725,0,737530000,2014-05-02,2016-05-02,1.0,12300.0,2014-04-01,ws,1
7377,0,737530000,2016-05-02,2018-05-02,1.0,11800.0,2016-04-01,ws,1
9995,0,737530000,2018-05-02,2019-11-02,1.0,11200.0,2018-04-01,ws,1
12508,0,737530000,2019-11-02,2020-05-02,1.0,11000.0,2019-10-01,ws,1
15179,0,737530000,2020-05-02,2022-05-02,1.0,10800.0,2020-04-01,ws,1
21886,0,737530000,2022-05-02,2024-07-02,1.0,10500.0,2022-04-01,ws,1
25977,0,737530000,2024-07-02,2025-06-30,1.0,10200.0,2024-06-01,ws,1
875,5,737540000,2010-01-01,2012-05-02,1.0,60500.0,2012-04-01,bdm,0
2150,0,737540000,2012-05-02,2014-05-02,1.0,60500.0,2012-04-01,ws,1
4726,0,737540000,2014-05-02,2016-05-02,1.0,59700.0,2014-04-01,ws,1
7378,0,737540000,2016-05-02,2018-05-02,1.0,58300.0,2016-04-01,ws,1
9996,0,737540000,2018-05-02,2019-11-02,1.0,57000.0,2018-04-01,ws,1
12509,0,737540000,2019-11-02,2020-05-02,1.0,57100.0,2019-10-01,ws,1
15180,0,737540000,2020-05-02,2022-05-02,1.0,56400.0,2020-04-01,ws,1
21887,0,737540000,2022-05-02,2024-07-02,1.0,55800.0,2022-04-01,ws,1
25978,0,737540000,2024-07-02,2025-06-30,1.0,55000.0,2024-06-01,ws,1
876,5,737550000,2010-01-01,2012-05-02,1.0,127000.0,2012-04-01,bdm,0
2151,0,737550000,2012-05-02,2014-05-02,1.0,127000.0,2012-04-01,ws,1
4727,0,737550000,2014-05-02,2016-05-02,1.0,125000.0,2014-04-01,ws,1
7379,0,737550000,2016-05-02,2018-05-02,1.0,122000.0,2016-04-01,ws,1
9997,0,737550000,2018-05-02,2019-11-02,1.0,119000.0,2018-04-01,ws,1
12510,0,737550000,2019-11-02,2020-05-02,1.0,118000.0,2019-10-01,ws,1
15181,0,737550000,2020-05-02,2022-05-02,1.0,118000.0,2020-04-01,ws,1
21888,0,737550000,2022-05-02,2024-07-02,1.0,117000.0,2022-04-01,ws,1
25979,0,737550000,2024-07-02,2025-06-30,1.0,116000.0,2024-06-01,ws,1
877,5,737560000,2010-01-01,2012-05-02,1.0,18100.0,2012-04-01,bdm,0
2152,0,737560000,2012-05-02,2014-05-02,1.0,18100.0,2012-04-01,ws,1
4728,0,737560000,2014-05-02,2016-05-02,1.0,17700.0,2014-04-01,ws,1
7380,0,737560000,2016-05-02,2018-05-02,1.0,17300.0,2016-04-01,ws,1
9998,0,737560000,2018-05-02,2019-11-02,1.0,16600.0,2018-04-01,ws,1
12511,0,737560000,2019-11-02,2020-05-02,1.0,16500.0,2019-10-01,ws,1
15182,0,737560000,2020-05-02,2022-05-02,1.0,16300.0,2020-04-01,ws,1
21889,0,737560000,2022-05-02,2024-07-02,1.0,16000.0,2022-04-01,ws,1
25980,0,737560000,2024-07-02,2025-06-30,1.0,15700.0,2024-06-01,ws,1
878,5,737570000,2010-01-01,2012-05-02,1.0,78400.0,2012-04-01,bdm,0
2153,0,737570000,2012-05-02,2014-05-02,1.0,78400.0,2012-04-01,ws,1
4729,0,737570000,2014-05-02,2016-05-02,1.0,79500.0,2014-04-01,ws,1
7381,0,737570000,2016-05-02,2018-05-02,1.0,77500.0,2016-04-01,ws,1
9999,0,737570000,2018-05-02,2019-11-02,1.0,77400.0,2018-04-01,ws,1
12512,0,737570000,2019-11-02,2020-05-02,1.0,77300.0,2019-10-01,ws,1
15183,0,737570000,2020-05-02,2022-05-02,1.0,77300.0,2020-04-01,ws,1
21890,0,737570000,2022-05-02,2024-07-02,1.0,77300.0,2022-04-01,ws,1
25981,0,737570000,2024-07-02,2025-06-30,1.0,77300.0,2024-06-01,ws,1
879,5,737580000,2010-01-01,2012-05-02,1.0,40100.0,2012-04-01,bdm,0
2154,0,737580000,2012-05-02,2014-05-02,1.0,40100.0,2012-04-01,ws,1
4730,0,737580000,2014-05-02,2016-05-02,1.0,39500.0,2014-04-01,ws,1
7382,0,737580000,2016-05-02,2018-05-02,1.0,33300.0,2016-04-01,ws,1
10000,0,737580000,2018-05-02,2019-11-02,1.0,30400.0,2018-04-01,ws,1
12513,0,737580000,2019-11-02,2020-05-02,1.0,29300.0,2019-10-01,ws,1
15184,0,737580000,2020-05-02,2022-05-02,1.0,29300.0,2020-04-01,ws,1
21891,0,737580000,2022-05-02,2024-07-02,1.0,27800.0,2022-04-01,ws,1
25982,0,737580000,2024-07-02,2025-06-30,1.0,27800.0,2024-06-01,ws,1
880,0,737590000,2010-01-01,2012-05-02,1.0,23700.0,2012-04-01,bdm,0
2155,0,737590000,2012-05-02,2014-05-02,1.0,23700.0,2012-04-01,ws,1
4731,0,737590000,2014-05-02,2016-05-02,1.0,24300.0,2014-04-01,ws,1
7383,0,737590000,2016-05-02,2018-05-02,1.0,24300.0,2016-04-01,ws,1
10001,0,737590000,2018-05-02,2019-11-02,1.0,24300.0,2018-04-01,ws,1
12514,0,737590000,2019-11-02,2020-05-02,1.0,24800.0,2019-10-01,ws,1
15185,0,737590000,2020-05-02,2022-05-02,1.0,24800.0,2020-04-01,ws,1
21892,0,737590000,2022-05-02,2024-07-02,1.0,24800.0,2022-04-01,ws,1
25983,0,737590000,2024-07-02,2025-06-30,1.0,24800.0,2024-06-01,ws,1
881,5,737600000,2010-01-01,2012-05-02,1.0,46700.0,2012-04-01,bdm,0
2156,0,737600000,2012-05-02,2014-05-02,1.0,46700.0,2012-04-01,ws,1
4732,0,737600000,2014-05-02,2016-05-02,1.0,46000.0,2014-04-01,ws,1
7384,0,737600000,2016-05-02,2018-05-02,1.0,85100.0,2016-04-01,ws,1
10002,0,737600000,2018-05-02,2019-11-02,1.0,85100.0,2018-04-01,ws,1
12515,0,737600000,2019-11-02,2020-05-02,1.0,86700.0,2019-10-01,ws,1
15186,0,737600000,2020-05-02,2022-05-02,1.0,86700.0,2020-04-01,ws,1
21893,0,737600000,2022-05-02,2024-07-02,1.0,86700.0,2022-04-01,ws,1
25984,0,737600000,2024-07-02,2025-06-30,1.0,86700.0,2024-06-01,ws,1
882,5,737610000,2010-01-01,2012-05-02,1.0,134000.0,2012-04-01,bdm,0
882,5,737610000,2012-05-02,2013-02-02,1.0,134000.0,2012-04-01,ws,1
1082,5,737610000,2013-02-02,2013-05-02,,131000.0,2013-01-01,ws,1
2157,0,737610000,2013-05-02,2014-05-02,1.0,127000.0,2013-04-01,ws,1
4733,0,737610000,2014-05-02,2016-05-02,1.0,129000.0,2014-04-01,ws,1
7385,0,737610000,2016-05-02,2018-05-02,1.0,125000.0,2016-04-01,ws,1
10003,0,737610000,2018-05-02,2019-11-02,1.0,121000.0,2018-04-01,ws,1
12516,0,737610000,2019-11-02,2020-05-02,1.0,120000.0,2019-10-01,ws,1
15187,0,737610000,2020-05-02,2022-05-02,1.0,119000.0,2020-04-01,ws,1
21894,0,737610000,2022-05-02,2024-07-02,1.0,117000.0,2022-04-01,ws,1
25985,0,737610000,2024-07-02,2025-06-30,1.0,110000.0,2024-06-01,ws,1
883,5,737620000,2010-01-01,2012-05-02,1.0,258000.0,2012-04-01,bdm,0
883,5,737620000,2012-05-02,2013-02-02,1.0,258000.0,2012-04-01,ws,1
1083,5,737620000,2013-02-02,2013-05-02,,245000.0,2013-01-01,ws,1
2158,0,737620000,2013-05-02,2014-05-02,1.0,232000.0,2013-04-01,ws,1
4734,0,737620000,2014-05-02,2016-05-02,1.0,223000.0,2014-04-01,ws,1
7386,0,737620000,2016-05-02,2018-05-02,1.0,192000.0,2016-04-01,ws,1
10004,0,737620000,2018-05-02,2019-11-02,1.0,185000.0,2018-04-01,ws,1
12517,0,737620000,2019-11-02,2020-05-02,1.0,181000.0,2019-10-01,ws,1
15188,0,737620000,2020-05-02,2022-05-02,1.0,181000.0,2020-04-01,ws,1
21895,0,737620000,2022-05-02,2024-07-02,1.0,179000.0,2022-04-01,ws,1
25986,0,737620000,2024-07-02,2025-06-30,1.0,174000.0,2024-06-01,ws,1
884,5,737630000,2010-01-01,2012-05-02,1.0,374000.0,2012-04-01,bdm,0
884,5,737630000,2012-05-02,2013-02-02,1.0,374000.0,2012-04-01,ws,1
1084,5,737630000,2013-02-02,2013-05-02,,340000.0,2013-01-01,ws,1
2159,0,737630000,2013-05-02,2014-05-02,1.0,306000.0,2013-04-01,ws,1
4735,0,737630000,2014-05-02,2016-05-02,1.0,294000.0,2014-04-01,ws,1
7387,0,737630000,2016-05-02,2018-05-02,1.0,287000.0,2016-04-01,ws,1
10005,0,737630000,2018-05-02,2019-11-02,1.0,277000.0,2018-04-01,ws,1
12518,0,737630000,2019-11-02,2020-05-02,1.0,276000.0,2019-10-01,ws,1
15189,0,737630000,2020-05-02,2022-05-02,1.0,245000.0,2020-04-01,ws,1
21896,0,737630000,2022-05-02,2024-07-02,1.0,245000.0,2022-04-01,ws,1
25987,0,737630000,2024-07-02,2025-06-30,1.0,237000.0,2024-06-01,ws,1
885,5,737640000,2010-01-01,2012-05-02,1.0,173000.0,2012-04-01,bdm,0
885,5,737640000,2012-05-02,2013-02-02,1.0,173000.0,2012-04-01,ws,1
1085,5,737640000,2013-02-02,2013-05-02,,166000.0,2013-01-01,ws,1
2160,0,737640000,2013-05-02,2014-05-02,1.0,158000.0,2013-04-01,ws,1
4736,0,737640000,2014-05-02,2016-05-02,1.0,154000.0,2014-04-01,ws,1
7388,0,737640000,2016-05-02,2018-05-02,1.0,146000.0,2016-04-01,ws,1
10006,0,737640000,2018-05-02,2019-11-02,1.0,140000.0,2018-04-01,ws,1
12519,0,737640000,2019-11-02,2020-05-02,1.0,138000.0,2019-10-01,ws,1
15190,0,737640000,2020-05-02,2022-05-02,1.0,137000.0,2020-04-01,ws,1
21897,0,737640000,2022-05-02,2024-07-02,1.0,135000.0,2022-04-01,ws,1
25988,0,737640000,2024-07-02,2025-06-30,1.0,131000.0,2024-06-01,ws,1
886,5,737650000,2010-01-01,2012-05-02,1.0,3070.0,2012-04-01,bdm,0
2161,0,737650000,2012-05-02,2014-05-02,1.0,3070.0,2012-04-01,ws,1
4737,0,737650000,2014-05-02,2016-05-02,1.0,2990.0,2014-04-01,ws,1
7389,0,737650000,2016-05-02,2018-05-02,1.0,2920.0,2016-04-01,ws,1
10007,0,737650000,2018-05-02,2019-11-02,1.0,2540.0,2018-04-01,ws,1
12520,0,737650000,2019-11-02,2020-05-02,1.0,2590.0,2019-10-01,ws,1
15191,0,737650000,2020-05-02,2022-05-02,1.0,2560.0,2020-04-01,ws,1
21898,0,737650000,2022-05-02,2024-07-02,1.0,2560.0,2022-04-01,ws,1
25989,0,737650000,2024-07-02,2025-06-30,1.0,2560.0,2024-06-01,ws,1
887,5,737660000,2010-01-01,2012-05-02,1.0,2250.0,2012-04-01,bdm,0
2162,0,737660000,2012-05-02,2014-05-02,1.0,2250.0,2012-04-01,ws,1
4738,0,737660000,2014-05-02,2016-05-02,1.0,1990.0,2014-04-01,ws,1
7390,0,737660000,2016-05-02,2018-05-02,1.0,1950.0,2016-04-01,ws,1
10008,0,737660000,2018-05-02,2019-11-02,1.0,1930.0,2018-04-01,ws,1
12521,0,737660000,2019-11-02,2020-05-02,1.0,1960.0,2019-10-01,ws,1
15192,0,737660000,2020-05-02,2022-05-02,1.0,1940.0,2020-04-01,ws,1
21899,0,737660000,2022-05-02,2024-07-02,1.0,1920.0,2022-04-01,ws,1
25990,0,737660000,2024-07-02,2025-06-30,1.0,1870.0,2024-06-01,ws,1
888,5,737670000,2010-01-01,2012-05-02,1.0,4180.0,2012-04-01,bdm,0
2163,0,737670000,2012-05-02,2014-05-02,1.0,4180.0,2012-04-01,ws,1
3529,5,737670000,2014-05-02,2016-02-02,1.0,4160.0,2014-04-01,ws,1
4739,5,737670000,2016-02-02,2016-05-02,1.0,4160.0,2016-01-01,ws,1
7391,0,737670000,2016-05-02,2018-05-02,1.0,4040.0,2016-04-01,ws,1
10009,0,737670000,2018-05-02,2019-11-02,1.0,4010.0,2018-04-01,ws,1
12522,0,737670000,2019-11-02,2020-05-02,1.0,4050.0,2019-10-01,ws,1
15193,0,737670000,2020-05-02,2022-05-02,1.0,4050.0,2020-04-01,ws,1
21900,0,737670000,2022-05-02,2024-07-02,1.0,4050.0,2022-04-01,ws,1
25991,0,737670000,2024-07-02,2025-06-30,1.0,3960.0,2024-06-01,ws,1
889,0,737680000,2010-01-01,2012-05-02,1.0,52100.0,2012-04-01,bdm,0
2164,0,737680000,2012-05-02,2014-05-02,1.0,52100.0,2012-04-01,ws,1
4740,0,737680000,2014-05-02,2016-05-02,1.0,53500.0,2014-04-01,ws,1
7392,0,737680000,2016-05-02,2018-05-02,1.0,53500.0,2016-04-01,ws,1
10010,0,737680000,2018-05-02,2019-11-02,1.0,53500.0,2018-04-01,ws,1
12523,0,737680000,2019-11-02,2020-05-02,1.0,54500.0,2019-10-01,ws,1
15194,0,737680000,2020-05-02,2022-05-02,1.0,54500.0,2020-04-01,ws,1
21901,0,737680000,2022-05-02,2024-07-02,1.0,54500.0,2022-04-01,ws,1
25992,0,737680000,2024-07-02,2025-06-30,1.0,54500.0,2024-06-01,ws,1
890,5,737720000,2010-01-01,2012-05-02,1.0,14300.0,2012-04-01,bdm,0
2165,0,737720000,2012-05-02,2014-05-02,1.0,14300.0,2012-04-01,ws,1
4741,0,737720000,2014-05-02,2016-05-02,1.0,14300.0,2014-04-01,ws,1
7393,0,737720000,2016-05-02,2018-05-02,1.0,14300.0,2016-04-01,ws,1
10011,0,737720000,2018-05-02,2019-11-02,1.0,13900.0,2018-04-01,ws,1
12524,0,737720000,2019-11-02,2020-05-02,1.0,14200.0,2019-10-01,ws,1
15195,0,737720000,2020-05-02,2022-05-02,1.0,14200.0,2020-04-01,ws,1
21902,0,737720000,2022-05-02,2024-07-02,1.0,14100.0,2022-04-01,ws,1
25993,0,737720000,2024-07-02,2025-06-30,1.0,14100.0,2024-06-01,ws,1
891,0,737730000,2010-01-01,2012-05-02,1.0,42800.0,2012-04-01,bdm,0
2166,0,737730000,2012-05-02,2014-05-02,1.0,42800.0,2012-04-01,ws,1
4742,0,737730000,2014-05-02,2016-05-02,1.0,40900.0,2014-04-01,ws,1
7394,0,737730000,2016-05-02,2018-05-02,1.0,36000.0,2016-04-01,ws,1
10012,0,737730000,2018-05-02,2019-11-02,1.0,32100.0,2018-04-01,ws,1
12525,0,737730000,2019-11-02,2020-05-02,1.0,31300.0,2019-10-01,ws,1
15196,0,737730000,2020-05-02,2022-05-02,1.0,31300.0,2020-04-01,ws,1
21903,0,737730000,2022-05-02,2024-07-02,1.0,31300.0,2022-04-01,ws,1
25994,0,737730000,2024-07-02,2025-06-30,1.0,31300.0,2024-06-01,ws,1
892,5,737740000,2010-01-01,2012-05-02,1.0,47100.0,2012-04-01,bdm,0
2167,0,737740000,2012-05-02,2014-05-02,1.0,47100.0,2012-04-01,ws,1
3533,5,737740000,2014-05-02,2015-02-02,1.0,47100.0,2014-04-01,ws,1
2378,5,737740000,2015-02-02,2015-05-02,,44400.0,2015-01-01,ws,1
4743,0,737740000,2015-05-02,2016-05-02,1.0,41700.0,2015-04-01,ws,1
7395,0,737740000,2016-05-02,2018-05-02,1.0,37500.0,2016-04-01,ws,1
10013,0,737740000,2018-05-02,2019-11-02,1.0,37500.0,2018-04-01,ws,1
12526,0,737740000,2019-11-02,2020-05-02,1.0,35300.0,2019-10-01,ws,1
15197,0,737740000,2020-05-02,2022-05-02,1.0,35300.0,2020-04-01,ws,1
21904,0,737740000,2022-05-02,2024-07-02,1.0,35300.0,2022-04-01,ws,1
25995,0,737740000,2024-07-02,2025-06-30,1.0,35300.0,2024-06-01,ws,1
893,5,737750000,2010-01-01,2012-05-02,1.0,81800.0,2012-04-01,bdm,0
2168,0,737750000,2012-05-02,2014-05-02,1.0,81800.0,2012-04-01,ws,1
3534,5,737750000,2014-05-02,2015-02-02,1.0,80400.0,2014-04-01,ws,1
2379,5,737750000,2015-02-02,2015-05-02,,72800.0,2015-01-01,ws,1
4744,0,737750000,2015-05-02,2016-05-02,1.0,65300.0,2015-04-01,ws,1
7396,0,737750000,2016-05-02,2018-05-02,1.0,65300.0,2016-04-01,ws,1
10014,0,737750000,2018-05-02,2019-11-02,1.0,64500.0,2018-04-01,ws,1
12527,0,737750000,2019-11-02,2020-05-02,1.0,64200.0,2019-10-01,ws,1
15198,0,737750000,2020-05-02,2022-05-02,1.0,64200.0,2020-04-01,ws,1
21905,0,737750000,2022-05-02,2024-07-02,1.0,63900.0,2022-04-01,ws,1
25996,0,737750000,2024-07-02,2025-06-30,1.0,63900.0,2024-06-01,ws,1
894,0,737760000,2010-01-01,2012-05-02,1.0,78100.0,2012-04-01,bdm,0
2169,0,737760000,2012-05-02,2014-05-02,1.0,78100.0,2012-04-01,ws,1
4745,0,737760000,2014-05-02,2016-05-02,1.0,80300.0,2014-04-01,ws,1
7397,0,737760000,2016-05-02,2018-05-02,1.0,67200.0,2016-04-01,ws,1
10015,0,737760000,2018-05-02,2019-11-02,1.0,63500.0,2018-04-01,ws,1
12528,0,737760000,2019-11-02,2020-05-02,1.0,62200.0,2019-10-01,ws,1
15199,0,737760000,2020-05-02,2022-05-02,1.0,62200.0,2020-04-01,ws,1
21906,0,737760000,2022-05-02,2024-07-02,1.0,60100.0,2022-04-01,ws,1
25997,0,737760000,2024-07-02,2025-06-30,1.0,59400.0,2024-06-01,ws,1
895,0,737770000,2010-01-01,2012-05-02,1.0,39400.0,2012-04-01,bdm,0
2170,0,737770000,2012-05-02,2014-05-02,1.0,39400.0,2012-04-01,ws,1
4746,0,737770000,2014-05-02,2016-05-02,1.0,40000.0,2014-04-01,ws,1
7398,0,737770000,2016-05-02,2018-05-02,1.0,40000.0,2016-04-01,ws,1
10016,0,737770000,2018-05-02,2019-11-02,1.0,40000.0,2018-04-01,ws,1
12529,0,737770000,2019-11-02,2020-05-02,1.0,38100.0,2019-10-01,ws,1
15200,0,737770000,2020-05-02,2022-05-02,1.0,38100.0,2020-04-01,ws,1
21907,0,737770000,2022-05-02,2024-07-02,1.0,38100.0,2022-04-01,ws,1
25998,0,737770000,2024-07-02,2025-06-30,1.0,38100.0,2024-06-01,ws,1
896,5,737780000,2010-01-01,2012-05-02,1.0,41900.0,2012-04-01,bdm,0
2171,0,737780000,2012-05-02,2014-05-02,1.0,41900.0,2012-04-01,ws,1
4747,0,737780000,2014-05-02,2016-05-02,1.0,42600.0,2014-04-01,ws,1
7399,0,737780000,2016-05-02,2018-05-02,1.0,42300.0,2016-04-01,ws,1
10017,0,737780000,2018-05-02,2019-11-02,1.0,41700.0,2018-04-01,ws,1
12530,0,737780000,2019-11-02,2020-05-02,1.0,42000.0,2019-10-01,ws,1
15201,0,737780000,2020-05-02,2022-05-02,1.0,42000.0,2020-04-01,ws,1
21908,0,737780000,2022-05-02,2024-07-02,1.0,41600.0,2022-04-01,ws,1
25999,0,737780000,2024-07-02,2025-06-30,1.0,41600.0,2024-06-01,ws,1
897,0,737790000,2010-01-01,2012-05-02,1.0,16500.0,2012-04-01,bdm,0
2172,0,737790000,2012-05-02,2014-05-02,1.0,16500.0,2012-04-01,ws,1
4748,0,737790000,2014-05-02,2016-05-02,1.0,16900.0,2014-04-01,ws,1
7400,0,737790000,2016-05-02,2018-05-02,1.0,16900.0,2016-04-01,ws,1
10018,0,737790000,2018-05-02,2019-11-02,1.0,14600.0,2018-04-01,ws,1
12531,0,737790000,2019-11-02,2020-05-02,1.0,14900.0,2019-10-01,ws,1
15202,0,737790000,2020-05-02,2022-05-02,1.0,14900.0,2020-04-01,ws,1
21909,0,737790000,2022-05-02,2024-07-02,1.0,14900.0,2022-04-01,ws,1
26000,0,737790000,2024-07-02,2025-06-30,1.0,14900.0,2024-06-01,ws,1
898,5,737800000,2010-01-01,2012-05-02,1.0,34900.0,2012-04-01,bdm,0
2173,0,737800000,2012-05-02,2014-05-02,1.0,34900.0,2012-04-01,ws,1
4749,0,737800000,2014-05-02,2016-05-02,1.0,34500.0,2014-04-01,ws,1
7401,0,737800000,2016-05-02,2018-05-02,1.0,34000.0,2016-04-01,ws,1
10019,0,737800000,2018-05-02,2019-11-02,1.0,33100.0,2018-04-01,ws,1
12532,0,737800000,2019-11-02,2020-05-02,1.0,33000.0,2019-10-01,ws,1
15203,0,737800000,2020-05-02,2022-05-02,1.0,32500.0,2020-04-01,ws,1
21910,0,737800000,2022-05-02,2024-07-02,1.0,32300.0,2022-04-01,ws,1
26001,0,737800000,2024-07-02,2025-06-30,1.0,31100.0,2024-06-01,ws,1
899,0,737810000,2010-01-01,2012-05-02,1.0,17.0,2012-04-01,bdm,0
2174,0,737810000,2012-05-02,2014-05-02,1.0,17.0,2012-04-01,ws,1
4750,0,737810000,2014-05-02,2016-05-02,1.0,17.0,2014-04-01,ws,1
7402,0,737810000,2016-05-02,2018-05-02,1.0,17.0,2016-04-01,ws,1
10020,0,737810000,2018-05-02,2019-11-02,1.0,17.0,2018-04-01,ws,1
12533,0,737810000,2019-11-02,2020-05-02,1.0,17.0,2019-10-01,ws,1
13801,0,737810000,2020-05-02,2021-04-02,1.0,17.0,2020-04-01,ws,1
15204,0,737810000,2021-04-02,2022-05-02,1.0,17.0,2021-03-01,ws,1
21911,0,737810000,2022-05-02,2024-07-02,1.0,17.0,2022-04-01,ws,1
26002,0,737810000,2024-07-02,2025-06-30,1.0,17.0,2024-06-01,ws,1
900,0,737820000,2010-01-01,2012-05-02,1.0,10.0,2012-04-01,bdm,0
2175,0,737820000,2012-05-02,2014-05-02,1.0,10.0,2012-04-01,ws,1
4751,0,737820000,2014-05-02,2016-05-02,1.0,10.0,2014-04-01,ws,1
7403,0,737820000,2016-05-02,2018-05-02,1.0,10.0,2016-04-01,ws,1
8711,9,737820000,2018-05-02,2025-06-30,,0.0,2018-04-01,aes,2
901,5,737890000,2010-01-01,2012-05-02,1.0,538.0,2012-04-01,bdm,0
2176,0,737890000,2012-05-02,2014-05-02,1.0,538.0,2012-04-01,ws,1
4752,0,737890000,2014-05-02,2016-05-02,1.0,544.0,2014-04-01,ws,1
7404,0,737890000,2016-05-02,2018-05-02,1.0,544.0,2016-04-01,ws,1
10021,0,737890000,2018-05-02,2019-11-02,1.0,544.0,2018-04-01,ws,1
12534,0,737890000,2019-11-02,2020-05-02,1.0,554.0,2019-10-01,ws,1
15205,0,737890000,2020-05-02,2022-05-02,1.0,554.0,2020-04-01,ws,1
21912,0,737890000,2022-05-02,2024-07-02,1.0,554.0,2022-04-01,ws,1
26003,0,737890000,2024-07-02,2025-06-30,1.0,554.0,2024-06-01,ws,1
902,0,737900000,2010-01-01,2012-05-02,1.0,867.0,2012-04-01,bdm,0
2177,0,737900000,2012-05-02,2014-05-02,1.0,867.0,2012-04-01,ws,1
4753,0,737900000,2014-05-02,2016-05-02,1.0,875.0,2014-04-01,ws,1
7405,0,737900000,2016-05-02,2018-05-02,1.0,873.0,2016-04-01,ws,1
10022,0,737900000,2018-05-02,2019-11-02,1.0,868.0,2018-04-01,ws,1
12535,0,737900000,2019-11-02,2020-05-02,1.0,884.0,2019-10-01,ws,1
15206,0,737900000,2020-05-02,2022-05-02,1.0,884.0,2020-04-01,ws,1
21913,0,737900000,2022-05-02,2024-07-02,1.0,884.0,2022-04-01,ws,1
26004,0,737900000,2024-07-02,2025-06-30,1.0,884.0,2024-06-01,ws,1
903,5,737910000,2010-01-01,2012-05-02,1.0,5430.0,2012-04-01,bdm,0
2178,0,737910000,2012-05-02,2014-05-02,1.0,5430.0,2012-04-01,ws,1
4754,0,737910000,2014-05-02,2016-05-02,1.0,5450.0,2014-04-01,ws,1
7406,0,737910000,2016-05-02,2018-05-02,1.0,5370.0,2016-04-01,ws,1
10023,0,737910000,2018-05-02,2019-11-02,1.0,5370.0,2018-04-01,ws,1
12536,0,737910000,2019-11-02,2020-05-02,1.0,5470.0,2019-10-01,ws,1
15207,0,737910000,2020-05-02,2022-05-02,1.0,5470.0,2020-04-01,ws,1
21914,0,737910000,2022-05-02,2024-07-02,1.0,5470.0,2022-04-01,ws,1
26005,0,737910000,2024-07-02,2025-06-30,1.0,5470.0,2024-06-01,ws,1
904,5,737920000,2010-01-01,2012-05-02,1.0,992.0,2012-04-01,bdm,0
2179,0,737920000,2012-05-02,2014-05-02,1.0,992.0,2012-04-01,ws,1
4755,0,737920000,2014-05-02,2016-05-02,1.0,1020.0,2014-04-01,ws,1
7407,0,737920000,2016-05-02,2018-05-02,1.0,1020.0,2016-04-01,ws,1
10024,0,737920000,2018-05-02,2019-11-02,1.0,1020.0,2018-04-01,ws,1
12537,0,737920000,2019-11-02,2020-05-02,1.0,1040.0,2019-10-01,ws,1
15208,0,737920000,2020-05-02,2022-05-02,1.0,1040.0,2020-04-01,ws,1
21915,0,737920000,2022-05-02,2024-07-02,1.0,1040.0,2022-04-01,ws,1
26006,0,737920000,2024-07-02,2025-06-30,1.0,1040.0,2024-06-01,ws,1
905,0,737960000,2010-01-01,2012-05-02,1.0,175.0,2012-04-01,bdm,0
2180,0,737960000,2012-05-02,2014-05-02,1.0,175.0,2012-04-01,ws,1
4756,0,737960000,2014-05-02,2016-05-02,1.0,180.0,2014-04-01,ws,1
7408,0,737960000,2016-05-02,2018-05-02,1.0,180.0,2016-04-01,ws,1
10025,0,737960000,2018-05-02,2019-11-02,1.0,180.0,2018-04-01,ws,1
12538,0,737960000,2019-11-02,2020-05-02,1.0,183.0,2019-10-01,ws,1
15209,0,737960000,2020-05-02,2022-05-02,1.0,183.0,2020-04-01,ws,1
21916,0,737960000,2022-05-02,2024-07-02,1.0,183.0,2022-04-01,ws,1
26007,0,737960000,2024-07-02,2025-06-30,1.0,183.0,2024-06-01,ws,1
906,5,737980000,2010-01-01,2012-05-02,1.0,1630.0,2012-04-01,bdm,0
2181,0,737980000,2012-05-02,2014-05-02,1.0,1630.0,2012-04-01,ws,1
4757,0,737980000,2014-05-02,2016-05-02,1.0,1600.0,2014-04-01,ws,1
7409,0,737980000,2016-05-02,2018-05-02,1.0,1600.0,2016-04-01,ws,1
10026,0,737980000,2018-05-02,2019-11-02,1.0,1600.0,2018-04-01,ws,1
12539,0,737980000,2019-11-02,2020-05-02,1.0,1630.0,2019-10-01,ws,1
15210,0,737980000,2020-05-02,2022-05-02,1.0,1630.0,2020-04-01,ws,1
21917,0,737980000,2022-05-02,2024-07-02,1.0,1630.0,2022-04-01,ws,1
26008,0,737980000,2024-07-02,2025-06-30,1.0,1600.0,2024-06-01,ws,1
907,0,737990000,2010-01-01,2012-05-02,1.0,2020.0,2012-04-01,bdm,0
2182,0,737990000,2012-05-02,2014-05-02,1.0,2020.0,2012-04-01,ws,1
4758,0,737990000,2014-05-02,2016-05-02,1.0,2070.0,2014-04-01,ws,1
7410,0,737990000,2016-05-02,2018-05-02,1.0,2070.0,2016-04-01,ws,1
10027,0,737990000,2018-05-02,2019-11-02,1.0,2070.0,2018-04-01,ws,1
12540,0,737990000,2019-11-02,2020-05-02,1.0,2110.0,2019-10-01,ws,1
15211,0,737990000,2020-05-02,2022-05-02,1.0,2110.0,2020-04-01,ws,1
21918,0,737990000,2022-05-02,2024-07-02,1.0,2110.0,2022-04-01,ws,1
26009,0,737990000,2024-07-02,2025-06-30,1.0,2110.0,2024-06-01,ws,1
908,0,738000000,2010-01-01,2012-05-02,1.0,4350.0,2012-04-01,bdm,0
2183,0,738000000,2012-05-02,2014-05-02,1.0,4350.0,2012-04-01,ws,1
4759,0,738000000,2014-05-02,2016-05-02,1.0,4470.0,2014-04-01,ws,1
7411,0,738000000,2016-05-02,2018-05-02,1.0,4470.0,2016-04-01,ws,1
10028,0,738000000,2018-05-02,2019-11-02,1.0,4470.0,2018-04-01,ws,1
12541,0,738000000,2019-11-02,2020-05-02,1.0,3880.0,2019-10-01,ws,1
15212,0,738000000,2020-05-02,2022-05-02,1.0,3880.0,2020-04-01,ws,1
21919,0,738000000,2022-05-02,2024-07-02,1.0,3870.0,2022-04-01,ws,1
26010,0,738000000,2024-07-02,2025-06-30,1.0,3870.0,2024-06-01,ws,1
909,5,738100000,2010-01-01,2012-05-02,1.0,867.0,2012-04-01,bdm,0
2184,0,738100000,2012-05-02,2014-05-02,1.0,867.0,2012-04-01,ws,1
4760,0,738100000,2014-05-02,2016-05-02,1.0,875.0,2014-04-01,ws,1
7412,0,738100000,2016-05-02,2018-05-02,1.0,873.0,2016-04-01,ws,1
10029,0,738100000,2018-05-02,2019-11-02,1.0,868.0,2018-04-01,ws,1
12542,0,738100000,2019-11-02,2020-05-02,1.0,884.0,2019-10-01,ws,1
15213,0,738100000,2020-05-02,2022-05-02,1.0,884.0,2020-04-01,ws,1
21920,0,738100000,2022-05-02,2024-07-02,1.0,884.0,2022-04-01,ws,1
26011,0,738100000,2024-07-02,2025-06-30,1.0,884.0,2024-06-01,ws,1
910,5,738110000,2010-01-01,2012-05-02,1.0,5430.0,2012-04-01,bdm,0
2185,0,738110000,2012-05-02,2014-05-02,1.0,5430.0,2012-04-01,ws,1
4761,0,738110000,2014-05-02,2016-05-02,1.0,5450.0,2014-04-01,ws,1
7413,0,738110000,2016-05-02,2018-05-02,1.0,5370.0,2016-04-01,ws,1
10030,0,738110000,2018-05-02,2019-11-02,1.0,5370.0,2018-04-01,ws,1
12543,0,738110000,2019-11-02,2020-05-02,1.0,5470.0,2019-10-01,ws,1
15214,0,738110000,2020-05-02,2022-05-02,1.0,5470.0,2020-04-01,ws,1
21921,0,738110000,2022-05-02,2024-07-02,1.0,5470.0,2022-04-01,ws,1
26012,0,738110000,2024-07-02,2025-06-30,1.0,5470.0,2024-06-01,ws,1
911,5,738120000,2010-01-01,2012-05-02,1.0,992.0,2012-04-01,bdm,0
2186,0,738120000,2012-05-02,2014-05-02,1.0,992.0,2012-04-01,ws,1
4762,0,738120000,2014-05-02,2016-05-02,1.0,1020.0,2014-04-01,ws,1
7414,0,738120000,2016-05-02,2018-05-02,1.0,1020.0,2016-04-01,ws,1
10031,0,738120000,2018-05-02,2019-11-02,1.0,1020.0,2018-04-01,ws,1
12544,0,738120000,2019-11-02,2020-05-02,1.0,1040.0,2019-10-01,ws,1
15215,0,738120000,2020-05-02,2022-05-02,1.0,1040.0,2020-04-01,ws,1
21922,0,738120000,2022-05-02,2024-07-02,1.0,1040.0,2022-04-01,ws,1
26013,0,738120000,2024-07-02,2025-06-30,1.0,1040.0,2024-06-01,ws,1
912,0,738140000,2010-01-01,2012-05-02,1.0,62400.0,2012-04-01,bdm,0
2187,0,738140000,2012-05-02,2014-05-02,1.0,62400.0,2012-04-01,ws,1
4763,0,738140000,2014-05-02,2016-05-02,1.0,64100.0,2014-04-01,ws,1
7415,0,738140000,2016-05-02,2018-05-02,1.0,64100.0,2016-04-01,ws,1
10032,0,738140000,2018-05-02,2019-11-02,1.0,64100.0,2018-04-01,ws,1
12545,0,738140000,2019-11-02,2020-05-02,1.0,65300.0,2019-10-01,ws,1
15216,0,738140000,2020-05-02,2022-05-02,1.0,63700.0,2020-04-01,ws,1
21923,0,738140000,2022-05-02,2024-07-02,1.0,63700.0,2022-04-01,ws,1
26014,0,738140000,2024-07-02,2025-06-30,1.0,60600.0,2024-06-01,ws,1
913,5,738150000,2010-01-01,2012-05-02,1.0,3010.0,2012-04-01,bdm,0
2188,0,738150000,2012-05-02,2014-05-02,1.0,3010.0,2012-04-01,ws,1
4764,0,738150000,2014-05-02,2016-05-02,1.0,2820.0,2014-04-01,ws,1
7416,0,738150000,2016-05-02,2018-05-02,1.0,2600.0,2016-04-01,ws,1
10033,0,738150000,2018-05-02,2019-11-02,1.0,2310.0,2018-04-01,ws,1
12546,0,738150000,2019-11-02,2020-05-02,1.0,2230.0,2019-10-01,ws,1
15217,0,738150000,2020-05-02,2022-05-02,1.0,2210.0,2020-04-01,ws,1
21924,0,738150000,2022-05-02,2024-07-02,1.0,2160.0,2022-04-01,ws,1
26015,0,738150000,2024-07-02,2025-06-30,1.0,2130.0,2024-06-01,ws,1
914,5,738160000,2010-01-01,2012-05-02,1.0,3860.0,2012-04-01,bdm,0
2189,0,738160000,2012-05-02,2014-05-02,1.0,3860.0,2012-04-01,ws,1
4765,0,738160000,2014-05-02,2016-05-02,1.0,3660.0,2014-04-01,ws,1
7417,0,738160000,2016-05-02,2018-05-02,1.0,3410.0,2016-04-01,ws,1
10034,0,738160000,2018-05-02,2019-11-02,1.0,3040.0,2018-04-01,ws,1
12547,0,738160000,2019-11-02,2020-05-02,1.0,2900.0,2019-10-01,ws,1
15218,0,738160000,2020-05-02,2022-05-02,1.0,2850.0,2020-04-01,ws,1
21925,0,738160000,2022-05-02,2024-07-02,1.0,2760.0,2022-04-01,ws,1
26016,0,738160000,2024-07-02,2025-06-30,1.0,2700.0,2024-06-01,ws,1
16522,3,738170000,2010-01-01,2022-05-02,1.0,2160.0,2022-04-01,bsl,0
21926,0,738170000,2022-05-02,2024-07-02,1.0,2160.0,2022-04-01,ws,1
26017,0,738170000,2024-07-02,2025-06-30,1.0,2130.0,2024-06-01,ws,1
915,5,738180000,2010-01-01,2012-05-02,1.0,2880.0,2012-04-01,bdm,0
2190,0,738180000,2012-05-02,2014-05-02,1.0,2880.0,2012-04-01,ws,1
4766,0,738180000,2014-05-02,2016-05-02,1.0,2540.0,2014-04-01,ws,1
7418,0,738180000,2016-05-02,2018-05-02,1.0,2300.0,2016-04-01,ws,1
10035,0,738180000,2018-05-02,2019-11-02,1.0,2000.0,2018-04-01,ws,1
12548,0,738180000,2019-11-02,2020-05-02,1.0,1890.0,2019-10-01,ws,1
15219,0,738180000,2020-05-02,2022-05-02,1.0,1870.0,2020-04-01,ws,1
21927,0,738180000,2022-05-02,2024-07-02,1.0,1790.0,2022-04-01,ws,1
26018,0,738180000,2024-07-02,2025-06-30,1.0,1720.0,2024-06-01,ws,1
916,5,738190000,2010-01-01,2012-05-02,1.0,2670.0,2012-04-01,bdm,0
2191,0,738190000,2012-05-02,2014-05-02,1.0,2670.0,2012-04-01,ws,1
4767,0,738190000,2014-05-02,2016-05-02,1.0,2410.0,2014-04-01,ws,1
7419,0,738190000,2016-05-02,2018-05-02,1.0,2210.0,2016-04-01,ws,1
8727,9,738190000,2018-05-02,2025-06-30,,0.0,2018-04-01,aes,2
917,5,738200000,2010-01-01,2012-05-02,1.0,3880.0,2012-04-01,bdm,0
2192,0,738200000,2012-05-02,2014-05-02,1.0,3880.0,2012-04-01,ws,1
4768,0,738200000,2014-05-02,2016-05-02,1.0,3430.0,2014-04-01,ws,1
7420,0,738200000,2016-05-02,2018-05-02,1.0,3020.0,2016-04-01,ws,1
10036,0,738200000,2018-05-02,2019-11-02,1.0,2640.0,2018-04-01,ws,1
12549,0,738200000,2019-11-02,2020-05-02,1.0,2450.0,2019-10-01,ws,1
15220,0,738200000,2020-05-02,2022-05-02,1.0,2370.0,2020-04-01,ws,1
21928,0,738200000,2022-05-02,2024-07-02,1.0,2180.0,2022-04-01,ws,1
26019,0,738200000,2024-07-02,2025-06-30,1.0,2090.0,2024-06-01,ws,1
918,5,738210000,2010-01-01,2012-05-02,1.0,16300.0,2012-04-01,bdm,0
2193,0,738210000,2012-05-02,2014-05-02,1.0,16300.0,2012-04-01,ws,1
4769,0,738210000,2014-05-02,2016-05-02,1.0,15500.0,2014-04-01,ws,1
7421,0,738210000,2016-05-02,2018-05-02,1.0,15000.0,2016-04-01,ws,1
10037,0,738210000,2018-05-02,2019-11-02,1.0,14200.0,2018-04-01,ws,1
12550,0,738210000,2019-11-02,2020-05-02,1.0,13900.0,2019-10-01,ws,1
15221,0,738210000,2020-05-02,2022-05-02,1.0,13700.0,2020-04-01,ws,1
21929,0,738210000,2022-05-02,2024-07-02,1.0,13100.0,2022-04-01,ws,1
26020,0,738210000,2024-07-02,2025-06-30,1.0,12500.0,2024-06-01,ws,1
919,5,738220000,2010-01-01,2012-05-02,1.0,19100.0,2012-04-01,bdm,0
2194,0,738220000,2012-05-02,2014-05-02,1.0,19100.0,2012-04-01,ws,1
4770,0,738220000,2014-05-02,2016-05-02,1.0,17100.0,2014-04-01,ws,1
7422,0,738220000,2016-05-02,2018-05-02,1.0,15400.0,2016-04-01,ws,1
10038,0,738220000,2018-05-02,2019-11-02,1.0,13300.0,2018-04-01,ws,1
12551,0,738220000,2019-11-02,2020-05-02,1.0,12500.0,2019-10-01,ws,1
15222,0,738220000,2020-05-02,2022-05-02,1.0,11900.0,2020-04-01,ws,1
21930,0,738220000,2022-05-02,2024-07-02,1.0,10900.0,2022-04-01,ws,1
26021,0,738220000,2024-07-02,2025-06-30,1.0,10100.0,2024-06-01,ws,1
920,5,738230000,2010-01-01,2012-05-02,1.0,22500.0,2012-04-01,bdm,0
2195,0,738230000,2012-05-02,2014-05-02,1.0,22500.0,2012-04-01,ws,1
4771,0,738230000,2014-05-02,2016-05-02,1.0,20600.0,2014-04-01,ws,1
7423,0,738230000,2016-05-02,2018-05-02,1.0,19400.0,2016-04-01,ws,1
10039,0,738230000,2018-05-02,2019-11-02,1.0,17800.0,2018-04-01,ws,1
12552,0,738230000,2019-11-02,2020-05-02,1.0,16800.0,2019-10-01,ws,1
15223,0,738230000,2020-05-02,2022-05-02,1.0,16600.0,2020-04-01,ws,1
21931,0,738230000,2022-05-02,2024-07-02,1.0,15500.0,2022-04-01,ws,1
26022,0,738230000,2024-07-02,2025-06-30,1.0,14500.0,2024-06-01,ws,1
921,5,738240000,2010-01-01,2012-05-02,1.0,3330.0,2012-04-01,bdm,0
2196,0,738240000,2012-05-02,2014-05-02,1.0,3330.0,2012-04-01,ws,1
4772,0,738240000,2014-05-02,2016-05-02,1.0,3420.0,2014-04-01,ws,1
7424,0,738240000,2016-05-02,2018-05-02,1.0,3420.0,2016-04-01,ws,1
10040,0,738240000,2018-05-02,2019-11-02,1.0,3210.0,2018-04-01,ws,1
12553,0,738240000,2019-11-02,2020-05-02,1.0,3180.0,2019-10-01,ws,1
15224,0,738240000,2020-05-02,2022-05-02,1.0,3150.0,2020-04-01,ws,1
21932,0,738240000,2022-05-02,2024-07-02,1.0,3090.0,2022-04-01,ws,1
26023,0,738240000,2024-07-02,2025-06-30,1.0,3080.0,2024-06-01,ws,1
922,0,738250000,2010-01-01,2012-05-02,1.0,2650.0,2012-04-01,bdm,0
2197,0,738250000,2012-05-02,2014-05-02,1.0,2650.0,2012-04-01,ws,1
4773,0,738250000,2014-05-02,2016-05-02,1.0,2720.0,2014-04-01,ws,1
6158,9,738250000,2016-05-02,2025-06-30,,0.0,2016-04-01,aes,2
923,0,738260000,2010-01-01,2012-05-02,1.0,742.0,2012-04-01,bdm,0
2198,0,738260000,2012-05-02,2014-05-02,1.0,742.0,2012-04-01,ws,1
4774,0,738260000,2014-05-02,2016-05-02,1.0,737.0,2014-04-01,ws,1
7425,0,738260000,2016-05-02,2018-05-02,1.0,737.0,2016-04-01,ws,1
10041,0,738260000,2018-05-02,2019-11-02,1.0,737.0,2018-04-01,ws,1
12554,0,738260000,2019-11-02,2020-05-02,1.0,740.0,2019-10-01,ws,1
15225,0,738260000,2020-05-02,2022-05-02,1.0,740.0,2020-04-01,ws,1
21933,0,738260000,2022-05-02,2024-07-02,1.0,740.0,2022-04-01,ws,1
26024,0,738260000,2024-07-02,2025-06-30,1.0,740.0,2024-06-01,ws,1
924,5,738270000,2010-01-01,2012-05-02,1.0,5710.0,2012-04-01,bdm,0
2199,0,738270000,2012-05-02,2014-05-02,1.0,5710.0,2012-04-01,ws,1
4775,0,738270000,2014-05-02,2016-05-02,1.0,5830.0,2014-04-01,ws,1
7426,0,738270000,2016-05-02,2018-05-02,1.0,5830.0,2016-04-01,ws,1
8734,9,738270000,2018-05-02,2025-06-30,,0.0,2018-04-01,aes,2
925,5,738280000,2010-01-01,2012-05-02,1.0,6220.0,2012-04-01,bdm,0
2200,0,738280000,2012-05-02,2014-05-02,1.0,6220.0,2012-04-01,ws,1
4776,0,738280000,2014-05-02,2016-05-02,1.0,6390.0,2014-04-01,ws,1
7427,0,738280000,2016-05-02,2018-05-02,1.0,6390.0,2016-04-01,ws,1
10042,0,738280000,2018-05-02,2019-11-02,1.0,6050.0,2018-04-01,ws,1
12555,0,738280000,2019-11-02,2020-05-02,1.0,6090.0,2019-10-01,ws,1
15226,0,738280000,2020-05-02,2022-05-02,1.0,6090.0,2020-04-01,ws,1
21934,0,738280000,2022-05-02,2024-07-02,1.0,5870.0,2022-04-01,ws,1
23361,9,738280000,2024-07-02,2025-06-30,,5870.0,2024-06-01,aes,2
926,0,738290000,2010-01-01,2012-05-02,1.0,9740.0,2012-04-01,bdm,0
2201,0,738290000,2012-05-02,2014-05-02,1.0,9740.0,2012-04-01,ws,1
4777,0,738290000,2014-05-02,2016-05-02,1.0,10000.0,2014-04-01,ws,1
7428,0,738290000,2016-05-02,2018-05-02,1.0,10000.0,2016-04-01,ws,1
10043,0,738290000,2018-05-02,2019-11-02,1.0,10000.0,2018-04-01,ws,1
12556,0,738290000,2019-11-02,2020-05-02,1.0,10200.0,2019-10-01,ws,1
15227,0,738290000,2020-05-02,2022-05-02,1.0,10200.0,2020-04-01,ws,1
21935,0,738290000,2022-05-02,2024-07-02,1.0,10200.0,2022-04-01,ws,1
26025,0,738290000,2024-07-02,2025-06-30,1.0,10200.0,2024-06-01,ws,1
927,5,738300000,2010-01-01,2012-05-02,1.0,2410.0,2012-04-01,bdm,0
2202,0,738300000,2012-05-02,2014-05-02,1.0,2410.0,2012-04-01,ws,1
4778,0,738300000,2014-05-02,2016-05-02,1.0,2380.0,2014-04-01,ws,1
7429,0,738300000,2016-05-02,2018-05-02,1.0,2330.0,2016-04-01,ws,1
10044,0,738300000,2018-05-02,2019-11-02,1.0,2250.0,2018-04-01,ws,1
12557,0,738300000,2019-11-02,2020-05-02,1.0,2290.0,2019-10-01,ws,1
15228,0,738300000,2020-05-02,2022-05-02,1.0,2290.0,2020-04-01,ws,1
21936,0,738300000,2022-05-02,2024-07-02,1.0,2290.0,2022-04-01,ws,1
26026,0,738300000,2024-07-02,2025-06-30,1.0,2290.0,2024-06-01,ws,1
928,5,738310000,2010-01-01,2012-05-02,1.0,3710.0,2012-04-01,bdm,0
2203,0,738310000,2012-05-02,2014-05-02,1.0,3710.0,2012-04-01,ws,1
4779,0,738310000,2014-05-02,2016-05-02,1.0,3800.0,2014-04-01,ws,1
7430,0,738310000,2016-05-02,2018-05-02,1.0,3800.0,2016-04-01,ws,1
10045,0,738310000,2018-05-02,2019-11-02,1.0,3800.0,2018-04-01,ws,1
12558,0,738310000,2019-11-02,2020-05-02,1.0,3800.0,2019-10-01,ws,1
15229,0,738310000,2020-05-02,2022-05-02,1.0,3790.0,2020-04-01,ws,1
21937,0,738310000,2022-05-02,2024-07-02,1.0,3790.0,2022-04-01,ws,1
26027,0,738310000,2024-07-02,2025-06-30,1.0,3770.0,2024-06-01,ws,1
929,5,738320000,2010-01-01,2012-05-02,1.0,17700.0,2012-04-01,bdm,0
2204,0,738320000,2012-05-02,2014-05-02,1.0,17700.0,2012-04-01,ws,1
4780,0,738320000,2014-05-02,2016-05-02,1.0,17600.0,2014-04-01,ws,1
6165,9,738320000,2016-05-02,2025-06-30,,0.0,2016-04-01,aes,2
930,0,738330000,2010-01-01,2012-05-02,1.0,9370.0,2012-04-01,bdm,0
2205,0,738330000,2012-05-02,2014-05-02,1.0,9370.0,2012-04-01,ws,1
4781,0,738330000,2014-05-02,2016-05-02,1.0,9260.0,2014-04-01,ws,1
6166,9,738330000,2016-05-02,2025-06-30,,0.0,2016-04-01,aes,2
931,0,738340000,2010-01-01,2012-05-02,1.0,294000.0,2012-04-01,bdm,0
2206,0,738340000,2012-05-02,2014-05-02,1.0,294000.0,2012-04-01,ws,1
4782,0,738340000,2014-05-02,2016-05-02,1.0,302000.0,2014-04-01,ws,1
6167,9,738340000,2016-05-02,2025-06-30,,0.0,2016-04-01,aes,2
932,0,738350000,2010-01-01,2012-05-02,1.0,162000.0,2012-04-01,bdm,0
2207,0,738350000,2012-05-02,2014-05-02,1.0,162000.0,2012-04-01,ws,1
4783,0,738350000,2014-05-02,2016-05-02,1.0,166000.0,2014-04-01,ws,1
7431,0,738350000,2016-05-02,2018-05-02,1.0,166000.0,2016-04-01,ws,1
10046,0,738350000,2018-05-02,2019-11-02,1.0,166000.0,2018-04-01,ws,1
12559,0,738350000,2019-11-02,2020-05-02,1.0,169000.0,2019-10-01,ws,1
15230,0,738350000,2020-05-02,2022-05-02,1.0,169000.0,2020-04-01,ws,1
21938,0,738350000,2022-05-02,2024-07-02,1.0,169000.0,2022-04-01,ws,1
26028,0,738350000,2024-07-02,2025-06-30,1.0,169000.0,2024-06-01,ws,1
933,0,738360000,2010-01-01,2012-05-02,1.0,32100.0,2012-04-01,bdm,0
2208,0,738360000,2012-05-02,2014-05-02,1.0,32100.0,2012-04-01,ws,1
4784,0,738360000,2014-05-02,2016-05-02,1.0,33000.0,2014-04-01,ws,1
7432,0,738360000,2016-05-02,2018-05-02,1.0,33000.0,2016-04-01,ws,1
10047,0,738360000,2018-05-02,2019-11-02,1.0,33000.0,2018-04-01,ws,1
12560,0,738360000,2019-11-02,2020-05-02,1.0,33600.0,2019-10-01,ws,1
15231,0,738360000,2020-05-02,2022-05-02,1.0,33600.0,2020-04-01,ws,1
21939,0,738360000,2022-05-02,2024-07-02,1.0,33600.0,2022-04-01,ws,1
26029,0,738360000,2024-07-02,2025-06-30,1.0,33600.0,2024-06-01,ws,1
934,5,738370000,2010-01-01,2012-05-02,1.0,145000.0,2012-04-01,bdm,0
2209,0,738370000,2012-05-02,2014-05-02,1.0,145000.0,2012-04-01,ws,1
4785,0,738370000,2014-05-02,2016-05-02,1.0,135000.0,2014-04-01,ws,1
7433,0,738370000,2016-05-02,2018-05-02,1.0,131000.0,2016-04-01,ws,1
10048,0,738370000,2018-05-02,2019-11-02,1.0,129000.0,2018-04-01,ws,1
12561,0,738370000,2019-11-02,2020-05-02,1.0,131000.0,2019-10-01,ws,1
15232,0,738370000,2020-05-02,2022-05-02,1.0,131000.0,2020-04-01,ws,1
21940,0,738370000,2022-05-02,2024-07-02,1.0,130000.0,2022-04-01,ws,1
26030,0,738370000,2024-07-02,2025-06-30,1.0,128000.0,2024-06-01,ws,1
935,5,738380000,2010-01-01,2012-05-02,1.0,82400.0,2012-04-01,bdm,0
2210,0,738380000,2012-05-02,2014-05-02,1.0,82400.0,2012-04-01,ws,1
4786,0,738380000,2014-05-02,2016-05-02,1.0,83400.0,2014-04-01,ws,1
7434,0,738380000,2016-05-02,2018-05-02,1.0,83400.0,2016-04-01,ws,1
10049,0,738380000,2018-05-02,2019-11-02,1.0,58300.0,2018-04-01,ws,1
12562,0,738380000,2019-11-02,2020-05-02,1.0,59400.0,2019-10-01,ws,1
15233,0,738380000,2020-05-02,2022-05-02,1.0,59400.0,2020-04-01,ws,1
21941,0,738380000,2022-05-02,2024-07-02,1.0,55300.0,2022-04-01,ws,1
26031,0,738380000,2024-07-02,2025-06-30,1.0,55300.0,2024-06-01,ws,1
936,5,738390000,2010-01-01,2012-05-02,1.0,56100.0,2012-04-01,bdm,0
2211,0,738390000,2012-05-02,2014-05-02,1.0,56100.0,2012-04-01,ws,1
4787,0,738390000,2014-05-02,2016-05-02,1.0,52000.0,2014-04-01,ws,1
7435,0,738390000,2016-05-02,2018-05-02,1.0,49500.0,2016-04-01,ws,1
10050,0,738390000,2018-05-02,2019-11-02,1.0,47100.0,2018-04-01,ws,1
12563,0,738390000,2019-11-02,2020-05-02,1.0,48000.0,2019-10-01,ws,1
15234,0,738390000,2020-05-02,2022-05-02,1.0,48000.0,2020-04-01,ws,1
21942,0,738390000,2022-05-02,2024-07-02,1.0,48000.0,2022-04-01,ws,1
26032,0,738390000,2024-07-02,2025-06-30,1.0,48000.0,2024-06-01,ws,1
937,5,738400000,2010-01-01,2012-05-02,1.0,507000.0,2012-04-01,bdm,0
2212,0,738400000,2012-05-02,2014-05-02,1.0,507000.0,2012-04-01,ws,1
3578,5,738400000,2014-05-02,2015-02-02,1.0,502000.0,2014-04-01,ws,1
2380,5,738400000,2015-02-02,2015-05-02,,463000.0,2015-01-01,ws,1
4788,0,738400000,2015-05-02,2016-05-02,1.0,424000.0,2015-04-01,ws,1
7436,0,738400000,2016-05-02,2018-05-02,1.0,314000.0,2016-04-01,ws,1
10051,0,738400000,2018-05-02,2019-11-02,1.0,305000.0,2018-04-01,ws,1
12564,0,738400000,2019-11-02,2020-05-02,1.0,310000.0,2019-10-01,ws,1
15235,0,738400000,2020-05-02,2022-05-02,1.0,310000.0,2020-04-01,ws,1
21943,0,738400000,2022-05-02,2024-07-02,1.0,266000.0,2022-04-01,ws,1
26033,0,738400000,2024-07-02,2025-06-30,1.0,266000.0,2024-06-01,ws,1
938,5,738410000,2010-01-01,2012-05-02,1.0,357000.0,2012-04-01,bdm,0
2213,0,738410000,2012-05-02,2014-05-02,1.0,357000.0,2012-04-01,ws,1
4789,0,738410000,2014-05-02,2016-05-02,1.0,329000.0,2014-04-01,ws,1
7437,0,738410000,2016-05-02,2018-05-02,1.0,183000.0,2016-04-01,ws,1
10052,0,738410000,2018-05-02,2019-11-02,1.0,179000.0,2018-04-01,ws,1
12565,0,738410000,2019-11-02,2020-05-02,1.0,182000.0,2019-10-01,ws,1
15236,0,738410000,2020-05-02,2022-05-02,1.0,182000.0,2020-04-01,ws,1
20449,5,738410000,2022-05-02,2023-02-02,1.0,173000.0,2022-04-01,ws,1
20590,5,738410000,2023-02-02,2023-05-02,,155000.0,2023-01-01,ws,1
20626,5,738410000,2023-05-02,2024-02-02,,137000.0,2023-04-01,ws,1
21944,0,738410000,2024-02-02,2024-07-02,1.0,129000.0,2024-01-01,ws,1
26034,0,738410000,2024-07-02,2025-06-30,1.0,129000.0,2024-06-01,ws,1
939,5,738420000,2010-01-01,2012-05-02,1.0,102000.0,2012-04-01,bdm,0
2214,0,738420000,2012-05-02,2014-05-02,1.0,102000.0,2012-04-01,ws,1
4790,0,738420000,2014-05-02,2016-05-02,1.0,94500.0,2014-04-01,ws,1
7438,0,738420000,2016-05-02,2018-05-02,1.0,87600.0,2016-04-01,ws,1
10053,0,738420000,2018-05-02,2019-11-02,1.0,83100.0,2018-04-01,ws,1
12566,0,738420000,2019-11-02,2020-05-02,1.0,83500.0,2019-10-01,ws,1
15237,0,738420000,2020-05-02,2022-05-02,1.0,83300.0,2020-04-01,ws,1
20450,5,738420000,2022-05-02,2023-02-02,1.0,80800.0,2022-04-01,ws,1
20591,5,738420000,2023-02-02,2023-05-02,,75700.0,2023-01-01,ws,1
21945,0,738420000,2023-05-02,2024-07-02,1.0,70600.0,2023-04-01,ws,1
26035,0,738420000,2024-07-02,2025-06-30,1.0,80800.0,2024-06-01,ws,1
940,5,738430000,2010-01-01,2012-05-02,1.0,88500.0,2012-04-01,bdm,0
2215,0,738430000,2012-05-02,2014-05-02,1.0,88500.0,2012-04-01,ws,1
4791,0,738430000,2014-05-02,2016-05-02,1.0,89600.0,2014-04-01,ws,1
7439,0,738430000,2016-05-02,2018-05-02,1.0,85600.0,2016-04-01,ws,1
10054,0,738430000,2018-05-02,2019-11-02,1.0,85600.0,2018-04-01,ws,1
12567,0,738430000,2019-11-02,2020-05-02,1.0,87200.0,2019-10-01,ws,1
15238,0,738430000,2020-05-02,2022-05-02,1.0,87200.0,2020-04-01,ws,1
21946,0,738430000,2022-05-02,2024-07-02,1.0,87200.0,2022-04-01,ws,1
26036,0,738430000,2024-07-02,2025-06-30,1.0,87200.0,2024-06-01,ws,1
941,5,738440000,2010-01-01,2012-05-02,1.0,127000.0,2012-04-01,bdm,0
941,5,738440000,2012-05-02,2013-11-02,1.0,127000.0,2012-04-01,ws,1
2216,0,738440000,2013-11-02,2014-05-02,1.0,127000.0,2013-10-01,ws,1
4792,0,738440000,2014-05-02,2016-05-02,1.0,123000.0,2014-04-01,ws,1
7440,0,738440000,2016-05-02,2018-05-02,1.0,113000.0,2016-04-01,ws,1
10055,0,738440000,2018-05-02,2019-11-02,1.0,103000.0,2018-04-01,ws,1
12568,0,738440000,2019-11-02,2020-05-02,1.0,105000.0,2019-10-01,ws,1
15239,0,738440000,2020-05-02,2022-05-02,1.0,104000.0,2020-04-01,ws,1
21947,0,738440000,2022-05-02,2024-07-02,1.0,104000.0,2022-04-01,ws,1
26037,0,738440000,2024-07-02,2025-06-30,1.0,96100.0,2024-06-01,ws,1
942,0,738450000,2010-01-01,2012-05-02,1.0,100000.0,2012-04-01,bdm,0
2217,0,738450000,2012-05-02,2014-05-02,1.0,100000.0,2012-04-01,ws,1
4793,0,738450000,2014-05-02,2016-05-02,1.0,102000.0,2014-04-01,ws,1
7441,0,738450000,2016-05-02,2018-05-02,1.0,98900.0,2016-04-01,ws,1
10056,0,738450000,2018-05-02,2019-11-02,1.0,98900.0,2018-04-01,ws,1
12569,0,738450000,2019-11-02,2020-05-02,1.0,101000.0,2019-10-01,ws,1
15240,0,738450000,2020-05-02,2022-05-02,1.0,101000.0,2020-04-01,ws,1
21948,0,738450000,2022-05-02,2024-07-02,1.0,101000.0,2022-04-01,ws,1
26038,0,738450000,2024-07-02,2025-06-30,1.0,101000.0,2024-06-01,ws,1
943,5,738460000,2010-01-01,2012-05-02,1.0,287000.0,2012-04-01,bdm,0
2218,0,738460000,2012-05-02,2014-05-02,1.0,287000.0,2012-04-01,ws,1
4794,0,738460000,2014-05-02,2016-05-02,1.0,271000.0,2014-04-01,ws,1
7442,0,738460000,2016-05-02,2018-05-02,1.0,253000.0,2016-04-01,ws,1
10057,0,738460000,2018-05-02,2019-11-02,1.0,249000.0,2018-04-01,ws,1
12570,0,738460000,2019-11-02,2020-05-02,1.0,251000.0,2019-10-01,ws,1
15241,0,738460000,2020-05-02,2022-05-02,1.0,251000.0,2020-04-01,ws,1
21949,0,738460000,2022-05-02,2024-07-02,1.0,251000.0,2022-04-01,ws,1
26039,0,738460000,2024-07-02,2025-06-30,1.0,240000.0,2024-06-01,ws,1
944,5,738470000,2010-01-01,2012-05-02,1.0,275000.0,2012-04-01,bdm,0
2219,0,738470000,2012-05-02,2014-05-02,1.0,275000.0,2012-04-01,ws,1
4795,0,738470000,2014-05-02,2016-05-02,1.0,257000.0,2014-04-01,ws,1
7443,0,738470000,2016-05-02,2018-05-02,1.0,247000.0,2016-04-01,ws,1
10058,0,738470000,2018-05-02,2019-11-02,1.0,241000.0,2018-04-01,ws,1
12571,0,738470000,2019-11-02,2020-05-02,1.0,242000.0,2019-10-01,ws,1
15242,0,738470000,2020-05-02,2022-05-02,1.0,242000.0,2020-04-01,ws,1
21950,0,738470000,2022-05-02,2024-07-02,1.0,242000.0,2022-04-01,ws,1
26040,0,738470000,2024-07-02,2025-06-30,1.0,236000.0,2024-06-01,ws,1
945,0,738480000,2010-01-01,2012-05-02,1.0,177000.0,2012-04-01,bdm,0
2220,0,738480000,2012-05-02,2014-05-02,1.0,177000.0,2012-04-01,ws,1
4796,0,738480000,2014-05-02,2016-05-02,1.0,182000.0,2014-04-01,ws,1
7444,0,738480000,2016-05-02,2018-05-02,1.0,182000.0,2016-04-01,ws,1
10059,0,738480000,2018-05-02,2019-11-02,1.0,174000.0,2018-04-01,ws,1
12572,0,738480000,2019-11-02,2020-05-02,1.0,177000.0,2019-10-01,ws,1
15243,0,738480000,2020-05-02,2022-05-02,1.0,177000.0,2020-04-01,ws,1
21951,0,738480000,2022-05-02,2024-07-02,1.0,177000.0,2022-04-01,ws,1
26041,0,738480000,2024-07-02,2025-06-30,1.0,177000.0,2024-06-01,ws,1
946,5,738490000,2010-01-01,2012-05-02,1.0,162000.0,2012-04-01,bdm,0
2221,0,738490000,2012-05-02,2014-05-02,1.0,162000.0,2012-04-01,ws,1
4797,0,738490000,2014-05-02,2016-05-02,1.0,153000.0,2014-04-01,ws,1
7445,0,738490000,2016-05-02,2018-05-02,1.0,146000.0,2016-04-01,ws,1
10060,0,738490000,2018-05-02,2019-11-02,1.0,139000.0,2018-04-01,ws,1
12573,0,738490000,2019-11-02,2020-05-02,1.0,142000.0,2019-10-01,ws,1
15244,0,738490000,2020-05-02,2022-05-02,1.0,142000.0,2020-04-01,ws,1
21952,0,738490000,2022-05-02,2024-07-02,1.0,142000.0,2022-04-01,ws,1
26042,0,738490000,2024-07-02,2025-06-30,1.0,142000.0,2024-06-01,ws,1
947,5,738500000,2010-01-01,2012-05-02,1.0,179000.0,2012-04-01,bdm,0
2222,0,738500000,2012-05-02,2014-05-02,1.0,179000.0,2012-04-01,ws,1
4798,0,738500000,2014-05-02,2016-05-02,1.0,167000.0,2014-04-01,ws,1
7446,0,738500000,2016-05-02,2018-05-02,1.0,151000.0,2016-04-01,ws,1
10061,0,738500000,2018-05-02,2019-11-02,1.0,146000.0,2018-04-01,ws,1
12574,0,738500000,2019-11-02,2020-05-02,1.0,147000.0,2019-10-01,ws,1
15245,0,738500000,2020-05-02,2022-05-02,1.0,147000.0,2020-04-01,ws,1
21953,0,738500000,2022-05-02,2024-07-02,1.0,147000.0,2022-04-01,ws,1
26043,0,738500000,2024-07-02,2025-06-30,1.0,147000.0,2024-06-01,ws,1
948,5,738510000,2010-01-01,2012-05-02,1.0,166000.0,2012-04-01,bdm,0
2223,0,738510000,2012-05-02,2014-05-02,1.0,166000.0,2012-04-01,ws,1
4799,0,738510000,2014-05-02,2016-05-02,1.0,154000.0,2014-04-01,ws,1
7447,0,738510000,2016-05-02,2018-05-02,1.0,147000.0,2016-04-01,ws,1
10062,0,738510000,2018-05-02,2019-11-02,1.0,143000.0,2018-04-01,ws,1
12575,0,738510000,2019-11-02,2020-05-02,1.0,145000.0,2019-10-01,ws,1
15246,0,738510000,2020-05-02,2022-05-02,1.0,145000.0,2020-04-01,ws,1
21954,0,738510000,2022-05-02,2024-07-02,1.0,145000.0,2022-04-01,ws,1
26044,0,738510000,2024-07-02,2025-06-30,1.0,140000.0,2024-06-01,ws,1
949,5,738520000,2010-01-01,2012-05-02,1.0,185000.0,2012-04-01,bdm,0
2224,0,738520000,2012-05-02,2014-05-02,1.0,185000.0,2012-04-01,ws,1
4800,0,738520000,2014-05-02,2016-05-02,1.0,186000.0,2014-04-01,ws,1
7448,0,738520000,2016-05-02,2018-05-02,1.0,186000.0,2016-04-01,ws,1
10063,0,738520000,2018-05-02,2019-11-02,1.0,158000.0,2018-04-01,ws,1
12576,0,738520000,2019-11-02,2020-05-02,1.0,161000.0,2019-10-01,ws,1
15247,0,738520000,2020-05-02,2022-05-02,1.0,161000.0,2020-04-01,ws,1
21955,0,738520000,2022-05-02,2024-07-02,1.0,161000.0,2022-04-01,ws,1
26045,0,738520000,2024-07-02,2025-06-30,1.0,161000.0,2024-06-01,ws,1
950,5,738530000,2010-01-01,2012-05-02,1.0,121000.0,2012-04-01,bdm,0
2225,0,738530000,2012-05-02,2014-05-02,1.0,121000.0,2012-04-01,ws,1
4801,0,738530000,2014-05-02,2016-05-02,1.0,114000.0,2014-04-01,ws,1
7449,0,738530000,2016-05-02,2018-05-02,1.0,109000.0,2016-04-01,ws,1
10064,0,738530000,2018-05-02,2019-11-02,1.0,103000.0,2018-04-01,ws,1
12577,0,738530000,2019-11-02,2020-05-02,1.0,105000.0,2019-10-01,ws,1
13845,0,738530000,2020-05-02,2020-10-02,1.0,105000.0,2020-04-01,ws,1
15248,0,738530000,2020-10-02,2022-05-02,1.0,105000.0,2020-09-01,ws,1
21956,0,738530000,2022-05-02,2024-07-02,1.0,105000.0,2022-04-01,ws,1
26046,0,738530000,2024-07-02,2025-06-30,1.0,105000.0,2024-06-01,ws,1
951,5,738540000,2010-01-01,2012-05-02,1.0,41700.0,2012-04-01,bdm,0
2226,0,738540000,2012-05-02,2014-05-02,1.0,41700.0,2012-04-01,ws,1
4802,0,738540000,2014-05-02,2016-05-02,1.0,38400.0,2014-04-01,ws,1
7450,0,738540000,2016-05-02,2018-05-02,1.0,36100.0,2016-04-01,ws,1
10065,0,738540000,2018-05-02,2019-11-02,1.0,33500.0,2018-04-01,ws,1
12578,0,738540000,2019-11-02,2020-05-02,1.0,34100.0,2019-10-01,ws,1
15249,0,738540000,2020-05-02,2022-05-02,1.0,34100.0,2020-04-01,ws,1
21957,0,738540000,2022-05-02,2024-07-02,1.0,34100.0,2022-04-01,ws,1
26047,0,738540000,2024-07-02,2025-06-30,1.0,32000.0,2024-06-01,ws,1
952,5,738560000,2010-01-01,2012-05-02,1.0,61300.0,2012-04-01,bdm,0
2227,0,738560000,2012-05-02,2014-05-02,1.0,61300.0,2012-04-01,ws,1
4803,0,738560000,2014-05-02,2016-05-02,1.0,56900.0,2014-04-01,ws,1
7451,0,738560000,2016-05-02,2018-05-02,1.0,54500.0,2016-04-01,ws,1
10066,0,738560000,2018-05-02,2019-11-02,1.0,51600.0,2018-04-01,ws,1
12579,0,738560000,2019-11-02,2020-05-02,1.0,52600.0,2019-10-01,ws,1
15250,0,738560000,2020-05-02,2022-05-02,1.0,52600.0,2020-04-01,ws,1
21958,0,738560000,2022-05-02,2024-07-02,1.0,52600.0,2022-04-01,ws,1
26048,0,738560000,2024-07-02,2025-06-30,1.0,48300.0,2024-06-01,ws,1
953,5,738570000,2010-01-01,2012-05-02,1.0,23400.0,2012-04-01,bdm,0
2228,0,738570000,2012-05-02,2014-05-02,1.0,23400.0,2012-04-01,ws,1
3594,5,738570000,2014-05-02,2014-11-02,1.0,22000.0,2014-04-01,ws,1
4804,0,738570000,2014-11-02,2016-05-02,1.0,22000.0,2014-10-01,ws,1
7452,0,738570000,2016-05-02,2018-05-02,1.0,20400.0,2016-04-01,ws,1
10067,0,738570000,2018-05-02,2019-11-02,1.0,19600.0,2018-04-01,ws,1
12580,0,738570000,2019-11-02,2020-05-02,1.0,19500.0,2019-10-01,ws,1
15251,0,738570000,2020-05-02,2022-05-02,1.0,19400.0,2020-04-01,ws,1
21959,0,738570000,2022-05-02,2024-07-02,1.0,19400.0,2022-04-01,ws,1
26049,0,738570000,2024-07-02,2025-06-30,1.0,19400.0,2024-06-01,ws,1
954,5,738580000,2010-01-01,2012-05-02,1.0,65400.0,2012-04-01,bdm,0
2229,0,738580000,2012-05-02,2014-05-02,1.0,65400.0,2012-04-01,ws,1
3595,5,738580000,2014-05-02,2015-08-02,1.0,67200.0,2014-04-01,ws,1
4805,0,738580000,2015-08-02,2016-05-02,1.0,67200.0,2015-07-01,ws,1
7453,0,738580000,2016-05-02,2018-05-02,1.0,65200.0,2016-04-01,ws,1
10068,0,738580000,2018-05-02,2019-11-02,1.0,64500.0,2018-04-01,ws,1
12581,0,738580000,2019-11-02,2020-05-02,1.0,65500.0,2019-10-01,ws,1
15252,0,738580000,2020-05-02,2022-05-02,1.0,65500.0,2020-04-01,ws,1
21960,0,738580000,2022-05-02,2024-07-02,1.0,65500.0,2022-04-01,ws,1
26050,0,738580000,2024-07-02,2025-06-30,1.0,65500.0,2024-06-01,ws,1
955,5,738590000,2010-01-01,2012-05-02,1.0,13700.0,2012-04-01,bdm,0
2230,0,738590000,2012-05-02,2014-05-02,1.0,13700.0,2012-04-01,ws,1
4806,0,738590000,2014-05-02,2016-05-02,1.0,12800.0,2014-04-01,ws,1
7454,0,738590000,2016-05-02,2018-05-02,1.0,12300.0,2016-04-01,ws,1
10069,0,738590000,2018-05-02,2019-11-02,1.0,11800.0,2018-04-01,ws,1
12582,0,738590000,2019-11-02,2020-05-02,1.0,11900.0,2019-10-01,ws,1
15253,0,738590000,2020-05-02,2022-05-02,1.0,11900.0,2020-04-01,ws,1
21961,0,738590000,2022-05-02,2024-07-02,1.0,11900.0,2022-04-01,ws,1
26051,0,738590000,2024-07-02,2025-06-30,1.0,11800.0,2024-06-01,ws,1
956,5,738600000,2010-01-01,2012-05-02,1.0,590000.0,2012-04-01,bdm,0
2231,0,738600000,2012-05-02,2014-05-02,1.0,590000.0,2012-04-01,ws,1
4807,0,738600000,2014-05-02,2016-05-02,1.0,577000.0,2014-04-01,ws,1
7455,0,738600000,2016-05-02,2018-05-02,1.0,577000.0,2016-04-01,ws,1
10070,0,738600000,2018-05-02,2019-11-02,1.0,577000.0,2018-04-01,ws,1
12583,0,738600000,2019-11-02,2020-05-02,1.0,588000.0,2019-10-01,ws,1
15254,0,738600000,2020-05-02,2022-05-02,1.0,588000.0,2020-04-01,ws,1
21962,0,738600000,2022-05-02,2024-07-02,1.0,588000.0,2022-04-01,ws,1
26052,0,738600000,2024-07-02,2025-06-30,1.0,588000.0,2024-06-01,ws,1
957,5,738610000,2010-01-01,2012-05-02,1.0,134000.0,2012-04-01,bdm,0
957,5,738610000,2012-05-02,2013-02-02,1.0,134000.0,2012-04-01,ws,1
2232,0,738610000,2013-02-02,2014-05-02,1.0,134000.0,2013-01-01,ws,1
4808,0,738610000,2014-05-02,2016-05-02,1.0,129000.0,2014-04-01,ws,1
7456,0,738610000,2016-05-02,2018-05-02,1.0,127000.0,2016-04-01,ws,1
10071,0,738610000,2018-05-02,2019-11-02,1.0,127000.0,2018-04-01,ws,1
12584,0,738610000,2019-11-02,2020-05-02,1.0,129000.0,2019-10-01,ws,1
15255,0,738610000,2020-05-02,2022-05-02,1.0,129000.0,2020-04-01,ws,1
21963,0,738610000,2022-05-02,2024-07-02,1.0,124000.0,2022-04-01,ws,1
26053,0,738610000,2024-07-02,2025-06-30,1.0,124000.0,2024-06-01,ws,1
958,5,738620000,2010-01-01,2012-05-02,1.0,553000.0,2012-04-01,bdm,0
958,5,738620000,2012-05-02,2013-02-02,1.0,553000.0,2012-04-01,ws,1
2233,0,738620000,2013-02-02,2014-05-02,1.0,553000.0,2013-01-01,ws,1
3599,5,738620000,2014-05-02,2015-02-02,1.0,553000.0,2014-04-01,ws,1
2381,5,738620000,2015-02-02,2015-05-02,,521000.0,2015-01-01,ws,1
4809,0,738620000,2015-05-02,2016-05-02,1.0,489000.0,2015-04-01,ws,1
7457,0,738620000,2016-05-02,2018-05-02,1.0,279000.0,2016-04-01,ws,1
10072,0,738620000,2018-05-02,2019-11-02,1.0,279000.0,2018-04-01,ws,1
12585,0,738620000,2019-11-02,2020-05-02,1.0,284000.0,2019-10-01,ws,1
15256,0,738620000,2020-05-02,2022-05-02,1.0,284000.0,2020-04-01,ws,1
21964,0,738620000,2022-05-02,2024-07-02,1.0,284000.0,2022-04-01,ws,1
26054,0,738620000,2024-07-02,2025-06-30,1.0,270000.0,2024-06-01,ws,1
959,5,738630000,2010-01-01,2012-05-02,1.0,315000.0,2012-04-01,bdm,0
2234,0,738630000,2012-05-02,2014-05-02,1.0,315000.0,2012-04-01,ws,1
3600,5,738630000,2014-05-02,2014-11-02,1.0,324000.0,2014-04-01,ws,1
4810,0,738630000,2014-11-02,2016-05-02,1.0,324000.0,2014-10-01,ws,1
7458,0,738630000,2016-05-02,2018-05-02,1.0,217000.0,2016-04-01,ws,1
10073,0,738630000,2018-05-02,2019-11-02,1.0,217000.0,2018-04-01,ws,1
12586,0,738630000,2019-11-02,2020-05-02,1.0,221000.0,2019-10-01,ws,1
15257,0,738630000,2020-05-02,2022-05-02,1.0,221000.0,2020-04-01,ws,1
21965,0,738630000,2022-05-02,2024-07-02,1.0,221000.0,2022-04-01,ws,1
26055,0,738630000,2024-07-02,2025-06-30,1.0,221000.0,2024-06-01,ws,1
960,5,738640000,2010-01-01,2012-05-02,1.0,267000.0,2012-04-01,bdm,0
2235,0,738640000,2012-05-02,2014-05-02,1.0,267000.0,2012-04-01,ws,1
4811,0,738640000,2014-05-02,2016-05-02,1.0,266000.0,2014-04-01,ws,1
7459,0,738640000,2016-05-02,2018-05-02,1.0,169000.0,2016-04-01,ws,1
10074,0,738640000,2018-05-02,2019-11-02,1.0,169000.0,2018-04-01,ws,1
12587,0,738640000,2019-11-02,2020-05-02,1.0,172000.0,2019-10-01,ws,1
15258,0,738640000,2020-05-02,2022-05-02,1.0,172000.0,2020-04-01,ws,1
21966,0,738640000,2022-05-02,2024-07-02,1.0,172000.0,2022-04-01,ws,1
26056,0,738640000,2024-07-02,2025-06-30,1.0,172000.0,2024-06-01,ws,1
961,0,738650000,2010-01-01,2012-05-02,1.0,214000.0,2012-04-01,bdm,0
2236,0,738650000,2012-05-02,2014-05-02,1.0,214000.0,2012-04-01,ws,1
4812,0,738650000,2014-05-02,2016-05-02,1.0,220000.0,2014-04-01,ws,1
7460,0,738650000,2016-05-02,2018-05-02,1.0,153000.0,2016-04-01,ws,1
10075,0,738650000,2018-05-02,2019-11-02,1.0,153000.0,2018-04-01,ws,1
12588,0,738650000,2019-11-02,2020-05-02,1.0,156000.0,2019-10-01,ws,1
15259,0,738650000,2020-05-02,2022-05-02,1.0,156000.0,2020-04-01,ws,1
21967,0,738650000,2022-05-02,2024-07-02,1.0,156000.0,2022-04-01,ws,1
26057,0,738650000,2024-07-02,2025-06-30,1.0,156000.0,2024-06-01,ws,1
962,0,738660000,2010-01-01,2012-05-02,2.0,0.0,2012-04-01,bdm,0
2237,0,738660000,2012-05-02,2014-05-02,2.0,0.0,2012-04-01,ws,1
4813,0,738660000,2014-05-02,2016-05-02,2.0,0.0,2014-04-01,ws,1
7461,0,738660000,2016-05-02,2018-05-02,2.0,0.0,2016-04-01,ws,1
10076,0,738660000,2018-05-02,2019-11-02,2.0,0.0,2018-04-01,ws,1
12589,0,738660000,2019-11-02,2020-05-02,2.0,0.0,2019-10-01,ws,1
15260,0,738660000,2020-05-02,2022-05-02,2.0,0.0,2020-04-01,ws,1
21968,0,738660000,2022-05-02,2024-07-02,2.0,0.0,2022-04-01,ws,1
26058,0,738660000,2024-07-02,2025-06-30,2.0,0.0,2024-06-01,ws,1
963,0,738670000,2010-01-01,2012-05-02,2.0,0.0,2012-04-01,bdm,0
2238,0,738670000,2012-05-02,2014-05-02,2.0,0.0,2012-04-01,ws,1
4814,0,738670000,2014-05-02,2016-05-02,2.0,0.0,2014-04-01,ws,1
7462,0,738670000,2016-05-02,2018-05-02,2.0,0.0,2016-04-01,ws,1
10077,0,738670000,2018-05-02,2019-11-02,2.0,0.0,2018-04-01,ws,1
12590,0,738670000,2019-11-02,2020-05-02,2.0,0.0,2019-10-01,ws,1
15261,0,738670000,2020-05-02,2022-05-02,2.0,0.0,2020-04-01,ws,1
21969,0,738670000,2022-05-02,2024-07-02,2.0,0.0,2022-04-01,ws,1
26059,0,738670000,2024-07-02,2025-06-30,2.0,0.0,2024-06-01,ws,1
964,0,738680000,2010-01-01,2012-05-02,2.0,0.0,2012-04-01,bdm,0
2239,0,738680000,2012-05-02,2014-05-02,2.0,0.0,2012-04-01,ws,1
4815,0,738680000,2014-05-02,2016-05-02,2.0,0.0,2014-04-01,ws,1
7463,0,738680000,2016-05-02,2018-05-02,2.0,0.0,2016-04-01,ws,1
10078,0,738680000,2018-05-02,2019-11-02,2.0,0.0,2018-04-01,ws,1
12591,0,738680000,2019-11-02,2020-05-02,2.0,0.0,2019-10-01,ws,1
13859,9,738680000,2020-05-02,2025-06-30,,0.0,2020-04-01,aes,2
965,5,738690000,2010-01-01,2012-05-02,1.0,383000.0,2012-04-01,bdm,0
2240,0,738690000,2012-05-02,2014-05-02,1.0,383000.0,2012-04-01,ws,1
4816,0,738690000,2014-05-02,2016-05-02,1.0,370000.0,2014-04-01,ws,1
7464,0,738690000,2016-05-02,2018-05-02,1.0,362000.0,2016-04-01,ws,1
10079,0,738690000,2018-05-02,2019-11-02,1.0,355000.0,2018-04-01,ws,1
12592,0,738690000,2019-11-02,2020-05-02,1.0,362000.0,2019-10-01,ws,1
15262,0,738690000,2020-05-02,2022-05-02,1.0,362000.0,2020-04-01,ws,1
21970,0,738690000,2022-05-02,2024-07-02,1.0,362000.0,2022-04-01,ws,1
26060,0,738690000,2024-07-02,2025-06-30,1.0,362000.0,2024-06-01,ws,1
966,5,738700000,2010-01-01,2012-05-02,1.0,305000.0,2012-04-01,bdm,0
2241,0,738700000,2012-05-02,2014-05-02,1.0,305000.0,2012-04-01,ws,1
4817,0,738700000,2014-05-02,2016-05-02,1.0,294000.0,2014-04-01,ws,1
7465,0,738700000,2016-05-02,2018-05-02,1.0,288000.0,2016-04-01,ws,1
10080,0,738700000,2018-05-02,2019-11-02,1.0,282000.0,2018-04-01,ws,1
12593,0,738700000,2019-11-02,2020-05-02,1.0,287000.0,2019-10-01,ws,1
15263,0,738700000,2020-05-02,2022-05-02,1.0,287000.0,2020-04-01,ws,1
21971,0,738700000,2022-05-02,2024-07-02,1.0,287000.0,2022-04-01,ws,1
26061,0,738700000,2024-07-02,2025-06-30,1.0,287000.0,2024-06-01,ws,1
967,0,738710000,2010-01-01,2012-05-02,1.0,142000.0,2012-04-01,bdm,0
2242,0,738710000,2012-05-02,2014-05-02,1.0,142000.0,2012-04-01,ws,1
4818,0,738710000,2014-05-02,2016-05-02,1.0,146000.0,2014-04-01,ws,1
7466,0,738710000,2016-05-02,2018-05-02,1.0,146000.0,2016-04-01,ws,1
10081,0,738710000,2018-05-02,2019-11-02,1.0,146000.0,2018-04-01,ws,1
12594,0,738710000,2019-11-02,2020-05-02,1.0,149000.0,2019-10-01,ws,1
15264,0,738710000,2020-05-02,2022-05-02,1.0,149000.0,2020-04-01,ws,1
21972,0,738710000,2022-05-02,2024-07-02,1.0,149000.0,2022-04-01,ws,1
26062,0,738710000,2024-07-02,2025-06-30,1.0,149000.0,2024-06-01,ws,1
968,0,738720000,2010-01-01,2012-05-02,1.0,240000.0,2012-04-01,bdm,0
2243,0,738720000,2012-05-02,2014-05-02,1.0,240000.0,2012-04-01,ws,1
4819,0,738720000,2014-05-02,2016-05-02,1.0,237000.0,2014-04-01,ws,1
7467,0,738720000,2016-05-02,2018-05-02,1.0,237000.0,2016-04-01,ws,1
8775,5,738720000,2018-05-02,2019-02-02,1.0,225000.0,2018-04-01,ws,1
8854,5,738720000,2019-02-02,2019-05-02,,202000.0,2019-01-01,ws,1
10082,0,738720000,2019-05-02,2019-11-02,1.0,178000.0,2019-04-01,ws,1
12595,0,738720000,2019-11-02,2020-05-02,1.0,181000.0,2019-10-01,ws,1
15265,0,738720000,2020-05-02,2022-05-02,1.0,176000.0,2020-04-01,ws,1
21973,0,738720000,2022-05-02,2024-07-02,1.0,176000.0,2022-04-01,ws,1
26063,0,738720000,2024-07-02,2025-06-30,1.0,176000.0,2024-06-01,ws,1
969,0,738730000,2010-01-01,2012-05-02,1.0,114000.0,2012-04-01,bdm,0
2244,0,738730000,2012-05-02,2014-05-02,1.0,114000.0,2012-04-01,ws,1
4820,0,738730000,2014-05-02,2016-05-02,1.0,111000.0,2014-04-01,ws,1
7468,0,738730000,2016-05-02,2018-05-02,1.0,108000.0,2016-04-01,ws,1
10083,0,738730000,2018-05-02,2019-11-02,1.0,106000.0,2018-04-01,ws,1
12596,0,738730000,2019-11-02,2020-05-02,1.0,108000.0,2019-10-01,ws,1
15266,0,738730000,2020-05-02,2022-05-02,1.0,108000.0,2020-04-01,ws,1
21974,0,738730000,2022-05-02,2024-07-02,1.0,108000.0,2022-04-01,ws,1
26064,0,738730000,2024-07-02,2025-06-30,1.0,107000.0,2024-06-01,ws,1
970,0,738740000,2010-01-01,2012-05-02,1.0,97000.0,2012-04-01,bdm,0
2245,0,738740000,2012-05-02,2014-05-02,1.0,97000.0,2012-04-01,ws,1
4821,0,738740000,2014-05-02,2016-05-02,1.0,95700.0,2014-04-01,ws,1
7469,0,738740000,2016-05-02,2018-05-02,1.0,93000.0,2016-04-01,ws,1
10084,0,738740000,2018-05-02,2019-11-02,1.0,91800.0,2018-04-01,ws,1
12597,0,738740000,2019-11-02,2020-05-02,1.0,93500.0,2019-10-01,ws,1
15267,0,738740000,2020-05-02,2022-05-02,1.0,92900.0,2020-04-01,ws,1
21975,0,738740000,2022-05-02,2024-07-02,1.0,92800.0,2022-04-01,ws,1
26065,0,738740000,2024-07-02,2025-06-30,1.0,92000.0,2024-06-01,ws,1
971,0,738750000,2010-01-01,2012-05-02,1.0,97400.0,2012-04-01,bdm,0
2246,0,738750000,2012-05-02,2014-05-02,1.0,97400.0,2012-04-01,ws,1
4822,0,738750000,2014-05-02,2016-05-02,1.0,96300.0,2014-04-01,ws,1
7470,0,738750000,2016-05-02,2018-05-02,1.0,96300.0,2016-04-01,ws,1
10085,0,738750000,2018-05-02,2019-11-02,1.0,95800.0,2018-04-01,ws,1
12598,0,738750000,2019-11-02,2020-05-02,1.0,95900.0,2019-10-01,ws,1
15268,0,738750000,2020-05-02,2022-05-02,1.0,95900.0,2020-04-01,ws,1
21976,0,738750000,2022-05-02,2024-07-02,1.0,95900.0,2022-04-01,ws,1
26066,0,738750000,2024-07-02,2025-06-30,1.0,95900.0,2024-06-01,ws,1
972,0,738760000,2010-01-01,2012-05-02,1.0,203000.0,2012-04-01,bdm,0
2247,0,738760000,2012-05-02,2014-05-02,1.0,203000.0,2012-04-01,ws,1
4823,0,738760000,2014-05-02,2016-05-02,1.0,208000.0,2014-04-01,ws,1
7471,0,738760000,2016-05-02,2018-05-02,1.0,208000.0,2016-04-01,ws,1
10086,0,738760000,2018-05-02,2019-11-02,1.0,208000.0,2018-04-01,ws,1
12599,0,738760000,2019-11-02,2020-05-02,1.0,212000.0,2019-10-01,ws,1
13867,9,738760000,2020-05-02,2025-06-30,,0.0,2020-04-01,aes,2
973,0,738770000,2010-01-01,2012-05-02,2.0,0.0,2012-04-01,bdm,0
2248,0,738770000,2012-05-02,2014-05-02,2.0,0.0,2012-04-01,ws,1
4824,0,738770000,2014-05-02,2016-05-02,2.0,0.0,2014-04-01,ws,1
7472,0,738770000,2016-05-02,2018-05-02,2.0,0.0,2016-04-01,ws,1
10087,0,738770000,2018-05-02,2019-11-02,2.0,0.0,2018-04-01,ws,1
12600,0,738770000,2019-11-02,2020-05-02,2.0,0.0,2019-10-01,ws,1
15269,0,738770000,2020-05-02,2022-05-02,2.0,0.0,2020-04-01,ws,1
21977,0,738770000,2022-05-02,2024-07-02,2.0,0.0,2022-04-01,ws,1
26067,0,738770000,2024-07-02,2025-06-30,2.0,0.0,2024-06-01,ws,1
974,0,738780000,2010-01-01,2012-05-02,2.0,0.0,2012-04-01,bdm,0
2249,0,738780000,2012-05-02,2014-05-02,2.0,0.0,2012-04-01,ws,1
4825,0,738780000,2014-05-02,2016-05-02,2.0,0.0,2014-04-01,ws,1
7473,0,738780000,2016-05-02,2018-05-02,2.0,0.0,2016-04-01,ws,1
10088,0,738780000,2018-05-02,2019-11-02,2.0,0.0,2018-04-01,ws,1
12601,0,738780000,2019-11-02,2020-05-02,2.0,0.0,2019-10-01,ws,1
15270,0,738780000,2020-05-02,2022-05-02,2.0,0.0,2020-04-01,ws,1
21978,0,738780000,2022-05-02,2024-07-02,2.0,0.0,2022-04-01,ws,1
26068,0,738780000,2024-07-02,2025-06-30,2.0,0.0,2024-06-01,ws,1
975,5,738790000,2010-01-01,2012-05-02,1.0,99700.0,2012-04-01,bdm,0
2250,0,738790000,2012-05-02,2014-05-02,1.0,99700.0,2012-04-01,ws,1
4826,0,738790000,2014-05-02,2016-05-02,1.0,98400.0,2014-04-01,ws,1
7474,0,738790000,2016-05-02,2018-05-02,1.0,97300.0,2016-04-01,ws,1
10089,0,738790000,2018-05-02,2019-11-02,1.0,96300.0,2018-04-01,ws,1
12602,0,738790000,2019-11-02,2020-05-02,1.0,96300.0,2019-10-01,ws,1
15271,0,738790000,2020-05-02,2022-05-02,1.0,96300.0,2020-04-01,ws,1
21979,0,738790000,2022-05-02,2024-07-02,1.0,95500.0,2022-04-01,ws,1
26069,0,738790000,2024-07-02,2025-06-30,1.0,95500.0,2024-06-01,ws,1
976,5,738800000,2010-01-01,2012-05-02,1.0,444000.0,2012-04-01,bdm,0
2251,0,738800000,2012-05-02,2014-05-02,1.0,444000.0,2012-04-01,ws,1
4827,0,738800000,2014-05-02,2016-05-02,1.0,425000.0,2014-04-01,ws,1
7475,0,738800000,2016-05-02,2018-05-02,1.0,402000.0,2016-04-01,ws,1
10090,0,738800000,2018-05-02,2019-11-02,1.0,402000.0,2018-04-01,ws,1
12603,0,738800000,2019-11-02,2020-05-02,1.0,409000.0,2019-10-01,ws,1
15272,0,738800000,2020-05-02,2022-05-02,1.0,409000.0,2020-04-01,ws,1
21980,0,738800000,2022-05-02,2024-07-02,1.0,409000.0,2022-04-01,ws,1
26070,0,738800000,2024-07-02,2025-06-30,1.0,409000.0,2024-06-01,ws,1
977,5,738810000,2010-01-01,2012-05-02,1.0,613000.0,2012-04-01,bdm,0
2252,0,738810000,2012-05-02,2014-05-02,1.0,613000.0,2012-04-01,ws,1
4828,0,738810000,2014-05-02,2016-05-02,1.0,605000.0,2014-04-01,ws,1
7476,0,738810000,2016-05-02,2018-05-02,1.0,605000.0,2016-04-01,ws,1
10091,0,738810000,2018-05-02,2019-11-02,1.0,599000.0,2018-04-01,ws,1
12604,0,738810000,2019-11-02,2020-05-02,1.0,610000.0,2019-10-01,ws,1
15273,0,738810000,2020-05-02,2022-05-02,1.0,600000.0,2020-04-01,ws,1
21981,0,738810000,2022-05-02,2024-07-02,1.0,600000.0,2022-04-01,ws,1
26071,0,738810000,2024-07-02,2025-06-30,1.0,600000.0,2024-06-01,ws,1
978,5,738820000,2010-01-01,2012-05-02,1.0,602000.0,2012-04-01,bdm,0
2253,0,738820000,2012-05-02,2014-05-02,1.0,602000.0,2012-04-01,ws,1
4829,0,738820000,2014-05-02,2016-05-02,1.0,619000.0,2014-04-01,ws,1
7477,0,738820000,2016-05-02,2018-05-02,1.0,619000.0,2016-04-01,ws,1
8785,5,738820000,2018-05-02,2019-02-02,1.0,588000.0,2018-04-01,ws,1
8855,5,738820000,2019-02-02,2019-05-02,,526000.0,2019-01-01,ws,1
10092,0,738820000,2019-05-02,2019-11-02,1.0,464000.0,2019-04-01,ws,1
12605,0,738820000,2019-11-02,2020-05-02,1.0,473000.0,2019-10-01,ws,1
15274,0,738820000,2020-05-02,2022-05-02,1.0,465000.0,2020-04-01,ws,1
20487,5,738820000,2022-05-02,2023-02-02,1.0,442000.0,2022-04-01,ws,1
20592,5,738820000,2023-02-02,2023-05-02,,395000.0,2023-01-01,ws,1
20628,5,738820000,2023-05-02,2024-02-02,,349000.0,2023-04-01,ws,1
20672,5,738820000,2024-02-02,2024-05-02,,302000.0,2024-01-01,ws,1
21982,5,738820000,2024-05-02,2024-07-02,1.0,233000.0,2024-04-01,ws,1
26072,0,738820000,2024-07-02,2025-06-30,1.0,233000.0,2024-06-01,ws,1
979,5,738830000,2010-01-01,2012-05-02,1.0,604000.0,2012-04-01,bdm,0
2254,0,738830000,2012-05-02,2014-05-02,1.0,604000.0,2012-04-01,ws,1
4830,0,738830000,2014-05-02,2016-05-02,1.0,596000.0,2014-04-01,ws,1
7478,0,738830000,2016-05-02,2018-05-02,1.0,591000.0,2016-04-01,ws,1
10093,0,738830000,2018-05-02,2019-11-02,1.0,579000.0,2018-04-01,ws,1
12606,0,738830000,2019-11-02,2020-05-02,1.0,589000.0,2019-10-01,ws,1
15275,0,738830000,2020-05-02,2022-05-02,1.0,589000.0,2020-04-01,ws,1
21983,0,738830000,2022-05-02,2024-07-02,1.0,589000.0,2022-04-01,ws,1
26073,0,738830000,2024-07-02,2025-06-30,1.0,589000.0,2024-06-01,ws,1
980,5,738840000,2010-01-01,2012-05-02,1.0,892000.0,2012-04-01,bdm,0
2255,0,738840000,2012-05-02,2014-05-02,1.0,892000.0,2012-04-01,ws,1
4831,0,738840000,2014-05-02,2016-05-02,1.0,876000.0,2014-04-01,ws,1
7479,0,738840000,2016-05-02,2018-05-02,1.0,870000.0,2016-04-01,ws,1
10094,0,738840000,2018-05-02,2019-11-02,1.0,870000.0,2018-04-01,ws,1
12607,0,738840000,2019-11-02,2020-05-02,1.0,886000.0,2019-10-01,ws,1
15276,0,738840000,2020-05-02,2022-05-02,1.0,886000.0,2020-04-01,ws,1
21984,0,738840000,2022-05-02,2024-07-02,1.0,886000.0,2022-04-01,ws,1
26074,0,738840000,2024-07-02,2025-06-30,1.0,886000.0,2024-06-01,ws,1
981,5,738850000,2010-01-01,2012-05-02,1.0,727000.0,2012-04-01,bdm,0
2256,0,738850000,2012-05-02,2014-05-02,1.0,727000.0,2012-04-01,ws,1
4832,0,738850000,2014-05-02,2016-05-02,1.0,744000.0,2014-04-01,ws,1
7480,0,738850000,2016-05-02,2018-05-02,1.0,742000.0,2016-04-01,ws,1
10095,0,738850000,2018-05-02,2019-11-02,1.0,742000.0,2018-04-01,ws,1
12608,0,738850000,2019-11-02,2020-05-02,1.0,756000.0,2019-10-01,ws,1
15277,0,738850000,2020-05-02,2022-05-02,1.0,756000.0,2020-04-01,ws,1
21985,0,738850000,2022-05-02,2024-07-02,1.0,756000.0,2022-04-01,ws,1
26075,0,738850000,2024-07-02,2025-06-30,1.0,756000.0,2024-06-01,ws,1
982,5,738860000,2010-01-01,2012-05-02,1.0,619000.0,2012-04-01,bdm,0
2257,0,738860000,2012-05-02,2014-05-02,1.0,619000.0,2012-04-01,ws,1
4833,0,738860000,2014-05-02,2016-05-02,1.0,615000.0,2014-04-01,ws,1
7481,0,738860000,2016-05-02,2018-05-02,1.0,615000.0,2016-04-01,ws,1
10096,0,738860000,2018-05-02,2019-11-02,1.0,615000.0,2018-04-01,ws,1
12609,0,738860000,2019-11-02,2020-05-02,1.0,626000.0,2019-10-01,ws,1
15278,0,738860000,2020-05-02,2022-05-02,1.0,626000.0,2020-04-01,ws,1
21986,0,738860000,2022-05-02,2024-07-02,1.0,626000.0,2022-04-01,ws,1
26076,0,738860000,2024-07-02,2025-06-30,1.0,626000.0,2024-06-01,ws,1
983,5,738870000,2010-01-01,2012-05-02,1.0,723000.0,2012-04-01,bdm,0
2258,0,738870000,2012-05-02,2014-05-02,1.0,723000.0,2012-04-01,ws,1
4834,0,738870000,2014-05-02,2016-05-02,1.0,720000.0,2014-04-01,ws,1
7482,0,738870000,2016-05-02,2018-05-02,1.0,720000.0,2016-04-01,ws,1
10097,0,738870000,2018-05-02,2019-11-02,1.0,720000.0,2018-04-01,ws,1
12610,0,738870000,2019-11-02,2020-05-02,1.0,733000.0,2019-10-01,ws,1
15279,0,738870000,2020-05-02,2022-05-02,1.0,733000.0,2020-04-01,ws,1
21987,0,738870000,2022-05-02,2024-07-02,1.0,733000.0,2022-04-01,ws,1
26077,0,738870000,2024-07-02,2025-06-30,1.0,733000.0,2024-06-01,ws,1
984,5,738880000,2010-01-01,2012-05-02,1.0,832000.0,2012-04-01,bdm,0
984,5,738880000,2012-05-02,2013-02-02,1.0,832000.0,2012-04-01,ws,1
1088,5,738880000,2013-02-02,2013-05-02,,809000.0,2013-01-01,ws,1
2259,0,738880000,2013-05-02,2014-05-02,1.0,785000.0,2013-04-01,ws,1
3625,5,738880000,2014-05-02,2015-02-02,1.0,783000.0,2014-04-01,ws,1
2382,5,738880000,2015-02-02,2015-05-02,,734000.0,2015-01-01,ws,1
4835,0,738880000,2015-05-02,2016-05-02,1.0,685000.0,2015-04-01,ws,1
7483,0,738880000,2016-05-02,2018-05-02,1.0,685000.0,2016-04-01,ws,1
10098,0,738880000,2018-05-02,2019-11-02,1.0,685000.0,2018-04-01,ws,1
12611,0,738880000,2019-11-02,2020-05-02,1.0,698000.0,2019-10-01,ws,1
15280,0,738880000,2020-05-02,2022-05-02,1.0,698000.0,2020-04-01,ws,1
21988,0,738880000,2022-05-02,2024-07-02,1.0,698000.0,2022-04-01,ws,1
26078,0,738880000,2024-07-02,2025-06-30,1.0,698000.0,2024-06-01,ws,1
985,0,738890000,2010-01-01,2012-05-02,2.0,0.0,2012-04-01,bdm,0
2260,0,738890000,2012-05-02,2014-05-02,2.0,0.0,2012-04-01,ws,1
4836,0,738890000,2014-05-02,2016-05-02,2.0,0.0,2014-04-01,ws,1
7484,0,738890000,2016-05-02,2018-05-02,2.0,0.0,2016-04-01,ws,1
10099,0,738890000,2018-05-02,2019-11-02,2.0,0.0,2018-04-01,ws,1
12612,0,738890000,2019-11-02,2020-05-02,2.0,0.0,2019-10-01,ws,1
15281,0,738890000,2020-05-02,2022-05-02,2.0,0.0,2020-04-01,ws,1
21989,0,738890000,2022-05-02,2024-07-02,2.0,0.0,2022-04-01,ws,1
26079,0,738890000,2024-07-02,2025-06-30,2.0,0.0,2024-06-01,ws,1
986,0,738900000,2010-01-01,2012-05-02,1.0,232.0,2012-04-01,bdm,0
2261,0,738900000,2012-05-02,2014-05-02,1.0,232.0,2012-04-01,ws,1
4837,0,738900000,2014-05-02,2016-05-02,1.0,238.0,2014-04-01,ws,1
7485,0,738900000,2016-05-02,2018-05-02,1.0,238.0,2016-04-01,ws,1
10100,0,738900000,2018-05-02,2019-11-02,1.0,238.0,2018-04-01,ws,1
12613,0,738900000,2019-11-02,2020-05-02,1.0,242.0,2019-10-01,ws,1
15282,0,738900000,2020-05-02,2022-05-02,1.0,242.0,2020-04-01,ws,1
21990,0,738900000,2022-05-02,2024-07-02,1.0,242.0,2022-04-01,ws,1
26080,0,738900000,2024-07-02,2025-06-30,1.0,242.0,2024-06-01,ws,1
987,0,738910000,2010-01-01,2012-05-02,1.0,236000.0,2012-04-01,bdm,0
2262,0,738910000,2012-05-02,2014-05-02,1.0,236000.0,2012-04-01,ws,1
4838,0,738910000,2014-05-02,2016-05-02,1.0,239000.0,2014-04-01,ws,1
7486,0,738910000,2016-05-02,2018-05-02,1.0,239000.0,2016-04-01,ws,1
10101,0,738910000,2018-05-02,2019-11-02,1.0,239000.0,2018-04-01,ws,1
12614,0,738910000,2019-11-02,2020-05-02,1.0,243000.0,2019-10-01,ws,1
15283,0,738910000,2020-05-02,2022-05-02,1.0,243000.0,2020-04-01,ws,1
21991,0,738910000,2022-05-02,2024-07-02,1.0,243000.0,2022-04-01,ws,1
26081,0,738910000,2024-07-02,2025-06-30,1.0,243000.0,2024-06-01,ws,1
988,5,738920000,2010-01-01,2012-05-02,1.0,423.0,2012-04-01,bdm,0
2263,0,738920000,2012-05-02,2014-05-02,1.0,423.0,2012-04-01,ws,1
4839,0,738920000,2014-05-02,2016-05-02,1.0,402.0,2014-04-01,ws,1
7487,0,738920000,2016-05-02,2018-05-02,1.0,400.0,2016-04-01,ws,1
10102,0,738920000,2018-05-02,2019-11-02,1.0,387.0,2018-04-01,ws,1
12615,0,738920000,2019-11-02,2020-05-02,1.0,394.0,2019-10-01,ws,1
15284,0,738920000,2020-05-02,2022-05-02,1.0,394.0,2020-04-01,ws,1
21992,0,738920000,2022-05-02,2024-07-02,1.0,394.0,2022-04-01,ws,1
26082,0,738920000,2024-07-02,2025-06-30,1.0,394.0,2024-06-01,ws,1
989,5,738930000,2010-01-01,2012-05-02,1.0,1750.0,2012-04-01,bdm,0
989,5,738930000,2012-05-02,2013-02-02,1.0,1750.0,2012-04-01,ws,1
1089,5,738930000,2013-02-02,2013-05-02,,1720.0,2013-01-01,ws,1
2264,0,738930000,2013-05-02,2014-05-02,1.0,1700.0,2013-04-01,ws,1
3630,5,738930000,2014-05-02,2015-02-02,1.0,1660.0,2014-04-01,ws,1
2383,5,738930000,2015-02-02,2015-05-02,,1490.0,2015-01-01,ws,1
4840,0,738930000,2015-05-02,2016-05-02,1.0,1320.0,2015-04-01,ws,1
7488,0,738930000,2016-05-02,2018-05-02,1.0,1320.0,2016-04-01,ws,1
8796,5,738930000,2018-05-02,2019-02-02,1.0,1270.0,2018-04-01,ws,1
8856,5,738930000,2019-02-02,2019-05-02,,1160.0,2019-01-01,ws,1
10103,0,738930000,2019-05-02,2019-11-02,1.0,1050.0,2019-04-01,ws,1
12616,0,738930000,2019-11-02,2020-05-02,1.0,1070.0,2019-10-01,ws,1
15285,0,738930000,2020-05-02,2022-05-02,1.0,1070.0,2020-04-01,ws,1
21993,0,738930000,2022-05-02,2024-07-02,1.0,1070.0,2022-04-01,ws,1
26083,0,738930000,2024-07-02,2025-06-30,1.0,1070.0,2024-06-01,ws,1
990,5,738960000,2010-01-01,2012-05-02,1.0,154000.0,2012-04-01,bdm,0
2265,0,738960000,2012-05-02,2014-05-02,1.0,154000.0,2012-04-01,ws,1
4841,0,738960000,2014-05-02,2016-05-02,1.0,150000.0,2014-04-01,ws,1
7489,0,738960000,2016-05-02,2018-05-02,1.0,144000.0,2016-04-01,ws,1
10104,0,738960000,2018-05-02,2019-11-02,1.0,139000.0,2018-04-01,ws,1
12617,0,738960000,2019-11-02,2020-05-02,1.0,141000.0,2019-10-01,ws,1
15286,0,738960000,2020-05-02,2022-05-02,1.0,141000.0,2020-04-01,ws,1
21994,0,738960000,2022-05-02,2024-07-02,1.0,141000.0,2022-04-01,ws,1
26084,0,738960000,2024-07-02,2025-06-30,1.0,141000.0,2024-06-01,ws,1
991,5,738970000,2010-01-01,2012-05-02,1.0,19000.0,2012-04-01,bdm,0
2266,0,738970000,2012-05-02,2014-05-02,1.0,19000.0,2012-04-01,ws,1
4842,0,738970000,2014-05-02,2016-05-02,1.0,16600.0,2014-04-01,ws,1
7490,0,738970000,2016-05-02,2018-05-02,1.0,14600.0,2016-04-01,ws,1
10105,0,738970000,2018-05-02,2019-11-02,1.0,12400.0,2018-04-01,ws,1
12618,0,738970000,2019-11-02,2020-05-02,1.0,11300.0,2019-10-01,ws,1
15287,0,738970000,2020-05-02,2022-05-02,1.0,10700.0,2020-04-01,ws,1
21995,0,738970000,2022-05-02,2024-07-02,1.0,9320.0,2022-04-01,ws,1
26085,0,738970000,2024-07-02,2025-06-30,1.0,8220.0,2024-06-01,ws,1
992,5,738980000,2010-01-01,2012-05-02,1.0,23500.0,2012-04-01,bdm,0
2267,0,738980000,2012-05-02,2014-05-02,1.0,23500.0,2012-04-01,ws,1
4843,0,738980000,2014-05-02,2016-05-02,1.0,22600.0,2014-04-01,ws,1
7491,0,738980000,2016-05-02,2018-05-02,1.0,22000.0,2016-04-01,ws,1
10106,0,738980000,2018-05-02,2019-11-02,1.0,20400.0,2018-04-01,ws,1
12619,0,738980000,2019-11-02,2020-05-02,1.0,19800.0,2019-10-01,ws,1
15288,0,738980000,2020-05-02,2022-05-02,1.0,19500.0,2020-04-01,ws,1
21996,0,738980000,2022-05-02,2024-07-02,1.0,18700.0,2022-04-01,ws,1
26086,0,738980000,2024-07-02,2025-06-30,1.0,18300.0,2024-06-01,ws,1
993,5,738990000,2010-01-01,2012-05-02,1.0,24200.0,2012-04-01,bdm,0
2268,0,738990000,2012-05-02,2014-05-02,1.0,24200.0,2012-04-01,ws,1
3634,5,738990000,2014-05-02,2014-08-02,1.0,23400.0,2014-04-01,ws,1
4844,0,738990000,2014-08-02,2016-05-02,1.0,23400.0,2014-07-01,ws,1
7492,0,738990000,2016-05-02,2018-05-02,1.0,22600.0,2016-04-01,ws,1
10107,0,738990000,2018-05-02,2019-11-02,1.0,22000.0,2018-04-01,ws,1
12620,0,738990000,2019-11-02,2020-05-02,1.0,21900.0,2019-10-01,ws,1
15289,0,738990000,2020-05-02,2022-05-02,1.0,21800.0,2020-04-01,ws,1
21997,0,738990000,2022-05-02,2024-07-02,1.0,21800.0,2022-04-01,ws,1
26087,0,738990000,2024-07-02,2025-06-30,1.0,21800.0,2024-06-01,ws,1
994,5,739000000,2010-01-01,2012-05-02,1.0,159000.0,2012-04-01,bdm,0
2269,0,739000000,2012-05-02,2014-05-02,1.0,159000.0,2012-04-01,ws,1
3635,5,739000000,2014-05-02,2015-02-02,1.0,158000.0,2014-04-01,ws,1
2384,5,739000000,2015-02-02,2015-05-02,,148000.0,2015-01-01,ws,1
4845,0,739000000,2015-05-02,2016-05-02,1.0,138000.0,2015-04-01,ws,1
7493,0,739000000,2016-05-02,2018-05-02,1.0,138000.0,2016-04-01,ws,1
10108,0,739000000,2018-05-02,2019-11-02,1.0,135000.0,2018-04-01,ws,1
12621,0,739000000,2019-11-02,2020-05-02,1.0,134000.0,2019-10-01,ws,1
15290,0,739000000,2020-05-02,2022-05-02,1.0,134000.0,2020-04-01,ws,1
21998,0,739000000,2022-05-02,2024-07-02,1.0,132000.0,2022-04-01,ws,1
26088,0,739000000,2024-07-02,2025-06-30,1.0,128000.0,2024-06-01,ws,1
995,0,739200000,2010-01-01,2012-05-02,1.0,0.18,2012-04-01,bdm,0
2270,0,739200000,2012-05-02,2014-05-02,1.0,0.18,2012-04-01,ws,1
4846,0,739200000,2014-05-02,2016-05-02,1.0,0.19,2014-04-01,ws,1
7494,0,739200000,2016-05-02,2018-05-02,1.0,0.19,2016-04-01,ws,1
10109,0,739200000,2018-05-02,2019-11-02,1.0,0.19,2018-04-01,ws,1
12622,0,739200000,2019-11-02,2020-05-02,1.0,0.19,2019-10-01,ws,1
15291,0,739200000,2020-05-02,2022-05-02,1.0,0.19,2020-04-01,ws,1
21999,0,739200000,2022-05-02,2024-07-02,1.0,0.19,2022-04-01,ws,1
26089,0,739200000,2024-07-02,2025-06-30,1.0,0.19,2024-06-01,ws,1
996,0,739210000,2010-01-01,2012-05-02,1.0,0.3,2012-04-01,bdm,0
2271,0,739210000,2012-05-02,2014-05-02,1.0,0.3,2012-04-01,ws,1
4847,0,739210000,2014-05-02,2016-05-02,1.0,0.31,2014-04-01,ws,1
7495,0,739210000,2016-05-02,2018-05-02,1.0,0.31,2016-04-01,ws,1
10110,0,739210000,2018-05-02,2019-11-02,1.0,0.31,2018-04-01,ws,1
12623,0,739210000,2019-11-02,2020-05-02,1.0,0.32,2019-10-01,ws,1
15292,0,739210000,2020-05-02,2022-05-02,1.0,0.32,2020-04-01,ws,1
22000,0,739210000,2022-05-02,2024-07-02,1.0,0.32,2022-04-01,ws,1
26090,0,739210000,2024-07-02,2025-06-30,1.0,0.32,2024-06-01,ws,1
997,0,739220000,2010-01-01,2012-05-02,1.0,0.4,2012-04-01,bdm,0
2272,0,739220000,2012-05-02,2014-05-02,1.0,0.4,2012-04-01,ws,1
4848,0,739220000,2014-05-02,2016-05-02,1.0,0.41,2014-04-01,ws,1
7496,0,739220000,2016-05-02,2018-05-02,1.0,0.41,2016-04-01,ws,1
10111,0,739220000,2018-05-02,2019-11-02,1.0,0.41,2018-04-01,ws,1
12624,0,739220000,2019-11-02,2020-05-02,1.0,0.42,2019-10-01,ws,1
15293,0,739220000,2020-05-02,2022-05-02,1.0,0.42,2020-04-01,ws,1
22001,0,739220000,2022-05-02,2024-07-02,1.0,0.42,2022-04-01,ws,1
26091,0,739220000,2024-07-02,2025-06-30,1.0,0.42,2024-06-01,ws,1
998,0,739230000,2010-01-01,2012-05-02,1.0,2.25,2012-04-01,bdm,0
2273,0,739230000,2012-05-02,2014-05-02,1.0,2.25,2012-04-01,ws,1
4849,0,739230000,2014-05-02,2016-05-02,1.0,2.31,2014-04-01,ws,1
7497,0,739230000,2016-05-02,2018-05-02,1.0,2.31,2016-04-01,ws,1
10112,0,739230000,2018-05-02,2019-11-02,1.0,2.31,2018-04-01,ws,1
12625,0,739230000,2019-11-02,2020-05-02,1.0,2.36,2019-10-01,ws,1
15294,0,739230000,2020-05-02,2022-05-02,1.0,2.36,2020-04-01,ws,1
22002,0,739230000,2022-05-02,2024-07-02,1.0,2.36,2022-04-01,ws,1
26092,0,739230000,2024-07-02,2025-06-30,1.0,2.36,2024-06-01,ws,1
999,0,739240000,2010-01-01,2012-05-02,1.0,0.27,2012-04-01,bdm,0
2274,0,739240000,2012-05-02,2014-05-02,1.0,0.27,2012-04-01,ws,1
4850,0,739240000,2014-05-02,2016-05-02,1.0,0.28,2014-04-01,ws,1
7498,0,739240000,2016-05-02,2018-05-02,1.0,0.28,2016-04-01,ws,1
10113,0,739240000,2018-05-02,2019-11-02,1.0,0.28,2018-04-01,ws,1
12626,0,739240000,2019-11-02,2020-05-02,1.0,0.29,2019-10-01,ws,1
15295,0,739240000,2020-05-02,2022-05-02,1.0,0.29,2020-04-01,ws,1
22003,0,739240000,2022-05-02,2024-07-02,1.0,0.29,2022-04-01,ws,1
26093,0,739240000,2024-07-02,2025-06-30,1.0,0.29,2024-06-01,ws,1
1000,0,739250000,2010-01-01,2012-05-02,1.0,0.45,2012-04-01,bdm,0
2275,0,739250000,2012-05-02,2014-05-02,1.0,0.45,2012-04-01,ws,1
4851,0,739250000,2014-05-02,2016-05-02,1.0,0.46,2014-04-01,ws,1
7499,0,739250000,2016-05-02,2018-05-02,1.0,0.46,2016-04-01,ws,1
10114,0,739250000,2018-05-02,2019-11-02,1.0,0.46,2018-04-01,ws,1
12627,0,739250000,2019-11-02,2020-05-02,1.0,0.47,2019-10-01,ws,1
15296,0,739250000,2020-05-02,2022-05-02,1.0,0.47,2020-04-01,ws,1
22004,0,739250000,2022-05-02,2024-07-02,1.0,0.47,2022-04-01,ws,1
26094,0,739250000,2024-07-02,2025-06-30,1.0,0.47,2024-06-01,ws,1
1001,0,739260000,2010-01-01,2012-05-02,1.0,0.6,2012-04-01,bdm,0
2276,0,739260000,2012-05-02,2014-05-02,1.0,0.6,2012-04-01,ws,1
4852,0,739260000,2014-05-02,2016-05-02,1.0,0.62,2014-04-01,ws,1
7500,0,739260000,2016-05-02,2018-05-02,1.0,0.62,2016-04-01,ws,1
10115,0,739260000,2018-05-02,2019-11-02,1.0,0.62,2018-04-01,ws,1
12628,0,739260000,2019-11-02,2020-05-02,1.0,0.63,2019-10-01,ws,1
15297,0,739260000,2020-05-02,2022-05-02,1.0,0.63,2020-04-01,ws,1
22005,0,739260000,2022-05-02,2024-07-02,1.0,0.63,2022-04-01,ws,1
26095,0,739260000,2024-07-02,2025-06-30,1.0,0.63,2024-06-01,ws,1
1002,0,739270000,2010-01-01,2012-05-02,1.0,3.0,2012-04-01,bdm,0
2277,0,739270000,2012-05-02,2014-05-02,1.0,3.0,2012-04-01,ws,1
4853,0,739270000,2014-05-02,2016-05-02,1.0,3.09,2014-04-01,ws,1
7501,0,739270000,2016-05-02,2018-05-02,1.0,3.09,2016-04-01,ws,1
10116,0,739270000,2018-05-02,2019-11-02,1.0,3.09,2018-04-01,ws,1
12629,0,739270000,2019-11-02,2020-05-02,1.0,3.15,2019-10-01,ws,1
15298,0,739270000,2020-05-02,2022-05-02,1.0,3.15,2020-04-01,ws,1
22006,0,739270000,2022-05-02,2024-07-02,1.0,3.15,2022-04-01,ws,1
26096,0,739270000,2024-07-02,2025-06-30,1.0,3.15,2024-06-01,ws,1
1003,5,739280000,2010-01-01,2012-05-02,1.0,3860.0,2012-04-01,bdm,0
2278,0,739280000,2012-05-02,2014-05-02,1.0,3860.0,2012-04-01,ws,1
4854,0,739280000,2014-05-02,2016-05-02,1.0,3660.0,2014-04-01,ws,1
7502,0,739280000,2016-05-02,2018-05-02,1.0,3410.0,2016-04-01,ws,1
10117,0,739280000,2018-05-02,2019-11-02,1.0,3040.0,2018-04-01,ws,1
12630,0,739280000,2019-11-02,2020-05-02,1.0,2900.0,2019-10-01,ws,1
15299,0,739280000,2020-05-02,2022-05-02,1.0,2850.0,2020-04-01,ws,1
22007,0,739280000,2022-05-02,2024-07-02,1.0,2760.0,2022-04-01,ws,1
26097,0,739280000,2024-07-02,2025-06-30,1.0,2700.0,2024-06-01,ws,1
20557,3,739290000,2010-01-01,2022-10-02,1.0,55600.0,2022-09-01,bsl,0
22008,0,739290000,2022-10-02,2024-07-02,1.0,55600.0,2022-09-01,ws,1
26098,0,739290000,2024-07-02,2025-06-30,1.0,55600.0,2024-06-01,ws,1
20580,3,739300000,2010-01-01,2023-01-02,1.0,423000.0,2022-12-01,bsl,0
22009,0,739300000,2023-01-02,2024-07-02,1.0,423000.0,2022-12-01,ws,1
26099,0,739300000,2024-07-02,2025-06-30,1.0,423000.0,2024-06-01,ws,1
20581,3,739310000,2010-01-01,2023-01-02,1.0,429000.0,2022-12-01,bsl,0
22010,0,739310000,2023-01-02,2024-07-02,1.0,429000.0,2022-12-01,ws,1
26100,0,739310000,2024-07-02,2025-06-30,1.0,429000.0,2024-06-01,ws,1
22043,3,739310001,2010-01-01,2024-10-02,1.0,681000.0,2024-09-01,bsl,0
26101,0,739310001,2024-10-02,2025-06-30,1.0,681000.0,2024-09-01,ws,1
22044,3,739310002,2010-01-01,2024-10-02,1.0,9464500.0,2024-09-01,bsl,0
26102,0,739310002,2024-10-02,2025-06-30,1.0,9464500.0,2024-09-01,ws,1
22045,3,739310003,2010-01-01,2024-10-02,1.0,675400.0,2024-09-01,bsl,0
26103,0,739310003,2024-10-02,2025-06-30,1.0,675400.0,2024-09-01,ws,1
22058,3,739310004,2010-01-01,2025-01-02,1.0,1050000.0,2024-12-01,bsl,0
26104,0,739310004,2025-01-02,2025-06-30,1.0,1050000.0,2024-12-01,ws,1
22059,3,739310005,2010-01-01,2025-01-02,1.0,520000.0,2024-12-01,bsl,0
26105,0,739310005,2025-01-02,2025-06-30,1.0,520000.0,2024-12-01,ws,1
22060,3,739310006,2010-01-01,2025-01-02,1.0,335000.0,2024-12-01,bsl,0
26106,0,739310006,2025-01-02,2025-06-30,1.0,335000.0,2024-12-01,ws,1
22076,3,739310007,2010-01-01,2025-04-02,1.0,80100.0,2025-03-01,bsl,0
26107,0,739310007,2025-04-02,2025-06-30,1.0,80100.0,2025-03-01,ws,1
22077,3,739310008,2010-01-01,2025-04-02,1.0,80100.0,2025-03-01,bsl,0
26108,0,739310008,2025-04-02,2025-06-30,1.0,80100.0,2025-03-01,ws,1
22078,3,739310009,2010-01-01,2025-04-02,1.0,78700.0,2025-03-01,bsl,0
26109,0,739310009,2025-04-02,2025-06-30,1.0,78700.0,2025-03-01,ws,1
22079,3,739310010,2010-01-01,2025-04-02,1.0,3560000.0,2025-03-01,bsl,0
26110,0,739310010,2025-04-02,2025-06-30,1.0,3560000.0,2025-03-01,ws,1
22080,3,739310011,2010-01-01,2025-04-02,1.0,650000.0,2025-03-01,bsl,0
26111,0,739310011,2025-04-02,2025-06-30,1.0,650000.0,2025-03-01,ws,1
22081,3,739310012,2010-01-01,2025-04-02,1.0,284000.0,2025-03-01,bsl,0
26112,0,739310012,2025-04-02,2025-06-30,1.0,284000.0,2025-03-01,ws,1
22082,3,739310013,2010-01-01,2025-04-02,1.0,560000.0,2025-03-01,bsl,0
26113,0,739310013,2025-04-02,2025-06-30,1.0,560000.0,2025-03-01,ws,1
22083,3,739310014,2010-01-01,2025-04-02,1.0,60900.0,2025-03-01,bsl,0
26114,0,739310014,2025-04-02,2025-06-30,1.0,60900.0,2025-03-01,ws,1
22084,3,739310015,2010-01-01,2025-04-02,1.0,1060000.0,2025-03-01,bsl,0
26115,0,739310015,2025-04-02,2025-06-30,1.0,1060000.0,2025-03-01,ws,1
22097,3,739310016,2010-01-01,2025-07-02,1.0,132000.0,2025-06-01,bsl,0
22098,3,739310017,2010-01-01,2025-07-02,1.0,502000.0,2025-06-01,bsl,0
22099,3,739310018,2010-01-01,2025-07-02,1.0,2640.0,2025-06-01,bsl,0
1004,5,750080000,2010-01-01,2012-05-02,1.0,227.0,2012-04-01,bdm,0
2279,0,750080000,2012-05-02,2014-05-02,1.0,227.0,2012-04-01,ws,1
4855,0,750080000,2014-05-02,2016-05-02,1.0,229.0,2014-04-01,ws,1
7503,0,750080000,2016-05-02,2018-05-02,1.0,229.0,2016-04-01,ws,1
10118,0,750080000,2018-05-02,2019-11-02,1.0,229.0,2018-04-01,ws,1
12631,0,750080000,2019-11-02,2020-05-02,1.0,233.0,2019-10-01,ws,1
15300,0,750080000,2020-05-02,2022-05-02,1.0,233.0,2020-04-01,ws,1
22011,0,750080000,2022-05-02,2024-07-02,1.0,233.0,2022-04-01,ws,1
26119,0,750080000,2024-07-02,2025-06-30,1.0,233.0,2024-06-01,ws,1
1005,0,770020070,2010-01-01,2012-05-02,5.0,30.0,2012-04-01,bdm,0
2280,0,770020070,2012-05-02,2014-05-02,5.0,30.0,2012-04-01,ws,1
4856,0,770020070,2014-05-02,2016-05-02,5.0,30.0,2014-04-01,ws,1
7504,0,770020070,2016-05-02,2018-05-02,5.0,30.0,2016-04-01,ws,1
10119,0,770020070,2018-05-02,2019-11-02,5.0,30.0,2018-04-01,ws,1
12632,0,770020070,2019-11-02,2020-05-02,5.0,30.0,2019-10-01,ws,1
15301,0,770020070,2020-05-02,2022-05-02,5.0,30.0,2020-04-01,ws,1
22012,0,770020070,2022-05-02,2024-07-02,5.0,30.0,2022-04-01,ws,1
26120,0,770020070,2024-07-02,2025-06-30,5.0,30.0,2024-06-01,ws,1
1006,0,770030070,2010-01-01,2012-05-02,9.0,0.0,2012-04-01,bdm,0
2281,0,770030070,2012-05-02,2014-05-02,9.0,0.0,2012-04-01,ws,1
4857,0,770030070,2014-05-02,2016-05-02,9.0,0.0,2014-04-01,ws,1
7505,0,770030070,2016-05-02,2018-05-02,9.0,0.0,2016-04-01,ws,1
10120,0,770030070,2018-05-02,2019-11-02,9.0,0.0,2018-04-01,ws,1
12633,0,770030070,2019-11-02,2020-05-02,9.0,0.0,2019-10-01,ws,1
15302,0,770030070,2020-05-02,2022-05-02,9.0,0.0,2020-04-01,ws,1
22013,0,770030070,2022-05-02,2024-07-02,9.0,0.0,2022-04-01,ws,1
26121,0,770030070,2024-07-02,2025-06-30,9.0,0.0,2024-06-01,ws,1
1007,0,770040000,2010-01-01,2012-05-02,1.0,0.12,2012-04-01,bdm,0
2282,0,770040000,2012-05-02,2014-05-02,1.0,0.12,2012-04-01,ws,1
4858,0,770040000,2014-05-02,2016-05-02,1.0,0.12,2014-04-01,ws,1
7506,0,770040000,2016-05-02,2018-05-02,1.0,0.12,2016-04-01,ws,1
10121,0,770040000,2018-05-02,2019-11-02,1.0,0.12,2018-04-01,ws,1
12634,0,770040000,2019-11-02,2020-05-02,1.0,0.12,2019-10-01,ws,1
15303,0,770040000,2020-05-02,2022-05-02,1.0,0.12,2020-04-01,ws,1
22014,0,770040000,2022-05-02,2024-07-02,1.0,0.12,2022-04-01,ws,1
26122,0,770040000,2024-07-02,2025-06-30,1.0,0.12,2024-06-01,ws,1
1008,0,770050000,2010-01-01,2012-05-02,2.0,0.0,2012-04-01,bdm,0
2283,0,770050000,2012-05-02,2014-05-02,2.0,0.0,2012-04-01,ws,1
4859,0,770050000,2014-05-02,2016-05-02,2.0,0.0,2014-04-01,ws,1
7507,0,770050000,2016-05-02,2018-05-02,2.0,0.0,2016-04-01,ws,1
10122,0,770050000,2018-05-02,2019-11-02,2.0,0.0,2018-04-01,ws,1
12635,0,770050000,2019-11-02,2020-05-02,2.0,0.0,2019-10-01,ws,1
15304,0,770050000,2020-05-02,2022-05-02,2.0,0.0,2020-04-01,ws,1
22015,0,770050000,2022-05-02,2024-07-02,2.0,0.0,2022-04-01,ws,1
26123,0,770050000,2024-07-02,2025-06-30,2.0,0.0,2024-06-01,ws,1
1009,0,770060000,2010-01-01,2012-05-02,2.0,0.0,2012-04-01,bdm,0
2284,0,770060000,2012-05-02,2014-05-02,2.0,0.0,2012-04-01,ws,1
4860,0,770060000,2014-05-02,2016-05-02,2.0,0.0,2014-04-01,ws,1
7508,0,770060000,2016-05-02,2018-05-02,2.0,0.0,2016-04-01,ws,1
10123,0,770060000,2018-05-02,2019-11-02,2.0,0.0,2018-04-01,ws,1
12636,0,770060000,2019-11-02,2020-05-02,2.0,0.0,2019-10-01,ws,1
15305,0,770060000,2020-05-02,2022-05-02,2.0,0.0,2020-04-01,ws,1
22016,0,770060000,2022-05-02,2024-07-02,2.0,0.0,2022-04-01,ws,1
26124,0,770060000,2024-07-02,2025-06-30,2.0,0.0,2024-06-01,ws,1
1010,0,770070000,2010-01-01,2012-05-02,2.0,0.0,2012-04-01,bdm,0
2285,0,770070000,2012-05-02,2014-05-02,2.0,0.0,2012-04-01,ws,1
4861,0,770070000,2014-05-02,2016-05-02,2.0,0.0,2014-04-01,ws,1
7509,0,770070000,2016-05-02,2018-05-02,2.0,0.0,2016-04-01,ws,1
10124,0,770070000,2018-05-02,2019-11-02,2.0,0.0,2018-04-01,ws,1
12637,0,770070000,2019-11-02,2020-05-02,2.0,0.0,2019-10-01,ws,1
15306,0,770070000,2020-05-02,2022-05-02,2.0,0.0,2020-04-01,ws,1
22017,0,770070000,2022-05-02,2024-07-02,2.0,0.0,2022-04-01,ws,1
26125,0,770070000,2024-07-02,2025-06-30,2.0,0.0,2024-06-01,ws,1
1011,3,770080000,2010-01-01,2012-05-02,2.0,0.0,2012-04-01,bsl,0
2286,0,770080000,2012-05-02,2014-05-02,2.0,0.0,2012-04-01,ws,1
4862,0,770080000,2014-05-02,2016-05-02,2.0,0.0,2014-04-01,ws,1
7510,0,770080000,2016-05-02,2018-05-02,2.0,0.0,2016-04-01,ws,1
10125,0,770080000,2018-05-02,2019-11-02,2.0,0.0,2018-04-01,ws,1
12638,0,770080000,2019-11-02,2020-05-02,2.0,0.0,2019-10-01,ws,1
15307,0,770080000,2020-05-02,2022-05-02,2.0,0.0,2020-04-01,ws,1
22018,0,770080000,2022-05-02,2024-07-02,2.0,0.0,2022-04-01,ws,1
26126,0,770080000,2024-07-02,2025-06-30,2.0,0.0,2024-06-01,ws,1
2480,3,770090000,2010-01-01,2016-01-02,2.0,0.0,2015-12-01,bsl,0
4863,0,770090000,2016-01-02,2016-05-02,2.0,0.0,2015-12-01,ws,1
7511,0,770090000,2016-05-02,2018-05-02,2.0,0.0,2016-04-01,ws,1
10126,0,770090000,2018-05-02,2019-11-02,2.0,0.0,2018-04-01,ws,1
12639,0,770090000,2019-11-02,2020-05-02,2.0,0.0,2019-10-01,ws,1
15308,0,770090000,2020-05-02,2022-05-02,2.0,0.0,2020-04-01,ws,1
22019,0,770090000,2022-05-02,2024-07-02,2.0,0.0,2022-04-01,ws,1
26127,0,770090000,2024-07-02,2025-06-30,2.0,0.0,2024-06-01,ws,1
2481,3,770100000,2010-01-01,2016-01-02,2.0,0.0,2015-12-01,bsl,0
4864,0,770100000,2016-01-02,2016-05-02,2.0,0.0,2015-12-01,ws,1
7512,0,770100000,2016-05-02,2018-05-02,2.0,0.0,2016-04-01,ws,1
10127,0,770100000,2018-05-02,2019-11-02,2.0,0.0,2018-04-01,ws,1
12640,0,770100000,2019-11-02,2020-05-02,2.0,0.0,2019-10-01,ws,1
15309,0,770100000,2020-05-02,2022-05-02,2.0,0.0,2020-04-01,ws,1
22020,0,770100000,2022-05-02,2024-07-02,2.0,0.0,2022-04-01,ws,1
26128,0,770100000,2024-07-02,2025-06-30,2.0,0.0,2024-06-01,ws,1
2482,3,770110000,2010-01-01,2016-01-02,2.0,0.0,2015-12-01,bsl,0
4865,0,770110000,2016-01-02,2016-05-02,2.0,0.0,2015-12-01,ws,1
7513,0,770110000,2016-05-02,2018-05-02,2.0,0.0,2016-04-01,ws,1
10128,0,770110000,2018-05-02,2019-11-02,2.0,0.0,2018-04-01,ws,1
12641,0,770110000,2019-11-02,2020-05-02,2.0,0.0,2019-10-01,ws,1
15310,0,770110000,2020-05-02,2022-05-02,2.0,0.0,2020-04-01,ws,1
22021,0,770110000,2022-05-02,2024-07-02,2.0,0.0,2022-04-01,ws,1
26129,0,770110000,2024-07-02,2025-06-30,2.0,0.0,2024-06-01,ws,1
8822,3,770120000,2010-01-01,2018-05-02,2.0,0.0,2018-04-01,bsl,0
10129,0,770120000,2018-05-02,2019-11-02,2.0,0.0,2018-04-01,ws,1
12642,0,770120000,2019-11-02,2020-05-02,2.0,0.0,2019-10-01,ws,1
15311,0,770120000,2020-05-02,2022-05-02,2.0,0.0,2020-04-01,ws,1
20524,9,770120000,2022-05-02,2025-06-30,,0.0,2022-04-01,aes,2
1012,0,777770000,2010-01-01,2012-05-02,2.0,0.0,2012-04-01,bdm,0
2287,0,777770000,2012-05-02,2014-05-02,2.0,0.0,2012-04-01,ws,1
3653,0,777770000,2014-05-02,2016-01-02,2.0,0.0,2014-04-01,ws,1
4866,0,777770000,2016-01-02,2016-05-02,2.0,0.0,2015-12-01,ws,1
6251,0,777770000,2016-05-02,2017-05-02,2.0,0.0,2016-04-01,ws,1
4933,9,777770000,2017-05-02,2025-06-30,,0.0,2017-04-01,aes,2
1013,0,799990070,2010-01-01,2012-05-02,5.0,10.0,2012-04-01,bdm,0
2288,0,799990070,2012-05-02,2014-05-02,5.0,10.0,2012-04-01,ws,1
4867,0,799990070,2014-05-02,2016-05-02,5.0,10.0,2014-04-01,ws,1
7514,0,799990070,2016-05-02,2018-05-02,5.0,10.0,2016-04-01,ws,1
10130,0,799990070,2018-05-02,2019-11-02,5.0,10.0,2018-04-01,ws,1
12643,0,799990070,2019-11-02,2020-05-02,5.0,10.0,2019-10-01,ws,1
15312,0,799990070,2020-05-02,2022-05-02,5.0,10.0,2020-04-01,ws,1
22022,0,799990070,2022-05-02,2024-07-02,5.0,10.0,2022-04-01,ws,1
26130,0,799990070,2024-07-02,2025-06-30,5.0,10.0,2024-06-01,ws,1
